{"baseObjects":["[714,655,1.7976931348623157e+308,714]","[714,655,1.7976931348623157e+308,714]","[714,655,1.7976931348623157e+308,714]","[714,655,1.7976931348623157e+308,714]"],"returnObjects":["\"Error\"","\"Error\"","true","\"Error\""],"callbackArgs":[{"0":714,"1":0,"2":[714,655,1.7976931348623157e+308,714]},{"0":714,"1":0,"2":[714,655,1.7976931348623157e+308,714]},{"0":714,"1":0,"2":[714,655,1.7976931348623157e+308,714]},{"0":714,"1":0,"2":[714,655,1.7976931348623157e+308,714]}]}