{"baseObjects":["[157,1.7976931348623157e+308,893,213,607,655,714,126,5e-324]","[157,1.7976931348623157e+308,893,213,607,655,714,126,5e-324]","[157,1.7976931348623157e+308,893,213,607,655,714,126,5e-324]","[157,1.7976931348623157e+308,893,213,607,655,714,126,5e-324]"],"returnObjects":["\"Error\"","true","\"Error\"","\"Error\""],"callbackArgs":[{"0":157,"1":0,"2":[157,1.7976931348623157e+308,893,213,607,655,714,126,5e-324]},{"0":157,"1":0,"2":[157,1.7976931348623157e+308,893,213,607,655,714,126,5e-324]},{"0":157,"1":0,"2":[157,1.7976931348623157e+308,893,213,607,655,714,126,5e-324]},{"0":157,"1":0,"2":[157,1.7976931348623157e+308,893,213,607,655,714,126,5e-324]}]}