{"baseObjects":["[59,157,1.7976931348623157e+308,\"B;\",49]","[59,157,1.7976931348623157e+308,\"B;\",49]","[59,157,1.7976931348623157e+308,\"B;\",49]","[59,157,1.7976931348623157e+308,\"B;\",49]"],"returnObjects":["\"Error\"","\"Error\"","\"Error\"","\"Error\""],"callbackArgs":[{"0":59,"1":0,"2":[59,157,1.7976931348623157e+308,"B;",49]},{"0":59,"1":0,"2":[59,157,1.7976931348623157e+308,"B;",49]},{"0":59,"1":0,"2":[59,157,1.7976931348623157e+308,"B;",49]},{"0":59,"1":0,"2":[59,157,1.7976931348623157e+308,"B;",49]}]}