{"baseObjects":["[705,1.7976931348623157e+308,122,157,714,1.7976931348623157e+308,893,714,100]","[705,1.7976931348623157e+308,122,157,714,1.7976931348623157e+308,893,714,100]","[705,1.7976931348623157e+308,122,157,714,1.7976931348623157e+308,893,714,100]","[705,1.7976931348623157e+308,122,157,714,1.7976931348623157e+308,893,714,100]"],"returnObjects":["\"Error\"","\"Error\"","\"Error\"","\"Error\""],"callbackArgs":[{"0":705,"1":0,"2":[705,1.7976931348623157e+308,122,157,714,1.7976931348623157e+308,893,714,100]},{"0":705,"1":0,"2":[705,1.7976931348623157e+308,122,157,714,1.7976931348623157e+308,893,714,100]},{"0":705,"1":0,"2":[705,1.7976931348623157e+308,122,157,714,1.7976931348623157e+308,893,714,100]},{"0":705,"1":0,"2":[705,1.7976931348623157e+308,122,157,714,1.7976931348623157e+308,893,714,100]}]}