{"baseObjects":["[100,618,1.7976931348623157e+308,100,100,0,157]","[100,618,1.7976931348623157e+308,100,100,0,157]","[100,618,1.7976931348623157e+308,100,100,0,157]","[100,618,1.7976931348623157e+308,100,100,0,157]"],"returnObjects":["\"Error\"","\"Error\"","\"Error\"","\"Error\""],"callbackArgs":[{"0":100,"1":0,"2":[100,618,1.7976931348623157e+308,100,100,0,157]},{"0":100,"1":0,"2":[100,618,1.7976931348623157e+308,100,100,0,157]},{"0":100,"1":0,"2":[100,618,1.7976931348623157e+308,100,100,0,157]},{"0":100,"1":0,"2":[100,618,1.7976931348623157e+308,100,100,0,157]}]}