{"baseObjects":["[783,460,-1,1.7976931348623157e+308,823,59,893,157]","[783,460,-1,1.7976931348623157e+308,823,59,893,157]","[783,460,-1,1.7976931348623157e+308,823,59,893,157]","[783,460,-1,1.7976931348623157e+308,823,59,893,157]"],"returnObjects":["\"Error\"","\"Error\"","\"Error\"","\"Error\""],"callbackArgs":["{\"0\":783,\"1\":460,\"2\":1,\"3\":[783,460,-1,1.7976931348623157e+308,823,59,893,157]}"]}