{"baseObjects":["[\"OIBAt\",\"w\",\"LTEN7\",true,\"s1wN\",\"iY \"]","[\"OIBAt\",1.53547719073874e+308]","[\"OIBAt\",\"w\",\"LTEN7\",\"r\",\"s1wN\",\"\",null,null,{\"9.830135255577543e+307\":618,\"5e-324\":5e-324,\"_A]0\":\"o\",\"1.0134827231626654e+308\":7.388448562382157e+307,\"\":4.1481743717799743e+307}]","[\"OIBAt\",\"w\",\"LTEN7\",\"r\",\"s1wN\"]"],"returnObjects":["null","\"Bf,,f3,|,G,h,7NaNNaN\"","\"NaNOIBAt,w,LTEN7,r,s1wN,,,,[object Object]\"","\"Error\""],"callbackArgs":["{\"0\":{\"126\":\"\",\"k\":\"G\"},\"1\":\"OIBAt\",\"2\":0,\"3\":[\"OIBAt\",\"w\",\"LTEN7\",\"r\",\"s1wN\"]}","{\"0\":null,\"1\":\"w\",\"2\":1,\"3\":[\"OIBAt\",\"w\",\"LTEN7\",true,\"s1wN\",\"iY \"]}","{\"0\":null,\"1\":\"LTEN7\",\"2\":2,\"3\":[\"OIBAt\",\"w\",\"LTEN7\",true,\"s1wN\",\"iY \"]}","{\"0\":null,\"1\":true,\"2\":3,\"3\":[\"OIBAt\",\"w\",\"LTEN7\",true,\"s1wN\",\"iY \"]}","{\"0\":null,\"1\":\"s1wN\",\"2\":4,\"3\":[\"OIBAt\",\"w\",\"LTEN7\",true,\"s1wN\",\"iY \"]}","{\"0\":[\"Bf,\",\"f3\",\"|\",\"G\",\"h\",\"7\"],\"1\":\"OIBAt\",\"2\":0,\"3\":[\"OIBAt\",\"w\",\"LTEN7\",\"r\",\"s1wN\"]}","{\"0\":\"Bf,,f3,|,G,h,7NaN\",\"1\":1.53547719073874e+308,\"2\":1,\"3\":[\"OIBAt\",1.53547719073874e+308]}","{\"0\":1.4586759714653496e+308,\"1\":\"OIBAt\",\"2\":0,\"3\":[\"OIBAt\",\"w\",\"LTEN7\",\"r\",\"s1wN\"]}","{\"0\":\"NaNOIBAt,w,LTEN7,r,s1wN,,,,[object Object]\",\"1\":\"w\",\"2\":1,\"3\":[\"OIBAt\",\"w\",\"LTEN7\",\"r\",\"s1wN\",\"\",null,null,{\"9.830135255577543e+307\":618,\"5e-324\":5e-324,\"_A]0\":\"o\",\"1.0134827231626654e+308\":7.388448562382157e+307,\"\":4.1481743717799743e+307}]}","{\"0\":\"NaNOIBAt,w,LTEN7,r,s1wN,,,,[object Object]\",\"1\":\"LTEN7\",\"2\":2,\"3\":[\"OIBAt\",\"w\",\"LTEN7\",\"r\",\"s1wN\",\"\",null,null,{\"9.830135255577543e+307\":618,\"5e-324\":5e-324,\"_A]0\":\"o\",\"1.0134827231626654e+308\":7.388448562382157e+307,\"\":4.1481743717799743e+307}]}","{\"0\":\"NaNOIBAt,w,LTEN7,r,s1wN,,,,[object Object]\",\"1\":\"r\",\"2\":3,\"3\":[\"OIBAt\",\"w\",\"LTEN7\",\"r\",\"s1wN\",\"\",null,null,{\"9.830135255577543e+307\":618,\"5e-324\":5e-324,\"_A]0\":\"o\",\"1.0134827231626654e+308\":7.388448562382157e+307,\"\":4.1481743717799743e+307}]}","{\"0\":\"NaNOIBAt,w,LTEN7,r,s1wN,,,,[object Object]\",\"1\":\"s1wN\",\"2\":4,\"3\":[\"OIBAt\",\"w\",\"LTEN7\",\"r\",\"s1wN\",\"\",null,null,{\"9.830135255577543e+307\":618,\"5e-324\":5e-324,\"_A]0\":\"o\",\"1.0134827231626654e+308\":7.388448562382157e+307,\"\":4.1481743717799743e+307}]}"]}