{"baseObjects":["[\"\",126,126,\"n\",\"U\",\"i;$oh\",126,\"zgk\",\"E\",969]","[823,null,126,\"n\",1.089890336141985e+308,\"i;$oh\",126,\"zgk\",\"E\",969]","[823,126,126,\"n\",\"U\",\"i;$oh\",126,\"zgk\",\"E\",969]","[823,126,126,\"n\",\"U\",\"i;$oh\",null,\"zgk\",{\"6\":\"\",\"\":\"0o\",\"8.465736262088204e+306\":\"\",\"de\":\"}\",\"I\":\"p#\",\"5.699902728417048e+307\":\"\"},969]"],"returnObjects":["null","null","\"Error\"","\"Error\""],"callbackArgs":["{\"0\":823,\"1\":126,\"2\":1,\"3\":[823,126,126,\"n\",\"U\",\"i;$oh\",126,\"zgk\",\"E\",969]}","{\"0\":null,\"1\":126,\"2\":2,\"3\":[\"\",126,126,\"n\",\"U\",\"i;$oh\",126,\"zgk\",\"E\",969]}","{\"0\":null,\"1\":\"n\",\"2\":3,\"3\":[\"\",126,126,\"n\",\"U\",\"i;$oh\",126,\"zgk\",\"E\",969]}","{\"0\":null,\"1\":\"U\",\"2\":4,\"3\":[\"\",126,126,\"n\",\"U\",\"i;$oh\",126,\"zgk\",\"E\",969]}","{\"0\":null,\"1\":\"i;$oh\",\"2\":5,\"3\":[\"\",126,126,\"n\",\"U\",\"i;$oh\",126,\"zgk\",\"E\",969]}","{\"0\":null,\"1\":126,\"2\":6,\"3\":[\"\",126,126,\"n\",\"U\",\"i;$oh\",126,\"zgk\",\"E\",969]}","{\"0\":null,\"1\":\"zgk\",\"2\":7,\"3\":[\"\",126,126,\"n\",\"U\",\"i;$oh\",126,\"zgk\",\"E\",969]}","{\"0\":null,\"1\":\"E\",\"2\":8,\"3\":[\"\",126,126,\"n\",\"U\",\"i;$oh\",126,\"zgk\",\"E\",969]}","{\"0\":null,\"1\":969,\"2\":9,\"3\":[\"\",126,126,\"n\",\"U\",\"i;$oh\",126,\"zgk\",\"E\",969]}","{\"0\":3.0845701886308413e+307,\"1\":823,\"2\":0,\"3\":[823,126,126,\"n\",\"U\",\"i;$oh\",126,\"zgk\",\"E\",969]}","{\"0\":null,\"1\":null,\"2\":1,\"3\":[823,null,126,\"n\",1.089890336141985e+308,\"i;$oh\",126,\"zgk\",\"E\",969]}","{\"0\":null,\"1\":126,\"2\":2,\"3\":[823,null,126,\"n\",1.089890336141985e+308,\"i;$oh\",126,\"zgk\",\"E\",969]}","{\"0\":null,\"1\":\"n\",\"2\":3,\"3\":[823,null,126,\"n\",1.089890336141985e+308,\"i;$oh\",126,\"zgk\",\"E\",969]}","{\"0\":null,\"1\":1.089890336141985e+308,\"2\":4,\"3\":[823,null,126,\"n\",1.089890336141985e+308,\"i;$oh\",126,\"zgk\",\"E\",969]}","{\"0\":null,\"1\":\"i;$oh\",\"2\":5,\"3\":[823,null,126,\"n\",1.089890336141985e+308,\"i;$oh\",126,\"zgk\",\"E\",969]}","{\"0\":null,\"1\":126,\"2\":6,\"3\":[823,null,126,\"n\",1.089890336141985e+308,\"i;$oh\",126,\"zgk\",\"E\",969]}","{\"0\":null,\"1\":\"zgk\",\"2\":7,\"3\":[823,null,126,\"n\",1.089890336141985e+308,\"i;$oh\",126,\"zgk\",\"E\",969]}","{\"0\":null,\"1\":\"E\",\"2\":8,\"3\":[823,null,126,\"n\",1.089890336141985e+308,\"i;$oh\",126,\"zgk\",\"E\",969]}","{\"0\":null,\"1\":969,\"2\":9,\"3\":[823,null,126,\"n\",1.089890336141985e+308,\"i;$oh\",126,\"zgk\",\"E\",969]}","{\"0\":823,\"1\":126,\"2\":1,\"3\":[823,126,126,\"n\",\"U\",\"i;$oh\",126,\"zgk\",\"E\",969]}","{\"0\":null,\"1\":823,\"2\":0,\"3\":[823,126,126,\"n\",\"U\",\"i;$oh\",126,\"zgk\",\"E\",969]}"]}