{"baseObjects":["[82,595,595,null,null,null,null,null,null,59]","[82,595,595]","[82,595,595]","[82,595,595]"],"returnObjects":["null","\"Error\"","\"Error\"","\"Error\""],"callbackArgs":["{\"0\":82,\"1\":595,\"2\":1,\"3\":[82,595,595]}","{\"0\":null,\"1\":595,\"2\":2,\"3\":[82,595,595,null,null,null,null,null,null,59]}","{\"0\":{\"0\":8.295867395608939e+307,\"157\":\"1\",\"823\":49,\"\":\"\",\"n\":2.8558509016191335e+307,\"z\":\"\",\"1.0079533170534851e+307\":\"Uw:lSM&\",\"6.508512511736796e+307\":\"8\"},\"1\":82,\"2\":0,\"3\":[82,595,595]}"]}