{"baseObjects":["[0,59,607,969,100]","[0,59,607,969,100]","[\"!X\",59,607,969,{\"122\":\"U]3\",\"8.075896948241522e+307\":59,\"Ur\":-100,\"-1\":1.485312993693933e+308,\"\":2.2182469067616196e+307,\"lW\":5.566023930295461e+307,\"(\":5.120337261135554e+307}]","[0,59,607,969,100]"],"returnObjects":["\"Error\"","\"Error\"","\"NaN!X,59,607,969,[object Object]\"","\"Error\""],"callbackArgs":["{\"0\":0,\"1\":59,\"2\":1,\"3\":[0,59,607,969,100]}","{\"0\":\"-1!X,59,607,969,[object Object]\",\"1\":607,\"2\":2,\"3\":[\"!X\",59,607,969,{\"122\":\"U]3\",\"8.075896948241522e+307\":59,\"Ur\":-100,\"-1\":1.485312993693933e+308,\"\":2.2182469067616196e+307,\"lW\":5.566023930295461e+307,\"(\":5.120337261135554e+307}]}","{\"0\":\"NaN!X,59,607,969,[object Object]\",\"1\":969,\"2\":3,\"3\":[\"!X\",59,607,969,{\"122\":\"U]3\",\"8.075896948241522e+307\":59,\"Ur\":-100,\"-1\":1.485312993693933e+308,\"\":2.2182469067616196e+307,\"lW\":5.566023930295461e+307,\"(\":5.120337261135554e+307}]}","{\"0\":\"NaN!X,59,607,969,[object Object]\",\"1\":{\"122\":\"U]3\",\"8.075896948241522e+307\":59,\"Ur\":-100,\"-1\":1.485312993693933e+308,\"\":2.2182469067616196e+307,\"lW\":5.566023930295461e+307,\"(\":5.120337261135554e+307},\"2\":4,\"3\":[\"!X\",59,607,969,{\"122\":\"U]3\",\"8.075896948241522e+307\":59,\"Ur\":-100,\"-1\":1.485312993693933e+308,\"\":2.2182469067616196e+307,\"lW\":5.566023930295461e+307,\"(\":5.120337261135554e+307}]}","{\"1\":0,\"2\":0,\"3\":[0,59,607,969,100]}"]}