{"baseObjects":["[122,655]","[\"=\",\"B\",\"4\",\"s\",true]","[\"=\",\"B\",{\"242\":6.805671506347077e+307,\"460\":\"\",\"783\":\"L\",\"\":\"4\",\"1.4805221949558912e+308\":\"o\",\"5.012887173795741e+307\":1.7783794731378768e+308,\")\":969},7.212485025296391e+307,null]","[\"=\",\"B\",\"4\",\"s\"]"],"returnObjects":["\"Error\"","null","null","\"Error\""],"callbackArgs":["{\"0\":\"=\",\"1\":\"B\",\"2\":1,\"3\":[\"=\",\"B\",\"4\",\"s\"]}","{\"0\":\"=\",\"1\":\"B\",\"2\":1,\"3\":[\"=\",\"B\",\"4\",\"s\"]}","{\"0\":null,\"1\":\"4\",\"2\":2,\"3\":[\"=\",\"B\",\"4\",\"s\",true]}","{\"0\":null,\"1\":\"s\",\"2\":3,\"3\":[\"=\",\"B\",\"4\",\"s\",true]}","{\"0\":\"=\",\"1\":\"B\",\"2\":1,\"3\":[\"=\",\"B\",\"4\",\"s\"]}","{\"0\":null,\"1\":{\"242\":6.805671506347077e+307,\"460\":\"\",\"783\":\"L\",\"\":\"4\",\"1.4805221949558912e+308\":\"o\",\"5.012887173795741e+307\":1.7783794731378768e+308,\")\":969},\"2\":2,\"3\":[\"=\",\"B\",{\"242\":6.805671506347077e+307,\"460\":\"\",\"783\":\"L\",\"\":\"4\",\"1.4805221949558912e+308\":\"o\",\"5.012887173795741e+307\":1.7783794731378768e+308,\")\":969},7.212485025296391e+307,null]}","{\"0\":null,\"1\":7.212485025296391e+307,\"2\":3,\"3\":[\"=\",\"B\",{\"242\":6.805671506347077e+307,\"460\":\"\",\"783\":\"L\",\"\":\"4\",\"1.4805221949558912e+308\":\"o\",\"5.012887173795741e+307\":1.7783794731378768e+308,\")\":969},7.212485025296391e+307,null]}"]}