{"baseObjects":["[893,705,969,969,122,-100,242]","[893,655,969,969,122,-100,242]","[893,705,969,969,122,-100,242]","[893,705,969,969,122,-100,242]"],"returnObjects":["\"Error\"","\"NaN893,655,969,969,122,-100,242\"","null","\"Error\""],"callbackArgs":["{\"0\":893,\"1\":705,\"2\":1,\"3\":[893,705,969,969,122,-100,242]}","{\"0\":\"189893,655,969,969,122,-100,242\",\"1\":969,\"2\":2,\"3\":[893,655,969,969,122,-100,242]}","{\"0\":\"NaN893,655,969,969,122,-100,242\",\"1\":969,\"2\":3,\"3\":[893,655,969,969,122,-100,242]}","{\"0\":\"NaN893,655,969,969,122,-100,242\",\"1\":122,\"2\":4,\"3\":[893,655,969,969,122,-100,242]}","{\"0\":\"NaN893,655,969,969,122,-100,242\",\"1\":-100,\"2\":5,\"3\":[893,655,969,969,122,-100,242]}","{\"0\":\"NaN893,655,969,969,122,-100,242\",\"1\":242,\"2\":6,\"3\":[893,655,969,969,122,-100,242]}","{\"0\":false,\"1\":893,\"2\":0,\"3\":[893,705,969,969,122,-100,242]}","{\"0\":null,\"1\":705,\"2\":1,\"3\":[893,705,969,969,122,-100,242]}","{\"0\":null,\"1\":969,\"2\":2,\"3\":[893,705,969,969,122,-100,242]}","{\"0\":null,\"1\":969,\"2\":3,\"3\":[893,705,969,969,122,-100,242]}","{\"0\":null,\"1\":122,\"2\":4,\"3\":[893,705,969,969,122,-100,242]}","{\"0\":null,\"1\":-100,\"2\":5,\"3\":[893,705,969,969,122,-100,242]}","{\"0\":null,\"1\":242,\"2\":6,\"3\":[893,705,969,969,122,-100,242]}","{\"0\":{\"100\":9.603001801809452e+307,\"122\":893,\"213\":3.612539681431712e+307,\"823\":8.625881296167539e+307,\"1.0932416185064998e+307\":714,\"\":\"b!r\",\"7.575893632183418e+307\":893},\"1\":893,\"2\":0,\"3\":[893,705,969,969,122,-100,242]}"]}