{"baseObjects":["[49,59,1.7976931348623157e+308,627]","[49,59,1.7976931348623157e+308,627]","[49,59,1.7976931348623157e+308,627]","[49,59,1.7976931348623157e+308,627]"],"returnObjects":["\"Error\"","\"Error\"","\"Error\"","\"Error\""],"callbackArgs":["{\"0\":true,\"1\":49,\"2\":0,\"3\":[49,59,1.7976931348623157e+308,627]}"]}