{"baseObjects":["[607,242,-1,607]","[607,242,-1,607]","[607,242,-1,607]","[607,242,-1,607,null,null,null,null,null,{\"\":\"%\",\"3l\":\"Q\",\"M\":\"&q\",\"1.2469169054561013e+307\":\"9G\",\"Q\":\"d\",\"1.1477452761104629e+308\":\"UDI\"}]"],"returnObjects":["\"Error\"","\"Error\"","\"Error\"","null"],"callbackArgs":["{\"0\":null,\"1\":607,\"2\":0,\"3\":[607,242,-1,607]}","{\"0\":null,\"1\":607,\"2\":0,\"3\":[607,242,-1,607]}","{\"0\":null,\"1\":242,\"2\":1,\"3\":[607,242,-1,607,null,null,null,null,null,{\"\":\"%\",\"3l\":\"Q\",\"M\":\"&q\",\"1.2469169054561013e+307\":\"9G\",\"Q\":\"d\",\"1.1477452761104629e+308\":\"UDI\"}]}","{\"0\":null,\"1\":-1,\"2\":2,\"3\":[607,242,-1,607,null,null,null,null,null,{\"\":\"%\",\"3l\":\"Q\",\"M\":\"&q\",\"1.2469169054561013e+307\":\"9G\",\"Q\":\"d\",\"1.1477452761104629e+308\":\"UDI\"}]}","{\"0\":null,\"1\":607,\"2\":3,\"3\":[607,242,-1,607,null,null,null,null,null,{\"\":\"%\",\"3l\":\"Q\",\"M\":\"&q\",\"1.2469169054561013e+307\":\"9G\",\"Q\":\"d\",\"1.1477452761104629e+308\":\"UDI\"}]}"]}