{"baseObjects":["[1.7976931348623157e+308,82,\"btKE%r\",\"OG\",\"*\",\"60,1\",1.7976931348623157e+308]","[1.7976931348623157e+308,82,\"btKE%r\",\"OG\",\"*\",\"60,1\"]","[1.7976931348623157e+308,82,\"btKE%r\",\"OG\",null,\"60,1\"]","[1.7976931348623157e+308,82,\"G\",\"OG\",\"*\",\"60,1\"]"],"returnObjects":["null","null","null","\"Error\""],"callbackArgs":["{\"0\":1.7976931348623157e+308,\"1\":82,\"2\":1,\"3\":[1.7976931348623157e+308,82,\"btKE%r\",\"OG\",\"*\",\"60,1\"]}","{\"0\":null,\"1\":\"btKE%r\",\"2\":2,\"3\":[1.7976931348623157e+308,82,\"btKE%r\",\"OG\",\"*\",\"60,1\",1.7976931348623157e+308]}","{\"0\":null,\"1\":\"OG\",\"2\":3,\"3\":[1.7976931348623157e+308,82,\"btKE%r\",\"OG\",\"*\",\"60,1\",1.7976931348623157e+308]}","{\"0\":null,\"1\":\"*\",\"2\":4,\"3\":[1.7976931348623157e+308,82,\"btKE%r\",\"OG\",\"*\",\"60,1\",1.7976931348623157e+308]}","{\"0\":null,\"1\":\"60,1\",\"2\":5,\"3\":[1.7976931348623157e+308,82,\"btKE%r\",\"OG\",\"*\",\"60,1\",1.7976931348623157e+308]}","{\"0\":null,\"1\":1.7976931348623157e+308,\"2\":0,\"3\":[1.7976931348623157e+308,82,\"btKE%r\",\"OG\",\"*\",\"60,1\"]}","{\"0\":null,\"1\":82,\"2\":1,\"3\":[1.7976931348623157e+308,82,\"btKE%r\",\"OG\",\"*\",\"60,1\"]}","{\"0\":null,\"1\":\"btKE%r\",\"2\":2,\"3\":[1.7976931348623157e+308,82,\"btKE%r\",\"OG\",\"*\",\"60,1\"]}","{\"0\":null,\"1\":\"OG\",\"2\":3,\"3\":[1.7976931348623157e+308,82,\"btKE%r\",\"OG\",\"*\",\"60,1\"]}","{\"0\":null,\"1\":\"*\",\"2\":4,\"3\":[1.7976931348623157e+308,82,\"btKE%r\",\"OG\",\"*\",\"60,1\"]}","{\"0\":null,\"1\":\"60,1\",\"2\":5,\"3\":[1.7976931348623157e+308,82,\"btKE%r\",\"OG\",\"*\",\"60,1\"]}","{\"0\":[\"od\",-100,783,\"2\"],\"1\":1.7976931348623157e+308,\"2\":0,\"3\":[1.7976931348623157e+308,82,\"btKE%r\",\"OG\",\"*\",\"60,1\"]}","{\"0\":null,\"1\":82,\"2\":1,\"3\":[1.7976931348623157e+308,82,\"btKE%r\",\"OG\",null,\"60,1\"]}","{\"0\":null,\"1\":\"btKE%r\",\"2\":2,\"3\":[1.7976931348623157e+308,82,\"btKE%r\",\"OG\",null,\"60,1\"]}","{\"0\":null,\"1\":\"OG\",\"2\":3,\"3\":[1.7976931348623157e+308,82,\"btKE%r\",\"OG\",null,\"60,1\"]}","{\"0\":null,\"1\":null,\"2\":4,\"3\":[1.7976931348623157e+308,82,\"btKE%r\",\"OG\",null,\"60,1\"]}","{\"0\":null,\"1\":\"60,1\",\"2\":5,\"3\":[1.7976931348623157e+308,82,\"btKE%r\",\"OG\",null,\"60,1\"]}","{\"0\":null,\"1\":1.7976931348623157e+308,\"2\":0,\"3\":[1.7976931348623157e+308,82,\"btKE%r\",\"OG\",\"*\",\"60,1\"]}"]}