{"baseObjects":["[82,460,1.7976931348623157e+308,893,705,783,655]","[82,460,1.7976931348623157e+308,893,705,783,655]","[82,460,1.7976931348623157e+308,893,705,783,655]","[82,460,1.7976931348623157e+308,893,705,783,655]"],"returnObjects":["null","\"Error\"","\"Error\"","\"Error\""],"callbackArgs":["{\"0\":82,\"1\":460,\"2\":1,\"3\":[82,460,1.7976931348623157e+308,893,705,783,655]}","{\"0\":null,\"1\":1.7976931348623157e+308,\"2\":2,\"3\":[82,460,1.7976931348623157e+308,893,705,783,655]}","{\"0\":null,\"1\":893,\"2\":3,\"3\":[82,460,1.7976931348623157e+308,893,705,783,655]}","{\"0\":null,\"1\":705,\"2\":4,\"3\":[82,460,1.7976931348623157e+308,893,705,783,655]}","{\"0\":null,\"1\":783,\"2\":5,\"3\":[82,460,1.7976931348623157e+308,893,705,783,655]}","{\"0\":null,\"1\":655,\"2\":6,\"3\":[82,460,1.7976931348623157e+308,893,705,783,655]}","{\"0\":82,\"1\":460,\"2\":1,\"3\":[82,460,1.7976931348623157e+308,893,705,783,655]}","{\"0\":82,\"1\":460,\"2\":1,\"3\":[82,460,1.7976931348623157e+308,893,705,783,655]}"]}