{"baseObjects":["[100,1.7976931348623157e+308,893,242]","[100,1.7976931348623157e+308,893,242]","[100,1.7976931348623157e+308,893,242]","[100,1.7976931348623157e+308,893,242]"],"returnObjects":["\"Error\"","\"Error\"","null","\"Error\""],"callbackArgs":["{\"1\":100,\"2\":0,\"3\":[100,1.7976931348623157e+308,893,242]}","{\"0\":[618,82,403,126,126,618,-1,893],\"1\":100,\"2\":0,\"3\":[100,1.7976931348623157e+308,893,242]}","{\"0\":null,\"1\":1.7976931348623157e+308,\"2\":1,\"3\":[100,1.7976931348623157e+308,893,242]}","{\"0\":null,\"1\":893,\"2\":2,\"3\":[100,1.7976931348623157e+308,893,242]}","{\"0\":null,\"1\":242,\"2\":3,\"3\":[100,1.7976931348623157e+308,893,242]}","{\"0\":100,\"1\":1.7976931348623157e+308,\"2\":1,\"3\":[100,1.7976931348623157e+308,893,242]}"]}