{"baseObjects":["[-1,823,969,-100,0,1.7976931348623157e+308]","[-1,823,969,-100,0,1.7976931348623157e+308]","[-1,823,969,-100,0,1.7976931348623157e+308]","[-1,823,969,-100,0,1.7976931348623157e+308]"],"returnObjects":["\"Error\"","\"Error\"","\"Error\"","null"],"callbackArgs":["{\"0\":false,\"1\":-1,\"2\":0,\"3\":[-1,823,969,-100,0,1.7976931348623157e+308]}","{\"0\":null,\"1\":823,\"2\":1,\"3\":[-1,823,969,-100,0,1.7976931348623157e+308]}","{\"0\":null,\"1\":969,\"2\":2,\"3\":[-1,823,969,-100,0,1.7976931348623157e+308]}","{\"0\":null,\"1\":-100,\"2\":3,\"3\":[-1,823,969,-100,0,1.7976931348623157e+308]}","{\"0\":null,\"1\":0,\"2\":4,\"3\":[-1,823,969,-100,0,1.7976931348623157e+308]}","{\"0\":null,\"1\":1.7976931348623157e+308,\"2\":5,\"3\":[-1,823,969,-100,0,1.7976931348623157e+308]}"]}