{"baseObjects":["[843,714,157,1.7976931348623157e+308,823,213,59,25]","[843,714,157,1.7976931348623157e+308,823,213,59,25]","[843,714,157,1.7976931348623157e+308,823,213,59,25]","[843,714,157,1.7976931348623157e+308,823,213,59,25]"],"returnObjects":["\"Error\"","\"Error\"","\"Error\"","\"Error\""],"callbackArgs":["{\"1\":843,\"2\":0,\"3\":[843,714,157,1.7976931348623157e+308,823,213,59,25]}"]}