{"baseObjects":["[595,607,59,242,714,783,893,607,157]","[595,607,59,242,714,783,893,607,157]","[595,607,59,242,714,783,893,607,157]","[595,1.5187124283467799e+308,59,242,714,783,893,607,157]"],"returnObjects":["\"Error\"","\"Error\"","\"Error\"","null"],"callbackArgs":["{\"1\":595,\"2\":0,\"3\":[595,607,59,242,714,783,893,607,157]}","{\"1\":595,\"2\":0,\"3\":[595,607,59,242,714,783,893,607,157]}","{\"1\":595,\"2\":0,\"3\":[595,607,59,242,714,783,893,607,157]}","{\"0\":null,\"1\":1.5187124283467799e+308,\"2\":1,\"3\":[595,1.5187124283467799e+308,59,242,714,783,893,607,157]}","{\"0\":null,\"1\":59,\"2\":2,\"3\":[595,1.5187124283467799e+308,59,242,714,783,893,607,157]}","{\"0\":null,\"1\":242,\"2\":3,\"3\":[595,1.5187124283467799e+308,59,242,714,783,893,607,157]}","{\"0\":null,\"1\":714,\"2\":4,\"3\":[595,1.5187124283467799e+308,59,242,714,783,893,607,157]}","{\"0\":null,\"1\":783,\"2\":5,\"3\":[595,1.5187124283467799e+308,59,242,714,783,893,607,157]}","{\"0\":null,\"1\":893,\"2\":6,\"3\":[595,1.5187124283467799e+308,59,242,714,783,893,607,157]}","{\"0\":null,\"1\":607,\"2\":7,\"3\":[595,1.5187124283467799e+308,59,242,714,783,893,607,157]}","{\"0\":null,\"1\":157,\"2\":8,\"3\":[595,1.5187124283467799e+308,59,242,714,783,893,607,157]}"]}