{"baseObjects":["[607,59,893,25]","[607,59,893,25]","[607,59,893,25]","[607,59,893,25]"],"returnObjects":["null","\"Infinity607,59,893,2559607,59,893,25446.5607,59,893,258.333333333333334607,59,893,25\"","\"Error\"","\"Error\""],"callbackArgs":["{\"0\":607,\"1\":59,\"2\":1,\"3\":[607,59,893,25]}","{\"0\":null,\"1\":893,\"2\":2,\"3\":[607,59,893,25]}","{\"0\":null,\"1\":25,\"2\":3,\"3\":[607,59,893,25]}","{\"0\":true,\"1\":607,\"2\":0,\"3\":[607,59,893,25]}","{\"0\":\"Infinity607,59,893,25\",\"1\":59,\"2\":1,\"3\":[607,59,893,25]}","{\"0\":\"Infinity607,59,893,2559607,59,893,25\",\"1\":893,\"2\":2,\"3\":[607,59,893,25]}","{\"0\":\"Infinity607,59,893,2559607,59,893,25446.5607,59,893,25\",\"1\":25,\"2\":3,\"3\":[607,59,893,25]}","{\"0\":{\"714\":1.7959500000966516e+308,\"8.627728920272564e+306\":\"\",\"\":213,\"e<)\":969,\"9.843237426656786e+307\":\"Q,\",\"5.840733104108622e+307\":\"p\"},\"1\":607,\"2\":0,\"3\":[607,59,893,25]}","{\"0\":607,\"1\":59,\"2\":1,\"3\":[607,59,893,25]}"]}