{"baseObjects":["[893,126,100]","[893,126,100]","[893,126,100]","[893,126,100]"],"returnObjects":["null","\"Error\"","null","\"NaN893,126,100\""],"callbackArgs":["{\"0\":false,\"1\":893,\"2\":0,\"3\":[893,126,100]}","{\"0\":null,\"1\":126,\"2\":1,\"3\":[893,126,100]}","{\"0\":null,\"1\":100,\"2\":2,\"3\":[893,126,100]}","{\"0\":893,\"1\":126,\"2\":1,\"3\":[893,126,100]}","{\"0\":null,\"1\":100,\"2\":2,\"3\":[893,126,100]}","{\"0\":{\"100\":5.067220782675951e+307,\"403\":\"\",\"595\":893,\"969\":\"\",\"\":\",,\",\"wE\":5.900533629595638e+307,\"IHAD\":607},\"1\":893,\"2\":0,\"3\":[893,126,100]}","{\"0\":\"NaN893,126,100\",\"1\":126,\"2\":1,\"3\":[893,126,100]}","{\"0\":\"NaN893,126,100\",\"1\":100,\"2\":2,\"3\":[893,126,100]}"]}