{"baseObjects":["[5e-324,82,0,823,25,705]","[655,242,49,\"0}iPr\"]","[655,\"v\",49,705,null,null,null,null,false]","[655,\"v\",49,\"0}iPr\"]"],"returnObjects":["null","\"656655,242,49,0}iPr2421655,242,49,0}iPr492655,242,49,0}iPr0}iPr3655,242,49,0}iPr\"","\"Error\"","\"Error\""],"callbackArgs":["{\"0\":655,\"1\":\"v\",\"2\":1,\"3\":[655,\"v\",49,\"0}iPr\"]}","{\"0\":null,\"1\":49,\"2\":2,\"3\":[655,\"v\",49,\"0}iPr\",1.607316626047333e+307]}","{\"0\":null,\"1\":\"0}iPr\",\"2\":3,\"3\":[655,\"v\",49,\"0}iPr\",1.607316626047333e+307]}","{\"0\":true,\"1\":655,\"2\":0,\"3\":[655,\"v\",49,\"0}iPr\"]}","{\"0\":\"656655,242,49,0}iPr\",\"1\":242,\"2\":1,\"3\":[655,242,49,\"0}iPr\"]}","{\"0\":\"656655,242,49,0}iPr2421655,242,49,0}iPr\",\"1\":49,\"2\":2,\"3\":[655,242,49,\"0}iPr\"]}","{\"0\":\"656655,242,49,0}iPr2421655,242,49,0}iPr492655,242,49,0}iPr\",\"1\":\"0}iPr\",\"2\":3,\"3\":[655,242,49,\"0}iPr\"]}","{\"0\":655,\"1\":\"v\",\"2\":1,\"3\":[655,\"v\",49,\"0}iPr\"]}"]}