{"baseObjects":["[705,49,-100,627,\"v*\",714]","[705,49,-100,627,1.7976931348623157e+308,714]","[705,49,-100,627,1.7976931348623157e+308,714]","[705,49,-100,627,1.7976931348623157e+308,714]"],"returnObjects":["null","\"Error\"","\"Error\"","\"Error\""],"callbackArgs":["{\"0\":[-100,705],\"1\":705,\"2\":0,\"3\":[705,49,-100,627,1.7976931348623157e+308,714]}","{\"0\":null,\"1\":49,\"2\":1,\"3\":[705,49,-100,627,\"v*\",714]}","{\"0\":null,\"1\":-100,\"2\":2,\"3\":[705,49,-100,627,\"v*\",714]}","{\"0\":null,\"1\":627,\"2\":3,\"3\":[705,49,-100,627,\"v*\",714]}","{\"0\":null,\"1\":\"v*\",\"2\":4,\"3\":[705,49,-100,627,\"v*\",714]}","{\"0\":null,\"1\":714,\"2\":5,\"3\":[705,49,-100,627,\"v*\",714]}","{\"0\":705,\"1\":49,\"2\":1,\"3\":[705,49,-100,627,1.7976931348623157e+308,714]}"]}