{"baseObjects":["[0,\"M\",823,82,100]","[0,\"M\",823,82,100,null,null,null,null,{\"126\":6.93768977559121e+307,\"655\":3.373470740294409e+307,\"\":\"\",\"1.545788079285053e+308\":\"\",\"3.289307266532534e+307\":\"Y>P\",\"6.735273359514958e+307\":460,\"#FAl\":-1,\"I\":\"G\"}]","[0,\"M\",823,82,100]","[0,\"M\",823,82,100]"],"returnObjects":["\"Error\"","null","null","\"Error\""],"callbackArgs":["{\"0\":true,\"1\":0,\"2\":0,\"3\":[0,\"M\",823,82,100]}","{\"0\":null,\"1\":\"M\",\"2\":1,\"3\":[0,\"M\",823,82,100,null,null,null,null,{\"126\":6.93768977559121e+307,\"655\":3.373470740294409e+307,\"\":\"\",\"1.545788079285053e+308\":\"\",\"3.289307266532534e+307\":\"Y>P\",\"6.735273359514958e+307\":460,\"#FAl\":-1,\"I\":\"G\"}]}","{\"0\":null,\"1\":823,\"2\":2,\"3\":[0,\"M\",823,82,100,null,null,null,null,{\"126\":6.93768977559121e+307,\"655\":3.373470740294409e+307,\"\":\"\",\"1.545788079285053e+308\":\"\",\"3.289307266532534e+307\":\"Y>P\",\"6.735273359514958e+307\":460,\"#FAl\":-1,\"I\":\"G\"}]}","{\"0\":null,\"1\":82,\"2\":3,\"3\":[0,\"M\",823,82,100,null,null,null,null,{\"126\":6.93768977559121e+307,\"655\":3.373470740294409e+307,\"\":\"\",\"1.545788079285053e+308\":\"\",\"3.289307266532534e+307\":\"Y>P\",\"6.735273359514958e+307\":460,\"#FAl\":-1,\"I\":\"G\"}]}","{\"0\":null,\"1\":100,\"2\":4,\"3\":[0,\"M\",823,82,100,null,null,null,null,{\"126\":6.93768977559121e+307,\"655\":3.373470740294409e+307,\"\":\"\",\"1.545788079285053e+308\":\"\",\"3.289307266532534e+307\":\"Y>P\",\"6.735273359514958e+307\":460,\"#FAl\":-1,\"I\":\"G\"}]}","{\"0\":null,\"1\":0,\"2\":0,\"3\":[0,\"M\",823,82,100]}","{\"0\":null,\"1\":\"M\",\"2\":1,\"3\":[0,\"M\",823,82,100]}","{\"0\":null,\"1\":823,\"2\":2,\"3\":[0,\"M\",823,82,100]}","{\"0\":null,\"1\":82,\"2\":3,\"3\":[0,\"M\",823,82,100]}","{\"0\":null,\"1\":100,\"2\":4,\"3\":[0,\"M\",823,82,100]}"]}