{"baseObjects":["[\"K\",\"d\",\"l\",1.7976931348623157e+308,126,\"|Q\",655,{\"0\":\"rdQK\",\"\":705}]","[\"K\",\"d\",\"l\",1.7976931348623157e+308,126,\"|Q\",655,655]","[\"K\",\"d\",\"l\",1.7976931348623157e+308,126,\"|Q\",655,655]","[\"K\",\"d\",\"l\",1.7976931348623157e+308,126,\"|Q\",655,655]"],"returnObjects":["null","null","\"Error\"","\"Error\""],"callbackArgs":["{\"0\":\"K\",\"1\":\"d\",\"2\":1,\"3\":[\"K\",\"d\",\"l\",1.7976931348623157e+308,126,\"|Q\",655,655]}","{\"0\":null,\"1\":\"l\",\"2\":2,\"3\":[\"K\",\"d\",\"l\",1.7976931348623157e+308,126,\"|Q\",655,{\"0\":\"rdQK\",\"\":705}]}","{\"0\":null,\"1\":1.7976931348623157e+308,\"2\":3,\"3\":[\"K\",\"d\",\"l\",1.7976931348623157e+308,126,\"|Q\",655,{\"0\":\"rdQK\",\"\":705}]}","{\"0\":null,\"1\":126,\"2\":4,\"3\":[\"K\",\"d\",\"l\",1.7976931348623157e+308,126,\"|Q\",655,{\"0\":\"rdQK\",\"\":705}]}","{\"0\":null,\"1\":\"|Q\",\"2\":5,\"3\":[\"K\",\"d\",\"l\",1.7976931348623157e+308,126,\"|Q\",655,{\"0\":\"rdQK\",\"\":705}]}","{\"0\":null,\"1\":655,\"2\":6,\"3\":[\"K\",\"d\",\"l\",1.7976931348623157e+308,126,\"|Q\",655,{\"0\":\"rdQK\",\"\":705}]}","{\"0\":null,\"1\":{\"0\":\"rdQK\",\"\":705},\"2\":7,\"3\":[\"K\",\"d\",\"l\",1.7976931348623157e+308,126,\"|Q\",655,{\"0\":\"rdQK\",\"\":705}]}","{\"0\":\"K\",\"1\":\"d\",\"2\":1,\"3\":[\"K\",\"d\",\"l\",1.7976931348623157e+308,126,\"|Q\",655,655]}","{\"0\":null,\"1\":\"l\",\"2\":2,\"3\":[\"K\",\"d\",\"l\",1.7976931348623157e+308,126,\"|Q\",655,655]}","{\"0\":null,\"1\":1.7976931348623157e+308,\"2\":3,\"3\":[\"K\",\"d\",\"l\",1.7976931348623157e+308,126,\"|Q\",655,655]}","{\"0\":null,\"1\":126,\"2\":4,\"3\":[\"K\",\"d\",\"l\",1.7976931348623157e+308,126,\"|Q\",655,655]}","{\"0\":null,\"1\":\"|Q\",\"2\":5,\"3\":[\"K\",\"d\",\"l\",1.7976931348623157e+308,126,\"|Q\",655,655]}","{\"0\":null,\"1\":655,\"2\":6,\"3\":[\"K\",\"d\",\"l\",1.7976931348623157e+308,126,\"|Q\",655,655]}","{\"0\":null,\"1\":655,\"2\":7,\"3\":[\"K\",\"d\",\"l\",1.7976931348623157e+308,126,\"|Q\",655,655]}"]}