{"baseObjects":["[403,607,49,843,126,49,607,0,705]","[403,607,49,843,126,49,607,0,705]","[403,{\"1.65306743741874e+308\":\"9d|\",\"1.542487672599051e+305\":\"\",\"1.0749065749668166e+308\":\"vG\",\"5.676240955338565e+307\":\"K\",\"aC&D5pg\":\"\",\"\":25,\"1.3280182157926125e+308\":\"p3G^\",\"2.0688702175418401e+307\":59},49,843,126,49,607,0,705]","[403,607,49,843,126,49,607,0,705]"],"returnObjects":["\"Error\"","null","\"Error\"","\"Error\""],"callbackArgs":["{\"0\":403,\"1\":607,\"2\":1,\"3\":[403,607,49,843,126,49,607,0,705]}","{\"0\":null,\"1\":49,\"2\":2,\"3\":[403,607,49,843,126,49,607,0,705]}","{\"0\":null,\"1\":843,\"2\":3,\"3\":[403,607,49,843,126,49,607,0,705]}","{\"0\":null,\"1\":126,\"2\":4,\"3\":[403,607,49,843,126,49,607,0,705]}","{\"0\":null,\"1\":49,\"2\":5,\"3\":[403,607,49,843,126,49,607,0,705]}","{\"0\":null,\"1\":607,\"2\":6,\"3\":[403,607,49,843,126,49,607,0,705]}","{\"0\":null,\"1\":0,\"2\":7,\"3\":[403,607,49,843,126,49,607,0,705]}","{\"0\":null,\"1\":705,\"2\":8,\"3\":[403,607,49,843,126,49,607,0,705]}","{\"1\":403,\"2\":0,\"3\":[403,607,49,843,126,49,607,0,705]}","{\"0\":403,\"1\":607,\"2\":1,\"3\":[403,607,49,843,126,49,607,0,705]}"]}