{"baseObjects":["[25,25,213,122,126,59,655]","[25,25,213,122,126,59,655]","[25,25,213,122,126,59,655]","[25,25,213,122,126,59,655]"],"returnObjects":["\"Error\"","\"Error\"","\"Error\"","\"Error\""],"callbackArgs":["{\"0\":{\"1.472434956985541e+308\":\"\",\":Yl\":3.7014200902923485e+307,\"{Uy\":\"*\"},\"1\":25,\"2\":0,\"3\":[25,25,213,122,126,59,655]}"]}