{"baseObjects":["[843,460,\"]\"]","[\"@8nO{f\",\"1f\",\"cd?3\",\"9b\",\"Rf\"]","[843,460,\"]\"]","[843,460,\"]\"]"],"returnObjects":["\"Error\"","null","\"Error\"","\"Error\""],"callbackArgs":["{\"0\":{\"25\":5.821172748577782e+307,\"460\":49,\"595\":\"\",\"6.319551334121757e+307\":\"y\",\"a8\":\"I\",\"8.325897879441089e+307\":\"\",\"X5&SSF\":\"|\"},\"1\":843,\"2\":0,\"3\":[843,460,\"]\"]}","{\"0\":null,\"1\":460,\"2\":1,\"3\":[843,460,\"]\"]}","{\"0\":null,\"1\":\"]\",\"2\":2,\"3\":[843,460,\"]\"]}","{\"0\":true,\"1\":843,\"2\":0,\"3\":[843,460,\"]\"]}"]}