{"baseObjects":["[1.7976931348623157e+308,213,893,705,\"l\"]","[1.7976931348623157e+308,213,893,705,\"l\"]","[1.7976931348623157e+308,213,893,705,\"l\"]","[1.7976931348623157e+308,213,893,705,\"l\"]"],"returnObjects":["\"Error\"","null","\"NaN1.7976931348623157e+308,213,893,705,l\"","\"Error\""],"callbackArgs":["{\"0\":true,\"1\":1.7976931348623157e+308,\"2\":0,\"3\":[1.7976931348623157e+308,213,893,705,\"l\"]}","{\"0\":null,\"1\":213,\"2\":1,\"3\":[1.7976931348623157e+308,213,893,705,\"l\"]}","{\"0\":null,\"1\":893,\"2\":2,\"3\":[1.7976931348623157e+308,213,893,705,\"l\"]}","{\"0\":null,\"1\":705,\"2\":3,\"3\":[1.7976931348623157e+308,213,893,705,\"l\"]}","{\"0\":null,\"1\":\"l\",\"2\":4,\"3\":[1.7976931348623157e+308,213,893,705,\"l\"]}","{\"1\":1.7976931348623157e+308,\"2\":0,\"3\":[1.7976931348623157e+308,213,893,705,\"l\"]}","{\"0\":\"NaN1.7976931348623157e+308,213,893,705,l\",\"1\":213,\"2\":1,\"3\":[1.7976931348623157e+308,213,893,705,\"l\"]}","{\"0\":\"NaN1.7976931348623157e+308,213,893,705,l\",\"1\":893,\"2\":2,\"3\":[1.7976931348623157e+308,213,893,705,\"l\"]}","{\"0\":\"NaN1.7976931348623157e+308,213,893,705,l\",\"1\":705,\"2\":3,\"3\":[1.7976931348623157e+308,213,893,705,\"l\"]}","{\"0\":\"NaN1.7976931348623157e+308,213,893,705,l\",\"1\":\"l\",\"2\":4,\"3\":[1.7976931348623157e+308,213,893,705,\"l\"]}"]}