{"baseObjects":["[843,607,893,\"D\",213,\";\",595]","[843,607,893,\"D\",213,\";\",595]","[843,607,893,\"D\",213,\";\",595]","[843,607,893,\"D\",{\"-1\":122,\"l@\":2.76589595675279e+307,\"8.219755775179059e+307\":\"\",\"-a\":\"0S*n\",\"1.6867966269191668e+308\":\"L\",\"4.3627454330695207e+307\":\"+\",\"5.703501795562037e+307\":\"[\"},\";\",595]"],"returnObjects":["\"Error\"","\"Error\"","\"Error\"","\"NaN843,607,893,D,[object Object],;,595\""],"callbackArgs":["{\"0\":843,\"1\":607,\"2\":1,\"3\":[843,607,893,\"D\",213,\";\",595]}","{\"0\":\"2.3887973640856672843,607,893,D,[object Object],;,595\",\"1\":893,\"2\":2,\"3\":[843,607,893,\"D\",{\"-1\":122,\"l@\":2.76589595675279e+307,\"8.219755775179059e+307\":\"\",\"-a\":\"0S*n\",\"1.6867966269191668e+308\":\"L\",\"4.3627454330695207e+307\":\"+\",\"5.703501795562037e+307\":\"[\"},\";\",595]}","{\"0\":\"NaN843,607,893,D,[object Object],;,595\",\"1\":\"D\",\"2\":3,\"3\":[843,607,893,\"D\",{\"-1\":122,\"l@\":2.76589595675279e+307,\"8.219755775179059e+307\":\"\",\"-a\":\"0S*n\",\"1.6867966269191668e+308\":\"L\",\"4.3627454330695207e+307\":\"+\",\"5.703501795562037e+307\":\"[\"},\";\",595]}","{\"0\":\"NaN843,607,893,D,[object Object],;,595\",\"1\":{\"-1\":122,\"l@\":2.76589595675279e+307,\"8.219755775179059e+307\":\"\",\"-a\":\"0S*n\",\"1.6867966269191668e+308\":\"L\",\"4.3627454330695207e+307\":\"+\",\"5.703501795562037e+307\":\"[\"},\"2\":4,\"3\":[843,607,893,\"D\",{\"-1\":122,\"l@\":2.76589595675279e+307,\"8.219755775179059e+307\":\"\",\"-a\":\"0S*n\",\"1.6867966269191668e+308\":\"L\",\"4.3627454330695207e+307\":\"+\",\"5.703501795562037e+307\":\"[\"},\";\",595]}","{\"0\":\"NaN843,607,893,D,[object Object],;,595\",\"1\":\";\",\"2\":5,\"3\":[843,607,893,\"D\",{\"-1\":122,\"l@\":2.76589595675279e+307,\"8.219755775179059e+307\":\"\",\"-a\":\"0S*n\",\"1.6867966269191668e+308\":\"L\",\"4.3627454330695207e+307\":\"+\",\"5.703501795562037e+307\":\"[\"},\";\",595]}","{\"0\":\"NaN843,607,893,D,[object Object],;,595\",\"1\":595,\"2\":6,\"3\":[843,607,893,\"D\",{\"-1\":122,\"l@\":2.76589595675279e+307,\"8.219755775179059e+307\":\"\",\"-a\":\"0S*n\",\"1.6867966269191668e+308\":\"L\",\"4.3627454330695207e+307\":\"+\",\"5.703501795562037e+307\":\"[\"},\";\",595]}"]}