{"baseObjects":["[1.7976931348623157e+308,705,627,627,714]","[1.7976931348623157e+308,705,627,627,714]","[1.7976931348623157e+308,705,627,627,714]",null],"returnObjects":["\"Error\"","\"Error\"","null","\"Error\""],"callbackArgs":["{\"0\":1.7976931348623157e+308,\"1\":705,\"2\":1,\"3\":[1.7976931348623157e+308,705,627,627,714]}","{\"0\":null,\"1\":627,\"2\":2,\"3\":[1.7976931348623157e+308,705,627,627,714]}","{\"0\":null,\"1\":627,\"2\":3,\"3\":[1.7976931348623157e+308,705,627,627,714]}","{\"0\":null,\"1\":714,\"2\":4,\"3\":[1.7976931348623157e+308,705,627,627,714]}","{\"0\":false,\"1\":1.7976931348623157e+308,\"2\":0,\"3\":[1.7976931348623157e+308,705,627,627,714]}","{\"0\":\"NaN1.7976931348623157e+308,705,627,627,714,,,,,49,714,627,460,126,82,49\",\"1\":705,\"2\":1,\"3\":[1.7976931348623157e+308,705,627,627,714,null,null,null,null,[49,714,627,460,126,82,49]]}"]}