{"baseObjects":["[\"qD\",\"m+R\",783,82,\"O\"]","[\"qD\",\"m+R\",783,82,{\"126\":6.745441218645902e+307,\"1.7976931348623157e+308\":\"s]\"}]","[\"qD\",\"m+R\",783,82,\"O\"]","[null,\"m+R\",783,82,\"O\"]"],"returnObjects":["\"Error\"","null","\"qDm+R1qD,m+R,783,82,O7832qD,m+R,783,82,O823qD,m+R,783,82,OO4qD,m+R,783,82,O\"","\"Error\""],"callbackArgs":["{\"0\":\"qD\",\"1\":\"m+R\",\"2\":1,\"3\":[\"qD\",\"m+R\",783,82,\"O\"]}","{\"0\":null,\"1\":783,\"2\":2,\"3\":[\"qD\",\"m+R\",783,82,{\"126\":6.745441218645902e+307,\"1.7976931348623157e+308\":\"s]\"}]}","{\"0\":null,\"1\":82,\"2\":3,\"3\":[\"qD\",\"m+R\",783,82,{\"126\":6.745441218645902e+307,\"1.7976931348623157e+308\":\"s]\"}]}","{\"0\":null,\"1\":{\"126\":6.745441218645902e+307,\"1.7976931348623157e+308\":\"s]\"},\"2\":4,\"3\":[\"qD\",\"m+R\",783,82,{\"126\":6.745441218645902e+307,\"1.7976931348623157e+308\":\"s]\"}]}","{\"0\":\"qD\",\"1\":\"m+R\",\"2\":1,\"3\":[\"qD\",\"m+R\",783,82,\"O\"]}","{\"0\":\"qDm+R1qD,m+R,783,82,O\",\"1\":783,\"2\":2,\"3\":[\"qD\",\"m+R\",783,82,\"O\"]}","{\"0\":\"qDm+R1qD,m+R,783,82,O7832qD,m+R,783,82,O\",\"1\":82,\"2\":3,\"3\":[\"qD\",\"m+R\",783,82,\"O\"]}","{\"0\":\"qDm+R1qD,m+R,783,82,O7832qD,m+R,783,82,O823qD,m+R,783,82,O\",\"1\":\"O\",\"2\":4,\"3\":[\"qD\",\"m+R\",783,82,\"O\"]}","{\"0\":[460,\"|\",49,82],\"1\":\"qD\",\"2\":0,\"3\":[\"qD\",\"m+R\",783,82,\"O\"]}"]}