{"baseObjects":["[1.7976931348623157e+308,82]","[1.7976931348623157e+308,82]","[1.7976931348623157e+308,82,null,59]","[1.7976931348623157e+308,82]"],"returnObjects":["\"Error\"","null","null","\"Error\""],"callbackArgs":["{\"0\":false,\"1\":1.7976931348623157e+308,\"2\":0,\"3\":[1.7976931348623157e+308,82]}","{\"0\":null,\"1\":82,\"2\":1,\"3\":[1.7976931348623157e+308,82]}","{\"1\":1.7976931348623157e+308,\"2\":0,\"3\":[1.7976931348623157e+308,82]}","{\"0\":null,\"1\":82,\"2\":1,\"3\":[1.7976931348623157e+308,82,null,59]}","{\"0\":1.7976931348623157e+308,\"1\":82,\"2\":1,\"3\":[1.7976931348623157e+308,82]}"]}