{"baseObjects":["[607,49,1.7976931348623157e+308,[893,25],{\"4.500584029542636e+307\":\"\",\"';6\":\"\",\"1.4892556739557607e+308\":\"\",\"n\":9.95096299958929e+306,\"#=\":\"\",\"*\":0,\"1.7976931348623157e+308\":\"\",\"1.279765668164094e+308\":25},242,25,82,627,595]","[607,49,1.7976931348623157e+308,100,0,242,25,82,627,595]","[607,49,1.7976931348623157e+308,100,0,242,25,82,627,595]","[607,49,1.7976931348623157e+308,100,0,242,25,82,627,595]"],"returnObjects":["null","\"NaN607,49,1.7976931348623157e+308,100,0,242,25,82,627,595\"","\"Error\"","\"Error\""],"callbackArgs":["{\"0\":[705,714,595,783],\"1\":607,\"2\":0,\"3\":[607,49,1.7976931348623157e+308,100,0,242,25,82,627,595]}","{\"0\":null,\"1\":49,\"2\":1,\"3\":[607,49,1.7976931348623157e+308,[893,25],{\"4.500584029542636e+307\":\"\",\"';6\":\"\",\"1.4892556739557607e+308\":\"\",\"n\":9.95096299958929e+306,\"#=\":\"\",\"*\":0,\"1.7976931348623157e+308\":\"\",\"1.279765668164094e+308\":25},242,25,82,627,595]}","{\"0\":null,\"1\":1.7976931348623157e+308,\"2\":2,\"3\":[607,49,1.7976931348623157e+308,[893,25],{\"4.500584029542636e+307\":\"\",\"';6\":\"\",\"1.4892556739557607e+308\":\"\",\"n\":9.95096299958929e+306,\"#=\":\"\",\"*\":0,\"1.7976931348623157e+308\":\"\",\"1.279765668164094e+308\":25},242,25,82,627,595]}","{\"0\":null,\"1\":[893,25],\"2\":3,\"3\":[607,49,1.7976931348623157e+308,[893,25],{\"4.500584029542636e+307\":\"\",\"';6\":\"\",\"1.4892556739557607e+308\":\"\",\"n\":9.95096299958929e+306,\"#=\":\"\",\"*\":0,\"1.7976931348623157e+308\":\"\",\"1.279765668164094e+308\":25},242,25,82,627,595]}","{\"0\":null,\"1\":{\"4.500584029542636e+307\":\"\",\"';6\":\"\",\"1.4892556739557607e+308\":\"\",\"n\":9.95096299958929e+306,\"#=\":\"\",\"*\":0,\"1.7976931348623157e+308\":\"\",\"1.279765668164094e+308\":25},\"2\":4,\"3\":[607,49,1.7976931348623157e+308,[893,25],{\"4.500584029542636e+307\":\"\",\"';6\":\"\",\"1.4892556739557607e+308\":\"\",\"n\":9.95096299958929e+306,\"#=\":\"\",\"*\":0,\"1.7976931348623157e+308\":\"\",\"1.279765668164094e+308\":25},242,25,82,627,595]}","{\"0\":null,\"1\":242,\"2\":5,\"3\":[607,49,1.7976931348623157e+308,[893,25],{\"4.500584029542636e+307\":\"\",\"';6\":\"\",\"1.4892556739557607e+308\":\"\",\"n\":9.95096299958929e+306,\"#=\":\"\",\"*\":0,\"1.7976931348623157e+308\":\"\",\"1.279765668164094e+308\":25},242,25,82,627,595]}","{\"0\":null,\"1\":25,\"2\":6,\"3\":[607,49,1.7976931348623157e+308,[893,25],{\"4.500584029542636e+307\":\"\",\"';6\":\"\",\"1.4892556739557607e+308\":\"\",\"n\":9.95096299958929e+306,\"#=\":\"\",\"*\":0,\"1.7976931348623157e+308\":\"\",\"1.279765668164094e+308\":25},242,25,82,627,595]}","{\"0\":null,\"1\":82,\"2\":7,\"3\":[607,49,1.7976931348623157e+308,[893,25],{\"4.500584029542636e+307\":\"\",\"';6\":\"\",\"1.4892556739557607e+308\":\"\",\"n\":9.95096299958929e+306,\"#=\":\"\",\"*\":0,\"1.7976931348623157e+308\":\"\",\"1.279765668164094e+308\":25},242,25,82,627,595]}","{\"0\":null,\"1\":627,\"2\":8,\"3\":[607,49,1.7976931348623157e+308,[893,25],{\"4.500584029542636e+307\":\"\",\"';6\":\"\",\"1.4892556739557607e+308\":\"\",\"n\":9.95096299958929e+306,\"#=\":\"\",\"*\":0,\"1.7976931348623157e+308\":\"\",\"1.279765668164094e+308\":25},242,25,82,627,595]}","{\"0\":null,\"1\":595,\"2\":9,\"3\":[607,49,1.7976931348623157e+308,[893,25],{\"4.500584029542636e+307\":\"\",\"';6\":\"\",\"1.4892556739557607e+308\":\"\",\"n\":9.95096299958929e+306,\"#=\":\"\",\"*\":0,\"1.7976931348623157e+308\":\"\",\"1.279765668164094e+308\":25},242,25,82,627,595]}","{\"0\":[893,126,-100,126,893],\"1\":607,\"2\":0,\"3\":[607,49,1.7976931348623157e+308,100,0,242,25,82,627,595]}","{\"0\":\"NaN607,49,1.7976931348623157e+308,100,0,242,25,82,627,595\",\"1\":49,\"2\":1,\"3\":[607,49,1.7976931348623157e+308,100,0,242,25,82,627,595]}","{\"0\":\"NaN607,49,1.7976931348623157e+308,100,0,242,25,82,627,595\",\"1\":1.7976931348623157e+308,\"2\":2,\"3\":[607,49,1.7976931348623157e+308,100,0,242,25,82,627,595]}","{\"0\":\"NaN607,49,1.7976931348623157e+308,100,0,242,25,82,627,595\",\"1\":100,\"2\":3,\"3\":[607,49,1.7976931348623157e+308,100,0,242,25,82,627,595]}","{\"0\":\"NaN607,49,1.7976931348623157e+308,100,0,242,25,82,627,595\",\"1\":0,\"2\":4,\"3\":[607,49,1.7976931348623157e+308,100,0,242,25,82,627,595]}","{\"0\":\"NaN607,49,1.7976931348623157e+308,100,0,242,25,82,627,595\",\"1\":242,\"2\":5,\"3\":[607,49,1.7976931348623157e+308,100,0,242,25,82,627,595]}","{\"0\":\"NaN607,49,1.7976931348623157e+308,100,0,242,25,82,627,595\",\"1\":25,\"2\":6,\"3\":[607,49,1.7976931348623157e+308,100,0,242,25,82,627,595]}","{\"0\":\"NaN607,49,1.7976931348623157e+308,100,0,242,25,82,627,595\",\"1\":82,\"2\":7,\"3\":[607,49,1.7976931348623157e+308,100,0,242,25,82,627,595]}","{\"0\":\"NaN607,49,1.7976931348623157e+308,100,0,242,25,82,627,595\",\"1\":627,\"2\":8,\"3\":[607,49,1.7976931348623157e+308,100,0,242,25,82,627,595]}","{\"0\":\"NaN607,49,1.7976931348623157e+308,100,0,242,25,82,627,595\",\"1\":595,\"2\":9,\"3\":[607,49,1.7976931348623157e+308,100,0,242,25,82,627,595]}","{\"0\":{\"242\":655,\"893\":\">Xf|AYQ;ZU\",\"\":\"[=;\",\"t\":\"C|\",\"1.3541577858684786e+308\":\"\",\"5e-324\":-100,\"l<j\":\"v\",\"5.615573729974503e+307\":3.949789806882995e+307,\"1.4458147143432193e+308\":\"\"},\"1\":607,\"2\":0,\"3\":[607,49,1.7976931348623157e+308,100,0,242,25,82,627,595]}"]}