{"baseObjects":["[242,783,403,-100]","[242,783,403,-100]","[242,783,403,-100]","[242,783,403,-100]"],"returnObjects":["null","\"Infinity242,783,403,-100783242,783,403,-100201.5242,783,403,-100-33.333333333333336242,783,403,-100\"","\"Error\"","\"NaN242,783,403,-100\""],"callbackArgs":["{\"0\":{\"0\":9.621481433400743e+307,\"122\":\"o\",\"607\":\"\",\"893\":1.5647692511102445e+308,\"3.8891171587324823e+307\":627,\"C\":-1,\"5-\":\"\",\"1.3130321063336282e+308\":0,\"]\":\"\"},\"1\":242,\"2\":0,\"3\":[242,783,403,-100]}","{\"0\":null,\"1\":783,\"2\":1,\"3\":[242,783,403,-100]}","{\"0\":null,\"1\":403,\"2\":2,\"3\":[242,783,403,-100]}","{\"0\":null,\"1\":-100,\"2\":3,\"3\":[242,783,403,-100]}","{\"0\":null,\"1\":242,\"2\":0,\"3\":[242,783,403,-100]}","{\"0\":\"Infinity242,783,403,-100\",\"1\":783,\"2\":1,\"3\":[242,783,403,-100]}","{\"0\":\"Infinity242,783,403,-100783242,783,403,-100\",\"1\":403,\"2\":2,\"3\":[242,783,403,-100]}","{\"0\":\"Infinity242,783,403,-100783242,783,403,-100201.5242,783,403,-100\",\"1\":-100,\"2\":3,\"3\":[242,783,403,-100]}","{\"0\":true,\"1\":242,\"2\":0,\"3\":[242,783,403,-100]}","{\"0\":false,\"1\":242,\"2\":0,\"3\":[242,783,403,-100]}","{\"0\":\"0242,783,403,-100\",\"1\":783,\"2\":1,\"3\":[242,783,403,-100]}","{\"0\":\"NaN242,783,403,-100\",\"1\":403,\"2\":2,\"3\":[242,783,403,-100]}","{\"0\":\"NaN242,783,403,-100\",\"1\":-100,\"2\":3,\"3\":[242,783,403,-100]}"]}