{"baseObjects":["[627,893,893,893,null,null,null,null,null,\"\"]","[627,893,893,893]","[627,893,893,893]","[627,893,893,893]"],"returnObjects":["\"1520627,893,893,893,,,,,,446.5627,893,893,893,,,,,,297.6666666666667627,893,893,893,,,,,,\"","null","\"[object Object]6270627,893,893,8938931627,893,893,8938932627,893,893,8938933627,893,893,893\"","\"Error\""],"callbackArgs":["{\"0\":627,\"1\":893,\"2\":1,\"3\":[627,893,893,893]}","{\"0\":\"1520627,893,893,893,,,,,,\",\"1\":893,\"2\":2,\"3\":[627,893,893,893,null,null,null,null,null,\"\"]}","{\"0\":\"1520627,893,893,893,,,,,,446.5627,893,893,893,,,,,,\",\"1\":893,\"2\":3,\"3\":[627,893,893,893,null,null,null,null,null,\"\"]}","{\"0\":627,\"1\":893,\"2\":1,\"3\":[627,893,893,893]}","{\"0\":null,\"1\":893,\"2\":2,\"3\":[627,893,893,893]}","{\"0\":null,\"1\":893,\"2\":3,\"3\":[627,893,893,893]}","{\"0\":{\"1.74224326329751e+307\":1.1507608899554814e+308,\":t\":\"i\",\"1.1989897650610793e+308\":3.0079556690173546e+307,\"-\":8.861637867798687e+307,\"6.301483310138156e+307\":100},\"1\":627,\"2\":0,\"3\":[627,893,893,893]}","{\"0\":\"[object Object]6270627,893,893,893\",\"1\":893,\"2\":1,\"3\":[627,893,893,893]}","{\"0\":\"[object Object]6270627,893,893,8938931627,893,893,893\",\"1\":893,\"2\":2,\"3\":[627,893,893,893]}","{\"0\":\"[object Object]6270627,893,893,8938931627,893,893,8938932627,893,893,893\",\"1\":893,\"2\":3,\"3\":[627,893,893,893]}"]}