{"baseObjects":["[969,1.7976931348623157e+308,-100,49,595,213,213]","[969,1.7976931348623157e+308,-100,49,595,213,213]","[969,1.7976931348623157e+308,-100,49,595,213,213]","[969,1.7976931348623157e+308,-100,49,595,213,213,null,null]"],"returnObjects":["\"Error\"","null","null","null"],"callbackArgs":["{\"0\":{\"\":59,\"awp\":\",\",\"4.3290534419582836e+307\":\"\",\"-<\":\"e\",\"2.339312815922433e+307\":242,\"lr\":\"\"},\"1\":969,\"2\":0,\"3\":[969,1.7976931348623157e+308,-100,49,595,213,213]}","{\"0\":null,\"1\":1.7976931348623157e+308,\"2\":1,\"3\":[969,1.7976931348623157e+308,-100,49,595,213,213]}","{\"0\":null,\"1\":-100,\"2\":2,\"3\":[969,1.7976931348623157e+308,-100,49,595,213,213]}","{\"0\":null,\"1\":49,\"2\":3,\"3\":[969,1.7976931348623157e+308,-100,49,595,213,213]}","{\"0\":null,\"1\":595,\"2\":4,\"3\":[969,1.7976931348623157e+308,-100,49,595,213,213]}","{\"0\":null,\"1\":213,\"2\":5,\"3\":[969,1.7976931348623157e+308,-100,49,595,213,213]}","{\"0\":null,\"1\":213,\"2\":6,\"3\":[969,1.7976931348623157e+308,-100,49,595,213,213]}","{\"0\":969,\"1\":1.7976931348623157e+308,\"2\":1,\"3\":[969,1.7976931348623157e+308,-100,49,595,213,213]}","{\"0\":null,\"1\":-100,\"2\":2,\"3\":[969,1.7976931348623157e+308,-100,49,595,213,213]}","{\"0\":null,\"1\":49,\"2\":3,\"3\":[969,1.7976931348623157e+308,-100,49,595,213,213]}","{\"0\":null,\"1\":595,\"2\":4,\"3\":[969,1.7976931348623157e+308,-100,49,595,213,213]}","{\"0\":null,\"1\":213,\"2\":5,\"3\":[969,1.7976931348623157e+308,-100,49,595,213,213]}","{\"0\":null,\"1\":213,\"2\":6,\"3\":[969,1.7976931348623157e+308,-100,49,595,213,213]}","{\"0\":null,\"1\":969,\"2\":0,\"3\":[969,1.7976931348623157e+308,-100,49,595,213,213]}","{\"0\":null,\"1\":1.7976931348623157e+308,\"2\":1,\"3\":[969,1.7976931348623157e+308,-100,49,595,213,213,null,null]}","{\"0\":null,\"1\":-100,\"2\":2,\"3\":[969,1.7976931348623157e+308,-100,49,595,213,213,null,null]}","{\"0\":null,\"1\":49,\"2\":3,\"3\":[969,1.7976931348623157e+308,-100,49,595,213,213,null,null]}","{\"0\":null,\"1\":595,\"2\":4,\"3\":[969,1.7976931348623157e+308,-100,49,595,213,213,null,null]}","{\"0\":null,\"1\":213,\"2\":5,\"3\":[969,1.7976931348623157e+308,-100,49,595,213,213,null,null]}","{\"0\":null,\"1\":213,\"2\":6,\"3\":[969,1.7976931348623157e+308,-100,49,595,213,213,null,null]}"]}