{"baseObjects":["[-100,893,100,403,460]","[-100,893,100,403,460]","[-100,893,100,403,460]","[-100,893,100,403,460]"],"returnObjects":["null","\"Error\"","null","\"Error\""],"callbackArgs":["{\"0\":{\"0\":823,\"126\":\"\",\"_\":\"k\",\"2.6030421066314186e+306\":6.118953302131254e+307,\"5.158106383729124e+307\":1.75900587061816e+308,\"2.1210138093361256e+307\":\"LG\",\"\":\"%y\"},\"1\":-100,\"2\":0,\"3\":[-100,893,100,403,460]}","{\"0\":null,\"1\":893,\"2\":1,\"3\":[-100,893,100,403,460]}","{\"0\":null,\"1\":100,\"2\":2,\"3\":[-100,893,100,403,460]}","{\"0\":null,\"1\":403,\"2\":3,\"3\":[-100,893,100,403,460]}","{\"0\":null,\"1\":460,\"2\":4,\"3\":[-100,893,100,403,460]}","{\"0\":-100,\"1\":893,\"2\":1,\"3\":[-100,893,100,403,460]}","{\"0\":null,\"1\":100,\"2\":2,\"3\":[-100,893,100,403,460]}","{\"0\":null,\"1\":403,\"2\":3,\"3\":[-100,893,100,403,460]}","{\"0\":null,\"1\":460,\"2\":4,\"3\":[-100,893,100,403,460]}"]}