{"baseObjects":["[157,5e-324,-1]","[157,5e-324,-1]","[157,5e-324,-1]","[\"6\",\"+\",\"I\",\"+\",\"@\",\"[s\",\"Aj\",\"M\",\"@\"]"],"returnObjects":["\"NaN157,5e-324,-1\"","\"Error\"","\"Error\"","null"],"callbackArgs":["{\"0\":157,\"1\":5e-324,\"2\":1,\"3\":[157,5e-324,-1]}","{\"0\":\"7.76e-322157,5e-324,-1\",\"1\":-1,\"2\":2,\"3\":[157,5e-324,-1]}","{\"1\":157,\"2\":0,\"3\":[157,5e-324,-1]}","{\"0\":1.495205747181107e+308,\"1\":157,\"2\":0,\"3\":[157,5e-324,-1]}","{\"0\":null,\"1\":5e-324,\"2\":1,\"3\":[157,5e-324,[1.7976931348623157e+308]]}","{\"0\":null,\"1\":[1.7976931348623157e+308],\"2\":2,\"3\":[157,5e-324,[1.7976931348623157e+308]]}"]}