{"baseObjects":["[25,242,157,1.7976931348623157e+308,823,242,783]","[25,242,157,1.7976931348623157e+308,823,242,783]","[25,242,157,1.7976931348623157e+308,823,242,[\"y\",\"4\",\"Yw\",\"tik\",\"l!*z\",\"mt\",\"Q\",\"Sa\"]]","[25,242,157,1.7976931348623157e+308,\"\",242,783]"],"returnObjects":["null","null","null","null"],"callbackArgs":["{\"0\":false,\"1\":25,\"2\":0,\"3\":[25,242,157,1.7976931348623157e+308,823,242,783]}","{\"0\":null,\"1\":242,\"2\":1,\"3\":[25,242,157,1.7976931348623157e+308,823,242,783]}","{\"0\":null,\"1\":157,\"2\":2,\"3\":[25,242,157,1.7976931348623157e+308,823,242,783]}","{\"0\":null,\"1\":1.7976931348623157e+308,\"2\":3,\"3\":[25,242,157,1.7976931348623157e+308,823,242,783]}","{\"0\":null,\"1\":823,\"2\":4,\"3\":[25,242,157,1.7976931348623157e+308,823,242,783]}","{\"0\":null,\"1\":242,\"2\":5,\"3\":[25,242,157,1.7976931348623157e+308,823,242,783]}","{\"0\":null,\"1\":783,\"2\":6,\"3\":[25,242,157,1.7976931348623157e+308,823,242,783]}","{\"0\":false,\"1\":25,\"2\":0,\"3\":[25,242,157,1.7976931348623157e+308,823,242,783]}","{\"0\":null,\"1\":242,\"2\":1,\"3\":[25,242,157,1.7976931348623157e+308,823,242,783]}","{\"0\":null,\"1\":157,\"2\":2,\"3\":[25,242,157,1.7976931348623157e+308,823,242,783]}","{\"0\":null,\"1\":1.7976931348623157e+308,\"2\":3,\"3\":[25,242,157,1.7976931348623157e+308,823,242,783]}","{\"0\":null,\"1\":823,\"2\":4,\"3\":[25,242,157,1.7976931348623157e+308,823,242,783]}","{\"0\":null,\"1\":242,\"2\":5,\"3\":[25,242,157,1.7976931348623157e+308,823,242,783]}","{\"0\":null,\"1\":783,\"2\":6,\"3\":[25,242,157,1.7976931348623157e+308,823,242,783]}","{\"0\":[705],\"1\":25,\"2\":0,\"3\":[25,242,157,1.7976931348623157e+308,823,242,783]}","{\"0\":null,\"1\":242,\"2\":1,\"3\":[25,242,157,1.7976931348623157e+308,823,242,[\"y\",\"4\",\"Yw\",\"tik\",\"l!*z\",\"mt\",\"Q\",\"Sa\"]]}","{\"0\":null,\"1\":157,\"2\":2,\"3\":[25,242,157,1.7976931348623157e+308,823,242,[\"y\",\"4\",\"Yw\",\"tik\",\"l!*z\",\"mt\",\"Q\",\"Sa\"]]}","{\"0\":null,\"1\":1.7976931348623157e+308,\"2\":3,\"3\":[25,242,157,1.7976931348623157e+308,823,242,[\"y\",\"4\",\"Yw\",\"tik\",\"l!*z\",\"mt\",\"Q\",\"Sa\"]]}","{\"0\":null,\"1\":823,\"2\":4,\"3\":[25,242,157,1.7976931348623157e+308,823,242,[\"y\",\"4\",\"Yw\",\"tik\",\"l!*z\",\"mt\",\"Q\",\"Sa\"]]}","{\"0\":null,\"1\":242,\"2\":5,\"3\":[25,242,157,1.7976931348623157e+308,823,242,[\"y\",\"4\",\"Yw\",\"tik\",\"l!*z\",\"mt\",\"Q\",\"Sa\"]]}","{\"0\":null,\"1\":[\"y\",\"4\",\"Yw\",\"tik\",\"l!*z\",\"mt\",\"Q\",\"Sa\"],\"2\":6,\"3\":[25,242,157,1.7976931348623157e+308,823,242,[\"y\",\"4\",\"Yw\",\"tik\",\"l!*z\",\"mt\",\"Q\",\"Sa\"]]}","{\"0\":false,\"1\":25,\"2\":0,\"3\":[25,242,157,1.7976931348623157e+308,823,242,783]}","{\"0\":null,\"1\":242,\"2\":1,\"3\":[25,242,157,1.7976931348623157e+308,\"\",242,783]}","{\"0\":null,\"1\":157,\"2\":2,\"3\":[25,242,157,1.7976931348623157e+308,\"\",242,783]}","{\"0\":null,\"1\":1.7976931348623157e+308,\"2\":3,\"3\":[25,242,157,1.7976931348623157e+308,\"\",242,783]}","{\"0\":null,\"1\":\"\",\"2\":4,\"3\":[25,242,157,1.7976931348623157e+308,\"\",242,783]}","{\"0\":null,\"1\":242,\"2\":5,\"3\":[25,242,157,1.7976931348623157e+308,\"\",242,783]}","{\"0\":null,\"1\":783,\"2\":6,\"3\":[25,242,157,1.7976931348623157e+308,\"\",242,783]}"]}