{"baseObjects":["[843,705,1.7976931348623157e+308,823]","[843,705,1.7976931348623157e+308,823]","[843,705,1.7976931348623157e+308,823]","[843,705,1.7976931348623157e+308,823]"],"returnObjects":["\"Error\"","null","\"Error\"","\"Error\""],"callbackArgs":["{\"0\":{\"59\":3.3261606794509395e+307,\"82\":\"Z%im\",\"213\":893,\"5.109450816993741e+307\":\"a\",\"9Z:\":82},\"1\":843,\"2\":0,\"3\":[843,705,1.7976931348623157e+308,823]}","{\"0\":null,\"1\":705,\"2\":1,\"3\":[843,705,1.7976931348623157e+308,823]}","{\"0\":null,\"1\":1.7976931348623157e+308,\"2\":2,\"3\":[843,705,1.7976931348623157e+308,823]}","{\"0\":null,\"1\":823,\"2\":3,\"3\":[843,705,1.7976931348623157e+308,823]}"]}