{"baseObjects":["\"\"","[\"Z?ML\",25,\"b?\",714,\"d\",460,969,null,{\"25\":\"\",\"100\":\"\",\"595\":25,\"1.8907871882979918e+307\":25,\"\":\"66\",\"7.599179652518467e+307\":403,\"1.2840008892422456e+308\":1.426061396655673e+308,\"Pi\":1.5389120886538473e+307,\"1.3516559457931316e+308\":213,\"1.082664608536885e+308\":100}]","\"NaNZ?ML,25,b?,1.7976931348623157e+308,d,460,969\"","\"NaNZ?ML,25,b?,1.7976931348623157e+308,d,460,969\""],"returnObjects":["\"NaNZ?ML,25,b?,1.7976931348623157e+308,d,460,969\"","\"trueZ?MLNaN25NaNb?NaN714NaNdNaN460NaN969NaN\"","\"Error\"","\"Error\""],"callbackArgs":["{\"0\":242,\"1\":\"Z?ML\",\"2\":0,\"3\":[\"Z?ML\",25,\"b?\",1.7976931348623157e+308,\"d\",460,969]}","{\"0\":\"NaNZ?ML,25,b?,1.7976931348623157e+308,d,460,969\",\"1\":25,\"2\":1,\"3\":[\"Z?ML\",25,\"b?\",1.7976931348623157e+308,\"d\",460,969]}","{\"0\":\"NaNZ?ML,25,b?,1.7976931348623157e+308,d,460,969\",\"1\":\"b?\",\"2\":2,\"3\":[\"Z?ML\",25,\"b?\",1.7976931348623157e+308,\"d\",460,969]}","{\"0\":\"NaNZ?ML,25,b?,1.7976931348623157e+308,d,460,969\",\"1\":1.7976931348623157e+308,\"2\":3,\"3\":[\"Z?ML\",25,\"b?\",1.7976931348623157e+308,\"d\",460,969]}","{\"0\":\"NaNZ?ML,25,b?,1.7976931348623157e+308,d,460,969\",\"1\":\"d\",\"2\":4,\"3\":[\"Z?ML\",25,\"b?\",1.7976931348623157e+308,\"d\",460,969]}","{\"0\":\"NaNZ?ML,25,b?,1.7976931348623157e+308,d,460,969\",\"1\":460,\"2\":5,\"3\":[\"Z?ML\",25,\"b?\",1.7976931348623157e+308,\"d\",460,969]}","{\"0\":\"NaNZ?ML,25,b?,1.7976931348623157e+308,d,460,969\",\"1\":969,\"2\":6,\"3\":[\"Z?ML\",25,\"b?\",1.7976931348623157e+308,\"d\",460,969]}","{\"0\":true,\"1\":\"Z?ML\",\"2\":0,\"3\":[\"Z?ML\",25,\"b?\",1.7976931348623157e+308,\"d\",460,969]}","{\"0\":\"trueZ?MLNaN\",\"1\":25,\"2\":1,\"3\":[\"Z?ML\",25,\"b?\",714,\"d\",460,969,null,{\"25\":\"\",\"100\":\"\",\"595\":25,\"1.8907871882979918e+307\":25,\"\":\"66\",\"7.599179652518467e+307\":403,\"1.2840008892422456e+308\":1.426061396655673e+308,\"Pi\":1.5389120886538473e+307,\"1.3516559457931316e+308\":213,\"1.082664608536885e+308\":100}]}","{\"0\":\"trueZ?MLNaN25NaN\",\"1\":\"b?\",\"2\":2,\"3\":[\"Z?ML\",25,\"b?\",714,\"d\",460,969,null,{\"25\":\"\",\"100\":\"\",\"595\":25,\"1.8907871882979918e+307\":25,\"\":\"66\",\"7.599179652518467e+307\":403,\"1.2840008892422456e+308\":1.426061396655673e+308,\"Pi\":1.5389120886538473e+307,\"1.3516559457931316e+308\":213,\"1.082664608536885e+308\":100}]}","{\"0\":\"trueZ?MLNaN25NaNb?NaN\",\"1\":714,\"2\":3,\"3\":[\"Z?ML\",25,\"b?\",714,\"d\",460,969,null,{\"25\":\"\",\"100\":\"\",\"595\":25,\"1.8907871882979918e+307\":25,\"\":\"66\",\"7.599179652518467e+307\":403,\"1.2840008892422456e+308\":1.426061396655673e+308,\"Pi\":1.5389120886538473e+307,\"1.3516559457931316e+308\":213,\"1.082664608536885e+308\":100}]}","{\"0\":\"trueZ?MLNaN25NaNb?NaN714NaN\",\"1\":\"d\",\"2\":4,\"3\":[\"Z?ML\",25,\"b?\",714,\"d\",460,969,null,{\"25\":\"\",\"100\":\"\",\"595\":25,\"1.8907871882979918e+307\":25,\"\":\"66\",\"7.599179652518467e+307\":403,\"1.2840008892422456e+308\":1.426061396655673e+308,\"Pi\":1.5389120886538473e+307,\"1.3516559457931316e+308\":213,\"1.082664608536885e+308\":100}]}","{\"0\":\"trueZ?MLNaN25NaNb?NaN714NaNdNaN\",\"1\":460,\"2\":5,\"3\":[\"Z?ML\",25,\"b?\",714,\"d\",460,969,null,{\"25\":\"\",\"100\":\"\",\"595\":25,\"1.8907871882979918e+307\":25,\"\":\"66\",\"7.599179652518467e+307\":403,\"1.2840008892422456e+308\":1.426061396655673e+308,\"Pi\":1.5389120886538473e+307,\"1.3516559457931316e+308\":213,\"1.082664608536885e+308\":100}]}","{\"0\":\"trueZ?MLNaN25NaNb?NaN714NaNdNaN460NaN\",\"1\":969,\"2\":6,\"3\":[\"Z?ML\",25,\"b?\",714,\"d\",460,969,null,{\"25\":\"\",\"100\":\"\",\"595\":25,\"1.8907871882979918e+307\":25,\"\":\"66\",\"7.599179652518467e+307\":403,\"1.2840008892422456e+308\":1.426061396655673e+308,\"Pi\":1.5389120886538473e+307,\"1.3516559457931316e+308\":213,\"1.082664608536885e+308\":100}]}"]}