{"baseObjects":["[714,122,213,893,25,607]","[714,122,213,893,25,607]","[714,122,213,893,25,607,1.504604633428289e+308]","[714,122,213,893,25,607]"],"returnObjects":["null","null","null","null"],"callbackArgs":["{\"0\":714,\"1\":122,\"2\":1,\"3\":[714,122,213,893,25,607]}","{\"0\":null,\"1\":213,\"2\":2,\"3\":[714,122,213,893,25,607]}","{\"0\":null,\"1\":893,\"2\":3,\"3\":[714,122,213,893,25,607]}","{\"0\":null,\"1\":25,\"2\":4,\"3\":[714,122,213,893,25,607]}","{\"0\":null,\"1\":607,\"2\":5,\"3\":[714,122,213,893,25,607]}","{\"0\":714,\"1\":122,\"2\":1,\"3\":[714,122,213,893,25,607]}","{\"0\":null,\"1\":213,\"2\":2,\"3\":[714,122,213,893,25,607]}","{\"0\":null,\"1\":893,\"2\":3,\"3\":[714,122,213,893,25,607]}","{\"0\":null,\"1\":25,\"2\":4,\"3\":[714,122,213,893,25,607]}","{\"0\":null,\"1\":607,\"2\":5,\"3\":[714,122,213,893,25,607]}","{\"0\":714,\"1\":122,\"2\":1,\"3\":[714,122,213,893,25,607]}","{\"0\":null,\"1\":213,\"2\":2,\"3\":[714,122,213,893,25,607,1.504604633428289e+308]}","{\"0\":null,\"1\":893,\"2\":3,\"3\":[714,122,213,893,25,607,1.504604633428289e+308]}","{\"0\":null,\"1\":25,\"2\":4,\"3\":[714,122,213,893,25,607,1.504604633428289e+308]}","{\"0\":null,\"1\":607,\"2\":5,\"3\":[714,122,213,893,25,607,1.504604633428289e+308]}","{\"0\":\"\",\"1\":714,\"2\":0,\"3\":[714,122,213,893,25,607]}","{\"0\":null,\"1\":122,\"2\":1,\"3\":[714,122,213,893,25,607]}","{\"0\":null,\"1\":213,\"2\":2,\"3\":[714,122,213,893,25,607]}","{\"0\":null,\"1\":893,\"2\":3,\"3\":[714,122,213,893,25,607]}","{\"0\":null,\"1\":25,\"2\":4,\"3\":[714,122,213,893,25,607]}","{\"0\":null,\"1\":607,\"2\":5,\"3\":[714,122,213,893,25,607]}"]}