{"baseObjects":["[595,\"[\"]","[893,1.7976931348623157e+308,\"\",82,5e-324,618,705,655,1.7976931348623157e+308,714]","[893,1.7976931348623157e+308,49,82,5e-324,618,705,655,1.7976931348623157e+308,714]","[893,\"\",49,82,5e-324,618,705,655,1.7976931348623157e+308,714]"],"returnObjects":["null","\"NaN893,1.7976931348623157e+308,,82,5e-324,618,705,655,1.7976931348623157e+308,714\"","\"Error\"","\"Error\""],"callbackArgs":["{\"0\":null,\"1\":893,\"2\":0,\"3\":[893,1.7976931348623157e+308,49,82,5e-324,618,705,655,1.7976931348623157e+308,714]}","{\"0\":null,\"1\":1.7976931348623157e+308,\"2\":1,\"3\":[893,1.7976931348623157e+308,49,82,5e-324,618,705,655,1.7976931348623157e+308,714]}","{\"0\":null,\"1\":49,\"2\":2,\"3\":[893,1.7976931348623157e+308,49,82,5e-324,618,705,655,1.7976931348623157e+308,714]}","{\"0\":null,\"1\":82,\"2\":3,\"3\":[893,1.7976931348623157e+308,49,82,5e-324,618,705,655,1.7976931348623157e+308,714]}","{\"0\":null,\"1\":5e-324,\"2\":4,\"3\":[893,1.7976931348623157e+308,49,82,5e-324,618,705,655,1.7976931348623157e+308,714]}","{\"0\":null,\"1\":618,\"2\":5,\"3\":[893,1.7976931348623157e+308,49,82,5e-324,618,705,655,1.7976931348623157e+308,714]}","{\"0\":null,\"1\":705,\"2\":6,\"3\":[893,1.7976931348623157e+308,49,82,5e-324,618,705,655,1.7976931348623157e+308,714]}","{\"0\":null,\"1\":655,\"2\":7,\"3\":[893,1.7976931348623157e+308,49,82,5e-324,618,705,655,1.7976931348623157e+308,714]}","{\"0\":null,\"1\":1.7976931348623157e+308,\"2\":8,\"3\":[893,1.7976931348623157e+308,49,82,5e-324,618,705,655,1.7976931348623157e+308,714]}","{\"0\":null,\"1\":714,\"2\":9,\"3\":[893,1.7976931348623157e+308,49,82,5e-324,618,705,655,1.7976931348623157e+308,714]}","{\"0\":{\"403\":\"\",\"783\":1.059191606247794e+308,\"\":\"{xE'UH2eIi\",\"rrz\":\"A{\",\"1.1698548965822881e+308\":\"G\"},\"1\":893,\"2\":0,\"3\":[893,1.7976931348623157e+308,49,82,5e-324,618,705,655,1.7976931348623157e+308,714]}","{\"0\":\"NaN893,1.7976931348623157e+308,,82,5e-324,618,705,655,1.7976931348623157e+308,714\",\"1\":1.7976931348623157e+308,\"2\":1,\"3\":[893,1.7976931348623157e+308,\"\",82,5e-324,618,705,655,1.7976931348623157e+308,714]}","{\"0\":\"NaN893,1.7976931348623157e+308,,82,5e-324,618,705,655,1.7976931348623157e+308,714\",\"1\":\"\",\"2\":2,\"3\":[893,1.7976931348623157e+308,\"\",82,5e-324,618,705,655,1.7976931348623157e+308,714]}","{\"0\":\"NaN893,1.7976931348623157e+308,,82,5e-324,618,705,655,1.7976931348623157e+308,714\",\"1\":82,\"2\":3,\"3\":[893,1.7976931348623157e+308,\"\",82,5e-324,618,705,655,1.7976931348623157e+308,714]}","{\"0\":\"NaN893,1.7976931348623157e+308,,82,5e-324,618,705,655,1.7976931348623157e+308,714\",\"1\":5e-324,\"2\":4,\"3\":[893,1.7976931348623157e+308,\"\",82,5e-324,618,705,655,1.7976931348623157e+308,714]}","{\"0\":\"NaN893,1.7976931348623157e+308,,82,5e-324,618,705,655,1.7976931348623157e+308,714\",\"1\":618,\"2\":5,\"3\":[893,1.7976931348623157e+308,\"\",82,5e-324,618,705,655,1.7976931348623157e+308,714]}","{\"0\":\"NaN893,1.7976931348623157e+308,,82,5e-324,618,705,655,1.7976931348623157e+308,714\",\"1\":705,\"2\":6,\"3\":[893,1.7976931348623157e+308,\"\",82,5e-324,618,705,655,1.7976931348623157e+308,714]}","{\"0\":\"NaN893,1.7976931348623157e+308,,82,5e-324,618,705,655,1.7976931348623157e+308,714\",\"1\":655,\"2\":7,\"3\":[893,1.7976931348623157e+308,\"\",82,5e-324,618,705,655,1.7976931348623157e+308,714]}","{\"0\":\"NaN893,1.7976931348623157e+308,,82,5e-324,618,705,655,1.7976931348623157e+308,714\",\"1\":1.7976931348623157e+308,\"2\":8,\"3\":[893,1.7976931348623157e+308,\"\",82,5e-324,618,705,655,1.7976931348623157e+308,714]}","{\"0\":\"NaN893,1.7976931348623157e+308,,82,5e-324,618,705,655,1.7976931348623157e+308,714\",\"1\":714,\"2\":9,\"3\":[893,1.7976931348623157e+308,\"\",82,5e-324,618,705,655,1.7976931348623157e+308,714]}","{\"0\":893,\"1\":1.7976931348623157e+308,\"2\":1,\"3\":[893,1.7976931348623157e+308,49,82,5e-324,618,705,655,1.7976931348623157e+308,714]}"]}