{"baseObjects":["[100,893,783,1.7976931348623157e+308,242,893,893,595,0]","[100,893,783,1.7976931348623157e+308,242,893,893,595,0]","[100,893,783,1.7976931348623157e+308,242,893,893,595,0]","[100,893,783,1.7976931348623157e+308,242,893,893,595,0]"],"returnObjects":["\"NaN100,893,783,1.7976931348623157e+308,242,893,893,595,0\"","\"[object Object]Infinity100,893,783,1.7976931348623157e+308,242,893,893,595,0893100,893,783,1.7976931348623157e+308,242,893,893,595,0391.5100,893,783,1.7976931348623157e+308,242,893,893,595,05.992310449541053e+307100,893,783,1.7976931348623157e+308,242,893,893,595,060.5100,893,783,1.7976931348623157e+308,242,893,893,595,0178.6100,893,783,1.7976931348623157e+308,242,893,893,595,0148.83333333333334100,893,783,1.7976931348623157e+308,242,893,893,595,085100,893,783,1.7976931348623157e+308,242,893,893,595,00100,893,783,1.7976931348623157e+308,242,893,893,595,0\"","\"125100,893,783,1.7976931348623157e+308,242,893,893,595,08931100,893,783,1.7976931348623157e+308,242,893,893,595,07832100,893,783,1.7976931348623157e+308,242,893,893,595,01.7976931348623157e+3083100,893,783,1.7976931348623157e+308,242,893,893,595,02424100,893,783,1.7976931348623157e+308,242,893,893,595,08935100,893,783,1.7976931348623157e+308,242,893,893,595,08936100,893,783,1.7976931348623157e+308,242,893,893,595,05957100,893,783,1.7976931348623157e+308,242,893,893,595,008100,893,783,1.7976931348623157e+308,242,893,893,595,0\"","\"NaN100,893,783,1.7976931348623157e+308,242,893,893,595,0\""],"callbackArgs":["{\"0\":{\"403\":\"8\",\"618\":8.916998022705502e+307,\"f*s-g\":\"YwE\",\"\":\"\"},\"1\":100,\"2\":0,\"3\":[100,893,783,1.7976931348623157e+308,242,893,893,595,0]}","{\"0\":\"NaN100,893,783,1.7976931348623157e+308,242,893,893,595,0\",\"1\":893,\"2\":1,\"3\":[100,893,783,1.7976931348623157e+308,242,893,893,595,0]}","{\"0\":\"NaN100,893,783,1.7976931348623157e+308,242,893,893,595,0\",\"1\":783,\"2\":2,\"3\":[100,893,783,1.7976931348623157e+308,242,893,893,595,0]}","{\"0\":\"NaN100,893,783,1.7976931348623157e+308,242,893,893,595,0\",\"1\":1.7976931348623157e+308,\"2\":3,\"3\":[100,893,783,1.7976931348623157e+308,242,893,893,595,0]}","{\"0\":\"NaN100,893,783,1.7976931348623157e+308,242,893,893,595,0\",\"1\":242,\"2\":4,\"3\":[100,893,783,1.7976931348623157e+308,242,893,893,595,0]}","{\"0\":\"NaN100,893,783,1.7976931348623157e+308,242,893,893,595,0\",\"1\":893,\"2\":5,\"3\":[100,893,783,1.7976931348623157e+308,242,893,893,595,0]}","{\"0\":\"NaN100,893,783,1.7976931348623157e+308,242,893,893,595,0\",\"1\":893,\"2\":6,\"3\":[100,893,783,1.7976931348623157e+308,242,893,893,595,0]}","{\"0\":\"NaN100,893,783,1.7976931348623157e+308,242,893,893,595,0\",\"1\":595,\"2\":7,\"3\":[100,893,783,1.7976931348623157e+308,242,893,893,595,0]}","{\"0\":\"NaN100,893,783,1.7976931348623157e+308,242,893,893,595,0\",\"1\":0,\"2\":8,\"3\":[100,893,783,1.7976931348623157e+308,242,893,893,595,0]}","{\"0\":{\"627\":\"\",\"U&\":823,\"Smy;\":\"\"},\"1\":100,\"2\":0,\"3\":[100,893,783,1.7976931348623157e+308,242,893,893,595,0]}","{\"0\":\"[object Object]Infinity100,893,783,1.7976931348623157e+308,242,893,893,595,0\",\"1\":893,\"2\":1,\"3\":[100,893,783,1.7976931348623157e+308,242,893,893,595,0]}","{\"0\":\"[object Object]Infinity100,893,783,1.7976931348623157e+308,242,893,893,595,0893100,893,783,1.7976931348623157e+308,242,893,893,595,0\",\"1\":783,\"2\":2,\"3\":[100,893,783,1.7976931348623157e+308,242,893,893,595,0]}","{\"0\":\"[object Object]Infinity100,893,783,1.7976931348623157e+308,242,893,893,595,0893100,893,783,1.7976931348623157e+308,242,893,893,595,0391.5100,893,783,1.7976931348623157e+308,242,893,893,595,0\",\"1\":1.7976931348623157e+308,\"2\":3,\"3\":[100,893,783,1.7976931348623157e+308,242,893,893,595,0]}","{\"0\":\"[object Object]Infinity100,893,783,1.7976931348623157e+308,242,893,893,595,0893100,893,783,1.7976931348623157e+308,242,893,893,595,0391.5100,893,783,1.7976931348623157e+308,242,893,893,595,05.992310449541053e+307100,893,783,1.7976931348623157e+308,242,893,893,595,0\",\"1\":242,\"2\":4,\"3\":[100,893,783,1.7976931348623157e+308,242,893,893,595,0]}","{\"0\":\"[object Object]Infinity100,893,783,1.7976931348623157e+308,242,893,893,595,0893100,893,783,1.7976931348623157e+308,242,893,893,595,0391.5100,893,783,1.7976931348623157e+308,242,893,893,595,05.992310449541053e+307100,893,783,1.7976931348623157e+308,242,893,893,595,060.5100,893,783,1.7976931348623157e+308,242,893,893,595,0\",\"1\":893,\"2\":5,\"3\":[100,893,783,1.7976931348623157e+308,242,893,893,595,0]}","{\"0\":\"[object Object]Infinity100,893,783,1.7976931348623157e+308,242,893,893,595,0893100,893,783,1.7976931348623157e+308,242,893,893,595,0391.5100,893,783,1.7976931348623157e+308,242,893,893,595,05.992310449541053e+307100,893,783,1.7976931348623157e+308,242,893,893,595,060.5100,893,783,1.7976931348623157e+308,242,893,893,595,0178.6100,893,783,1.7976931348623157e+308,242,893,893,595,0\",\"1\":893,\"2\":6,\"3\":[100,893,783,1.7976931348623157e+308,242,893,893,595,0]}","{\"0\":\"[object Object]Infinity100,893,783,1.7976931348623157e+308,242,893,893,595,0893100,893,783,1.7976931348623157e+308,242,893,893,595,0391.5100,893,783,1.7976931348623157e+308,242,893,893,595,05.992310449541053e+307100,893,783,1.7976931348623157e+308,242,893,893,595,060.5100,893,783,1.7976931348623157e+308,242,893,893,595,0178.6100,893,783,1.7976931348623157e+308,242,893,893,595,0148.83333333333334100,893,783,1.7976931348623157e+308,242,893,893,595,0\",\"1\":595,\"2\":7,\"3\":[100,893,783,1.7976931348623157e+308,242,893,893,595,0]}","{\"0\":\"[object Object]Infinity100,893,783,1.7976931348623157e+308,242,893,893,595,0893100,893,783,1.7976931348623157e+308,242,893,893,595,0391.5100,893,783,1.7976931348623157e+308,242,893,893,595,05.992310449541053e+307100,893,783,1.7976931348623157e+308,242,893,893,595,060.5100,893,783,1.7976931348623157e+308,242,893,893,595,0178.6100,893,783,1.7976931348623157e+308,242,893,893,595,0148.83333333333334100,893,783,1.7976931348623157e+308,242,893,893,595,085100,893,783,1.7976931348623157e+308,242,893,893,595,0\",\"1\":0,\"2\":8,\"3\":[100,893,783,1.7976931348623157e+308,242,893,893,595,0]}","{\"0\":25,\"1\":100,\"2\":0,\"3\":[100,893,783,1.7976931348623157e+308,242,893,893,595,0]}","{\"0\":\"125100,893,783,1.7976931348623157e+308,242,893,893,595,0\",\"1\":893,\"2\":1,\"3\":[100,893,783,1.7976931348623157e+308,242,893,893,595,0]}","{\"0\":\"125100,893,783,1.7976931348623157e+308,242,893,893,595,08931100,893,783,1.7976931348623157e+308,242,893,893,595,0\",\"1\":783,\"2\":2,\"3\":[100,893,783,1.7976931348623157e+308,242,893,893,595,0]}","{\"0\":\"125100,893,783,1.7976931348623157e+308,242,893,893,595,08931100,893,783,1.7976931348623157e+308,242,893,893,595,07832100,893,783,1.7976931348623157e+308,242,893,893,595,0\",\"1\":1.7976931348623157e+308,\"2\":3,\"3\":[100,893,783,1.7976931348623157e+308,242,893,893,595,0]}","{\"0\":\"125100,893,783,1.7976931348623157e+308,242,893,893,595,08931100,893,783,1.7976931348623157e+308,242,893,893,595,07832100,893,783,1.7976931348623157e+308,242,893,893,595,01.7976931348623157e+3083100,893,783,1.7976931348623157e+308,242,893,893,595,0\",\"1\":242,\"2\":4,\"3\":[100,893,783,1.7976931348623157e+308,242,893,893,595,0]}","{\"0\":\"125100,893,783,1.7976931348623157e+308,242,893,893,595,08931100,893,783,1.7976931348623157e+308,242,893,893,595,07832100,893,783,1.7976931348623157e+308,242,893,893,595,01.7976931348623157e+3083100,893,783,1.7976931348623157e+308,242,893,893,595,02424100,893,783,1.7976931348623157e+308,242,893,893,595,0\",\"1\":893,\"2\":5,\"3\":[100,893,783,1.7976931348623157e+308,242,893,893,595,0]}","{\"0\":\"125100,893,783,1.7976931348623157e+308,242,893,893,595,08931100,893,783,1.7976931348623157e+308,242,893,893,595,07832100,893,783,1.7976931348623157e+308,242,893,893,595,01.7976931348623157e+3083100,893,783,1.7976931348623157e+308,242,893,893,595,02424100,893,783,1.7976931348623157e+308,242,893,893,595,08935100,893,783,1.7976931348623157e+308,242,893,893,595,0\",\"1\":893,