{"baseObjects":["[82,82,157,\"\",607]","[82,82,157,213,607]","[82,82,157,213,607]","[82,82,157,213,607]"],"returnObjects":["\"8282,82,157,,60782182,82,157,,607157282,82,157,,607382,82,157,,607607482,82,157,,607\"","null","\"Error\"","\"Error\""],"callbackArgs":["{\"0\":null,\"1\":82,\"2\":0,\"3\":[82,82,157,213,607]}","{\"0\":\"8282,82,157,,607\",\"1\":82,\"2\":1,\"3\":[82,82,157,\"\",607]}","{\"0\":\"8282,82,157,,60782182,82,157,,607\",\"1\":157,\"2\":2,\"3\":[82,82,157,\"\",607]}","{\"0\":\"8282,82,157,,60782182,82,157,,607157282,82,157,,607\",\"1\":\"\",\"2\":3,\"3\":[82,82,157,\"\",607]}","{\"0\":\"8282,82,157,,60782182,82,157,,607157282,82,157,,607382,82,157,,607\",\"1\":607,\"2\":4,\"3\":[82,82,157,\"\",607]}","{\"0\":82,\"1\":82,\"2\":1,\"3\":[82,82,157,213,607]}","{\"0\":null,\"1\":157,\"2\":2,\"3\":[82,82,157,213,607]}","{\"0\":null,\"1\":213,\"2\":3,\"3\":[82,82,157,213,607]}","{\"0\":null,\"1\":607,\"2\":4,\"3\":[82,82,157,213,607]}","{\"0\":{\"\":8.64790377413761e+307,\"1.2466020054755513e+306\":\"\"},\"1\":82,\"2\":0,\"3\":[82,82,157,213,607]}"]}