{"baseObjects":["[403,213,59,1.7976931348623157e+308,-100,705,100,49,0]","[403,213,59,1.7976931348623157e+308,-100,705,100,49,0]","[403,213,59,1.7976931348623157e+308,-100,705,100,49,0]","[403,213,59,1.7976931348623157e+308,-100,705,\"\",49,null]"],"returnObjects":["null","\"Error\"","\"Error\"","null"],"callbackArgs":["{\"0\":\"\",\"1\":403,\"2\":0,\"3\":[403,213,59,1.7976931348623157e+308,-100,705,100,49,0]}","{\"0\":null,\"1\":213,\"2\":1,\"3\":[403,213,59,1.7976931348623157e+308,-100,705,100,49,0]}","{\"0\":null,\"1\":59,\"2\":2,\"3\":[403,213,59,1.7976931348623157e+308,-100,705,100,49,0]}","{\"0\":null,\"1\":1.7976931348623157e+308,\"2\":3,\"3\":[403,213,59,1.7976931348623157e+308,-100,705,100,49,0]}","{\"0\":null,\"1\":-100,\"2\":4,\"3\":[403,213,59,1.7976931348623157e+308,-100,705,100,49,0]}","{\"0\":null,\"1\":705,\"2\":5,\"3\":[403,213,59,1.7976931348623157e+308,-100,705,100,49,0]}","{\"0\":null,\"1\":100,\"2\":6,\"3\":[403,213,59,1.7976931348623157e+308,-100,705,100,49,0]}","{\"0\":null,\"1\":49,\"2\":7,\"3\":[403,213,59,1.7976931348623157e+308,-100,705,100,49,0]}","{\"0\":null,\"1\":0,\"2\":8,\"3\":[403,213,59,1.7976931348623157e+308,-100,705,100,49,0]}","{\"1\":403,\"2\":0,\"3\":[403,213,59,1.7976931348623157e+308,-100,705,100,49,0]}","{\"0\":\"E\",\"1\":403,\"2\":0,\"3\":[403,213,59,1.7976931348623157e+308,-100,705,100,49,0]}","{\"0\":null,\"1\":213,\"2\":1,\"3\":[403,213,59,1.7976931348623157e+308,-100,705,\"\",49,null]}","{\"0\":null,\"1\":59,\"2\":2,\"3\":[403,213,59,1.7976931348623157e+308,-100,705,\"\",49,null]}","{\"0\":null,\"1\":1.7976931348623157e+308,\"2\":3,\"3\":[403,213,59,1.7976931348623157e+308,-100,705,\"\",49,null]}","{\"0\":null,\"1\":-100,\"2\":4,\"3\":[403,213,59,1.7976931348623157e+308,-100,705,\"\",49,null]}","{\"0\":null,\"1\":705,\"2\":5,\"3\":[403,213,59,1.7976931348623157e+308,-100,705,\"\",49,null]}","{\"0\":null,\"1\":\"\",\"2\":6,\"3\":[403,213,59,1.7976931348623157e+308,-100,705,\"\",49,null]}","{\"0\":null,\"1\":49,\"2\":7,\"3\":[403,213,59,1.7976931348623157e+308,-100,705,\"\",49,null]}","{\"0\":null,\"1\":null,\"2\":8,\"3\":[403,213,59,1.7976931348623157e+308,-100,705,\"\",49,null]}"]}