{"baseObjects":["[122,126,893,607,59,213,893,1.7976931348623157e+308]","[122,126,893,607,59,213,893,1.7976931348623157e+308]","[122,126,893,607,59,213,893,1.7976931348623157e+308]","[122,null,893,607,59,213,893,1.7976931348623157e+308]"],"returnObjects":["\"Error\"","\"Error\"","null","null"],"callbackArgs":["{\"0\":122,\"1\":126,\"2\":1,\"3\":[122,126,893,607,59,213,893,1.7976931348623157e+308]}","{\"0\":null,\"1\":893,\"2\":2,\"3\":[122,126,893,607,59,213,893,1.7976931348623157e+308]}","{\"0\":null,\"1\":607,\"2\":3,\"3\":[122,126,893,607,59,213,893,1.7976931348623157e+308]}","{\"0\":null,\"1\":59,\"2\":4,\"3\":[122,126,893,607,59,213,893,1.7976931348623157e+308]}","{\"0\":null,\"1\":213,\"2\":5,\"3\":[122,126,893,607,59,213,893,1.7976931348623157e+308]}","{\"0\":null,\"1\":893,\"2\":6,\"3\":[122,126,893,607,59,213,893,1.7976931348623157e+308]}","{\"0\":null,\"1\":1.7976931348623157e+308,\"2\":7,\"3\":[122,126,893,607,59,213,893,1.7976931348623157e+308]}","{\"0\":false,\"1\":122,\"2\":0,\"3\":[122,126,893,607,59,213,893,1.7976931348623157e+308]}","{\"0\":null,\"1\":null,\"2\":1,\"3\":[122,null,893,607,59,213,893,1.7976931348623157e+308]}","{\"0\":null,\"1\":893,\"2\":2,\"3\":[122,null,893,607,59,213,893,1.7976931348623157e+308]}","{\"0\":null,\"1\":607,\"2\":3,\"3\":[122,null,893,607,59,213,893,1.7976931348623157e+308]}","{\"0\":null,\"1\":59,\"2\":4,\"3\":[122,null,893,607,59,213,893,1.7976931348623157e+308]}","{\"0\":null,\"1\":213,\"2\":5,\"3\":[122,null,893,607,59,213,893,1.7976931348623157e+308]}","{\"0\":null,\"1\":893,\"2\":6,\"3\":[122,null,893,607,59,213,893,1.7976931348623157e+308]}","{\"0\":null,\"1\":1.7976931348623157e+308,\"2\":7,\"3\":[122,null,893,607,59,213,893,1.7976931348623157e+308]}"]}