{"baseObjects":["[5e-324,1.7976931348623157e+308,403]","[5e-324,1.7976931348623157e+308,403]","[5e-324,1.7976931348623157e+308,403]","[5e-324,1.7976931348623157e+308,403]"],"returnObjects":["\"Error\"","\"Error\"","\"Error\"","null"],"callbackArgs":["{\"0\":[\"q\",\"F\",\"@\",\"oU+\",\"M`\",\"3\"],\"1\":5e-324,\"2\":0,\"3\":[5e-324,1.7976931348623157e+308,403]}","{\"0\":null,\"1\":1.7976931348623157e+308,\"2\":1,\"3\":[5e-324,1.7976931348623157e+308,403]}","{\"0\":null,\"1\":403,\"2\":2,\"3\":[5e-324,1.7976931348623157e+308,403]}"]}