{"baseObjects":["[157,655,1.7976931348623157e+308,618,25,655,823,823]","[157,655,1.7976931348623157e+308,618,25,655,823,823,null,null]","[157,655,1.7976931348623157e+308,618,25,655,823,823]","[157,655,1.7976931348623157e+308,618,25,655,823,823]"],"returnObjects":["\"Error\"","\"NaN157,655,1.7976931348623157e+308,618,25,655,823,823,,\"","null","\"Error\""],"callbackArgs":["{\"0\":157,\"1\":655,\"2\":1,\"3\":[157,655,1.7976931348623157e+308,618,25,655,823,823]}","{\"0\":\"-499157,655,1.7976931348623157e+308,618,25,655,823,823,,\",\"1\":1.7976931348623157e+308,\"2\":2,\"3\":[157,655,1.7976931348623157e+308,618,25,655,823,823,null,null]}","{\"0\":\"NaN157,655,1.7976931348623157e+308,618,25,655,823,823,,\",\"1\":618,\"2\":3,\"3\":[157,655,1.7976931348623157e+308,618,25,655,823,823,null,null]}","{\"0\":\"NaN157,655,1.7976931348623157e+308,618,25,655,823,823,,\",\"1\":25,\"2\":4,\"3\":[157,655,1.7976931348623157e+308,618,25,655,823,823,null,null]}","{\"0\":\"NaN157,655,1.7976931348623157e+308,618,25,655,823,823,,\",\"1\":655,\"2\":5,\"3\":[157,655,1.7976931348623157e+308,618,25,655,823,823,null,null]}","{\"0\":\"NaN157,655,1.7976931348623157e+308,618,25,655,823,823,,\",\"1\":823,\"2\":6,\"3\":[157,655,1.7976931348623157e+308,618,25,655,823,823,null,null]}","{\"0\":\"NaN157,655,1.7976931348623157e+308,618,25,655,823,823,,\",\"1\":823,\"2\":7,\"3\":[157,655,1.7976931348623157e+308,618,25,655,823,823,null,null]}","{\"0\":1.7024853617981759e+308,\"1\":157,\"2\":0,\"3\":[157,655,1.7976931348623157e+308,618,25,655,823,823]}","{\"0\":null,\"1\":655,\"2\":1,\"3\":[157,655,1.7976931348623157e+308,618,25,655,823,823]}","{\"0\":null,\"1\":1.7976931348623157e+308,\"2\":2,\"3\":[157,655,1.7976931348623157e+308,618,25,655,823,823]}","{\"0\":null,\"1\":618,\"2\":3,\"3\":[157,655,1.7976931348623157e+308,618,25,655,823,823]}","{\"0\":null,\"1\":25,\"2\":4,\"3\":[157,655,1.7976931348623157e+308,618,25,655,823,823]}","{\"0\":null,\"1\":655,\"2\":5,\"3\":[157,655,1.7976931348623157e+308,618,25,655,823,823]}","{\"0\":null,\"1\":823,\"2\":6,\"3\":[157,655,1.7976931348623157e+308,618,25,655,823,823]}","{\"0\":null,\"1\":823,\"2\":7,\"3\":[157,655,1.7976931348623157e+308,618,25,655,823,823]}"]}