{"baseObjects":["[783,655,714,618,1.7976931348623157e+308]","[783,655,714,618,1.7976931348623157e+308,null,null]","[783,655,714,618,1.7976931348623157e+308]","[783,655,714,618,1.7976931348623157e+308]"],"returnObjects":["\"Error\"","\"NaN783,655,714,618,1.7976931348623157e+308,,\"","\"Error\"","\"Error\""],"callbackArgs":["{\"0\":783,\"1\":655,\"2\":1,\"3\":[783,655,714,618,1.7976931348623157e+308]}","{\"0\":\"512866783,655,714,618,1.7976931348623157e+308,,\",\"1\":714,\"2\":2,\"3\":[783,655,714,618,1.7976931348623157e+308,null,null]}","{\"0\":\"NaN783,655,714,618,1.7976931348623157e+308,,\",\"1\":618,\"2\":3,\"3\":[783,655,714,618,1.7976931348623157e+308,null,null]}","{\"0\":\"NaN783,655,714,618,1.7976931348623157e+308,,\",\"1\":1.7976931348623157e+308,\"2\":4,\"3\":[783,655,714,618,1.7976931348623157e+308,null,null]}"]}