{"baseObjects":["[607,157,893]","[607,157,893]","[607,157,893]","[607,157,893,{\"705\":\"H6\",\"969\":\"C$\",\"\":\":f\",\"1.1903717808226453e+307\":6.216415049783956e+307,\"E\":\"gW\"}]"],"returnObjects":["\"Error\"","\"Error\"","\"Error\"","null"],"callbackArgs":["{\"0\":607,\"1\":157,\"2\":1,\"3\":[607,157,893]}","{\"0\":607,\"1\":157,\"2\":1,\"3\":[607,157,893]}","{\"0\":null,\"1\":893,\"2\":2,\"3\":[607,157,893,{\"705\":\"H6\",\"969\":\"C$\",\"\":\":f\",\"1.1903717808226453e+307\":6.216415049783956e+307,\"E\":\"gW\"}]}"]}