{"baseObjects":["[893,126,100,8.15959623115481e+307,705]","[893,126,100,403,705]","[893,126,100,403,705]","[893,126,100,403,705,null,null,null,{\"714\":\"\",\"1.0795099474914318e+308\":\"K_N\",\"4.86273452254867e+307\":-100,\"\":2.807890356169022e+307,\"8.890689500689119e+307\":1.1290319456342857e+308,\"2.808850358062499e+307\":\"\",\"1.446934342735146e+308\":893,\"8.857361638082051e+307\":\"\"}]"],"returnObjects":["null","\"Error\"","\"Error\"","null"],"callbackArgs":["{\"0\":893,\"1\":126,\"2\":1,\"3\":[893,126,100,403,705]}","{\"0\":null,\"1\":100,\"2\":2,\"3\":[893,126,100,8.15959623115481e+307,705]}","{\"0\":null,\"1\":8.15959623115481e+307,\"2\":3,\"3\":[893,126,100,8.15959623115481e+307,705]}","{\"0\":null,\"1\":705,\"2\":4,\"3\":[893,126,100,8.15959623115481e+307,705]}","{\"0\":893,\"1\":126,\"2\":1,\"3\":[893,126,100,403,705]}","{\"0\":null,\"1\":100,\"2\":2,\"3\":[893,126,100,403,705,null,null,null,{\"714\":\"\",\"1.0795099474914318e+308\":\"K_N\",\"4.86273452254867e+307\":-100,\"\":2.807890356169022e+307,\"8.890689500689119e+307\":1.1290319456342857e+308,\"2.808850358062499e+307\":\"\",\"1.446934342735146e+308\":893,\"8.857361638082051e+307\":\"\"}]}","{\"0\":null,\"1\":403,\"2\":3,\"3\":[893,126,100,403,705,null,null,null,{\"714\":\"\",\"1.0795099474914318e+308\":\"K_N\",\"4.86273452254867e+307\":-100,\"\":2.807890356169022e+307,\"8.890689500689119e+307\":1.1290319456342857e+308,\"2.808850358062499e+307\":\"\",\"1.446934342735146e+308\":893,\"8.857361638082051e+307\":\"\"}]}","{\"0\":null,\"1\":705,\"2\":4,\"3\":[893,126,100,403,705,null,null,null,{\"714\":\"\",\"1.0795099474914318e+308\":\"K_N\",\"4.86273452254867e+307\":-100,\"\":2.807890356169022e+307,\"8.890689500689119e+307\":1.1290319456342857e+308,\"2.808850358062499e+307\":\"\",\"1.446934342735146e+308\":893,\"8.857361638082051e+307\":\"\"}]}"]}