{"baseObjects":["[\">7\",\"T\",\";_\",\",\",\"T\"]","[\">7\",\"T\",\";_\",\",\",\"T\"]","[\">7\",\"T\",82,\",\",{\"5e-324\":\",2#b\",\"1.2985023252788797e+308\":\"V\",\"6.161100219813632e+307\":\"\",\"\":\"\",\"6.648664471301545e+307\":\"C\",\"1.3892391742165722e+308\":3.134409782720327e+307,\"<ir\":\"\",\"9.665197851445013e+307\":\"k^\"}]","[\">7\",\"T\",\";_\",\",\",\"T\"]"],"returnObjects":["null","\"Error\"","null","\"Error\""],"callbackArgs":["{\"0\":\">7\",\"1\":\"T\",\"2\":1,\"3\":[\">7\",\"T\",\";_\",\",\",\"T\"]}","{\"0\":null,\"1\":\";_\",\"2\":2,\"3\":[\">7\",\"T\",\";_\",\",\",\"T\"]}","{\"0\":null,\"1\":\",\",\"2\":3,\"3\":[\">7\",\"T\",\";_\",\",\",\"T\"]}","{\"0\":null,\"1\":\"T\",\"2\":4,\"3\":[\">7\",\"T\",\";_\",\",\",\"T\"]}","{\"0\":\">7\",\"1\":\"T\",\"2\":1,\"3\":[\">7\",\"T\",\";_\",\",\",\"T\"]}","{\"0\":null,\"1\":82,\"2\":2,\"3\":[\">7\",\"T\",82,\",\",{\"5e-324\":\",2#b\",\"1.2985023252788797e+308\":\"V\",\"6.161100219813632e+307\":\"\",\"\":\"\",\"6.648664471301545e+307\":\"C\",\"1.3892391742165722e+308\":3.134409782720327e+307,\"<ir\":\"\",\"9.665197851445013e+307\":\"k^\"}]}","{\"0\":null,\"1\":\",\",\"2\":3,\"3\":[\">7\",\"T\",82,\",\",{\"5e-324\":\",2#b\",\"1.2985023252788797e+308\":\"V\",\"6.161100219813632e+307\":\"\",\"\":\"\",\"6.648664471301545e+307\":\"C\",\"1.3892391742165722e+308\":3.134409782720327e+307,\"<ir\":\"\",\"9.665197851445013e+307\":\"k^\"}]}","{\"0\":null,\"1\":{\"5e-324\":\",2#b\",\"1.2985023252788797e+308\":\"V\",\"6.161100219813632e+307\":\"\",\"\":\"\",\"6.648664471301545e+307\":\"C\",\"1.3892391742165722e+308\":3.134409782720327e+307,\"<ir\":\"\",\"9.665197851445013e+307\":\"k^\"},\"2\":4,\"3\":[\">7\",\"T\",82,\",\",{\"5e-324\":\",2#b\",\"1.2985023252788797e+308\":\"V\",\"6.161100219813632e+307\":\"\",\"\":\"\",\"6.648664471301545e+307\":\"C\",\"1.3892391742165722e+308\":3.134409782720327e+307,\"<ir\":\"\",\"9.665197851445013e+307\":\"k^\"}]}"]}