{"baseObjects":["[126,\"J\",\"y\",242,\"C\",460,\"z\",{\"49\":9.326419465415975e+307,\"655\":1.7623334178658696e+308,\"m\":705,\"\":893,\"5.126874849159552e+307\":242}]","[126,\"J\",\"y\",242,\"C\",460,\"z\",\"N\"]","[126,\"J\",\"y\",242,\"C\",460,\"z\",\"N\"]","[126,\"J\",\"y\",242,\"C\",460,\"z\",\"N\"]"],"returnObjects":["\"Error\"","\"Error\"","\"Error\"","\"Error\""],"callbackArgs":["{\"0\":null,\"1\":126,\"2\":0,\"3\":[126,\"J\",\"y\",242,\"C\",460,\"z\",\"N\"]}"]}