{"baseObjects":["[242,5e-324,-100,-100,714,655,{\"0\":\"\",\"122\":\"\",\"714\":783,\"` \":\"H\",\"\":\"oa>\",\"5.617103929721989e+307\":\"\"},49]","[242,5e-324,-100,-100,714,655,213,49]","[242,5e-324,-100,-100,714,655,213,49]","[242,5e-324,-100,-100,714,655,213,49]"],"returnObjects":["null","\"Error\"","\"NaN242,5e-324,-100,-100,714,655,213,49\"","\"Error\""],"callbackArgs":["{\"0\":true,\"1\":242,\"2\":0,\"3\":[242,5e-324,-100,-100,714,655,213,49]}","{\"0\":null,\"1\":5e-324,\"2\":1,\"3\":[242,5e-324,-100,-100,714,655,{\"0\":\"\",\"122\":\"\",\"714\":783,\"` \":\"H\",\"\":\"oa>\",\"5.617103929721989e+307\":\"\"},49]}","{\"0\":null,\"1\":-100,\"2\":2,\"3\":[242,5e-324,-100,-100,714,655,{\"0\":\"\",\"122\":\"\",\"714\":783,\"` \":\"H\",\"\":\"oa>\",\"5.617103929721989e+307\":\"\"},49]}","{\"0\":null,\"1\":-100,\"2\":3,\"3\":[242,5e-324,-100,-100,714,655,{\"0\":\"\",\"122\":\"\",\"714\":783,\"` \":\"H\",\"\":\"oa>\",\"5.617103929721989e+307\":\"\"},49]}","{\"0\":null,\"1\":714,\"2\":4,\"3\":[242,5e-324,-100,-100,714,655,{\"0\":\"\",\"122\":\"\",\"714\":783,\"` \":\"H\",\"\":\"oa>\",\"5.617103929721989e+307\":\"\"},49]}","{\"0\":null,\"1\":655,\"2\":5,\"3\":[242,5e-324,-100,-100,714,655,{\"0\":\"\",\"122\":\"\",\"714\":783,\"` \":\"H\",\"\":\"oa>\",\"5.617103929721989e+307\":\"\"},49]}","{\"0\":null,\"1\":{\"0\":\"\",\"122\":\"\",\"714\":783,\"` \":\"H\",\"\":\"oa>\",\"5.617103929721989e+307\":\"\"},\"2\":6,\"3\":[242,5e-324,-100,-100,714,655,{\"0\":\"\",\"122\":\"\",\"714\":783,\"` \":\"H\",\"\":\"oa>\",\"5.617103929721989e+307\":\"\"},49]}","{\"0\":null,\"1\":49,\"2\":7,\"3\":[242,5e-324,-100,-100,714,655,{\"0\":\"\",\"122\":\"\",\"714\":783,\"` \":\"H\",\"\":\"oa>\",\"5.617103929721989e+307\":\"\"},49]}","{\"0\":null,\"1\":242,\"2\":0,\"3\":[242,5e-324,-100,-100,714,655,213,49]}","{\"0\":{},\"1\":242,\"2\":0,\"3\":[242,5e-324,-100,-100,714,655,213,49]}","{\"0\":\"NaN242,5e-324,-100,-100,714,655,213,49\",\"1\":5e-324,\"2\":1,\"3\":[242,5e-324,-100,-100,714,655,213,49]}","{\"0\":\"NaN242,5e-324,-100,-100,714,655,213,49\",\"1\":-100,\"2\":2,\"3\":[242,5e-324,-100,-100,714,655,213,49]}","{\"0\":\"NaN242,5e-324,-100,-100,714,655,213,49\",\"1\":-100,\"2\":3,\"3\":[242,5e-324,-100,-100,714,655,213,49]}","{\"0\":\"NaN242,5e-324,-100,-100,714,655,213,49\",\"1\":714,\"2\":4,\"3\":[242,5e-324,-100,-100,714,655,213,49]}","{\"0\":\"NaN242,5e-324,-100,-100,714,655,213,49\",\"1\":655,\"2\":5,\"3\":[242,5e-324,-100,-100,714,655,213,49]}","{\"0\":\"NaN242,5e-324,-100,-100,714,655,213,49\",\"1\":213,\"2\":6,\"3\":[242,5e-324,-100,-100,714,655,213,49]}","{\"0\":\"NaN242,5e-324,-100,-100,714,655,213,49\",\"1\":49,\"2\":7,\"3\":[242,5e-324,-100,-100,714,655,213,49]}"]}