{"baseObjects":["[\"i\",1.7976931348623157e+308,\"<\",823,157,157,\"N\",0]","[\"i\",1.7976931348623157e+308,\"<\",823,157,157,\"N\",0]","[\"i\",1.7976931348623157e+308,\"<\",823,157,157,\"N\",0]","[\"i\",1.7976931348623157e+308,\"<\",823,157,157,\"N\",0]"],"returnObjects":["null","\"Error\"","\"Error\"","\"Error\""],"callbackArgs":["{\"0\":100,\"1\":\"i\",\"2\":0,\"3\":[\"i\",1.7976931348623157e+308,\"<\",823,157,157,\"N\",0]}","{\"0\":null,\"1\":1.7976931348623157e+308,\"2\":1,\"3\":[\"i\",1.7976931348623157e+308,\"<\",823,157,157,\"N\",0]}","{\"0\":null,\"1\":\"<\",\"2\":2,\"3\":[\"i\",1.7976931348623157e+308,\"<\",823,157,157,\"N\",0]}","{\"0\":null,\"1\":823,\"2\":3,\"3\":[\"i\",1.7976931348623157e+308,\"<\",823,157,157,\"N\",0]}","{\"0\":null,\"1\":157,\"2\":4,\"3\":[\"i\",1.7976931348623157e+308,\"<\",823,157,157,\"N\",0]}","{\"0\":null,\"1\":157,\"2\":5,\"3\":[\"i\",1.7976931348623157e+308,\"<\",823,157,157,\"N\",0]}","{\"0\":null,\"1\":\"N\",\"2\":6,\"3\":[\"i\",1.7976931348623157e+308,\"<\",823,157,157,\"N\",0]}","{\"0\":null,\"1\":0,\"2\":7,\"3\":[\"i\",1.7976931348623157e+308,\"<\",823,157,157,\"N\",0]}","{\"0\":[969,0,-1,-1,0],\"1\":\"i\",\"2\":0,\"3\":[\"i\",1.7976931348623157e+308,\"<\",823,157,157,\"N\",0]}","{\"0\":\"i\",\"1\":1.7976931348623157e+308,\"2\":1,\"3\":[\"i\",1.7976931348623157e+308,\"<\",823,157,157,\"N\",0]}"]}