{"baseObjects":["[823,460,59]","[823,460,59]","[823,460,59,1.4514844441046369e+308]","[823,460,59]"],"returnObjects":["\"Error\"","\"Error\"","null","\"Error\""],"callbackArgs":["{\"0\":\"6Q\",\"1\":823,\"2\":0,\"3\":[823,460,59]}","{\"0\":null,\"1\":460,\"2\":1,\"3\":[823,460,59,1.4514844441046369e+308]}","{\"0\":null,\"1\":59,\"2\":2,\"3\":[823,460,59,1.4514844441046369e+308]}"]}