{"baseObjects":["[1.7976931348623157e+308,25,122,607,242,59]","[1.7976931348623157e+308,25,122,607,242,59]","[1.7976931348623157e+308,25,122,607,242,59,null,null,true]","[1.7976931348623157e+308,25,122,607,242,59]"],"returnObjects":["\"Error\"","\"Error\"","null","null"],"callbackArgs":["{\"0\":[-100,843,595,843,1.7976931348623157e+308,595,618,59,618,59],\"1\":1.7976931348623157e+308,\"2\":0,\"3\":[1.7976931348623157e+308,25,122,607,242,59]}","{\"0\":null,\"1\":25,\"2\":1,\"3\":[1.7976931348623157e+308,25,122,607,242,59,null,null,true]}","{\"0\":null,\"1\":122,\"2\":2,\"3\":[1.7976931348623157e+308,25,122,607,242,59,null,null,true]}","{\"0\":null,\"1\":607,\"2\":3,\"3\":[1.7976931348623157e+308,25,122,607,242,59,null,null,true]}","{\"0\":null,\"1\":242,\"2\":4,\"3\":[1.7976931348623157e+308,25,122,607,242,59,null,null,true]}","{\"0\":null,\"1\":59,\"2\":5,\"3\":[1.7976931348623157e+308,25,122,607,242,59,null,null,true]}","{\"0\":false,\"1\":1.7976931348623157e+308,\"2\":0,\"3\":[1.7976931348623157e+308,25,122,607,242,59]}","{\"0\":null,\"1\":25,\"2\":1,\"3\":[1.7976931348623157e+308,25,122,607,242,59]}","{\"0\":null,\"1\":122,\"2\":2,\"3\":[1.7976931348623157e+308,25,122,607,242,59]}","{\"0\":null,\"1\":607,\"2\":3,\"3\":[1.7976931348623157e+308,25,122,607,242,59]}","{\"0\":null,\"1\":242,\"2\":4,\"3\":[1.7976931348623157e+308,25,122,607,242,59]}","{\"0\":null,\"1\":59,\"2\":5,\"3\":[1.7976931348623157e+308,25,122,607,242,59]}"]}