{"baseObjects":["[969,893,49,705,823,1.7976931348623157e+308,157,705]","[969,893,49,705,823,1.7976931348623157e+308,157,705]","[null,893,49,705,823,1.7976931348623157e+308,157,705]","[969,[-1,595,783,-100,82,25,-1],49,705,823,1.7976931348623157e+308,157,705]"],"returnObjects":["\"Error\"","null","null","null"],"callbackArgs":["{\"0\":\"\",\"1\":969,\"2\":0,\"3\":[969,893,49,705,823,1.7976931348623157e+308,157,705]}","{\"0\":null,\"1\":893,\"2\":1,\"3\":[969,893,49,705,823,1.7976931348623157e+308,157,705]}","{\"0\":null,\"1\":49,\"2\":2,\"3\":[969,893,49,705,823,1.7976931348623157e+308,157,705]}","{\"0\":null,\"1\":705,\"2\":3,\"3\":[969,893,49,705,823,1.7976931348623157e+308,157,705]}","{\"0\":null,\"1\":823,\"2\":4,\"3\":[969,893,49,705,823,1.7976931348623157e+308,157,705]}","{\"0\":null,\"1\":1.7976931348623157e+308,\"2\":5,\"3\":[969,893,49,705,823,1.7976931348623157e+308,157,705]}","{\"0\":null,\"1\":157,\"2\":6,\"3\":[969,893,49,705,823,1.7976931348623157e+308,157,705]}","{\"0\":null,\"1\":705,\"2\":7,\"3\":[969,893,49,705,823,1.7976931348623157e+308,157,705]}","{\"0\":true,\"1\":969,\"2\":0,\"3\":[969,893,49,705,823,1.7976931348623157e+308,157,705]}","{\"0\":null,\"1\":893,\"2\":1,\"3\":[null,893,49,705,823,1.7976931348623157e+308,157,705]}","{\"0\":null,\"1\":49,\"2\":2,\"3\":[null,893,49,705,823,1.7976931348623157e+308,157,705]}","{\"0\":null,\"1\":705,\"2\":3,\"3\":[null,893,49,705,823,1.7976931348623157e+308,157,705]}","{\"0\":null,\"1\":823,\"2\":4,\"3\":[null,893,49,705,823,1.7976931348623157e+308,157,705]}","{\"0\":null,\"1\":1.7976931348623157e+308,\"2\":5,\"3\":[null,893,49,705,823,1.7976931348623157e+308,157,705]}","{\"0\":null,\"1\":157,\"2\":6,\"3\":[null,893,49,705,823,1.7976931348623157e+308,157,705]}","{\"0\":null,\"1\":705,\"2\":7,\"3\":[null,893,49,705,823,1.7976931348623157e+308,157,705]}","{\"0\":969,\"1\":893,\"2\":1,\"3\":[969,893,49,705,823,1.7976931348623157e+308,157,705]}","{\"0\":null,\"1\":49,\"2\":2,\"3\":[969,[-1,595,783,-100,82,25,-1],49,705,823,1.7976931348623157e+308,157,705]}","{\"0\":null,\"1\":705,\"2\":3,\"3\":[969,[-1,595,783,-100,82,25,-1],49,705,823,1.7976931348623157e+308,157,705]}","{\"0\":null,\"1\":823,\"2\":4,\"3\":[969,[-1,595,783,-100,82,25,-1],49,705,823,1.7976931348623157e+308,157,705]}","{\"0\":null,\"1\":1.7976931348623157e+308,\"2\":5,\"3\":[969,[-1,595,783,-100,82,25,-1],49,705,823,1.7976931348623157e+308,157,705]}","{\"0\":null,\"1\":157,\"2\":6,\"3\":[969,[-1,595,783,-100,82,25,-1],49,705,823,1.7976931348623157e+308,157,705]}","{\"0\":null,\"1\":705,\"2\":7,\"3\":[969,[-1,595,783,-100,82,25,-1],49,705,823,1.7976931348623157e+308,157,705]}"]}