{"baseObjects":["[\",\",\"hl\",\"]Mo*=\",\"?U\",\":n\",\"SW\",\"O\",\"OSY)D\",\"hJ\"]","[\",\",\"hl\",\"]Mo*=\",\"?U\",\":n\",\"SW\",\"O\",\"OSY)D\",\"hJ\"]","[\",\",\"hl\",\"]Mo*=\",\"?U\",\":n\",\"SW\",\"O\",\"OSY)D\",\"hJ\"]","[\",\",\"hl\",\"]Mo*=\",\"?U\",\":n\",\"SW\",\"O\",{\"618\":1.109903532029388e+308,\"1.7748759073424768e+308\":\"\",\" N\":82,\"\":\"\",\"1.4212216872860754e+308\":\"\",\"*k\":\"\",\"Z\":\"\",\"L\":893},\"hJ\"]"],"returnObjects":["\"Error\"","\"Error\"","\"Error\"","null"],"callbackArgs":["{\"0\":\"i\",\"1\":\",\",\"2\":0,\"3\":[\",\",\"hl\",\"]Mo*=\",\"?U\",\":n\",\"SW\",\"O\",\"OSY)D\",\"hJ\"]}","{\"0\":null,\"1\":\"hl\",\"2\":1,\"3\":[\",\",\"hl\",\"]Mo*=\",\"?U\",\":n\",\"SW\",\"O\",{\"618\":1.109903532029388e+308,\"1.7748759073424768e+308\":\"\",\" N\":82,\"\":\"\",\"1.4212216872860754e+308\":\"\",\"*k\":\"\",\"Z\":\"\",\"L\":893},\"hJ\"]}","{\"0\":null,\"1\":\"]Mo*=\",\"2\":2,\"3\":[\",\",\"hl\",\"]Mo*=\",\"?U\",\":n\",\"SW\",\"O\",{\"618\":1.109903532029388e+308,\"1.7748759073424768e+308\":\"\",\" N\":82,\"\":\"\",\"1.4212216872860754e+308\":\"\",\"*k\":\"\",\"Z\":\"\",\"L\":893},\"hJ\"]}","{\"0\":null,\"1\":\"?U\",\"2\":3,\"3\":[\",\",\"hl\",\"]Mo*=\",\"?U\",\":n\",\"SW\",\"O\",{\"618\":1.109903532029388e+308,\"1.7748759073424768e+308\":\"\",\" N\":82,\"\":\"\",\"1.4212216872860754e+308\":\"\",\"*k\":\"\",\"Z\":\"\",\"L\":893},\"hJ\"]}","{\"0\":null,\"1\":\":n\",\"2\":4,\"3\":[\",\",\"hl\",\"]Mo*=\",\"?U\",\":n\",\"SW\",\"O\",{\"618\":1.109903532029388e+308,\"1.7748759073424768e+308\":\"\",\" N\":82,\"\":\"\",\"1.4212216872860754e+308\":\"\",\"*k\":\"\",\"Z\":\"\",\"L\":893},\"hJ\"]}","{\"0\":null,\"1\":\"SW\",\"2\":5,\"3\":[\",\",\"hl\",\"]Mo*=\",\"?U\",\":n\",\"SW\",\"O\",{\"618\":1.109903532029388e+308,\"1.7748759073424768e+308\":\"\",\" N\":82,\"\":\"\",\"1.4212216872860754e+308\":\"\",\"*k\":\"\",\"Z\":\"\",\"L\":893},\"hJ\"]}","{\"0\":null,\"1\":\"O\",\"2\":6,\"3\":[\",\",\"hl\",\"]Mo*=\",\"?U\",\":n\",\"SW\",\"O\",{\"618\":1.109903532029388e+308,\"1.7748759073424768e+308\":\"\",\" N\":82,\"\":\"\",\"1.4212216872860754e+308\":\"\",\"*k\":\"\",\"Z\":\"\",\"L\":893},\"hJ\"]}","{\"0\":null,\"1\":{\"618\":1.109903532029388e+308,\"1.7748759073424768e+308\":\"\",\" N\":82,\"\":\"\",\"1.4212216872860754e+308\":\"\",\"*k\":\"\",\"Z\":\"\",\"L\":893},\"2\":7,\"3\":[\",\",\"hl\",\"]Mo*=\",\"?U\",\":n\",\"SW\",\"O\",{\"618\":1.109903532029388e+308,\"1.7748759073424768e+308\":\"\",\" N\":82,\"\":\"\",\"1.4212216872860754e+308\":\"\",\"*k\":\"\",\"Z\":\"\",\"L\":893},\"hJ\"]}","{\"0\":null,\"1\":\"hJ\",\"2\":8,\"3\":[\",\",\"hl\",\"]Mo*=\",\"?U\",\":n\",\"SW\",\"O\",{\"618\":1.109903532029388e+308,\"1.7748759073424768e+308\":\"\",\" N\":82,\"\":\"\",\"1.4212216872860754e+308\":\"\",\"*k\":\"\",\"Z\":\"\",\"L\":893},\"hJ\"]}"]}