{"baseObjects":["[627,{\"607\":627,\"9.761834203444188e+307\":\"\",\"\":\"p\",\"3.3337341902538313e+307\":213,\"7.817279116295537e+307\":6.585217530312216e+307,\"F4'j*\":5.878015821024991e+307,\"9.909504150284462e+307\":1.6063988801192282e+308,\"wc\":\",\",\"1.7976931348623157e+308\":\"\",\"1.7755979577710697e+308\":\")\"},122,893,823]","[627,0,122,893,823]","[627,0,122,893,823]","[627,0,122,893,823]"],"returnObjects":["null","\"NaN627,0,122,893,823\"","\"Error\"","\"Error\""],"callbackArgs":["{\"0\":false,\"1\":627,\"2\":0,\"3\":[627,0,122,893,823]}","{\"0\":null,\"1\":{\"607\":627,\"9.761834203444188e+307\":\"\",\"\":\"p\",\"3.3337341902538313e+307\":213,\"7.817279116295537e+307\":6.585217530312216e+307,\"F4'j*\":5.878015821024991e+307,\"9.909504150284462e+307\":1.6063988801192282e+308,\"wc\":\",\",\"1.7976931348623157e+308\":\"\",\"1.7755979577710697e+308\":\")\"},\"2\":1,\"3\":[627,{\"607\":627,\"9.761834203444188e+307\":\"\",\"\":\"p\",\"3.3337341902538313e+307\":213,\"7.817279116295537e+307\":6.585217530312216e+307,\"F4'j*\":5.878015821024991e+307,\"9.909504150284462e+307\":1.6063988801192282e+308,\"wc\":\",\",\"1.7976931348623157e+308\":\"\",\"1.7755979577710697e+308\":\")\"},122,893,823]}","{\"0\":null,\"1\":122,\"2\":2,\"3\":[627,{\"607\":627,\"9.761834203444188e+307\":\"\",\"\":\"p\",\"3.3337341902538313e+307\":213,\"7.817279116295537e+307\":6.585217530312216e+307,\"F4'j*\":5.878015821024991e+307,\"9.909504150284462e+307\":1.6063988801192282e+308,\"wc\":\",\",\"1.7976931348623157e+308\":\"\",\"1.7755979577710697e+308\":\")\"},122,893,823]}","{\"0\":null,\"1\":893,\"2\":3,\"3\":[627,{\"607\":627,\"9.761834203444188e+307\":\"\",\"\":\"p\",\"3.3337341902538313e+307\":213,\"7.817279116295537e+307\":6.585217530312216e+307,\"F4'j*\":5.878015821024991e+307,\"9.909504150284462e+307\":1.6063988801192282e+308,\"wc\":\",\",\"1.7976931348623157e+308\":\"\",\"1.7755979577710697e+308\":\")\"},122,893,823]}","{\"0\":null,\"1\":823,\"2\":4,\"3\":[627,{\"607\":627,\"9.761834203444188e+307\":\"\",\"\":\"p\",\"3.3337341902538313e+307\":213,\"7.817279116295537e+307\":6.585217530312216e+307,\"F4'j*\":5.878015821024991e+307,\"9.909504150284462e+307\":1.6063988801192282e+308,\"wc\":\",\",\"1.7976931348623157e+308\":\"\",\"1.7755979577710697e+308\":\")\"},122,893,823]}","{\"1\":627,\"2\":0,\"3\":[627,0,122,893,823]}","{\"0\":\"NaN627,0,122,893,823\",\"1\":0,\"2\":1,\"3\":[627,0,122,893,823]}","{\"0\":\"NaN627,0,122,893,823\",\"1\":122,\"2\":2,\"3\":[627,0,122,893,823]}","{\"0\":\"NaN627,0,122,893,823\",\"1\":893,\"2\":3,\"3\":[627,0,122,893,823]}","{\"0\":\"NaN627,0,122,893,823\",\"1\":823,\"2\":4,\"3\":[627,0,122,893,823]}"]}