{"baseObjects":["[823,0]","[823,0]","[823,0,null,null,{\"25\":\"F\",\"893\":9.564407301636827e+307,\"\":\"x@\",\"2&\":122,\"9.482689530698661e+307\":\"\"}]","[823,0]"],"returnObjects":["\"Error\"","\"Error\"","\"Error\"","\"Error\""],"callbackArgs":["{\"0\":1.0266025536450214e+308,\"1\":823,\"2\":0,\"3\":[823,0]}"]}