{"baseObjects":["[1.7976931348623157e+308,655,\"(\",\"(`\",969,\"r6\",\";\",\"m\"]","[1.7976931348623157e+308,655,\"(\",\"(`\",969,\"r6\",\";\",\"m\"]","[1.7976931348623157e+308,655,\"(\",\"(`\",969,\"r6\",\";\",\"m\"]","[1.7976931348623157e+308,655,\"(\",\"(`\",969,\"r6\",\";\",\"m\"]"],"returnObjects":["\"1.7976931348623157e+3081.7976931348623157e+308,655,(,(`,969,r6,;,mNaN1.7976931348623157e+308,655,(,(`,969,r6,;,mNaN1.7976931348623157e+308,655,(,(`,969,r6,;,m38761.7976931348623157e+308,655,(,(`,969,r6,;,mNaN1.7976931348623157e+308,655,(,(`,969,r6,;,mNaN1.7976931348623157e+308,655,(,(`,969,r6,;,mNaN1.7976931348623157e+308,655,(,(`,969,r6,;,m\"","\"Error\"","\"Error\"","\"NaN1.7976931348623157e+308,655,(,(`,969,r6,;,m\""],"callbackArgs":["{\"0\":1.7976931348623157e+308,\"1\":655,\"2\":1,\"3\":[1.7976931348623157e+308,655,\"(\",\"(`\",969,\"r6\",\";\",\"m\"]}","{\"0\":\"1.7976931348623157e+3081.7976931348623157e+308,655,(,(`,969,r6,;,m\",\"1\":\"(\",\"2\":2,\"3\":[1.7976931348623157e+308,655,\"(\",\"(`\",969,\"r6\",\";\",\"m\"]}","{\"0\":\"1.7976931348623157e+3081.7976931348623157e+308,655,(,(`,969,r6,;,mNaN1.7976931348623157e+308,655,(,(`,969,r6,;,m\",\"1\":\"(`\",\"2\":3,\"3\":[1.7976931348623157e+308,655,\"(\",\"(`\",969,\"r6\",\";\",\"m\"]}","{\"0\":\"1.7976931348623157e+3081.7976931348623157e+308,655,(,(`,969,r6,;,mNaN1.7976931348623157e+308,655,(,(`,969,r6,;,mNaN1.7976931348623157e+308,655,(,(`,969,r6,;,m\",\"1\":969,\"2\":4,\"3\":[1.7976931348623157e+308,655,\"(\",\"(`\",969,\"r6\",\";\",\"m\"]}","{\"0\":\"1.7976931348623157e+3081.7976931348623157e+308,655,(,(`,969,r6,;,mNaN1.7976931348623157e+308,655,(,(`,969,r6,;,mNaN1.7976931348623157e+308,655,(,(`,969,r6,;,m38761.7976931348623157e+308,655,(,(`,969,r6,;,m\",\"1\":\"r6\",\"2\":5,\"3\":[1.7976931348623157e+308,655,\"(\",\"(`\",969,\"r6\",\";\",\"m\"]}","{\"0\":\"1.7976931348623157e+3081.7976931348623157e+308,655,(,(`,969,r6,;,mNaN1.7976931348623157e+308,655,(,(`,969,r6,;,mNaN1.7976931348623157e+308,655,(,(`,969,r6,;,m38761.7976931348623157e+308,655,(,(`,969,r6,;,mNaN1.7976931348623157e+308,655,(,(`,969,r6,;,m\",\"1\":\";\",\"2\":6,\"3\":[1.7976931348623157e+308,655,\"(\",\"(`\",969,\"r6\",\";\",\"m\"]}","{\"0\":\"1.7976931348623157e+3081.7976931348623157e+308,655,(,(`,969,r6,;,mNaN1.7976931348623157e+308,655,(,(`,969,r6,;,mNaN1.7976931348623157e+308,655,(,(`,969,r6,;,m38761.7976931348623157e+308,655,(,(`,969,r6,;,mNaN1.7976931348623157e+308,655,(,(`,969,r6,;,mNaN1.7976931348623157e+308,655,(,(`,969,r6,;,m\",\"1\":\"m\",\"2\":7,\"3\":[1.7976931348623157e+308,655,\"(\",\"(`\",969,\"r6\",\";\",\"m\"]}","{\"0\":false,\"1\":1.7976931348623157e+308,\"2\":0,\"3\":[1.7976931348623157e+308,655,\"(\",\"(`\",969,\"r6\",\";\",\"m\"]}","{\"0\":[\"*FdC\",\"k\"],\"1\":1.7976931348623157e+308,\"2\":0,\"3\":[1.7976931348623157e+308,655,\"(\",\"(`\",969,\"r6\",\";\",\"m\"]}","{\"0\":\"NaN1.7976931348623157e+308,655,(,(`,969,r6,;,m\",\"1\":655,\"2\":1,\"3\":[1.7976931348623157e+308,655,\"(\",\"(`\",969,\"r6\",\";\",\"m\"]}","{\"0\":\"NaN1.7976931348623157e+308,655,(,(`,969,r6,;,m\",\"1\":\"(\",\"2\":2,\"3\":[1.7976931348623157e+308,655,\"(\",\"(`\",969,\"r6\",\";\",\"m\"]}","{\"0\":\"NaN1.7976931348623157e+308,655,(,(`,969,r6,;,m\",\"1\":\"(`\",\"2\":3,\"3\":[1.7976931348623157e+308,655,\"(\",\"(`\",969,\"r6\",\";\",\"m\"]}","{\"0\":\"NaN1.7976931348623157e+308,655,(,(`,969,r6,;,m\",\"1\":969,\"2\":4,\"3\":[1.7976931348623157e+308,655,\"(\",\"(`\",969,\"r6\",\";\",\"m\"]}","{\"0\":\"NaN1.7976931348623157e+308,655,(,(`,969,r6,;,m\",\"1\":\"r6\",\"2\":5,\"3\":[1.7976931348623157e+308,655,\"(\",\"(`\",969,\"r6\",\";\",\"m\"]}","{\"0\":\"NaN1.7976931348623157e+308,655,(,(`,969,r6,;,m\",\"1\":\";\",\"2\":6,\"3\":[1.7976931348623157e+308,655,\"(\",\"(`\",969,\"r6\",\";\",\"m\"]}","{\"0\":\"NaN1.7976931348623157e+308,655,(,(`,969,r6,;,m\",\"1\":\"m\",\"2\":7,\"3\":[1.7976931348623157e+308,655,\"(\",\"(`\",969,\"r6\",\";\",\"m\"]}"]}