{"baseObjects":["[823,705,618,823,{\"403\":\"\",\"5.488416066072774e+307\":-1,\"5e-324\":\"\",\"4.80745958809932e+307\":\"\"},5e-324,122]","[823,705,618,823,213,5e-324,122]","[823,null,618,823,213,5e-324,122]","[823,705,618,823,213,5e-324,122]"],"returnObjects":["null","\"Error\"","\"NaN823,,618,823,213,5e-324,122\"","null"],"callbackArgs":["{\"0\":823,\"1\":705,\"2\":1,\"3\":[823,705,618,823,213,5e-324,122]}","{\"0\":null,\"1\":618,\"2\":2,\"3\":[823,705,618,823,{\"403\":\"\",\"5.488416066072774e+307\":-1,\"5e-324\":\"\",\"4.80745958809932e+307\":\"\"},5e-324,122]}","{\"0\":null,\"1\":823,\"2\":3,\"3\":[823,705,618,823,{\"403\":\"\",\"5.488416066072774e+307\":-1,\"5e-324\":\"\",\"4.80745958809932e+307\":\"\"},5e-324,122]}","{\"0\":null,\"1\":{\"403\":\"\",\"5.488416066072774e+307\":-1,\"5e-324\":\"\",\"4.80745958809932e+307\":\"\"},\"2\":4,\"3\":[823,705,618,823,{\"403\":\"\",\"5.488416066072774e+307\":-1,\"5e-324\":\"\",\"4.80745958809932e+307\":\"\"},5e-324,122]}","{\"0\":null,\"1\":5e-324,\"2\":5,\"3\":[823,705,618,823,{\"403\":\"\",\"5.488416066072774e+307\":-1,\"5e-324\":\"\",\"4.80745958809932e+307\":\"\"},5e-324,122]}","{\"0\":null,\"1\":122,\"2\":6,\"3\":[823,705,618,823,{\"403\":\"\",\"5.488416066072774e+307\":-1,\"5e-324\":\"\",\"4.80745958809932e+307\":\"\"},5e-324,122]}","{\"0\":823,\"1\":705,\"2\":1,\"3\":[823,705,618,823,213,5e-324,122]}","{\"0\":\"2.1673758865248227823,,618,823,213,5e-324,122\",\"1\":618,\"2\":2,\"3\":[823,null,618,823,213,5e-324,122]}","{\"0\":\"NaN823,,618,823,213,5e-324,122\",\"1\":823,\"2\":3,\"3\":[823,null,618,823,213,5e-324,122]}","{\"0\":\"NaN823,,618,823,213,5e-324,122\",\"1\":213,\"2\":4,\"3\":[823,null,618,823,213,5e-324,122]}","{\"0\":\"NaN823,,618,823,213,5e-324,122\",\"1\":5e-324,\"2\":5,\"3\":[823,null,618,823,213,5e-324,122]}","{\"0\":\"NaN823,,618,823,213,5e-324,122\",\"1\":122,\"2\":6,\"3\":[823,null,618,823,213,5e-324,122]}","{\"0\":null,\"1\":823,\"2\":0,\"3\":[823,705,618,823,213,5e-324,122]}","{\"0\":null,\"1\":705,\"2\":1,\"3\":[823,705,618,823,213,5e-324,122]}","{\"0\":null,\"1\":618,\"2\":2,\"3\":[823,705,618,823,213,5e-324,122]}","{\"0\":null,\"1\":823,\"2\":3,\"3\":[823,705,618,823,213,5e-324,122]}","{\"0\":null,\"1\":213,\"2\":4,\"3\":[823,705,618,823,213,5e-324,122]}","{\"0\":null,\"1\":5e-324,\"2\":5,\"3\":[823,705,618,823,213,5e-324,122]}","{\"0\":null,\"1\":122,\"2\":6,\"3\":[823,705,618,823,213,5e-324,122]}"]}