{"baseObjects":["[1.7976931348623157e+308,242,122,460,-100,460,100,1.7976931348623157e+308,595,705]","[1.7976931348623157e+308,242,122,{\"607\":\"s\",\"5.182180873963224e+307\":122,\"5.169658554792841e+307\":\"X\",\"Zy\":\"2%\",\"A\":1.4607846884486041e+308,\"^\":893,\"cf\":\"$B&|9\",\"8.187779899755737e+307\":7.466808351651738e+307,\"\":705},-100,460,100,1.7976931348623157e+308,595,705]","[1.7976931348623157e+308,242,122,460,-100,460,100,true,595,705]","[1.7976931348623157e+308,242,122,460,-100,460,100,1.7976931348623157e+308,595,705]"],"returnObjects":["null","\"NaN1.7976931348623157e+308,242,122,[object Object],-100,460,100,1.7976931348623157e+308,595,705\"","\"1.7976931348623157e+3081.7976931348623157e+308,242,122,460,-100,460,100,true,595,70512221.7976931348623157e+308,242,122,460,-100,460,100,true,595,70546031.7976931348623157e+308,242,122,460,-100,460,100,true,595,705-10041.7976931348623157e+308,242,122,460,-100,460,100,true,595,70546051.7976931348623157e+308,242,122,460,-100,460,100,true,595,70510061.7976931348623157e+308,242,122,460,-100,460,100,true,595,705true71.7976931348623157e+308,242,122,460,-100,460,100,true,595,70559581.7976931348623157e+308,242,122,460,-100,460,100,true,595,70570591.7976931348623157e+308,242,122,460,-100,460,100,true,595,705\"","\"Error\""],"callbackArgs":["{\"0\":1.7976931348623157e+308,\"1\":242,\"2\":1,\"3\":[1.7976931348623157e+308,242,122,460,-100,460,100,1.7976931348623157e+308,595,705]}","{\"0\":null,\"1\":122,\"2\":2,\"3\":[1.7976931348623157e+308,242,122,460,-100,460,100,1.7976931348623157e+308,595,705]}","{\"0\":null,\"1\":460,\"2\":3,\"3\":[1.7976931348623157e+308,242,122,460,-100,460,100,1.7976931348623157e+308,595,705]}","{\"0\":null,\"1\":-100,\"2\":4,\"3\":[1.7976931348623157e+308,242,122,460,-100,460,100,1.7976931348623157e+308,595,705]}","{\"0\":null,\"1\":460,\"2\":5,\"3\":[1.7976931348623157e+308,242,122,460,-100,460,100,1.7976931348623157e+308,595,705]}","{\"0\":null,\"1\":100,\"2\":6,\"3\":[1.7976931348623157e+308,242,122,460,-100,460,100,1.7976931348623157e+308,595,705]}","{\"0\":null,\"1\":1.7976931348623157e+308,\"2\":7,\"3\":[1.7976931348623157e+308,242,122,460,-100,460,100,1.7976931348623157e+308,595,705]}","{\"0\":null,\"1\":595,\"2\":8,\"3\":[1.7976931348623157e+308,242,122,460,-100,460,100,1.7976931348623157e+308,595,705]}","{\"0\":null,\"1\":705,\"2\":9,\"3\":[1.7976931348623157e+308,242,122,460,-100,460,100,1.7976931348623157e+308,595,705]}","{\"0\":1.7976931348623157e+308,\"1\":242,\"2\":1,\"3\":[1.7976931348623157e+308,242,122,460,-100,460,100,1.7976931348623157e+308,595,705]}","{\"0\":\"7.428484028356676e+3051.7976931348623157e+308,242,122,[object Object],-100,460,100,1.7976931348623157e+308,595,705\",\"1\":122,\"2\":2,\"3\":[1.7976931348623157e+308,242,122,{\"607\":\"s\",\"5.182180873963224e+307\":122,\"5.169658554792841e+307\":\"X\",\"Zy\":\"2%\",\"A\":1.4607846884486041e+308,\"^\":893,\"cf\":\"$B&|9\",\"8.187779899755737e+307\":7.466808351651738e+307,\"\":705},-100,460,100,1.7976931348623157e+308,595,705]}","{\"0\":\"NaN1.7976931348623157e+308,242,122,[object Object],-100,460,100,1.7976931348623157e+308,595,705\",\"1\":{\"607\":\"s\",\"5.182180873963224e+307\":122,\"5.169658554792841e+307\":\"X\",\"Zy\":\"2%\",\"A\":1.4607846884486041e+308,\"^\":893,\"cf\":\"$B&|9\",\"8.187779899755737e+307\":7.466808351651738e+307,\"\":705},\"2\":3,\"3\":[1.7976931348623157e+308,242,122,{\"607\":\"s\",\"5.182180873963224e+307\":122,\"5.169658554792841e+307\":\"X\",\"Zy\":\"2%\",\"A\":1.4607846884486041e+308,\"^\":893,\"cf\":\"$B&|9\",\"8.187779899755737e+307\":7.466808351651738e+307,\"\":705},-100,460,100,1.7976931348623157e+308,595,705]}","{\"0\":\"NaN1.7976931348623157e+308,242,122,[object Object],-100,460,100,1.7976931348623157e+308,595,705\",\"1\":-100,\"2\":4,\"3\":[1.7976931348623157e+308,242,122,{\"607\":\"s\",\"5.182180873963224e+307\":122,\"5.169658554792841e+307\":\"X\",\"Zy\":\"2%\",\"A\":1.4607846884486041e+308,\"^\":893,\"cf\":\"$B&|9\",\"8.187779899755737e+307\":7.466808351651738e+307,\"\":705},-100,460,100,1.7976931348623157e+308,595,705]}","{\"0\":\"NaN1.7976931348623157e+308,242,122,[object Object],-100,460,100,1.7976931348623157e+308,595,705\",\"1\":460,\"2\":5,\"3\":[1.7976931348623157e+308,242,122,{\"607\":\"s\",\"5.182180873963224e+307\":122,\"5.169658554792841e+307\":\"X\",\"Zy\":\"2%\",\"A\":1.4607846884486041e+308,\"^\":893,\"cf\":\"$B&|9\",\"8.187779899755737e+307\":7.466808351651738e+307,\"\":705},-100,460,100,1.7976931348623157e+308,595,705]}","{\"0\":\"NaN1.7976931348623157e+308,242,122,[object Object],-100,460,100,1.7976931348623157e+308,595,705\",\"1\":100,\"2\":6,\"3\":[1.7976931348623157e+308,242,122,{\"607\":\"s\",\"5.182180873963224e+307\":122,\"5.169658554792841e+307\":\"X\",\"Zy\":\"2%\",\"A\":1.4607846884486041e+308,\"^\":893,\"cf\":\"$B&|9\",\"8.187779899755737e+307\":7.466808351651738e+307,\"\":705},-100,460,100,1.7976931348623157e+308,595,705]}","{\"0\":\"NaN1.7976931348623157e+308,242,122,[object Object],-100,460,100,1.7976931348623157e+308,595,705\",\"1\":1.7976931348623157e+308,\"2\":7,\"3\":[1.7976931348623157e+308,242,122,{\"607\":\"s\",\"5.182180873963224e+307\":122,\"5.169658554792841e+307\":\"X\",\"Zy\":\"2%\",\"A\":1.4607846884486041e+308,\"^\":893,\"cf\":\"$B&|9\",\"8.187779899755737e+307\":7.466808351651738e+307,\"\":705},-100,460,100,1.7976931348623157e+308,595,705]}","{\"0\":\"NaN1.7976931348623157e+308,242,122,[object Object],-100,460,100,1.7976931348623157e+308,595,705\",\"1\":595,\"2\":8,\"3\":[1.7976931348623157e+308,242,122,{\"607\":\"s\",\"5.182180873963224e+307\":122,\"5.169658554792841e+307\":\"X\",\"Zy\":\"2%\",\"A\":1.4607846884486041e+308,\"^\":893,\"cf\":\"$B&|9\",\"8.187779899755737e+307\":7.466808351651738e+307,\"\":705},-100,460,100,1.7976931348623157e+308,595,705]}","{\"0\":\"NaN1.7976931348623157e+308,242,122,[object Object],-100,460,100,1.7976931348623157e+308,595,705\",\"1\":705,\"2\":9,\"3\":[1.7976931348623157e+308,242,122,{\"607\":\"s\",\"5.182180873963224e+307\":122,\"5.169658554792841e+307\":\"X\",\"Zy\":\"2%\",\"A\":1.4607846884486041e+308,\"^\":893,\"cf\":\"$B&|9\",\"8.187779899755737e+307\":7.466808351651738e+307,\"\":705},-100,460,100,1.7976931348623157e+308,595,705]}","{\"0\":1.7976931348623157e+308,\"1\":242,\"2\":1,\"3\":[1.7976931348623157e+308,242,122,460,-100,460,100,1.7976931348623157e+308,595,705]}","{\"0\":\"1.7976931348623157e+3081.7976931348623157e+308,242,122,460,-100,460,100,true,595,705\",\"1\":122,\"2\":2,\"3\":[1.7976931348623157e+308,242,122,460,-100,460,100,true,595,705]}","{\"0\":\"1.7976931348623157e+3081.7976931348623157e+308,242,122,460,-100,460,100,true,595,70512221.7976931348623157e+308,242,122,460,-100,460,100,true,595,705\",\"1\":460,\"2\":3,\"3\":[1.7976931348623157e+308,242,122,460,-100,460,100,true,595,705]}","{\"0\":\"1.7976931348623157e+3081.7976931348623157e+308,242,122,460,-100,460,100,true,595,70512221.7976931348623157e+308,242,122,460,-100,460,100,true,595,70546031.7976931348623157e+308,242,122,460,-100,460,100,true,595,705\",\"1\":-100,\"2\":4,\"3\":[1.7976931348623157e+308,242,122,460,-100,460,100,true,595,705]}","{\"0\":\"1.7976931348623157e+3081.7976931348623157e+308,242,122,460,-100,460,100,true,595,70512221.7976931348623157e+308,242,122,460,-100,460,100,true,595,70546031.7976931348623157e+308,242,122,460,-100,460,100,true,595,705-10041.7976931348623157e+308,242,122,460,-100,460,100,true,595,705\",\"1\":460,\"2\":5,\"3\":[1.7976931348623157e+308,242,122,460,-100,460,100,true,595,705]}","{\"0\":\"1.7976931348623157e+3081.7976931348623157e+308,242,122,460,-100,460,100,true,595,70512221.7976931348623157e+308,242,122,460,-100,460,100,true,595,70546031.7976931348623157e+308,242,122,460,-100,460,100,true,595,705-10041.7976931348623157e+308,242,122,460,-100,460,100,true,595,70546051.7976931348623157e+308,242,122,460,-100,460,100,true,595,705\",\"1\":100,\"2\":6,\"3\":[1.7976931348623157e+308,242,122,460,-100,460,100,true,595,705]}",