{"baseObjects":["[25,-100,25,122,1.7976931348623157e+308,122,-100,157,0]","[25,-100,25,122,1.7976931348623157e+308,122,-100,157,0]","[25,-100,25,122,1.7976931348623157e+308,122,-100,157,0]","[25,-100,25,122,1.7976931348623157e+308,122,-100,157,0]"],"returnObjects":["\"Error\"","\"Error\"","\"Error\"","\"Error\""],"callbackArgs":["{\"0\":25,\"1\":-100,\"2\":1,\"3\":[25,-100,25,122,1.7976931348623157e+308,122,-100,157,0]}"]}