{"baseObjects":["[\"9\",1.7976931348623157e+308,157,\"; L\",5e-324,\"RI\",0,618,-1]","[\"9\",1.7976931348623157e+308,157,\"; L\",{\"0\":783,\"403\":8.760632292605744e+307,\"655\":\"sm@\",\")\":\"Q\",\"\":-1,\"YK\":\"E'\",\"1.436656454849666e+307\":7.064533677319381e+307,\"3>\":5.039481477820592e+307,\"-100\":\"\",\"1.635419159699205e+308\":5.851265385323681e+307},\"RI\",0,618,-1]","[\"9\",1.7976931348623157e+308,157,\"; L\",5e-324,\"RI\",0,618,-1]","[\"9\",1.7976931348623157e+308,157,\"; L\",5e-324,\"RI\",0,618,-1]"],"returnObjects":["\"Error\"","\"91.7976931348623157e+308NaN157NaN; LNaN[object Object]NaNRINaN0NaN618NaN-1NaN\"","\"Error\"","\"Error\""],"callbackArgs":["{\"0\":\"9\",\"1\":1.7976931348623157e+308,\"2\":1,\"3\":[\"9\",1.7976931348623157e+308,157,\"; L\",5e-324,\"RI\",0,618,-1]}","{\"0\":\"91.7976931348623157e+308NaN\",\"1\":157,\"2\":2,\"3\":[\"9\",1.7976931348623157e+308,157,\"; L\",{\"0\":783,\"403\":8.760632292605744e+307,\"655\":\"sm@\",\")\":\"Q\",\"\":-1,\"YK\":\"E'\",\"1.436656454849666e+307\":7.064533677319381e+307,\"3>\":5.039481477820592e+307,\"-100\":\"\",\"1.635419159699205e+308\":5.851265385323681e+307},\"RI\",0,618,-1]}","{\"0\":\"91.7976931348623157e+308NaN157NaN\",\"1\":\"; L\",\"2\":3,\"3\":[\"9\",1.7976931348623157e+308,157,\"; L\",{\"0\":783,\"403\":8.760632292605744e+307,\"655\":\"sm@\",\")\":\"Q\",\"\":-1,\"YK\":\"E'\",\"1.436656454849666e+307\":7.064533677319381e+307,\"3>\":5.039481477820592e+307,\"-100\":\"\",\"1.635419159699205e+308\":5.851265385323681e+307},\"RI\",0,618,-1]}","{\"0\":\"91.7976931348623157e+308NaN157NaN; LNaN\",\"1\":{\"0\":783,\"403\":8.760632292605744e+307,\"655\":\"sm@\",\")\":\"Q\",\"\":-1,\"YK\":\"E'\",\"1.436656454849666e+307\":7.064533677319381e+307,\"3>\":5.039481477820592e+307,\"-100\":\"\",\"1.635419159699205e+308\":5.851265385323681e+307},\"2\":4,\"3\":[\"9\",1.7976931348623157e+308,157,\"; L\",{\"0\":783,\"403\":8.760632292605744e+307,\"655\":\"sm@\",\")\":\"Q\",\"\":-1,\"YK\":\"E'\",\"1.436656454849666e+307\":7.064533677319381e+307,\"3>\":5.039481477820592e+307,\"-100\":\"\",\"1.635419159699205e+308\":5.851265385323681e+307},\"RI\",0,618,-1]}","{\"0\":\"91.7976931348623157e+308NaN157NaN; LNaN[object Object]NaN\",\"1\":\"RI\",\"2\":5,\"3\":[\"9\",1.7976931348623157e+308,157,\"; L\",{\"0\":783,\"403\":8.760632292605744e+307,\"655\":\"sm@\",\")\":\"Q\",\"\":-1,\"YK\":\"E'\",\"1.436656454849666e+307\":7.064533677319381e+307,\"3>\":5.039481477820592e+307,\"-100\":\"\",\"1.635419159699205e+308\":5.851265385323681e+307},\"RI\",0,618,-1]}","{\"0\":\"91.7976931348623157e+308NaN157NaN; LNaN[object Object]NaNRINaN\",\"1\":0,\"2\":6,\"3\":[\"9\",1.7976931348623157e+308,157,\"; L\",{\"0\":783,\"403\":8.760632292605744e+307,\"655\":\"sm@\",\")\":\"Q\",\"\":-1,\"YK\":\"E'\",\"1.436656454849666e+307\":7.064533677319381e+307,\"3>\":5.039481477820592e+307,\"-100\":\"\",\"1.635419159699205e+308\":5.851265385323681e+307},\"RI\",0,618,-1]}","{\"0\":\"91.7976931348623157e+308NaN157NaN; LNaN[object Object]NaNRINaN0NaN\",\"1\":618,\"2\":7,\"3\":[\"9\",1.7976931348623157e+308,157,\"; L\",{\"0\":783,\"403\":8.760632292605744e+307,\"655\":\"sm@\",\")\":\"Q\",\"\":-1,\"YK\":\"E'\",\"1.436656454849666e+307\":7.064533677319381e+307,\"3>\":5.039481477820592e+307,\"-100\":\"\",\"1.635419159699205e+308\":5.851265385323681e+307},\"RI\",0,618,-1]}","{\"0\":\"91.7976931348623157e+308NaN157NaN; LNaN[object Object]NaNRINaN0NaN618NaN\",\"1\":-1,\"2\":8,\"3\":[\"9\",1.7976931348623157e+308,157,\"; L\",{\"0\":783,\"403\":8.760632292605744e+307,\"655\":\"sm@\",\")\":\"Q\",\"\":-1,\"YK\":\"E'\",\"1.436656454849666e+307\":7.064533677319381e+307,\"3>\":5.039481477820592e+307,\"-100\":\"\",\"1.635419159699205e+308\":5.851265385323681e+307},\"RI\",0,618,-1]}","{\"1\":\"9\",\"2\":0,\"3\":[\"9\",1.7976931348623157e+308,157,\"; L\",5e-324,\"RI\",0,618,-1]}"]}