{"baseObjects":["[893,595,1.7976931348623157e+308]","[893,595,1.7976931348623157e+308]","[893,595,1.7976931348623157e+308]","[893,595,1.7976931348623157e+308]"],"returnObjects":["\"Error\"","null","\"Error\"","\"Error\""],"callbackArgs":["{\"0\":893,\"1\":595,\"2\":1,\"3\":[893,595,1.7976931348623157e+308]}","{\"0\":null,\"1\":1.7976931348623157e+308,\"2\":2,\"3\":[893,595,1.7976931348623157e+308]}"]}