{"baseObjects":["[607,100,627,49,627]","[607,100,627,49,627]","[607,100,627,49,627]","[607,100,627,49,627]"],"returnObjects":["\"NaN607,100,627,49,627\"","null","null","\"Error\""],"callbackArgs":["{\"0\":{\"655\":1.7976931348623157e+308,\"5{\":1.1941544302104452e+308,\"`<-\":\"\"},\"1\":607,\"2\":0,\"3\":[607,100,627,49,627]}","{\"0\":\"NaN607,100,627,49,627\",\"1\":100,\"2\":1,\"3\":[607,100,627,49,627]}","{\"0\":\"NaN607,100,627,49,627\",\"1\":627,\"2\":2,\"3\":[607,100,627,49,627]}","{\"0\":\"NaN607,100,627,49,627\",\"1\":49,\"2\":3,\"3\":[607,100,627,49,627]}","{\"0\":\"NaN607,100,627,49,627\",\"1\":627,\"2\":4,\"3\":[607,100,627,49,627]}","{\"1\":607,\"2\":0,\"3\":[607,100,627,49,627]}","{\"0\":null,\"1\":100,\"2\":1,\"3\":[607,100,627,49,627]}","{\"0\":null,\"1\":627,\"2\":2,\"3\":[607,100,627,49,627]}","{\"0\":null,\"1\":49,\"2\":3,\"3\":[607,100,627,49,627]}","{\"0\":null,\"1\":627,\"2\":4,\"3\":[607,100,627,49,627]}","{\"0\":607,\"1\":100,\"2\":1,\"3\":[607,100,627,49,627]}","{\"0\":null,\"1\":627,\"2\":2,\"3\":[607,100,627,49,627]}","{\"0\":null,\"1\":49,\"2\":3,\"3\":[607,100,627,49,627]}","{\"0\":null,\"1\":627,\"2\":4,\"3\":[607,100,627,49,627]}"]}