{"baseObjects":["{\"4\":\"\",\"59\":2.5175129962984936e+307,\"157\":\"]\",\"\":\"\",\"7.970713238389835e+307\":8.594402437432404e+307,\"1.5355982435705995e+308\":\">'i\",\"6.635500126601379e+307\":7.449915336269174e+307,\"1.7976931348623157e+308\":5.348127530625511e+307,\"?\":4.835256638599211e+307}","[]","[607,\"%6N}i\",122,969,\"?W2\",\"(\",[\"Hv\",\"+[\",\"8h}\",\"=\",\"W\",\"(\",\"E\",\"5\",\"`\",\",!)zq\"],82,{\"1.5506627560978461e+308\":\")\",\"YP\":\"\",\"1.2024557613506655e+308\":969,\"\":627,\"8.162547364380523e+307\":403,\"7.711553861403945e+307\":\"c\",\"1.3348683679650602e+308\":1.6707445423279274e+308}]","[607,\"%6N}i\",122,893,\"?W2\",\"(\",0,82]"],"returnObjects":["null","null","null","\"Error\""],"callbackArgs":["{\"0\":607,\"1\":\"%6N}i\",\"2\":1,\"3\":[607,\"%6N}i\",122,969,\"?W2\",\"(\",0,82]}","{\"0\":null,\"1\":122,\"2\":2,\"3\":[607,\"%6N}i\",122,969,\"?W2\",\"(\",0,82]}","{\"0\":null,\"1\":969,\"2\":3,\"3\":[607,\"%6N}i\",122,969,\"?W2\",\"(\",0,82]}","{\"0\":null,\"1\":\"?W2\",\"2\":4,\"3\":[607,\"%6N}i\",122,969,\"?W2\",\"(\",0,82]}","{\"0\":null,\"1\":\"(\",\"2\":5,\"3\":[607,\"%6N}i\",122,969,\"?W2\",\"(\",0,82]}","{\"0\":null,\"1\":0,\"2\":6,\"3\":[607,\"%6N}i\",122,969,\"?W2\",\"(\",0,82]}","{\"0\":null,\"1\":82,\"2\":7,\"3\":[607,\"%6N}i\",122,969,\"?W2\",\"(\",0,82]}","{\"0\":false,\"1\":607,\"2\":0,\"3\":[607,\"%6N}i\",122,969,\"?W2\",\"(\",0,82]}","{\"0\":607,\"1\":\"%6N}i\",\"2\":1,\"3\":[607,\"%6N}i\",122,969,\"?W2\",\"(\",0,82]}","{\"0\":null,\"1\":122,\"2\":2,\"3\":[607,\"%6N}i\",122,969,\"?W2\",\"(\",[\"Hv\",\"+[\",\"8h}\",\"=\",\"W\",\"(\",\"E\",\"5\",\"`\",\",!)zq\"],82,{\"1.5506627560978461e+308\":\")\",\"YP\":\"\",\"1.2024557613506655e+308\":969,\"\":627,\"8.162547364380523e+307\":403,\"7.711553861403945e+307\":\"c\",\"1.3348683679650602e+308\":1.6707445423279274e+308}]}","{\"0\":null,\"1\":969,\"2\":3,\"3\":[607,\"%6N}i\",122,969,\"?W2\",\"(\",[\"Hv\",\"+[\",\"8h}\",\"=\",\"W\",\"(\",\"E\",\"5\",\"`\",\",!)zq\"],82,{\"1.5506627560978461e+308\":\")\",\"YP\":\"\",\"1.2024557613506655e+308\":969,\"\":627,\"8.162547364380523e+307\":403,\"7.711553861403945e+307\":\"c\",\"1.3348683679650602e+308\":1.6707445423279274e+308}]}","{\"0\":null,\"1\":\"?W2\",\"2\":4,\"3\":[607,\"%6N}i\",122,969,\"?W2\",\"(\",[\"Hv\",\"+[\",\"8h}\",\"=\",\"W\",\"(\",\"E\",\"5\",\"`\",\",!)zq\"],82,{\"1.5506627560978461e+308\":\")\",\"YP\":\"\",\"1.2024557613506655e+308\":969,\"\":627,\"8.162547364380523e+307\":403,\"7.711553861403945e+307\":\"c\",\"1.3348683679650602e+308\":1.6707445423279274e+308}]}","{\"0\":null,\"1\":\"(\",\"2\":5,\"3\":[607,\"%6N}i\",122,969,\"?W2\",\"(\",[\"Hv\",\"+[\",\"8h}\",\"=\",\"W\",\"(\",\"E\",\"5\",\"`\",\",!)zq\"],82,{\"1.5506627560978461e+308\":\")\",\"YP\":\"\",\"1.2024557613506655e+308\":969,\"\":627,\"8.162547364380523e+307\":403,\"7.711553861403945e+307\":\"c\",\"1.3348683679650602e+308\":1.6707445423279274e+308}]}","{\"0\":null,\"1\":[\"Hv\",\"+[\",\"8h}\",\"=\",\"W\",\"(\",\"E\",\"5\",\"`\",\",!)zq\"],\"2\":6,\"3\":[607,\"%6N}i\",122,969,\"?W2\",\"(\",[\"Hv\",\"+[\",\"8h}\",\"=\",\"W\",\"(\",\"E\",\"5\",\"`\",\",!)zq\"],82,{\"1.5506627560978461e+308\":\")\",\"YP\":\"\",\"1.2024557613506655e+308\":969,\"\":627,\"8.162547364380523e+307\":403,\"7.711553861403945e+307\":\"c\",\"1.3348683679650602e+308\":1.6707445423279274e+308}]}","{\"0\":null,\"1\":82,\"2\":7,\"3\":[607,\"%6N}i\",122,969,\"?W2\",\"(\",[\"Hv\",\"+[\",\"8h}\",\"=\",\"W\",\"(\",\"E\",\"5\",\"`\",\",!)zq\"],82,{\"1.5506627560978461e+308\":\")\",\"YP\":\"\",\"1.2024557613506655e+308\":969,\"\":627,\"8.162547364380523e+307\":403,\"7.711553861403945e+307\":\"c\",\"1.3348683679650602e+308\":1.6707445423279274e+308}]}","{\"0\":false,\"1\":607,\"2\":0,\"3\":[607,\"%6N}i\",122,969,\"?W2\",\"(\",0,82]}"]}