{"baseObjects":["[618,403,82,1.7976931348623157e+308,403,213,25,82]","[618,403,82,1.7976931348623157e+308,403,213,25,82]","[618,403,82,1.7976931348623157e+308,403,213,25,82]","[618,403,82,1.7976931348623157e+308,403,213,25,82]"],"returnObjects":["\"NaN618,403,82,1.7976931348623157e+308,403,213,25,82\"","null","\"Error\"","null"],"callbackArgs":["{\"0\":\"3QF7?\",\"1\":618,\"2\":0,\"3\":[618,403,82,1.7976931348623157e+308,403,213,25,82]}","{\"0\":\"NaN618,403,82,1.7976931348623157e+308,403,213,25,82\",\"1\":403,\"2\":1,\"3\":[618,403,82,1.7976931348623157e+308,403,213,25,82]}","{\"0\":\"NaN618,403,82,1.7976931348623157e+308,403,213,25,82\",\"1\":82,\"2\":2,\"3\":[618,403,82,1.7976931348623157e+308,403,213,25,82]}","{\"0\":\"NaN618,403,82,1.7976931348623157e+308,403,213,25,82\",\"1\":1.7976931348623157e+308,\"2\":3,\"3\":[618,403,82,1.7976931348623157e+308,403,213,25,82]}","{\"0\":\"NaN618,403,82,1.7976931348623157e+308,403,213,25,82\",\"1\":403,\"2\":4,\"3\":[618,403,82,1.7976931348623157e+308,403,213,25,82]}","{\"0\":\"NaN618,403,82,1.7976931348623157e+308,403,213,25,82\",\"1\":213,\"2\":5,\"3\":[618,403,82,1.7976931348623157e+308,403,213,25,82]}","{\"0\":\"NaN618,403,82,1.7976931348623157e+308,403,213,25,82\",\"1\":25,\"2\":6,\"3\":[618,403,82,1.7976931348623157e+308,403,213,25,82]}","{\"0\":\"NaN618,403,82,1.7976931348623157e+308,403,213,25,82\",\"1\":82,\"2\":7,\"3\":[618,403,82,1.7976931348623157e+308,403,213,25,82]}","{\"0\":null,\"1\":618,\"2\":0,\"3\":[618,403,82,1.7976931348623157e+308,403,213,25,82]}","{\"0\":null,\"1\":403,\"2\":1,\"3\":[618,403,82,1.7976931348623157e+308,403,213,25,82]}","{\"0\":null,\"1\":82,\"2\":2,\"3\":[618,403,82,1.7976931348623157e+308,403,213,25,82]}","{\"0\":null,\"1\":1.7976931348623157e+308,\"2\":3,\"3\":[618,403,82,1.7976931348623157e+308,403,213,25,82]}","{\"0\":null,\"1\":403,\"2\":4,\"3\":[618,403,82,1.7976931348623157e+308,403,213,25,82]}","{\"0\":null,\"1\":213,\"2\":5,\"3\":[618,403,82,1.7976931348623157e+308,403,213,25,82]}","{\"0\":null,\"1\":25,\"2\":6,\"3\":[618,403,82,1.7976931348623157e+308,403,213,25,82]}","{\"0\":null,\"1\":82,\"2\":7,\"3\":[618,403,82,1.7976931348623157e+308,403,213,25,82]}","{\"1\":618,\"2\":0,\"3\":[618,403,82,1.7976931348623157e+308,403,213,25,82]}","{\"0\":null,\"1\":403,\"2\":1,\"3\":[618,403,82,1.7976931348623157e+308,403,213,25,82]}","{\"0\":null,\"1\":82,\"2\":2,\"3\":[618,403,82,1.7976931348623157e+308,403,213,25,82]}","{\"0\":null,\"1\":1.7976931348623157e+308,\"2\":3,\"3\":[618,403,82,1.7976931348623157e+308,403,213,25,82]}","{\"0\":null,\"1\":403,\"2\":4,\"3\":[618,403,82,1.7976931348623157e+308,403,213,25,82]}","{\"0\":null,\"1\":213,\"2\":5,\"3\":[618,403,82,1.7976931348623157e+308,403,213,25,82]}","{\"0\":null,\"1\":25,\"2\":6,\"3\":[618,403,82,1.7976931348623157e+308,403,213,25,82]}","{\"0\":null,\"1\":82,\"2\":7,\"3\":[618,403,82,1.7976931348623157e+308,403,213,25,82]}"]}