{"baseObjects":["[213,59,{\"607\":122,\"655\":213,\"^z\":893,\"PAk\":\"\",\"9.449852143916053e+307\":3.5471890878934107e+307,\"T\":1.5243072351506423e+307,\"F\":1.6995693119694865e+308,\"\":714,\"{\":460},126,126]","[213,59,5e-324,126,126]","[213,59,5e-324,126,126]","[213,59,5e-324,126,126]"],"returnObjects":["null","\"Error\"","\"Error\"","\"Error\""],"callbackArgs":["{\"0\":{\"595\":\"\",\"618\":\"M2w\",\"843\":213,\"P\":\"\",\"3.450190584515765e+307\":8.979697330131496e+307,\"2.947453644412264e+306\":\"\",\"B\":\"\",\"i\":25,\"\":1.3195120910380904e+308,\"x!\":1.248905932273327e+308},\"1\":213,\"2\":0,\"3\":[213,59,5e-324,126,126]}","{\"0\":null,\"1\":59,\"2\":1,\"3\":[213,59,{\"607\":122,\"655\":213,\"^z\":893,\"PAk\":\"\",\"9.449852143916053e+307\":3.5471890878934107e+307,\"T\":1.5243072351506423e+307,\"F\":1.6995693119694865e+308,\"\":714,\"{\":460},126,126]}","{\"0\":null,\"1\":{\"607\":122,\"655\":213,\"^z\":893,\"PAk\":\"\",\"9.449852143916053e+307\":3.5471890878934107e+307,\"T\":1.5243072351506423e+307,\"F\":1.6995693119694865e+308,\"\":714,\"{\":460},\"2\":2,\"3\":[213,59,{\"607\":122,\"655\":213,\"^z\":893,\"PAk\":\"\",\"9.449852143916053e+307\":3.5471890878934107e+307,\"T\":1.5243072351506423e+307,\"F\":1.6995693119694865e+308,\"\":714,\"{\":460},126,126]}","{\"0\":null,\"1\":126,\"2\":3,\"3\":[213,59,{\"607\":122,\"655\":213,\"^z\":893,\"PAk\":\"\",\"9.449852143916053e+307\":3.5471890878934107e+307,\"T\":1.5243072351506423e+307,\"F\":1.6995693119694865e+308,\"\":714,\"{\":460},126,126]}","{\"0\":null,\"1\":126,\"2\":4,\"3\":[213,59,{\"607\":122,\"655\":213,\"^z\":893,\"PAk\":\"\",\"9.449852143916053e+307\":3.5471890878934107e+307,\"T\":1.5243072351506423e+307,\"F\":1.6995693119694865e+308,\"\":714,\"{\":460},126,126]}","{\"1\":213,\"2\":0,\"3\":[213,59,5e-324,126,126]}"]}