{"baseObjects":["[714,false,49,1.625098543730699e+308,783,783,82,126,893]","[714,460,49,59,783,783,82,126,893]","[714,460,49,59,783,783,82,126,893]","[714,460,49,59,783,783,82,1.3216508928445159e+308,893]"],"returnObjects":["null","\"Error\"","\"Error\"","null"],"callbackArgs":["{\"0\":714,\"1\":460,\"2\":1,\"3\":[714,460,49,59,783,783,82,126,893]}","{\"0\":null,\"1\":49,\"2\":2,\"3\":[714,false,49,1.625098543730699e+308,783,783,82,126,893]}","{\"0\":null,\"1\":1.625098543730699e+308,\"2\":3,\"3\":[714,false,49,1.625098543730699e+308,783,783,82,126,893]}","{\"0\":null,\"1\":783,\"2\":4,\"3\":[714,false,49,1.625098543730699e+308,783,783,82,126,893]}","{\"0\":null,\"1\":783,\"2\":5,\"3\":[714,false,49,1.625098543730699e+308,783,783,82,126,893]}","{\"0\":null,\"1\":82,\"2\":6,\"3\":[714,false,49,1.625098543730699e+308,783,783,82,126,893]}","{\"0\":null,\"1\":126,\"2\":7,\"3\":[714,false,49,1.625098543730699e+308,783,783,82,126,893]}","{\"0\":null,\"1\":893,\"2\":8,\"3\":[714,false,49,1.625098543730699e+308,783,783,82,126,893]}","{\"0\":714,\"1\":460,\"2\":1,\"3\":[714,460,49,59,783,783,82,126,893]}","{\"0\":null,\"1\":49,\"2\":2,\"3\":[714,460,49,59,783,783,82,1.3216508928445159e+308,893]}","{\"0\":null,\"1\":59,\"2\":3,\"3\":[714,460,49,59,783,783,82,1.3216508928445159e+308,893]}","{\"0\":null,\"1\":783,\"2\":4,\"3\":[714,460,49,59,783,783,82,1.3216508928445159e+308,893]}","{\"0\":null,\"1\":783,\"2\":5,\"3\":[714,460,49,59,783,783,82,1.3216508928445159e+308,893]}","{\"0\":null,\"1\":82,\"2\":6,\"3\":[714,460,49,59,783,783,82,1.3216508928445159e+308,893]}","{\"0\":null,\"1\":1.3216508928445159e+308,\"2\":7,\"3\":[714,460,49,59,783,783,82,1.3216508928445159e+308,893]}","{\"0\":null,\"1\":893,\"2\":8,\"3\":[714,460,49,59,783,783,82,1.3216508928445159e+308,893]}"]}