{"baseObjects":["[403,783,-100,157,595]","[403,783,-100,157,595]","2.5975651431371023e+307","{\"157\":1.2559538218849188e+308,\"655\":\"\",\"823\":122,\"?*\":\"8D*(N)\",\"\":1.236199985155341e+308,\"1.7819937856474542e+308\":82,\"2.7798921031962303e+307\":\"\",\"1.6867091063331294e+308\":969,\"1.0071186350169818e+308\":25}"],"returnObjects":["\"Error\"","\"Error\"","null","\"403403,,-100,157,[object Object]1403,,-100,157,[object Object]-1002403,,-100,157,[object Object]1573403,,-100,157,[object Object][object Object]4403,,-100,157,[object Object]\""],"callbackArgs":["{\"0\":false,\"1\":403,\"2\":0,\"3\":[403,783,-100,157,595]}","{\"0\":null,\"1\":783,\"2\":1,\"3\":[403,783,-100,157,595,null,{\"1.1124322077573265e+308\":1.3697700927298416e+308}]}","{\"0\":null,\"1\":-100,\"2\":2,\"3\":[403,783,-100,157,595,null,{\"1.1124322077573265e+308\":1.3697700927298416e+308}]}","{\"0\":null,\"1\":157,\"2\":3,\"3\":[403,783,-100,157,595,null,{\"1.1124322077573265e+308\":1.3697700927298416e+308}]}","{\"0\":null,\"1\":595,\"2\":4,\"3\":[403,783,-100,157,595,null,{\"1.1124322077573265e+308\":1.3697700927298416e+308}]}","{\"0\":false,\"1\":403,\"2\":0,\"3\":[403,783,-100,157,595]}","{\"0\":\"403403,,-100,157,[object Object]\",\"1\":\"\",\"2\":1,\"3\":[403,\"\",-100,157,{\"Fd\":5e-324,\"\":\"\",\"-100\":\"\"}]}","{\"0\":\"403403,,-100,157,[object Object]1403,,-100,157,[object Object]\",\"1\":-100,\"2\":2,\"3\":[403,\"\",-100,157,{\"Fd\":5e-324,\"\":\"\",\"-100\":\"\"}]}","{\"0\":\"403403,,-100,157,[object Object]1403,,-100,157,[object Object]-1002403,,-100,157,[object Object]\",\"1\":157,\"2\":3,\"3\":[403,\"\",-100,157,{\"Fd\":5e-324,\"\":\"\",\"-100\":\"\"}]}","{\"0\":\"403403,,-100,157,[object Object]1403,,-100,157,[object Object]-1002403,,-100,157,[object Object]1573403,,-100,157,[object Object]\",\"1\":{\"Fd\":5e-324,\"\":\"\",\"-100\":\"\"},\"2\":4,\"3\":[403,\"\",-100,157,{\"Fd\":5e-324,\"\":\"\",\"-100\":\"\"}]}"]}