{"baseObjects":["[126,242,969,1.7976931348623157e+308,823,460,607,460]","[126,242,969,1.7976931348623157e+308,823,460,607,460]","[126,242,969,{\"25\":1.8440685894947903e+307,\"157\":\"#\",\"607\":783,\"783\":242,\"\":1.4830441451385347e+308,\"2.179317288159317e+307\":\"y\",\"1.7976931348623157e+308\":1.3203768818514431e+308,\"1.0926725297658841e+307\":\"tK\"},823,460,607,460]","[126,242,969,1.7976931348623157e+308,823,460,607,460]"],"returnObjects":["\"NaN126,242,969,1.7976931348623157e+308,823,460,607,460\"","\"Error\"","\"Error\"","\"Error\""],"callbackArgs":["{\"1\":126,\"2\":0,\"3\":[126,242,969,1.7976931348623157e+308,823,460,607,460]}","{\"0\":\"NaN126,242,969,1.7976931348623157e+308,823,460,607,460\",\"1\":242,\"2\":1,\"3\":[126,242,969,1.7976931348623157e+308,823,460,607,460]}","{\"0\":\"NaN126,242,969,1.7976931348623157e+308,823,460,607,460\",\"1\":969,\"2\":2,\"3\":[126,242,969,1.7976931348623157e+308,823,460,607,460]}","{\"0\":\"NaN126,242,969,1.7976931348623157e+308,823,460,607,460\",\"1\":1.7976931348623157e+308,\"2\":3,\"3\":[126,242,969,1.7976931348623157e+308,823,460,607,460]}","{\"0\":\"NaN126,242,969,1.7976931348623157e+308,823,460,607,460\",\"1\":823,\"2\":4,\"3\":[126,242,969,1.7976931348623157e+308,823,460,607,460]}","{\"0\":\"NaN126,242,969,1.7976931348623157e+308,823,460,607,460\",\"1\":460,\"2\":5,\"3\":[126,242,969,1.7976931348623157e+308,823,460,607,460]}","{\"0\":\"NaN126,242,969,1.7976931348623157e+308,823,460,607,460\",\"1\":607,\"2\":6,\"3\":[126,242,969,1.7976931348623157e+308,823,460,607,460]}","{\"0\":\"NaN126,242,969,1.7976931348623157e+308,823,460,607,460\",\"1\":460,\"2\":7,\"3\":[126,242,969,1.7976931348623157e+308,823,460,607,460]}","{\"1\":126,\"2\":0,\"3\":[126,242,969,1.7976931348623157e+308,823,460,607,460]}"]}