{"baseObjects":["[403,5e-324]","[403,5e-324,null,null,null,[\"u\",\"{k^8\",\"#U\",\"*\",\"P\",1.7976931348623157e+308,\"h\",49,705]]","[403,5e-324]","[403,5e-324]"],"returnObjects":["\"Error\"","null","\"Error\"","\"Error\""],"callbackArgs":["{\"1\":403,\"2\":0,\"3\":[403,5e-324]}","{\"0\":null,\"1\":5e-324,\"2\":1,\"3\":[403,5e-324,null,null,null,[\"u\",\"{k^8\",\"#U\",\"*\",\"P\",1.7976931348623157e+308,\"h\",49,705]]}","{\"0\":403,\"1\":5e-324,\"2\":1,\"3\":[403,5e-324]}"]}