{"baseObjects":["[\" \",\"H$k]\",\"@\",\":z!\",\"$!\",\"[9\",\"H\"]","[\" \",\"H$k]\",\"@\",\":z!\",\"$!\",\"[9\",\"H\"]","[\" \",[157,1.7976931348623157e+308],\"@\",\":z!\",\"$!\",\"[9\",\"H\"]","[\" \",\"H$k]\",\"@\",\":z!\",\"$!\",\"[9\",\"H\"]"],"returnObjects":["null","\"Error\"","\"NaN ,157,1.7976931348623157e+308,@,:z!,$!,[9,H\"","\"Error\""],"callbackArgs":["{\"0\":false,\"1\":\" \",\"2\":0,\"3\":[\" \",\"H$k]\",\"@\",\":z!\",\"$!\",\"[9\",\"H\"]}","{\"0\":null,\"1\":\"H$k]\",\"2\":1,\"3\":[\" \",\"H$k]\",\"@\",\":z!\",\"$!\",\"[9\",\"H\"]}","{\"0\":null,\"1\":\"@\",\"2\":2,\"3\":[\" \",\"H$k]\",\"@\",\":z!\",\"$!\",\"[9\",\"H\"]}","{\"0\":null,\"1\":\":z!\",\"2\":3,\"3\":[\" \",\"H$k]\",\"@\",\":z!\",\"$!\",\"[9\",\"H\"]}","{\"0\":null,\"1\":\"$!\",\"2\":4,\"3\":[\" \",\"H$k]\",\"@\",\":z!\",\"$!\",\"[9\",\"H\"]}","{\"0\":null,\"1\":\"[9\",\"2\":5,\"3\":[\" \",\"H$k]\",\"@\",\":z!\",\"$!\",\"[9\",\"H\"]}","{\"0\":null,\"1\":\"H\",\"2\":6,\"3\":[\" \",\"H$k]\",\"@\",\":z!\",\"$!\",\"[9\",\"H\"]}","{\"0\":{\"3\":\"lO1\",\"969\":893,\"1.761811980200124e+308\":\"\",\"1.5466706922871835e+308\":7.305952014860319e+307,\"1.6192748375780026e+308\":5.365209660229085e+307,\"8.265820712619537e+307\":\"R\"},\"1\":\" \",\"2\":0,\"3\":[\" \",\"H$k]\",\"@\",\":z!\",\"$!\",\"[9\",\"H\"]}","{\"0\":\"NaN ,157,1.7976931348623157e+308,@,:z!,$!,[9,H\",\"1\":[157,1.7976931348623157e+308],\"2\":1,\"3\":[\" \",[157,1.7976931348623157e+308],\"@\",\":z!\",\"$!\",\"[9\",\"H\"]}","{\"0\":\"NaN ,157,1.7976931348623157e+308,@,:z!,$!,[9,H\",\"1\":\"@\",\"2\":2,\"3\":[\" \",[157,1.7976931348623157e+308],\"@\",\":z!\",\"$!\",\"[9\",\"H\"]}","{\"0\":\"NaN ,157,1.7976931348623157e+308,@,:z!,$!,[9,H\",\"1\":\":z!\",\"2\":3,\"3\":[\" \",[157,1.7976931348623157e+308],\"@\",\":z!\",\"$!\",\"[9\",\"H\"]}","{\"0\":\"NaN ,157,1.7976931348623157e+308,@,:z!,$!,[9,H\",\"1\":\"$!\",\"2\":4,\"3\":[\" \",[157,1.7976931348623157e+308],\"@\",\":z!\",\"$!\",\"[9\",\"H\"]}","{\"0\":\"NaN ,157,1.7976931348623157e+308,@,:z!,$!,[9,H\",\"1\":\"[9\",\"2\":5,\"3\":[\" \",[157,1.7976931348623157e+308],\"@\",\":z!\",\"$!\",\"[9\",\"H\"]}","{\"0\":\"NaN ,157,1.7976931348623157e+308,@,:z!,$!,[9,H\",\"1\":\"H\",\"2\":6,\"3\":[\" \",[157,1.7976931348623157e+308],\"@\",\":z!\",\"$!\",\"[9\",\"H\"]}"]}