{"baseObjects":["[823,49,157,843,460]","[823,49,157,843,460]","[823,49,157,843,460]","[null,49,157,843,460,false]"],"returnObjects":["null","null","\"Error\"","null"],"callbackArgs":["{\"0\":823,\"1\":49,\"2\":1,\"3\":[823,49,157,843,460]}","{\"0\":null,\"1\":157,\"2\":2,\"3\":[823,49,157,843,460]}","{\"0\":null,\"1\":843,\"2\":3,\"3\":[823,49,157,843,460]}","{\"0\":null,\"1\":460,\"2\":4,\"3\":[823,49,157,843,460]}","{\"0\":true,\"1\":823,\"2\":0,\"3\":[823,49,157,843,460]}","{\"0\":null,\"1\":49,\"2\":1,\"3\":[823,49,157,843,460]}","{\"0\":null,\"1\":157,\"2\":2,\"3\":[823,49,157,843,460]}","{\"0\":null,\"1\":843,\"2\":3,\"3\":[823,49,157,843,460]}","{\"0\":null,\"1\":460,\"2\":4,\"3\":[823,49,157,843,460]}","{\"0\":{\"242\":3.6085117641773053e+307,\"460\":843,\"lS\":\"x)\",\"CS\":\"\",\"\":100,\"1.2586046630485439e+308\":82,\"1.2872014662156226e+308\":2.2545404983711396e+307,\"%R\":4.0858474286082526e+307,\"2.487495937779755e+307\":403,\"8.568431765833078e+307\":\"n\"},\"1\":823,\"2\":0,\"3\":[823,49,157,843,460]}","{\"0\":null,\"1\":49,\"2\":1,\"3\":[null,49,157,843,460,false]}","{\"0\":null,\"1\":157,\"2\":2,\"3\":[null,49,157,843,460,false]}","{\"0\":null,\"1\":843,\"2\":3,\"3\":[null,49,157,843,460,false]}","{\"0\":null,\"1\":460,\"2\":4,\"3\":[null,49,157,843,460,false]}"]}