{"baseObjects":["[59,783,843]","[59,783,843,null,null,null,{\"122\":893,\"=r>I\":\"77L!\",\"\":\"\",\"[\":\"\",\"1.300084349654927e+308\":655}]","[59,783,843]","[59,783,843,null,null,null,{\"0\":\"[J[m\",\"82\":969,\"157\":618,\"969\":\"\",\"5.845829274609121e+306\":\"\",\"2.1471019654663102e+307\":\"\",\"e\":9.895294639369108e+307,\"\":\"ff\",\"B18\":\"\"}]"],"returnObjects":["\"Error\"","null","\"Error\"","\"Error\""],"callbackArgs":["{\"0\":false,\"1\":59,\"2\":0,\"3\":[59,783,843]}","{\"0\":null,\"1\":783,\"2\":1,\"3\":[59,783,843,null,null,null,{\"122\":893,\"=r>I\":\"77L!\",\"\":\"\",\"[\":\"\",\"1.300084349654927e+308\":655}]}","{\"0\":null,\"1\":843,\"2\":2,\"3\":[59,783,843,null,null,null,{\"122\":893,\"=r>I\":\"77L!\",\"\":\"\",\"[\":\"\",\"1.300084349654927e+308\":655}]}","{\"1\":59,\"2\":0,\"3\":[59,783,843]}"]}