{"baseObjects":["[714,823,100]","[714,823,100,null,null,null,\"a\"]","[714,823,100]","[714,823,100]"],"returnObjects":["null","\"NaN714,823,100,,,,a\"","null","\"Error\""],"callbackArgs":["{\"0\":false,\"1\":714,\"2\":0,\"3\":[714,823,100]}","{\"0\":null,\"1\":823,\"2\":1,\"3\":[714,823,100]}","{\"0\":null,\"1\":100,\"2\":2,\"3\":[714,823,100]}","{\"0\":{\"2\":1.1243562499838322e+308,\"100\":242,\"122\":\">U\",\"595\":\"w\",\"607\":\"\",\"1.1833246105497141e+307\":1.3777966799054066e+308,\"\":8.501427076177693e+307,\"1.0865393937019784e+308\":6.809372615159445e+307,\"2.4743578143388917e+307\":1.6296856827698392e+308},\"1\":714,\"2\":0,\"3\":[714,823,100]}","{\"0\":\"NaN714,823,100,,,,a\",\"1\":823,\"2\":1,\"3\":[714,823,100,null,null,null,\"a\"]}","{\"0\":\"NaN714,823,100,,,,a\",\"1\":100,\"2\":2,\"3\":[714,823,100,null,null,null,\"a\"]}","{\"0\":714,\"1\":823,\"2\":1,\"3\":[714,823,100]}","{\"0\":null,\"1\":100,\"2\":2,\"3\":[714,823,100]}"]}