{"baseObjects":["[{\"5\":607,\"618\":122,\"-\":\"e-\",\"\":\"\",\"n\":1.087405326894234e+308,\"1.8321862276082922e+307\":\"53Q\"},843,618,242,460,100]","[893,843,618,242,460,100]","[893,843,618,242,460,100]","[893,843,618,242,460,100]"],"returnObjects":["null","null","null","null"],"callbackArgs":["{\"0\":893,\"1\":843,\"2\":1,\"3\":[893,843,618,242,460,100]}","{\"0\":null,\"1\":618,\"2\":2,\"3\":[{\"5\":607,\"618\":122,\"-\":\"e-\",\"\":\"\",\"n\":1.087405326894234e+308,\"1.8321862276082922e+307\":\"53Q\"},843,618,242,460,100]}","{\"0\":null,\"1\":242,\"2\":3,\"3\":[{\"5\":607,\"618\":122,\"-\":\"e-\",\"\":\"\",\"n\":1.087405326894234e+308,\"1.8321862276082922e+307\":\"53Q\"},843,618,242,460,100]}","{\"0\":null,\"1\":460,\"2\":4,\"3\":[{\"5\":607,\"618\":122,\"-\":\"e-\",\"\":\"\",\"n\":1.087405326894234e+308,\"1.8321862276082922e+307\":\"53Q\"},843,618,242,460,100]}","{\"0\":null,\"1\":100,\"2\":5,\"3\":[{\"5\":607,\"618\":122,\"-\":\"e-\",\"\":\"\",\"n\":1.087405326894234e+308,\"1.8321862276082922e+307\":\"53Q\"},843,618,242,460,100]}","{\"0\":893,\"1\":843,\"2\":1,\"3\":[893,843,618,242,460,100]}","{\"0\":null,\"1\":618,\"2\":2,\"3\":[893,843,618,242,460,100]}","{\"0\":null,\"1\":242,\"2\":3,\"3\":[893,843,618,242,460,100]}","{\"0\":null,\"1\":460,\"2\":4,\"3\":[893,843,618,242,460,100]}","{\"0\":null,\"1\":100,\"2\":5,\"3\":[893,843,618,242,460,100]}","{\"0\":893,\"1\":843,\"2\":1,\"3\":[893,843,618,242,460,100]}","{\"0\":null,\"1\":618,\"2\":2,\"3\":[893,843,618,242,460,100]}","{\"0\":null,\"1\":242,\"2\":3,\"3\":[893,843,618,242,460,100]}","{\"0\":null,\"1\":460,\"2\":4,\"3\":[893,843,618,242,460,100]}","{\"0\":null,\"1\":100,\"2\":5,\"3\":[893,843,618,242,460,100]}","{\"0\":893,\"1\":843,\"2\":1,\"3\":[893,843,618,242,460,100]}","{\"0\":null,\"1\":618,\"2\":2,\"3\":[893,843,618,242,460,100]}","{\"0\":null,\"1\":242,\"2\":3,\"3\":[893,843,618,242,460,100]}","{\"0\":null,\"1\":460,\"2\":4,\"3\":[893,843,618,242,460,100]}","{\"0\":null,\"1\":100,\"2\":5,\"3\":[893,843,618,242,460,100]}"]}