{"baseObjects":["[126,1.7976931348623157e+308,100,126]","[126,1.7976931348623157e+308,100,126]","[126,1.7976931348623157e+308,100,126]","[126,1.7976931348623157e+308,100,126]"],"returnObjects":["\"Error\"","\"Error\"","\"Error\"","\"Error\""],"callbackArgs":["{\"1\":126,\"2\":0,\"3\":[126,1.7976931348623157e+308,100,126]}"]}