{"baseObjects":["714","[49,893,100,618,783,618]","[49,893,100,618,783,618]","[49,893,100,618,783,{\"460\":242,\"618\":\"9$1=y:\",\"\":\"C\",\"1.6811010596253318e+308\":\"\",\"1.2947024915568194e+308\":\"(RH\",\"e\":2.3662647370926807e+307,\"dhx\":4.210349757433377e+307}]"],"returnObjects":["null","\"Error\"","\"Error\"","\"Error\""],"callbackArgs":["{\"0\":49,\"1\":893,\"2\":1,\"3\":[49,893,100,618,783,618]}","{\"0\":null,\"1\":100,\"2\":2,\"3\":[49,893,100,618,783,618]}","{\"0\":null,\"1\":618,\"2\":3,\"3\":[49,893,100,618,783,618]}","{\"0\":null,\"1\":783,\"2\":4,\"3\":[49,893,100,618,783,618]}","{\"0\":null,\"1\":618,\"2\":5,\"3\":[49,893,100,618,783,618]}","{\"0\":null,\"1\":49,\"2\":0,\"3\":[49,893,100,618,783,618]}","{\"0\":{\"122\":714,\"\":\"\",\",\":1.0754487419500405e+308},\"1\":49,\"2\":0,\"3\":[49,893,100,618,783,618]}"]}