{"baseObjects":["[100,126,122,893,25,655,843,100]","[100,126,122,893,25,655,843,100]","[100,126,122,893,25,655,843,100]","[100,126,122,893,25,655,843,100]"],"returnObjects":["\"Error\"","null","\"Error\"","\"Error\""],"callbackArgs":["{\"0\":{\"460\":843,\"\":6.376554290485816e+307,\"i\":-1,\"DOb\":3.6083472067713374e+307},\"1\":100,\"2\":0,\"3\":[100,126,122,893,25,655,843,100]}","{\"0\":null,\"1\":126,\"2\":1,\"3\":[100,126,122,893,25,655,843,100]}","{\"0\":null,\"1\":122,\"2\":2,\"3\":[100,126,122,893,25,655,843,100]}","{\"0\":null,\"1\":893,\"2\":3,\"3\":[100,126,122,893,25,655,843,100]}","{\"0\":null,\"1\":25,\"2\":4,\"3\":[100,126,122,893,25,655,843,100]}","{\"0\":null,\"1\":655,\"2\":5,\"3\":[100,126,122,893,25,655,843,100]}","{\"0\":null,\"1\":843,\"2\":6,\"3\":[100,126,122,893,25,655,843,100]}","{\"0\":null,\"1\":100,\"2\":7,\"3\":[100,126,122,893,25,655,843,100]}"]}