{"baseObjects":["\"\"","[213,49,893]","[213,49,893]","[213,\"Fj\",893,null,null,null,[783,5e-324,\";3N\",\"-\",\"N\",\"k\",823,893]]"],"returnObjects":["null","null","\"Error\"","null"],"callbackArgs":["{\"0\":null,\"1\":213,\"2\":0,\"3\":[213,49,893]}","{\"0\":null,\"1\":49,\"2\":1,\"3\":[213,49,893]}","{\"0\":null,\"1\":893,\"2\":2,\"3\":[213,49,893]}","{\"0\":[0,126,100,1.7976931348623157e+308,627,213,607,242,-100],\"1\":213,\"2\":0,\"3\":[213,49,893]}","{\"0\":null,\"1\":49,\"2\":1,\"3\":[213,49,893]}","{\"0\":null,\"1\":893,\"2\":2,\"3\":[213,49,893]}","{\"1\":213,\"2\":0,\"3\":[213,49,893]}","{\"0\":{\"100\":\"lQ@\",\"705\":\"{\",\"714\":969,\"\":1.152323785127697e+308,\"1.581220377348514e+308\":\"9\"},\"1\":213,\"2\":0,\"3\":[213,49,893]}","{\"0\":null,\"1\":\"Fj\",\"2\":1,\"3\":[213,\"Fj\",893,null,null,null,[783,5e-324,\";3N\",\"-\",\"N\",\"k\",823,893]]}","{\"0\":null,\"1\":893,\"2\":2,\"3\":[213,\"Fj\",893,null,null,null,[783,5e-324,\";3N\",\"-\",\"N\",\"k\",823,893]]}"]}