{"baseObjects":["[403,157,{\"0\":\"})\",\"122\":1.1279234059670967e+307,\"157\":\"\",\"9.16505778295852e+307\":893},460]","[403,157,213,460,null,null,false]","[403,157,213,460]","[403,157,213,460]"],"returnObjects":["\"NaN403,157,[object Object],460\"","null","\"Error\"","\"Error\""],"callbackArgs":["{\"0\":null,\"1\":403,\"2\":0,\"3\":[403,157,213,460]}","{\"0\":\"0403,157,[object Object],460\",\"1\":157,\"2\":1,\"3\":[403,157,{\"0\":\"})\",\"122\":1.1279234059670967e+307,\"157\":\"\",\"9.16505778295852e+307\":893},460]}","{\"0\":\"NaN403,157,[object Object],460\",\"1\":{\"0\":\"})\",\"122\":1.1279234059670967e+307,\"157\":\"\",\"9.16505778295852e+307\":893},\"2\":2,\"3\":[403,157,{\"0\":\"})\",\"122\":1.1279234059670967e+307,\"157\":\"\",\"9.16505778295852e+307\":893},460]}","{\"0\":\"NaN403,157,[object Object],460\",\"1\":460,\"2\":3,\"3\":[403,157,{\"0\":\"})\",\"122\":1.1279234059670967e+307,\"157\":\"\",\"9.16505778295852e+307\":893},460]}","{\"0\":false,\"1\":403,\"2\":0,\"3\":[403,157,213,460]}","{\"0\":null,\"1\":157,\"2\":1,\"3\":[403,157,213,460,null,null,false]}","{\"0\":null,\"1\":213,\"2\":2,\"3\":[403,157,213,460,null,null,false]}","{\"0\":null,\"1\":460,\"2\":3,\"3\":[403,157,213,460,null,null,false]}"]}