{"baseObjects":["[122,607,893]","[122,607,893]","7.771349551919684e+307","[122,607,893]"],"returnObjects":["\"NaN122,607,893\"","\"Error\"","\"Error\"","\"Error\""],"callbackArgs":["{\"0\":122,\"1\":607,\"2\":1,\"3\":[122,607,893]}","{\"0\":\"0.20098846787479407122,607,893\",\"1\":893,\"2\":2,\"3\":[122,607,893]}","{\"0\":122,\"1\":607,\"2\":1,\"3\":[122,607,893]}","{\"0\":null,\"1\":{\"2.7975314907795685e+305\":1.0169668642311516e+308,\"\":618},\"2\":2,\"3\":[122,607,{\"2.7975314907795685e+305\":1.0169668642311516e+308,\"\":618}]}"]}