{"baseObjects":["[59,122,126,100,49,823]","[59,122,126,100,49,823]","[59,122,126,100,49,823]","[59,122,126,100,49,823]"],"returnObjects":["null","\"Infinity59,122,126,100,49,82312259,122,126,100,49,8236359,122,126,100,49,82333.33333333333333659,122,126,100,49,82312.2559,122,126,100,49,823164.659,122,126,100,49,823\"","\"Error\"","\"Error\""],"callbackArgs":["{\"0\":[893],\"1\":59,\"2\":0,\"3\":[59,122,126,100,49,823]}","{\"0\":null,\"1\":122,\"2\":1,\"3\":[59,122,126,100,49,823]}","{\"0\":null,\"1\":126,\"2\":2,\"3\":[59,122,126,100,49,823]}","{\"0\":null,\"1\":100,\"2\":3,\"3\":[59,122,126,100,49,823]}","{\"0\":null,\"1\":49,\"2\":4,\"3\":[59,122,126,100,49,823]}","{\"0\":null,\"1\":823,\"2\":5,\"3\":[59,122,126,100,49,823]}","{\"0\":false,\"1\":59,\"2\":0,\"3\":[59,122,126,100,49,823]}","{\"0\":\"Infinity59,122,126,100,49,823\",\"1\":122,\"2\":1,\"3\":[59,122,126,100,49,823]}","{\"0\":\"Infinity59,122,126,100,49,82312259,122,126,100,49,823\",\"1\":126,\"2\":2,\"3\":[59,122,126,100,49,823]}","{\"0\":\"Infinity59,122,126,100,49,82312259,122,126,100,49,8236359,122,126,100,49,823\",\"1\":100,\"2\":3,\"3\":[59,122,126,100,49,823]}","{\"0\":\"Infinity59,122,126,100,49,82312259,122,126,100,49,8236359,122,126,100,49,82333.33333333333333659,122,126,100,49,823\",\"1\":49,\"2\":4,\"3\":[59,122,126,100,49,823]}","{\"0\":\"Infinity59,122,126,100,49,82312259,122,126,100,49,8236359,122,126,100,49,82333.33333333333333659,122,126,100,49,82312.2559,122,126,100,49,823\",\"1\":823,\"2\":5,\"3\":[59,122,126,100,49,823]}"]}