{"baseObjects":["[82,595,705]","[82,595,705]","[82,595,705]","[82,595,705,null,null,null,null,{\"100\":6.586888326772212e+307,\"403\":25,\"705\":\"X\",\"i\":\"\",\"7.109681938354688e+307\":\"\",\"5.297317327138182e+307\":157}]"],"returnObjects":["null","null","\"Error\"","null"],"callbackArgs":["{\"0\":82,\"1\":595,\"2\":1,\"3\":[82,595,705]}","{\"0\":null,\"1\":705,\"2\":2,\"3\":[82,595,705]}","{\"0\":[59,\"U\",\"E;X|6\"],\"1\":82,\"2\":0,\"3\":[82,595,705]}","{\"0\":null,\"1\":595,\"2\":1,\"3\":[82,595,705]}","{\"0\":null,\"1\":705,\"2\":2,\"3\":[82,595,705]}","{\"0\":true,\"1\":82,\"2\":0,\"3\":[82,595,705]}","{\"0\":null,\"1\":595,\"2\":1,\"3\":[82,595,705,null,null,null,null,{\"100\":6.586888326772212e+307,\"403\":25,\"705\":\"X\",\"i\":\"\",\"7.109681938354688e+307\":\"\",\"5.297317327138182e+307\":157}]}","{\"0\":null,\"1\":705,\"2\":2,\"3\":[82,595,705,null,null,null,null,{\"100\":6.586888326772212e+307,\"403\":25,\"705\":\"X\",\"i\":\"\",\"7.109681938354688e+307\":\"\",\"5.297317327138182e+307\":157}]}"]}