{"baseObjects":["[595,893,49,100]","[595,893,49,100]","[595,893,49,100]","[595,893,49,100]"],"returnObjects":["\"Error\"","null","\"Error\"","\"Error\""],"callbackArgs":["{\"0\":{\"100\":6.434012597472223e+307,\"655\":\"S\",\"\":1.0568436045445176e+307,\"x\":122,\":\":\"\"},\"1\":595,\"2\":0,\"3\":[595,893,49,100]}","{\"0\":null,\"1\":893,\"2\":1,\"3\":[595,893,49,100]}","{\"0\":null,\"1\":49,\"2\":2,\"3\":[595,893,49,100]}","{\"0\":null,\"1\":100,\"2\":3,\"3\":[595,893,49,100]}"]}