{"baseObjects":["[1.4023121779527174e+308,[618,-1,893,823,1.7976931348623157e+308,607],823,\"J\",126,\"k\",\"LU\"]","[\"`<5;\",1.7976931348623157e+308,823,\"J\",126,\"k\",\"LU\"]","[\"`<5;\",1.7976931348623157e+308,823,\"J\",126,\"k\",\"LU\"]","[\"`<5;\",1.7976931348623157e+308,823,\"J\",126,\"k\",\"LU\"]"],"returnObjects":["null","\"Error\"","\"Error\"","\"Error\""],"callbackArgs":["{\"0\":\"`<5;\",\"1\":1.7976931348623157e+308,\"2\":1,\"3\":[\"`<5;\",1.7976931348623157e+308,823,\"J\",126,\"k\",\"LU\"]}","{\"0\":null,\"1\":823,\"2\":2,\"3\":[1.4023121779527174e+308,[618,-1,893,823,1.7976931348623157e+308,607],823,\"J\",126,\"k\",\"LU\"]}","{\"0\":null,\"1\":\"J\",\"2\":3,\"3\":[1.4023121779527174e+308,[618,-1,893,823,1.7976931348623157e+308,607],823,\"J\",126,\"k\",\"LU\"]}","{\"0\":null,\"1\":126,\"2\":4,\"3\":[1.4023121779527174e+308,[618,-1,893,823,1.7976931348623157e+308,607],823,\"J\",126,\"k\",\"LU\"]}","{\"0\":null,\"1\":\"k\",\"2\":5,\"3\":[1.4023121779527174e+308,[618,-1,893,823,1.7976931348623157e+308,607],823,\"J\",126,\"k\",\"LU\"]}","{\"0\":null,\"1\":\"LU\",\"2\":6,\"3\":[1.4023121779527174e+308,[618,-1,893,823,1.7976931348623157e+308,607],823,\"J\",126,\"k\",\"LU\"]}","{\"1\":\"`<5;\",\"2\":0,\"3\":[\"`<5;\",1.7976931348623157e+308,823,\"J\",126,\"k\",\"LU\"]}"]}