{"baseObjects":["[100,\"6M\",627,157]","[100,\"6M\",627,157,null,null,\"[v\",null]","[{\"100\":843,\"783\":823,\"\":6.226698190101416e+307,\"1.3692805590480685e+308\":\"h\",\"1.0327305860096242e+308\":\"u\",\"_\":\"Gzn\",\"4.615583623461995e+307\":\"\"},\"6M\",627,157]","[{\"157\":8.532184654364648e+307,\"9.667321439157517e+306\":\"\",\"+\":8.720403149100709e+307,\"1.6924573318225972e+308\":\"H&$J\"},\"6M\",627,157]"],"returnObjects":["\"Error\"","null","\"Error\"","null"],"callbackArgs":["{\"0\":100,\"1\":\"6M\",\"2\":1,\"3\":[100,\"6M\",627,157]}","{\"0\":null,\"1\":627,\"2\":2,\"3\":[100,\"6M\",627,157,null,null,\"[v\",null]}","{\"0\":null,\"1\":157,\"2\":3,\"3\":[100,\"6M\",627,157,null,null,\"[v\",null]}","{\"0\":{\"\":1.1756260384542968e+308,\"-100\":25},\"1\":100,\"2\":0,\"3\":[100,\"6M\",627,157]}","{\"0\":true,\"1\":100,\"2\":0,\"3\":[100,\"6M\",627,157]}","{\"0\":null,\"1\":\"6M\",\"2\":1,\"3\":[{\"157\":8.532184654364648e+307,\"9.667321439157517e+306\":\"\",\"+\":8.720403149100709e+307,\"1.6924573318225972e+308\":\"H&$J\"},\"6M\",627,157]}","{\"0\":null,\"1\":627,\"2\":2,\"3\":[{\"157\":8.532184654364648e+307,\"9.667321439157517e+306\":\"\",\"+\":8.720403149100709e+307,\"1.6924573318225972e+308\":\"H&$J\"},\"6M\",627,157]}","{\"0\":null,\"1\":157,\"2\":3,\"3\":[{\"157\":8.532184654364648e+307,\"9.667321439157517e+306\":\"\",\"+\":8.720403149100709e+307,\"1.6924573318225972e+308\":\"H&$J\"},\"6M\",627,157]}"]}