{"baseObjects":["[403,893,\"Q\",\"M\",1.7976931348623157e+308,627,\"h*z\",607,\"^z{\"]","[403,893,\"Q\",\"M\",1.7976931348623157e+308,627,\"h*z\",607,\"^z{\"]","[403,893,\"Q\",\"M\",1.7976931348623157e+308,627,\"h*z\",607,\"^z{\"]","[403,893,\"Q\",\"M\",1.7976931348623157e+308,627,\"h*z\",607,\"^z{\"]"],"returnObjects":["null","\"Error\"","\"NaN403,893,Q,M,1.7976931348623157e+308,627,h*z,607,^z{\"","\"Error\""],"callbackArgs":["{\"1\":403,\"2\":0,\"3\":[403,893,\"Q\",\"M\",1.7976931348623157e+308,627,\"h*z\",607,\"^z{\"]}","{\"0\":null,\"1\":893,\"2\":1,\"3\":[403,893,\"Q\",\"M\",1.7976931348623157e+308,627,\"h*z\",607,\"^z{\"]}","{\"0\":null,\"1\":\"Q\",\"2\":2,\"3\":[403,893,\"Q\",\"M\",1.7976931348623157e+308,627,\"h*z\",607,\"^z{\"]}","{\"0\":null,\"1\":\"M\",\"2\":3,\"3\":[403,893,\"Q\",\"M\",1.7976931348623157e+308,627,\"h*z\",607,\"^z{\"]}","{\"0\":null,\"1\":1.7976931348623157e+308,\"2\":4,\"3\":[403,893,\"Q\",\"M\",1.7976931348623157e+308,627,\"h*z\",607,\"^z{\"]}","{\"0\":null,\"1\":627,\"2\":5,\"3\":[403,893,\"Q\",\"M\",1.7976931348623157e+308,627,\"h*z\",607,\"^z{\"]}","{\"0\":null,\"1\":\"h*z\",\"2\":6,\"3\":[403,893,\"Q\",\"M\",1.7976931348623157e+308,627,\"h*z\",607,\"^z{\"]}","{\"0\":null,\"1\":607,\"2\":7,\"3\":[403,893,\"Q\",\"M\",1.7976931348623157e+308,627,\"h*z\",607,\"^z{\"]}","{\"0\":null,\"1\":\"^z{\",\"2\":8,\"3\":[403,893,\"Q\",\"M\",1.7976931348623157e+308,627,\"h*z\",607,\"^z{\"]}","{\"0\":[607,122,783,0],\"1\":403,\"2\":0,\"3\":[403,893,\"Q\",\"M\",1.7976931348623157e+308,627,\"h*z\",607,\"^z{\"]}","{\"0\":\"NaN403,893,Q,M,1.7976931348623157e+308,627,h*z,607,^z{\",\"1\":893,\"2\":1,\"3\":[403,893,\"Q\",\"M\",1.7976931348623157e+308,627,\"h*z\",607,\"^z{\"]}","{\"0\":\"NaN403,893,Q,M,1.7976931348623157e+308,627,h*z,607,^z{\",\"1\":\"Q\",\"2\":2,\"3\":[403,893,\"Q\",\"M\",1.7976931348623157e+308,627,\"h*z\",607,\"^z{\"]}","{\"0\":\"NaN403,893,Q,M,1.7976931348623157e+308,627,h*z,607,^z{\",\"1\":\"M\",\"2\":3,\"3\":[403,893,\"Q\",\"M\",1.7976931348623157e+308,627,\"h*z\",607,\"^z{\"]}","{\"0\":\"NaN403,893,Q,M,1.7976931348623157e+308,627,h*z,607,^z{\",\"1\":1.7976931348623157e+308,\"2\":4,\"3\":[403,893,\"Q\",\"M\",1.7976931348623157e+308,627,\"h*z\",607,\"^z{\"]}","{\"0\":\"NaN403,893,Q,M,1.7976931348623157e+308,627,h*z,607,^z{\",\"1\":627,\"2\":5,\"3\":[403,893,\"Q\",\"M\",1.7976931348623157e+308,627,\"h*z\",607,\"^z{\"]}","{\"0\":\"NaN403,893,Q,M,1.7976931348623157e+308,627,h*z,607,^z{\",\"1\":\"h*z\",\"2\":6,\"3\":[403,893,\"Q\",\"M\",1.7976931348623157e+308,627,\"h*z\",607,\"^z{\"]}","{\"0\":\"NaN403,893,Q,M,1.7976931348623157e+308,627,h*z,607,^z{\",\"1\":607,\"2\":7,\"3\":[403,893,\"Q\",\"M\",1.7976931348623157e+308,627,\"h*z\",607,\"^z{\"]}","{\"0\":\"NaN403,893,Q,M,1.7976931348623157e+308,627,h*z,607,^z{\",\"1\":\"^z{\",\"2\":8,\"3\":[403,893,\"Q\",\"M\",1.7976931348623157e+308,627,\"h*z\",607,\"^z{\"]}"]}