{"baseObjects":["[\")\",242,403,823]","[\")\",242,403,823]","[\")\",242,403,823]","[\")\",242,403,823]"],"returnObjects":["\"Error\"","\"Error\"","\"[object Object]NaNNaNNaNNaN\"","\"Error\""],"callbackArgs":["{\"0\":{\"59\":\"\",\"82\":1.2646588471725252e+308,\"823\":3.360653466456975e+307,\"\":\"xA\",\"2.0668196639834492e+306\":\"\",\"-1\":403,\"`\":126,\"1.7976931348623157e+308\":\"H`0m\",\"6!\":\" \",\"PF\":126},\"1\":\")\",\"2\":0,\"3\":[\")\",242,403,823]}","{\"0\":\"[object Object]NaN\",\"1\":242,\"2\":1,\"3\":[\")\",242,403,823]}","{\"0\":\"[object Object]NaNNaN\",\"1\":403,\"2\":2,\"3\":[\")\",242,403,823]}","{\"0\":\"[object Object]NaNNaNNaN\",\"1\":823,\"2\":3,\"3\":[\")\",242,403,823]}"]}