{"baseObjects":["[460,1.7976931348623157e+308,627,100,-100,460]","[460,1.7976931348623157e+308,627,100,-100,460]","[460,1.7976931348623157e+308,627,100,-100,460]","[460,1.7976931348623157e+308,627,100,-100,460]"],"returnObjects":["\"Error\"","\"Error\"","null","null"],"callbackArgs":["{\"0\":460,\"1\":1.7976931348623157e+308,\"2\":1,\"3\":[460,1.7976931348623157e+308,627,100,-100,460]}","{\"0\":null,\"1\":627,\"2\":2,\"3\":[460,1.7976931348623157e+308,627,100,-100,460]}","{\"0\":null,\"1\":100,\"2\":3,\"3\":[460,1.7976931348623157e+308,627,100,-100,460]}","{\"0\":null,\"1\":-100,\"2\":4,\"3\":[460,1.7976931348623157e+308,627,100,-100,460]}","{\"0\":null,\"1\":460,\"2\":5,\"3\":[460,1.7976931348623157e+308,627,100,-100,460]}","{\"0\":1.6327880132097837e+308,\"1\":460,\"2\":0,\"3\":[460,1.7976931348623157e+308,627,100,-100,460]}","{\"0\":null,\"1\":1.7976931348623157e+308,\"2\":1,\"3\":[460,1.7976931348623157e+308,627,100,-100,460]}","{\"0\":null,\"1\":627,\"2\":2,\"3\":[460,1.7976931348623157e+308,627,100,-100,460]}","{\"0\":null,\"1\":100,\"2\":3,\"3\":[460,1.7976931348623157e+308,627,100,-100,460]}","{\"0\":null,\"1\":-100,\"2\":4,\"3\":[460,1.7976931348623157e+308,627,100,-100,460]}","{\"0\":null,\"1\":460,\"2\":5,\"3\":[460,1.7976931348623157e+308,627,100,-100,460]}"]}