{"baseObjects":["[25,49,59,705,607,49,607,25]","[25,49,59,705,607,49,607,25]","[25,49,59,705,607,49,607,25,null,{\"126\":4.3203526517879503e+307,\"U\":1.0377716089780668e+308,\"\":25,\"Z\":403,\"E\":823,\"1.5715500730395385e+308\":6.727631416188344e+307,\"TGnt\":157,\"W\":6.382633477958668e+307}]","[25,49,59,705,607,49,607,25]"],"returnObjects":["\"NaN25,49,59,705,607,49,607,25\"","\"Error\"","\"Error\"","\"Error\""],"callbackArgs":["{\"0\":false,\"1\":25,\"2\":0,\"3\":[25,49,59,705,607,49,607,25]}","{\"0\":\"025,49,59,705,607,49,607,25\",\"1\":49,\"2\":1,\"3\":[25,49,59,705,607,49,607,25]}","{\"0\":\"NaN25,49,59,705,607,49,607,25\",\"1\":59,\"2\":2,\"3\":[25,49,59,705,607,49,607,25]}","{\"0\":\"NaN25,49,59,705,607,49,607,25\",\"1\":705,\"2\":3,\"3\":[25,49,59,705,607,49,607,25]}","{\"0\":\"NaN25,49,59,705,607,49,607,25\",\"1\":607,\"2\":4,\"3\":[25,49,59,705,607,49,607,25]}","{\"0\":\"NaN25,49,59,705,607,49,607,25\",\"1\":49,\"2\":5,\"3\":[25,49,59,705,607,49,607,25]}","{\"0\":\"NaN25,49,59,705,607,49,607,25\",\"1\":607,\"2\":6,\"3\":[25,49,59,705,607,49,607,25]}","{\"0\":\"NaN25,49,59,705,607,49,607,25\",\"1\":25,\"2\":7,\"3\":[25,49,59,705,607,49,607,25]}","{\"1\":25,\"2\":0,\"3\":[25,49,59,705,607,49,607,25]}"]}