{"baseObjects":["[59,{\"59\":6.707026601817902e+307,\"618\":1.3494224945063471e+308,\"1.1262365169564138e+308\":126,\"9.835783648892322e+307\":8.176741614857829e+307,\"\":\"\"},157,460,618,null,4.499912112781142e+307]","[59,-100,157,460,618,126]","[59,-100,157,460,618,126]","[59,-100,157,460,618,126]"],"returnObjects":["null","\"Error\"","null","\"Error\""],"callbackArgs":["{\"0\":null,\"1\":59,\"2\":0,\"3\":[59,-100,157,460,618,126]}","{\"0\":null,\"1\":{\"59\":6.707026601817902e+307,\"618\":1.3494224945063471e+308,\"1.1262365169564138e+308\":126,\"9.835783648892322e+307\":8.176741614857829e+307,\"\":\"\"},\"2\":1,\"3\":[59,{\"59\":6.707026601817902e+307,\"618\":1.3494224945063471e+308,\"1.1262365169564138e+308\":126,\"9.835783648892322e+307\":8.176741614857829e+307,\"\":\"\"},157,460,618,null,4.499912112781142e+307]}","{\"0\":null,\"1\":157,\"2\":2,\"3\":[59,{\"59\":6.707026601817902e+307,\"618\":1.3494224945063471e+308,\"1.1262365169564138e+308\":126,\"9.835783648892322e+307\":8.176741614857829e+307,\"\":\"\"},157,460,618,null,4.499912112781142e+307]}","{\"0\":null,\"1\":460,\"2\":3,\"3\":[59,{\"59\":6.707026601817902e+307,\"618\":1.3494224945063471e+308,\"1.1262365169564138e+308\":126,\"9.835783648892322e+307\":8.176741614857829e+307,\"\":\"\"},157,460,618,null,4.499912112781142e+307]}","{\"0\":null,\"1\":618,\"2\":4,\"3\":[59,{\"59\":6.707026601817902e+307,\"618\":1.3494224945063471e+308,\"1.1262365169564138e+308\":126,\"9.835783648892322e+307\":8.176741614857829e+307,\"\":\"\"},157,460,618,null,4.499912112781142e+307]}","{\"0\":null,\"1\":null,\"2\":5,\"3\":[59,{\"59\":6.707026601817902e+307,\"618\":1.3494224945063471e+308,\"1.1262365169564138e+308\":126,\"9.835783648892322e+307\":8.176741614857829e+307,\"\":\"\"},157,460,618,null,4.499912112781142e+307]}","{\"0\":59,\"1\":-100,\"2\":1,\"3\":[59,-100,157,460,618,126]}","{\"0\":null,\"1\":157,\"2\":2,\"3\":[59,-100,157,460,618,126]}","{\"0\":null,\"1\":460,\"2\":3,\"3\":[59,-100,157,460,618,126]}","{\"0\":null,\"1\":618,\"2\":4,\"3\":[59,-100,157,460,618,126]}","{\"0\":null,\"1\":126,\"2\":5,\"3\":[59,-100,157,460,618,126]}"]}