{"baseObjects":["[157,82,893,714,122,893,1.7976931348623157e+308,969,893,893]","[157,82,893,714,122,null,1.7976931348623157e+308,969,893,893]","[157,82,893,714,122,893,1.7976931348623157e+308,969,893,\"\"]","[157,82,893,714,122,893,1.7976931348623157e+308,969,893,893]"],"returnObjects":["null","null","null","\"Error\""],"callbackArgs":["{\"0\":157,\"1\":82,\"2\":1,\"3\":[157,82,893,714,122,893,1.7976931348623157e+308,969,893,893]}","{\"0\":null,\"1\":893,\"2\":2,\"3\":[157,82,893,714,122,893,1.7976931348623157e+308,969,893,893]}","{\"0\":null,\"1\":714,\"2\":3,\"3\":[157,82,893,714,122,893,1.7976931348623157e+308,969,893,893]}","{\"0\":null,\"1\":122,\"2\":4,\"3\":[157,82,893,714,122,893,1.7976931348623157e+308,969,893,893]}","{\"0\":null,\"1\":893,\"2\":5,\"3\":[157,82,893,714,122,893,1.7976931348623157e+308,969,893,893]}","{\"0\":null,\"1\":1.7976931348623157e+308,\"2\":6,\"3\":[157,82,893,714,122,893,1.7976931348623157e+308,969,893,893]}","{\"0\":null,\"1\":969,\"2\":7,\"3\":[157,82,893,714,122,893,1.7976931348623157e+308,969,893,893]}","{\"0\":null,\"1\":893,\"2\":8,\"3\":[157,82,893,714,122,893,1.7976931348623157e+308,969,893,893]}","{\"0\":null,\"1\":893,\"2\":9,\"3\":[157,82,893,714,122,893,1.7976931348623157e+308,969,893,893]}","{\"0\":true,\"1\":157,\"2\":0,\"3\":[157,82,893,714,122,893,1.7976931348623157e+308,969,893,893]}","{\"0\":null,\"1\":82,\"2\":1,\"3\":[157,82,893,714,122,null,1.7976931348623157e+308,969,893,893]}","{\"0\":null,\"1\":893,\"2\":2,\"3\":[157,82,893,714,122,null,1.7976931348623157e+308,969,893,893]}","{\"0\":null,\"1\":714,\"2\":3,\"3\":[157,82,893,714,122,null,1.7976931348623157e+308,969,893,893]}","{\"0\":null,\"1\":122,\"2\":4,\"3\":[157,82,893,714,122,null,1.7976931348623157e+308,969,893,893]}","{\"0\":null,\"1\":null,\"2\":5,\"3\":[157,82,893,714,122,null,1.7976931348623157e+308,969,893,893]}","{\"0\":null,\"1\":1.7976931348623157e+308,\"2\":6,\"3\":[157,82,893,714,122,null,1.7976931348623157e+308,969,893,893]}","{\"0\":null,\"1\":969,\"2\":7,\"3\":[157,82,893,714,122,null,1.7976931348623157e+308,969,893,893]}","{\"0\":null,\"1\":893,\"2\":8,\"3\":[157,82,893,714,122,null,1.7976931348623157e+308,969,893,893]}","{\"0\":null,\"1\":893,\"2\":9,\"3\":[157,82,893,714,122,null,1.7976931348623157e+308,969,893,893]}","{\"0\":[25,893,49,5e-324,242,403],\"1\":157,\"2\":0,\"3\":[157,82,893,714,122,893,1.7976931348623157e+308,969,893,893]}","{\"0\":null,\"1\":82,\"2\":1,\"3\":[157,82,893,714,122,893,1.7976931348623157e+308,969,893,\"\"]}","{\"0\":null,\"1\":893,\"2\":2,\"3\":[157,82,893,714,122,893,1.7976931348623157e+308,969,893,\"\"]}","{\"0\":null,\"1\":714,\"2\":3,\"3\":[157,82,893,714,122,893,1.7976931348623157e+308,969,893,\"\"]}","{\"0\":null,\"1\":122,\"2\":4,\"3\":[157,82,893,714,122,893,1.7976931348623157e+308,969,893,\"\"]}","{\"0\":null,\"1\":893,\"2\":5,\"3\":[157,82,893,714,122,893,1.7976931348623157e+308,969,893,\"\"]}","{\"0\":null,\"1\":1.7976931348623157e+308,\"2\":6,\"3\":[157,82,893,714,122,893,1.7976931348623157e+308,969,893,\"\"]}","{\"0\":null,\"1\":969,\"2\":7,\"3\":[157,82,893,714,122,893,1.7976931348623157e+308,969,893,\"\"]}","{\"0\":null,\"1\":893,\"2\":8,\"3\":[157,82,893,714,122,893,1.7976931348623157e+308,969,893,\"\"]}","{\"0\":null,\"1\":\"\",\"2\":9,\"3\":[157,82,893,714,122,893,1.7976931348623157e+308,969,893,\"\"]}","{\"0\":157,\"1\":82,\"2\":1,\"3\":[157,82,893,714,122,893,1.7976931348623157e+308,969,893,893]}"]}