{"baseObjects":["[460,\"Tw<X\",\"I\",1.7976931348623157e+308,\"Q4\",\"D\",\"V\"]","[460,\"Tw<X\",\"I\",1.7976931348623157e+308,\"Q4\",\"D\",\"V\"]","[460,\"Tw<X\",\"I\",1.7976931348623157e+308,\"Q4\",\"D\",\"V\"]","[460,\"Tw<X\",\"I\",1.7976931348623157e+308,\"Q4\",\"D\",\"V\"]"],"returnObjects":["null","\"Error\"","null","\"Error\""],"callbackArgs":["{\"0\":false,\"1\":460,\"2\":0,\"3\":[460,\"Tw<X\",\"I\",1.7976931348623157e+308,\"Q4\",\"D\",\"V\"]}","{\"0\":null,\"1\":\"Tw<X\",\"2\":1,\"3\":[460,\"Tw<X\",\"I\",1.7976931348623157e+308,\"Q4\",\"D\",\"V\"]}","{\"0\":null,\"1\":\"I\",\"2\":2,\"3\":[460,\"Tw<X\",\"I\",1.7976931348623157e+308,\"Q4\",\"D\",\"V\"]}","{\"0\":null,\"1\":1.7976931348623157e+308,\"2\":3,\"3\":[460,\"Tw<X\",\"I\",1.7976931348623157e+308,\"Q4\",\"D\",\"V\"]}","{\"0\":null,\"1\":\"Q4\",\"2\":4,\"3\":[460,\"Tw<X\",\"I\",1.7976931348623157e+308,\"Q4\",\"D\",\"V\"]}","{\"0\":null,\"1\":\"D\",\"2\":5,\"3\":[460,\"Tw<X\",\"I\",1.7976931348623157e+308,\"Q4\",\"D\",\"V\"]}","{\"0\":null,\"1\":\"V\",\"2\":6,\"3\":[460,\"Tw<X\",\"I\",1.7976931348623157e+308,\"Q4\",\"D\",\"V\"]}","{\"0\":false,\"1\":460,\"2\":0,\"3\":[460,\"Tw<X\",\"I\",1.7976931348623157e+308,\"Q4\",\"D\",\"V\"]}","{\"0\":null,\"1\":\"Tw<X\",\"2\":1,\"3\":[460,\"Tw<X\",\"I\",1.7976931348623157e+308,\"Q4\",\"D\",\"V\"]}","{\"0\":null,\"1\":\"I\",\"2\":2,\"3\":[460,\"Tw<X\",\"I\",1.7976931348623157e+308,\"Q4\",\"D\",\"V\"]}","{\"0\":null,\"1\":1.7976931348623157e+308,\"2\":3,\"3\":[460,\"Tw<X\",\"I\",1.7976931348623157e+308,\"Q4\",\"D\",\"V\"]}","{\"0\":null,\"1\":\"Q4\",\"2\":4,\"3\":[460,\"Tw<X\",\"I\",1.7976931348623157e+308,\"Q4\",\"D\",\"V\"]}","{\"0\":null,\"1\":\"D\",\"2\":5,\"3\":[460,\"Tw<X\",\"I\",1.7976931348623157e+308,\"Q4\",\"D\",\"V\"]}","{\"0\":null,\"1\":\"V\",\"2\":6,\"3\":[460,\"Tw<X\",\"I\",1.7976931348623157e+308,\"Q4\",\"D\",\"V\"]}","{\"0\":true,\"1\":460,\"2\":0,\"3\":[460,\"Tw<X\",\"I\",1.7976931348623157e+308,\"Q4\",\"D\",\"V\"]}"]}