{"baseObjects":["[49,157,25,157,893,59,242,460,1.7976931348623157e+308,969]","[49,157,25,157,893,59,242,460,1.7976931348623157e+308,969]","[49,157,25,157,893,59,242,460,1.7976931348623157e+308,969]","[49,157,25,157,893,59,242,460,1.7976931348623157e+308,969]"],"returnObjects":["\"Error\"","\"NaN49,157,25,157,893,59,242,460,1.7976931348623157e+308,969\"","\"Error\"","null"],"callbackArgs":["{\"0\":49,\"1\":157,\"2\":1,\"3\":[49,157,25,157,893,59,242,460,1.7976931348623157e+308,969]}","{\"0\":\"0.3121019108280254649,157,25,157,893,59,242,460,1.7976931348623157e+308,969\",\"1\":25,\"2\":2,\"3\":[49,157,25,157,893,59,242,460,1.7976931348623157e+308,969]}","{\"0\":\"NaN49,157,25,157,893,59,242,460,1.7976931348623157e+308,969\",\"1\":157,\"2\":3,\"3\":[49,157,25,157,893,59,242,460,1.7976931348623157e+308,969]}","{\"0\":\"NaN49,157,25,157,893,59,242,460,1.7976931348623157e+308,969\",\"1\":893,\"2\":4,\"3\":[49,157,25,157,893,59,242,460,1.7976931348623157e+308,969]}","{\"0\":\"NaN49,157,25,157,893,59,242,460,1.7976931348623157e+308,969\",\"1\":59,\"2\":5,\"3\":[49,157,25,157,893,59,242,460,1.7976931348623157e+308,969]}","{\"0\":\"NaN49,157,25,157,893,59,242,460,1.7976931348623157e+308,969\",\"1\":242,\"2\":6,\"3\":[49,157,25,157,893,59,242,460,1.7976931348623157e+308,969]}","{\"0\":\"NaN49,157,25,157,893,59,242,460,1.7976931348623157e+308,969\",\"1\":460,\"2\":7,\"3\":[49,157,25,157,893,59,242,460,1.7976931348623157e+308,969]}","{\"0\":\"NaN49,157,25,157,893,59,242,460,1.7976931348623157e+308,969\",\"1\":1.7976931348623157e+308,\"2\":8,\"3\":[49,157,25,157,893,59,242,460,1.7976931348623157e+308,969]}","{\"0\":\"NaN49,157,25,157,893,59,242,460,1.7976931348623157e+308,969\",\"1\":969,\"2\":9,\"3\":[49,157,25,157,893,59,242,460,1.7976931348623157e+308,969]}","{\"0\":49,\"1\":157,\"2\":1,\"3\":[49,157,25,157,893,59,242,460,1.7976931348623157e+308,969]}","{\"0\":null,\"1\":25,\"2\":2,\"3\":[49,157,25,157,893,59,242,460,1.7976931348623157e+308,969]}","{\"0\":null,\"1\":157,\"2\":3,\"3\":[49,157,25,157,893,59,242,460,1.7976931348623157e+308,969]}","{\"0\":null,\"1\":893,\"2\":4,\"3\":[49,157,25,157,893,59,242,460,1.7976931348623157e+308,969]}","{\"0\":null,\"1\":59,\"2\":5,\"3\":[49,157,25,157,893,59,242,460,1.7976931348623157e+308,969]}","{\"0\":null,\"1\":242,\"2\":6,\"3\":[49,157,25,157,893,59,242,460,1.7976931348623157e+308,969]}","{\"0\":null,\"1\":460,\"2\":7,\"3\":[49,157,25,157,893,59,242,460,1.7976931348623157e+308,969]}","{\"0\":null,\"1\":1.7976931348623157e+308,\"2\":8,\"3\":[49,157,25,157,893,59,242,460,1.7976931348623157e+308,969]}","{\"0\":null,\"1\":969,\"2\":9,\"3\":[49,157,25,157,893,59,242,460,1.7976931348623157e+308,969]}"]}