{"baseObjects":["[82,242,null,null,null,null,null,null,null,{\"843\":5.350205489893954e+307,\"1.4073421440829337e+308\":126,\" {I\":\"\",\"\":7.619415013667415e+307}]","[82,242]","[82,242]","[82,242]"],"returnObjects":["null","\"Error\"","\"Error\"","\"NaN82,242\""],"callbackArgs":["{\"0\":82,\"1\":242,\"2\":1,\"3\":[82,242]}","{\"0\":null,\"1\":82,\"2\":0,\"3\":[82,242]}","{\"1\":82,\"2\":0,\"3\":[82,242]}","{\"0\":\"NaN82,242\",\"1\":242,\"2\":1,\"3\":[82,242]}"]}