{"baseObjects":["[213,-100,843,655,823,1.7976931348623157e+308,157]","[213,-100,843,655,823,1.7976931348623157e+308,157]","[213,-100,843,655,823,1.7976931348623157e+308,157]","[213,-100,843,655,823,1.7976931348623157e+308,157]"],"returnObjects":["\"Error\"","\"Error\"","\"Error\"","null"],"callbackArgs":["{\"0\":\"\",\"1\":213,\"2\":0,\"3\":[213,-100,843,655,823,1.7976931348623157e+308,157]}","{\"0\":null,\"1\":-100,\"2\":1,\"3\":[213,-100,843,655,823,1.7976931348623157e+308,157]}","{\"0\":null,\"1\":843,\"2\":2,\"3\":[213,-100,843,655,823,1.7976931348623157e+308,157]}","{\"0\":null,\"1\":655,\"2\":3,\"3\":[213,-100,843,655,823,1.7976931348623157e+308,157]}","{\"0\":null,\"1\":823,\"2\":4,\"3\":[213,-100,843,655,823,1.7976931348623157e+308,157]}","{\"0\":null,\"1\":1.7976931348623157e+308,\"2\":5,\"3\":[213,-100,843,655,823,1.7976931348623157e+308,157]}","{\"0\":null,\"1\":157,\"2\":6,\"3\":[213,-100,843,655,823,1.7976931348623157e+308,157]}"]}