{"baseObjects":["[59,893,607,843,843,1.7976931348623157e+308,157,100,607]","[59,893,607,843,843,1.7976931348623157e+308,157,100,607]","[null,null,null,{\"100\":403,\"242\":\"1\",\"403\":\"\",\"460\":\"\",\"\":\"W\",\"1.3415338562794714e+308\":1.6505807343035816e+308,\"1.5345892516090565e+308\":\"\"}]","[59,893,607,843,843,1.7976931348623157e+308,157,100,607]"],"returnObjects":["\"Error\"","\"Error\"","null","\"Error\""],"callbackArgs":["{\"0\":59,\"1\":893,\"2\":1,\"3\":[59,893,607,843,843,1.7976931348623157e+308,157,100,607]}","{\"0\":null,\"1\":{\"100\":403,\"242\":\"1\",\"403\":\"\",\"460\":\"\",\"\":\"W\",\"1.3415338562794714e+308\":1.6505807343035816e+308,\"1.5345892516090565e+308\":\"\"},\"2\":3,\"3\":[null,null,null,{\"100\":403,\"242\":\"1\",\"403\":\"\",\"460\":\"\",\"\":\"W\",\"1.3415338562794714e+308\":1.6505807343035816e+308,\"1.5345892516090565e+308\":\"\"}]}"]}