{"baseObjects":["[\"H\"]","[]","[\"H\"]","[\"H\"]"],"returnObjects":["null","null","\"Error\"","null"],"callbackArgs":["{\"0\":[126,823,783,122,823,655,157],\"1\":\"H\",\"2\":0,\"3\":[\"H\"]}","{\"0\":{\"618\":9.75215592328933e+307,\"655\":893,\"823\":1.5996664978435222e+308,\"893\":595,\"1.6627654171649266e+307\":49,\"4.605565069878469e+307\":893,\"\":\"\",\"-H\":\"\",\"<<`G\":\"\"},\"1\":\"H\",\"2\":0,\"3\":[\"H\"]}","{\"0\":false,\"1\":\"H\",\"2\":0,\"3\":[\"H\"]}"]}