{"baseObjects":["[893,705,843,1.7976931348623157e+308,403,705,157]","[893,705,843,1.7976931348623157e+308,403,705,157]","[893,705,843,1.7976931348623157e+308,403,705,157]","[893,705,843,1.7976931348623157e+308,403,705,157]"],"returnObjects":["\"Error\"","\"Error\"","null","\"Error\""],"callbackArgs":["{\"1\":893,\"2\":0,\"3\":[893,705,843,1.7976931348623157e+308,403,705,157]}","{\"0\":null,\"1\":705,\"2\":1,\"3\":[893,705,843,1.7976931348623157e+308,403,705,157]}","{\"0\":null,\"1\":843,\"2\":2,\"3\":[893,705,843,1.7976931348623157e+308,403,705,157]}","{\"0\":null,\"1\":1.7976931348623157e+308,\"2\":3,\"3\":[893,705,843,1.7976931348623157e+308,403,705,157]}","{\"0\":null,\"1\":403,\"2\":4,\"3\":[893,705,843,1.7976931348623157e+308,403,705,157]}","{\"0\":null,\"1\":705,\"2\":5,\"3\":[893,705,843,1.7976931348623157e+308,403,705,157]}","{\"0\":null,\"1\":157,\"2\":6,\"3\":[893,705,843,1.7976931348623157e+308,403,705,157]}","{\"0\":893,\"1\":705,\"2\":1,\"3\":[893,705,843,1.7976931348623157e+308,403,705,157]}"]}