{"baseObjects":["[-100,893,-100,969,82,122,403,242,-100]","[-100,893,-100,969,82,122,{\"242\":1.7699913131683138e+308,\"460\":\"\"},242,-100]","[-100,893,-100,969,82,122,403,242,-100]","[-100,893,-100,969,82,122,403,242,-100]"],"returnObjects":["\"Error\"","null","\"Error\"","\"Error\""],"callbackArgs":["{\"1\":-100,\"2\":0,\"3\":[-100,893,-100,969,82,122,403,242,-100]}","{\"0\":null,\"1\":893,\"2\":1,\"3\":[-100,893,-100,969,82,122,{\"242\":1.7699913131683138e+308,\"460\":\"\"},242,-100]}","{\"0\":null,\"1\":-100,\"2\":2,\"3\":[-100,893,-100,969,82,122,{\"242\":1.7699913131683138e+308,\"460\":\"\"},242,-100]}","{\"0\":null,\"1\":969,\"2\":3,\"3\":[-100,893,-100,969,82,122,{\"242\":1.7699913131683138e+308,\"460\":\"\"},242,-100]}","{\"0\":null,\"1\":82,\"2\":4,\"3\":[-100,893,-100,969,82,122,{\"242\":1.7699913131683138e+308,\"460\":\"\"},242,-100]}","{\"0\":null,\"1\":122,\"2\":5,\"3\":[-100,893,-100,969,82,122,{\"242\":1.7699913131683138e+308,\"460\":\"\"},242,-100]}","{\"0\":null,\"1\":{\"242\":1.7699913131683138e+308,\"460\":\"\"},\"2\":6,\"3\":[-100,893,-100,969,82,122,{\"242\":1.7699913131683138e+308,\"460\":\"\"},242,-100]}","{\"0\":null,\"1\":242,\"2\":7,\"3\":[-100,893,-100,969,82,122,{\"242\":1.7699913131683138e+308,\"460\":\"\"},242,-100]}","{\"0\":null,\"1\":-100,\"2\":8,\"3\":[-100,893,-100,969,82,122,{\"242\":1.7699913131683138e+308,\"460\":\"\"},242,-100]}"]}