{"baseObjects":["[823,126,5e-324,-100]","[823,126,5e-324,-100]","[823,126,5e-324,-100]","[823,126,5e-324,-100,null,null,null,null,1.6952766620103209e+308]"],"returnObjects":["\"Error\"","\"Infinity823,126,5e-324,-100126823,126,5e-324,-1000823,126,5e-324,-100-33.333333333333336823,126,5e-324,-100\"","null","null"],"callbackArgs":["{\"0\":false,\"1\":823,\"2\":0,\"3\":[823,126,5e-324,-100]}","{\"0\":\"Infinity823,126,5e-324,-100\",\"1\":126,\"2\":1,\"3\":[823,126,5e-324,-100]}","{\"0\":\"Infinity823,126,5e-324,-100126823,126,5e-324,-100\",\"1\":5e-324,\"2\":2,\"3\":[823,126,5e-324,-100]}","{\"0\":\"Infinity823,126,5e-324,-100126823,126,5e-324,-1000823,126,5e-324,-100\",\"1\":-100,\"2\":3,\"3\":[823,126,5e-324,-100]}","{\"1\":823,\"2\":0,\"3\":[823,126,5e-324,-100]}","{\"0\":null,\"1\":126,\"2\":1,\"3\":[823,126,5e-324,-100]}","{\"0\":null,\"1\":5e-324,\"2\":2,\"3\":[823,126,5e-324,-100]}","{\"0\":null,\"1\":-100,\"2\":3,\"3\":[823,126,5e-324,-100]}","{\"0\":null,\"1\":823,\"2\":0,\"3\":[823,126,5e-324,-100]}","{\"0\":null,\"1\":126,\"2\":1,\"3\":[823,126,5e-324,-100,null,null,null,null,1.6952766620103209e+308]}","{\"0\":null,\"1\":5e-324,\"2\":2,\"3\":[823,126,5e-324,-100,null,null,null,null,1.6952766620103209e+308]}","{\"0\":null,\"1\":-100,\"2\":3,\"3\":[823,126,5e-324,-100,null,null,null,null,1.6952766620103209e+308]}"]}