{"baseObjects":["[100,595,460,607,25,823,59,1.7976931348623157e+308,595]","[100,595,460,607,25,823,59,1.7976931348623157e+308,595]","[100,595,460,607,25,823,59,1.7976931348623157e+308,595]","[100,595,460,607,25,823,59,1.7976931348623157e+308,595]"],"returnObjects":["\"Error\"","\"Error\"","\"Error\"","\"Error\""],"callbackArgs":["{\"0\":100,\"1\":595,\"2\":1,\"3\":[100,595,460,607,25,823,59,1.7976931348623157e+308,595]}","{\"0\":null,\"1\":100,\"2\":0,\"3\":[100,595,460,607,25,823,59,1.7976931348623157e+308,595]}"]}