{"baseObjects":["[126,618,1.7976931348623157e+308,1.7976931348623157e+308,969]","[126,618,1.7976931348623157e+308,1.7976931348623157e+308,969]","[126,618,1.7976931348623157e+308,1.7976931348623157e+308,969]","[126,618,1.7976931348623157e+308,1.7976931348623157e+308,969]"],"returnObjects":["\"Error\"","\"Error\"","\"Error\"","\"Error\""],"callbackArgs":["{\"0\":126,\"1\":618,\"2\":1,\"3\":[126,618,1.7976931348623157e+308,1.7976931348623157e+308,969]}"]}