{"baseObjects":["[618,100]","[618,100,null,null,null,1.5466498880764587e+308]","[618,100]","[618,100]"],"returnObjects":["\"Error\"","null","\"Error\"","\"Error\""],"callbackArgs":["{\"0\":[\"q\",\"*K\",\" \"],\"1\":618,\"2\":0,\"3\":[618,100]}","{\"0\":null,\"1\":100,\"2\":1,\"3\":[618,100,null,null,null,1.5466498880764587e+308]}"]}