{"baseObjects":["[-1,1.7976931348623157e+308,893,82,783,157,460,59,49]","[-1,1.7976931348623157e+308,893,82,783,157,460,59,49]","[-1,1.7976931348623157e+308,893,82,783,157,460,59,49]","[-1,1.7976931348623157e+308,893,82,783,157,460,59,49]"],"returnObjects":["\"NaN-1,1.7976931348623157e+308,893,82,783,157,460,59,49\"","\"Error\"","\"Error\"","\"Error\""],"callbackArgs":["{\"0\":true,\"1\":-1,\"2\":0,\"3\":[-1,1.7976931348623157e+308,893,82,783,157,460,59,49]}","{\"0\":\"-1-1,1.7976931348623157e+308,893,82,783,157,460,59,49\",\"1\":1.7976931348623157e+308,\"2\":1,\"3\":[-1,1.7976931348623157e+308,893,82,783,157,460,59,49]}","{\"0\":\"NaN-1,1.7976931348623157e+308,893,82,783,157,460,59,49\",\"1\":893,\"2\":2,\"3\":[-1,1.7976931348623157e+308,893,82,783,157,460,59,49]}","{\"0\":\"NaN-1,1.7976931348623157e+308,893,82,783,157,460,59,49\",\"1\":82,\"2\":3,\"3\":[-1,1.7976931348623157e+308,893,82,783,157,460,59,49]}","{\"0\":\"NaN-1,1.7976931348623157e+308,893,82,783,157,460,59,49\",\"1\":783,\"2\":4,\"3\":[-1,1.7976931348623157e+308,893,82,783,157,460,59,49]}","{\"0\":\"NaN-1,1.7976931348623157e+308,893,82,783,157,460,59,49\",\"1\":157,\"2\":5,\"3\":[-1,1.7976931348623157e+308,893,82,783,157,460,59,49]}","{\"0\":\"NaN-1,1.7976931348623157e+308,893,82,783,157,460,59,49\",\"1\":460,\"2\":6,\"3\":[-1,1.7976931348623157e+308,893,82,783,157,460,59,49]}","{\"0\":\"NaN-1,1.7976931348623157e+308,893,82,783,157,460,59,49\",\"1\":59,\"2\":7,\"3\":[-1,1.7976931348623157e+308,893,82,783,157,460,59,49]}","{\"0\":\"NaN-1,1.7976931348623157e+308,893,82,783,157,460,59,49\",\"1\":49,\"2\":8,\"3\":[-1,1.7976931348623157e+308,893,82,783,157,460,59,49]}"]}