{"baseObjects":["[823,783,783,843,126,null,null,null,[\"!%<t\",\">;Ja=\",893,627,893,\"LD\",\"r\"]]","[823,783,783,843,126]","[823,783,783,843,126,false]","[823,783,783,843,126]"],"returnObjects":["null","\"Error\"","\"NaN823,783,783,843,126,false\"","\"NaN823,783,783,843,126\""],"callbackArgs":["{\"0\":false,\"1\":823,\"2\":0,\"3\":[823,783,783,843,126]}","{\"0\":null,\"1\":783,\"2\":1,\"3\":[823,783,783,843,126,null,null,null,[\"!%<t\",\">;Ja=\",893,627,893,\"LD\",\"r\"]]}","{\"0\":null,\"1\":783,\"2\":2,\"3\":[823,783,783,843,126,null,null,null,[\"!%<t\",\">;Ja=\",893,627,893,\"LD\",\"r\"]]}","{\"0\":null,\"1\":843,\"2\":3,\"3\":[823,783,783,843,126,null,null,null,[\"!%<t\",\">;Ja=\",893,627,893,\"LD\",\"r\"]]}","{\"0\":null,\"1\":126,\"2\":4,\"3\":[823,783,783,843,126,null,null,null,[\"!%<t\",\">;Ja=\",893,627,893,\"LD\",\"r\"]]}","{\"0\":null,\"1\":823,\"2\":0,\"3\":[823,783,783,843,126]}","{\"0\":{\"\":157,\"8.935083711567212e+307\":403,\"1.7169248976936618e+307\":2.9752756153898e+307,\"c\":\";\",\"t\":403,\"UN\":-1,\"@\":\"\",\"(7\":\"i\",\"2.4669632337910925e+307\":\"c<\",\"O\":1.78436704435907e+308},\"1\":823,\"2\":0,\"3\":[823,783,783,843,126]}","{\"0\":\"NaN823,783,783,843,126,false\",\"1\":783,\"2\":1,\"3\":[823,783,783,843,126,false]}","{\"0\":\"NaN823,783,783,843,126,false\",\"1\":783,\"2\":2,\"3\":[823,783,783,843,126,false]}","{\"0\":\"NaN823,783,783,843,126,false\",\"1\":843,\"2\":3,\"3\":[823,783,783,843,126,false]}","{\"0\":\"NaN823,783,783,843,126,false\",\"1\":126,\"2\":4,\"3\":[823,783,783,843,126,false]}","{\"0\":null,\"1\":823,\"2\":0,\"3\":[823,783,783,843,126]}","{\"0\":\"0823,783,783,843,126\",\"1\":783,\"2\":1,\"3\":[823,783,783,843,126]}","{\"0\":\"NaN823,783,783,843,126\",\"1\":783,\"2\":2,\"3\":[823,783,783,843,126]}","{\"0\":\"NaN823,783,783,843,126\",\"1\":843,\"2\":3,\"3\":[823,783,783,843,126]}","{\"0\":\"NaN823,783,783,843,126\",\"1\":126,\"2\":4,\"3\":[823,783,783,843,126]}"]}