{"baseObjects":["[100,126,460,126,-1,403,705]","[100,126,460,126,-1,403,705]","[100,126,460,126,-1,403,705]","[100,126,460,126,null,403,705]"],"returnObjects":["\"Error\"","\"Error\"","\"NaN100,126,460,126,-1,403,705\"","null"],"callbackArgs":["{\"0\":true,\"1\":100,\"2\":0,\"3\":[100,126,460,126,-1,403,705]}","{\"0\":100,\"1\":126,\"2\":1,\"3\":[100,126,460,126,-1,403,705]}","{\"0\":\"12601100,126,460,126,-1,403,705\",\"1\":460,\"2\":2,\"3\":[100,126,460,126,-1,403,705]}","{\"0\":\"NaN100,126,460,126,-1,403,705\",\"1\":126,\"2\":3,\"3\":[100,126,460,126,-1,403,705]}","{\"0\":\"NaN100,126,460,126,-1,403,705\",\"1\":-1,\"2\":4,\"3\":[100,126,460,126,-1,403,705]}","{\"0\":\"NaN100,126,460,126,-1,403,705\",\"1\":403,\"2\":5,\"3\":[100,126,460,126,-1,403,705]}","{\"0\":\"NaN100,126,460,126,-1,403,705\",\"1\":705,\"2\":6,\"3\":[100,126,460,126,-1,403,705]}","{\"0\":{\"2\":\"rt\",\"595\":655,\"655\":3.6116218616190616e+307,\"Q\":8.738467518419016e+307,\"\":\"\",\"I\":1.2023852948999127e+308,\"HMm\":{\"2\":\"me\"},\"1.359136872727139e+308\":false},\"1\":100,\"2\":0,\"3\":[100,126,460,126,-1,403,705]}","{\"0\":null,\"1\":126,\"2\":1,\"3\":[100,126,460,126,null,403,705]}","{\"0\":null,\"1\":460,\"2\":2,\"3\":[100,126,460,126,null,403,705]}","{\"0\":null,\"1\":126,\"2\":3,\"3\":[100,126,460,126,null,403,705]}","{\"0\":null,\"1\":null,\"2\":4,\"3\":[100,126,460,126,null,403,705]}","{\"0\":null,\"1\":403,\"2\":5,\"3\":[100,126,460,126,null,403,705]}","{\"0\":null,\"1\":705,\"2\":6,\"3\":[100,126,460,126,null,403,705]}"]}