{"baseObjects":["[0,242,49,1.7976931348623157e+308,595,714,25,783]","[0,242,49,1.7976931348623157e+308,595,714,25,783]","[0,242,49,1.7976931348623157e+308,595,714,25,783]","[0,242,49,1.7976931348623157e+308,595,714,25,783,null,{\"25\":4.236981740794979e+307,\"607\":1.0036171412773591e+308,\"783\":\"M\",\"\":595,\"3.0754817000675394e+307\":\"\",\"o6\":5.132399240330538e+307,\"zy\":969,\"1.7488517109822947e+308\":\"\",\",\":1.1523445903925921e+308}]"],"returnObjects":["\"Error\"","\"Error\"","null","null"],"callbackArgs":["{\"0\":0,\"1\":242,\"2\":1,\"3\":[0,242,49,1.7976931348623157e+308,595,714,25,783]}","{\"0\":null,\"1\":49,\"2\":2,\"3\":[0,242,49,1.7976931348623157e+308,595,714,25,783]}","{\"0\":null,\"1\":1.7976931348623157e+308,\"2\":3,\"3\":[0,242,49,1.7976931348623157e+308,595,714,25,783]}","{\"0\":null,\"1\":595,\"2\":4,\"3\":[0,242,49,1.7976931348623157e+308,595,714,25,783]}","{\"0\":null,\"1\":714,\"2\":5,\"3\":[0,242,49,1.7976931348623157e+308,595,714,25,783]}","{\"0\":null,\"1\":25,\"2\":6,\"3\":[0,242,49,1.7976931348623157e+308,595,714,25,783]}","{\"0\":null,\"1\":783,\"2\":7,\"3\":[0,242,49,1.7976931348623157e+308,595,714,25,783]}","{\"0\":0,\"1\":242,\"2\":1,\"3\":[0,242,49,1.7976931348623157e+308,595,714,25,783]}","{\"0\":null,\"1\":49,\"2\":2,\"3\":[0,242,49,1.7976931348623157e+308,595,714,25,783,null,{\"25\":4.236981740794979e+307,\"607\":1.0036171412773591e+308,\"783\":\"M\",\"\":595,\"3.0754817000675394e+307\":\"\",\"o6\":5.132399240330538e+307,\"zy\":969,\"1.7488517109822947e+308\":\"\",\",\":1.1523445903925921e+308}]}","{\"0\":null,\"1\":1.7976931348623157e+308,\"2\":3,\"3\":[0,242,49,1.7976931348623157e+308,595,714,25,783,null,{\"25\":4.236981740794979e+307,\"607\":1.0036171412773591e+308,\"783\":\"M\",\"\":595,\"3.0754817000675394e+307\":\"\",\"o6\":5.132399240330538e+307,\"zy\":969,\"1.7488517109822947e+308\":\"\",\",\":1.1523445903925921e+308}]}","{\"0\":null,\"1\":595,\"2\":4,\"3\":[0,242,49,1.7976931348623157e+308,595,714,25,783,null,{\"25\":4.236981740794979e+307,\"607\":1.0036171412773591e+308,\"783\":\"M\",\"\":595,\"3.0754817000675394e+307\":\"\",\"o6\":5.132399240330538e+307,\"zy\":969,\"1.7488517109822947e+308\":\"\",\",\":1.1523445903925921e+308}]}","{\"0\":null,\"1\":714,\"2\":5,\"3\":[0,242,49,1.7976931348623157e+308,595,714,25,783,null,{\"25\":4.236981740794979e+307,\"607\":1.0036171412773591e+308,\"783\":\"M\",\"\":595,\"3.0754817000675394e+307\":\"\",\"o6\":5.132399240330538e+307,\"zy\":969,\"1.7488517109822947e+308\":\"\",\",\":1.1523445903925921e+308}]}","{\"0\":null,\"1\":25,\"2\":6,\"3\":[0,242,49,1.7976931348623157e+308,595,714,25,783,null,{\"25\":4.236981740794979e+307,\"607\":1.0036171412773591e+308,\"783\":\"M\",\"\":595,\"3.0754817000675394e+307\":\"\",\"o6\":5.132399240330538e+307,\"zy\":969,\"1.7488517109822947e+308\":\"\",\",\":1.1523445903925921e+308}]}","{\"0\":null,\"1\":783,\"2\":7,\"3\":[0,242,49,1.7976931348623157e+308,595,714,25,783,null,{\"25\":4.236981740794979e+307,\"607\":1.0036171412773591e+308,\"783\":\"M\",\"\":595,\"3.0754817000675394e+307\":\"\",\"o6\":5.132399240330538e+307,\"zy\":969,\"1.7488517109822947e+308\":\"\",\",\":1.1523445903925921e+308}]}"]}