{"baseObjects":["[1.7976931348623157e+308,714]","[1.7976931348623157e+308,714]","[1.7976931348623157e+308,714]","[1.7976931348623157e+308,714]"],"returnObjects":["\"7141.7976931348623157e+308\"","\"7141.7976931348623157e+308\"","\"Error\"","\"7141.7976931348623157e+308\""],"callbackArgs":[{"0":714,"1":1.7976931348623157e+308,"2":0,"3":[1.7976931348623157e+308,714]},{"0":714,"1":1.7976931348623157e+308,"2":0,"3":[1.7976931348623157e+308,714]},{"0":true,"1":714,"2":1,"3":[1.7976931348623157e+308,714]},{"0":714,"1":1.7976931348623157e+308,"2":0,"3":[1.7976931348623157e+308,714]}]}