{"baseObjects":["[49]","[49]","[49]","[49]"],"returnObjects":["49","49","\"49\"","\"[object Object]49\""],"callbackArgs":[{"0":null,"1":49,"2":0,"3":[49]},{"0":{"714":1.6765868423149165e+308,"1.382034702622121e+308":3.0943104169474083e+307,"1.0864805633994184e+308":1.1363402760518731e+308},"1":49,"2":0,"3":[49]}]}