{"baseObjects":["[-100]","[-100]","[-100]","[-100]"],"returnObjects":["-100","null","\"[object Object]-100\"","-100"],"callbackArgs":[{"0":false,"1":-100,"2":0,"3":[-100]},{"1":-100,"2":0,"3":[-100]},{"0":{"6.952117776643746e+307":"","?":1.2915545784547353e+307},"1":-100,"2":0,"3":[-100]}]}