{"baseObjects":["[893]","[893]","[893]","[893]"],"returnObjects":["\"Error\"","\"Error\"","5.24588615475419e+307","893"],"callbackArgs":[{"0":["Tgu","5y","Sb","q","#"],"1":893,"2":0,"3":[893]},{"0":null,"1":893,"2":0,"3":[893]},{"0":5.24588615475419e+307,"1":893,"2":0,"3":[893]}]}