{"baseObjects":["[25]","[25]","[25]","[25]"],"returnObjects":["\"25\"","\"Error\"","1.192219436083517e+308","\"Error\""],"callbackArgs":[{"0":null,"1":25,"2":0,"3":[25]},{"0":1.0787368497328466e+308,"1":25,"2":0,"3":[25]},{"0":1.192219436083517e+308,"1":25,"2":0,"3":[25]},{"0":true,"1":25,"2":0,"3":[25]}]}