{"baseObjects":["[618]","[618]","[618]","[618]"],"returnObjects":["\"Error\"","\"5t618\"","\"618\"","\"Error\""],"callbackArgs":[{"0":null,"1":618,"2":0,"3":[618]},{"0":"5t","1":618,"2":0,"3":[618]},{"1":618,"2":0,"3":[618]},{"0":{"4":"","126":"@","893":618,"":3.868257684955221e+307,")":"","9.391349161713958e+307":"","4.650300814198938e+307":1.3455520459422293e+308,"1.3623362696108136e+308":823,"7.392991634291948e+307":714,"1.0355528289714827e+308":""},"1":618,"2":0,"3":[618]}]}