{"baseObjects":["[893]","[893]","[893]","[893]"],"returnObjects":["\"Error\"","893","\"Error\"","\"NaN.\""],"callbackArgs":[{"0":["ZKI",":B","e","$$j6`n","n","+","5",")","M$","xu"],"1":893,"2":0,"3":[893]},{"0":{"843":"Lx","3.9049470464820584e+307":627,":U#":"","2.906840298110317e+307":"9g=PJ[","2.3189906211508394e+307":7.502840951648477e+307,"I@lt":82},"1":893,"2":0,"3":[893]},{"0":true,"1":893,"2":0,"3":[893]}]}