{"baseObjects":["[82]","[82]","[82]","[82]"],"returnObjects":["82","\"82\"","\"82\"","\"[object Object]undefined.\""],"callbackArgs":[{"0":null,"1":82,"2":0,"3":[82]},{"0":"","1":82,"2":0,"3":[82]},{"1":82,"2":0,"3":[82]},{"0":{"0":"H",">":"p8I","":"v","1.3940367832120972e+308":9.886955310732285e+307,"T7C":823,"2.970002635667032e+307":"V"},"1":82,"2":0,"3":[82]}]}