{"baseObjects":["[1.7976931348623157e+308,126,969,714,969,122]","[1.7976931348623157e+308,126,969,714,969,122]","[1.7976931348623157e+308,126,969,714,969,122]","[1.7976931348623157e+308,126,969,714,969,122]"],"returnObjects":["\"Error\"","\"Error\"","\"Error\"","\"Error\""],"callbackArgs":[{"0":[969,714,82],"1":122,"2":5,"3":[1.7976931348623157e+308,126,969,714,969,122]},{"0":"","1":122,"2":5,"3":[1.7976931348623157e+308,126,969,714,969,122]},{"0":true,"1":122,"2":5,"3":[1.7976931348623157e+308,126,969,714,969,122]},{"0":122,"1":969,"2":4,"3":[1.7976931348623157e+308,126,969,714,969,122]}]}