{"baseObjects":["[655,1.7976931348623157e+308,655]","[655,1.7976931348623157e+308,655]","[655,1.7976931348623157e+308,655]","[655,1.7976931348623157e+308,655]"],"returnObjects":["655","655","655","655"],"callbackArgs":[{"0":655,"1":0,"2":[655,1.7976931348623157e+308,655]},{"0":655,"1":0,"2":[655,1.7976931348623157e+308,655]},{"0":655,"1":0,"2":[655,1.7976931348623157e+308,655]},{"0":655,"1":0,"2":[655,1.7976931348623157e+308,655]}]}