{"baseObjects":["[82,1.7976931348623157e+308,460,100,893,157,157,213]","[82,1.7976931348623157e+308,460,100,893,157,157,213]","[82,1.7976931348623157e+308,460,100,893,157,157,213]","[82,1.7976931348623157e+308,460,100,893,157,157,213]"],"returnObjects":["82","82","82","82"],"callbackArgs":[{"0":82,"1":0,"2":[82,1.7976931348623157e+308,460,100,893,157,157,213]},{"0":82,"1":0,"2":[82,1.7976931348623157e+308,460,100,893,157,157,213]},{"0":82,"1":0,"2":[82,1.7976931348623157e+308,460,100,893,157,157,213]},{"0":82,"1":0,"2":[82,1.7976931348623157e+308,460,100,893,157,157,213]}]}