{"baseObjects":["[157,1.7976931348623157e+308]","[157,1.7976931348623157e+308]","[157,1.7976931348623157e+308]","[157,1.7976931348623157e+308]"],"returnObjects":["157","157","157","157"],"callbackArgs":[{"0":157,"1":0,"2":[157,1.7976931348623157e+308]},{"0":157,"1":0,"2":[157,1.7976931348623157e+308]},{"0":157,"1":0,"2":[157,1.7976931348623157e+308]},{"0":157,"1":0,"2":[157,1.7976931348623157e+308]}]}