{"baseObjects":["[0,607,618,595,893,1.7976931348623157e+308,823,618]","[0,607,618,595,893,1.7976931348623157e+308,823,618]","[0,607,618,595,893,1.7976931348623157e+308,823,618]","[0,607,618,595,893,1.7976931348623157e+308,823,618]"],"returnObjects":["0","0","0","0"],"callbackArgs":[{"0":0,"1":0,"2":[0,607,618,595,893,1.7976931348623157e+308,823,618]},{"0":0,"1":0,"2":[0,607,618,595,893,1.7976931348623157e+308,823,618]},{"0":0,"1":0,"2":[0,607,618,595,893,1.7976931348623157e+308,823,618]},{"0":0,"1":0,"2":[0,607,618,595,893,1.7976931348623157e+308,823,618]}]}