{"baseObjects":["[-1,-1,618,893,595,1.7976931348623157e+308,122,-1,100]","[-1,-1,618,893,595,1.7976931348623157e+308,122,-1,100]","[-1,-1,618,893,595,1.7976931348623157e+308,122,-1,100]","[-1,-1,618,893,595,1.7976931348623157e+308,122,-1,100]"],"returnObjects":["-1","-1","-1","-1"],"callbackArgs":[{"0":-1,"1":0,"2":[-1,-1,618,893,595,1.7976931348623157e+308,122,-1,100]},{"0":-1,"1":0,"2":[-1,-1,618,893,595,1.7976931348623157e+308,122,-1,100]},{"0":-1,"1":0,"2":[-1,-1,618,893,595,1.7976931348623157e+308,122,-1,100]},{"0":-1,"1":0,"2":[-1,-1,618,893,595,1.7976931348623157e+308,122,-1,100]}]}