{"baseObjects":["[1.7976931348623157e+308,59,893,893,618,0,-100,403,893,403]","[]","[1.7976931348623157e+308,59,893,893,618,0,-100,403,893,-1]","[1.7976931348623157e+308,59,893,893,618,0,-100,403,893,403]"],"returnObjects":["false","false","\"Error\"","\"Error\""],"callbackArgs":["{\"0\":1.7976931348623157e+308,\"1\":0,\"2\":[1.7976931348623157e+308,59,893,893,618,0,-100,403,893,403]}","{\"0\":59,\"1\":1,\"2\":[1.7976931348623157e+308,59,893,893,618,0,-100,403,893,403]}","{\"0\":893,\"1\":2,\"2\":[1.7976931348623157e+308,59,893,893,618,0,-100,403,893,403]}","{\"0\":893,\"1\":3,\"2\":[1.7976931348623157e+308,59,893,893,618,0,-100,403,893,403]}","{\"0\":618,\"1\":4,\"2\":[1.7976931348623157e+308,59,893,893,618,0,-100,403,893,403]}","{\"0\":0,\"1\":5,\"2\":[1.7976931348623157e+308,59,893,893,618,0,-100,403,893,403]}","{\"0\":-100,\"1\":6,\"2\":[1.7976931348623157e+308,59,893,893,618,0,-100,403,893,403]}","{\"0\":403,\"1\":7,\"2\":[1.7976931348623157e+308,59,893,893,618,0,-100,403,893,403]}","{\"0\":893,\"1\":8,\"2\":[1.7976931348623157e+308,59,893,893,618,0,-100,403,893,403]}","{\"0\":403,\"1\":9,\"2\":[1.7976931348623157e+308,59,893,893,618,0,-100,403,893,403]}","{\"0\":1.7976931348623157e+308,\"1\":0,\"2\":[1.7976931348623157e+308,59,893,893,618,0,-100,403,893,403]}","{\"0\":1.7976931348623157e+308,\"1\":0,\"2\":[1.7976931348623157e+308,59,893,893,618,0,-100,403,893,403]}","{\"0\":1.7976931348623157e+308,\"1\":0,\"2\":[1.7976931348623157e+308,59,893,893,618,0,-100,403,893,403]}"]}