{"baseObjects":["[242,595,false]","\"S^\"","[242,595,1.7976931348623157e+308]","[100,893,783,242,618]"],"returnObjects":["\"Error\"","true","\"Error\"","\"Error\""],"callbackArgs":["{\"0\":242,\"1\":0,\"2\":[242,595,1.7976931348623157e+308]}","{\"0\":242,\"1\":0,\"2\":[242,595,1.7976931348623157e+308]}","{\"0\":242,\"1\":0,\"2\":[242,595,1.7976931348623157e+308]}","{\"0\":242,\"1\":0,\"2\":[242,595,1.7976931348623157e+308]}"]}