{"baseObjects":["[\"x\",\"6\",\"6bSf\",\"1mF\",\"s\",\"N\",\"7\",\"8^-\",\"N\",\"y\"]","[\"x\",\"6\",\"6bSf\",\"1mF\",\"s\",\"N\",true,\"8^-\",\"N\",\"y\"]","[{\"783\":\"\",\"969\":6.872941767595744e+307,\"bjn\":1.0414621755576014e+308,\"8.405250956246933e+307\":\"[t\",\"K'\":1.5847438130256285e+308,\"9.569002985309172e+307\":\"\",\"2.0105539911095946e+307\":1.4348415130363933e+307,\"5e-324\":823},\"6\",\"6bSf\",\"1mF\",\"s\",\"N\",\"7\",\"8^-\",\"N\",\"y\"]","[\"x\",\"6\",\"6bSf\",\"1mF\",\"s\",\"N\",\"7\",\"8^-\",\"N\",\"y\"]"],"returnObjects":["true","true","false","\"Error\""],"callbackArgs":["{\"0\":\"x\",\"1\":0,\"2\":[\"x\",\"6\",\"6bSf\",\"1mF\",\"s\",\"N\",\"7\",\"8^-\",\"N\",\"y\"]}","{\"0\":\"x\",\"1\":0,\"2\":[\"x\",\"6\",\"6bSf\",\"1mF\",\"s\",\"N\",\"7\",\"8^-\",\"N\",\"y\"]}","{\"0\":\"x\",\"1\":0,\"2\":[\"x\",\"6\",\"6bSf\",\"1mF\",\"s\",\"N\",\"7\",\"8^-\",\"N\",\"y\"]}","{\"0\":\"6\",\"1\":1,\"2\":[{\"783\":\"\",\"969\":6.872941767595744e+307,\"bjn\":1.0414621755576014e+308,\"8.405250956246933e+307\":\"[t\",\"K'\":1.5847438130256285e+308,\"9.569002985309172e+307\":\"\",\"2.0105539911095946e+307\":1.4348415130363933e+307,\"5e-324\":823},\"6\",\"6bSf\",\"1mF\",\"s\",\"N\",\"7\",\"8^-\",\"N\",\"y\"]}","{\"0\":\"6bSf\",\"1\":2,\"2\":[{\"783\":\"\",\"969\":6.872941767595744e+307,\"bjn\":1.0414621755576014e+308,\"8.405250956246933e+307\":\"[t\",\"K'\":1.5847438130256285e+308,\"9.569002985309172e+307\":\"\",\"2.0105539911095946e+307\":1.4348415130363933e+307,\"5e-324\":823},\"6\",\"6bSf\",\"1mF\",\"s\",\"N\",\"7\",\"8^-\",\"N\",\"y\"]}","{\"0\":\"1mF\",\"1\":3,\"2\":[{\"783\":\"\",\"969\":6.872941767595744e+307,\"bjn\":1.0414621755576014e+308,\"8.405250956246933e+307\":\"[t\",\"K'\":1.5847438130256285e+308,\"9.569002985309172e+307\":\"\",\"2.0105539911095946e+307\":1.4348415130363933e+307,\"5e-324\":823},\"6\",\"6bSf\",\"1mF\",\"s\",\"N\",\"7\",\"8^-\",\"N\",\"y\"]}","{\"0\":\"s\",\"1\":4,\"2\":[{\"783\":\"\",\"969\":6.872941767595744e+307,\"bjn\":1.0414621755576014e+308,\"8.405250956246933e+307\":\"[t\",\"K'\":1.5847438130256285e+308,\"9.569002985309172e+307\":\"\",\"2.0105539911095946e+307\":1.4348415130363933e+307,\"5e-324\":823},\"6\",\"6bSf\",\"1mF\",\"s\",\"N\",\"7\",\"8^-\",\"N\",\"y\"]}","{\"0\":\"N\",\"1\":5,\"2\":[{\"783\":\"\",\"969\":6.872941767595744e+307,\"bjn\":1.0414621755576014e+308,\"8.405250956246933e+307\":\"[t\",\"K'\":1.5847438130256285e+308,\"9.569002985309172e+307\":\"\",\"2.0105539911095946e+307\":1.4348415130363933e+307,\"5e-324\":823},\"6\",\"6bSf\",\"1mF\",\"s\",\"N\",\"7\",\"8^-\",\"N\",\"y\"]}","{\"0\":\"7\",\"1\":6,\"2\":[{\"783\":\"\",\"969\":6.872941767595744e+307,\"bjn\":1.0414621755576014e+308,\"8.405250956246933e+307\":\"[t\",\"K'\":1.5847438130256285e+308,\"9.569002985309172e+307\":\"\",\"2.0105539911095946e+307\":1.4348415130363933e+307,\"5e-324\":823},\"6\",\"6bSf\",\"1mF\",\"s\",\"N\",\"7\",\"8^-\",\"N\",\"y\"]}","{\"0\":\"8^-\",\"1\":7,\"2\":[{\"783\":\"\",\"969\":6.872941767595744e+307,\"bjn\":1.0414621755576014e+308,\"8.405250956246933e+307\":\"[t\",\"K'\":1.5847438130256285e+308,\"9.569002985309172e+307\":\"\",\"2.0105539911095946e+307\":1.4348415130363933e+307,\"5e-324\":823},\"6\",\"6bSf\",\"1mF\",\"s\",\"N\",\"7\",\"8^-\",\"N\",\"y\"]}","{\"0\":\"N\",\"1\":8,\"2\":[{\"783\":\"\",\"969\":6.872941767595744e+307,\"bjn\":1.0414621755576014e+308,\"8.405250956246933e+307\":\"[t\",\"K'\":1.5847438130256285e+308,\"9.569002985309172e+307\":\"\",\"2.0105539911095946e+307\":1.4348415130363933e+307,\"5e-324\":823},\"6\",\"6bSf\",\"1mF\",\"s\",\"N\",\"7\",\"8^-\",\"N\",\"y\"]}","{\"0\":\"y\",\"1\":9,\"2\":[{\"783\":\"\",\"969\":6.872941767595744e+307,\"bjn\":1.0414621755576014e+308,\"8.405250956246933e+307\":\"[t\",\"K'\":1.5847438130256285e+308,\"9.569002985309172e+307\":\"\",\"2.0105539911095946e+307\":1.4348415130363933e+307,\"5e-324\":823},\"6\",\"6bSf\",\"1mF\",\"s\",\"N\",\"7\",\"8^-\",\"N\",\"y\"]}","{\"0\":\"x\",\"1\":0,\"2\":[\"x\",\"6\",\"6bSf\",\"1mF\",\"s\",\"N\",\"7\",\"8^-\",\"N\",\"y\"]}"]}