{"baseObjects":["[783,607,893,-1,783,843,25,{\"25\":\"\",\"\":126,\"1.10266080449988e+308\":705,\",\":6.560056908477075e+307,\"1.647311620807208e+308\":\"\",\"L\":\"P\",\"i'\":\"h\"}]","[783,607,893,-1,false,843,25]","[783,607,893,-1,783,843,25]","[783,607,893,-1,783,843,25]"],"returnObjects":["false","false","true","false"],"callbackArgs":["{\"0\":783,\"1\":0,\"2\":[783,607,893,-1,783,843,25]}","{\"0\":607,\"1\":1,\"2\":[783,607,893,-1,783,843,25,{\"25\":\"\",\"\":126,\"1.10266080449988e+308\":705,\",\":6.560056908477075e+307,\"1.647311620807208e+308\":\"\",\"L\":\"P\",\"i'\":\"h\"}]}","{\"0\":893,\"1\":2,\"2\":[783,607,893,-1,783,843,25,{\"25\":\"\",\"\":126,\"1.10266080449988e+308\":705,\",\":6.560056908477075e+307,\"1.647311620807208e+308\":\"\",\"L\":\"P\",\"i'\":\"h\"}]}","{\"0\":-1,\"1\":3,\"2\":[783,607,893,-1,783,843,25,{\"25\":\"\",\"\":126,\"1.10266080449988e+308\":705,\",\":6.560056908477075e+307,\"1.647311620807208e+308\":\"\",\"L\":\"P\",\"i'\":\"h\"}]}","{\"0\":783,\"1\":4,\"2\":[783,607,893,-1,783,843,25,{\"25\":\"\",\"\":126,\"1.10266080449988e+308\":705,\",\":6.560056908477075e+307,\"1.647311620807208e+308\":\"\",\"L\":\"P\",\"i'\":\"h\"}]}","{\"0\":843,\"1\":5,\"2\":[783,607,893,-1,783,843,25,{\"25\":\"\",\"\":126,\"1.10266080449988e+308\":705,\",\":6.560056908477075e+307,\"1.647311620807208e+308\":\"\",\"L\":\"P\",\"i'\":\"h\"}]}","{\"0\":25,\"1\":6,\"2\":[783,607,893,-1,783,843,25,{\"25\":\"\",\"\":126,\"1.10266080449988e+308\":705,\",\":6.560056908477075e+307,\"1.647311620807208e+308\":\"\",\"L\":\"P\",\"i'\":\"h\"}]}","{\"0\":783,\"1\":0,\"2\":[783,607,893,-1,783,843,25]}","{\"0\":607,\"1\":1,\"2\":[783,607,893,-1,false,843,25]}","{\"0\":893,\"1\":2,\"2\":[783,607,893,-1,false,843,25]}","{\"0\":-1,\"1\":3,\"2\":[783,607,893,-1,false,843,25]}","{\"0\":false,\"1\":4,\"2\":[783,607,893,-1,false,843,25]}","{\"0\":843,\"1\":5,\"2\":[783,607,893,-1,false,843,25]}","{\"0\":25,\"1\":6,\"2\":[783,607,893,-1,false,843,25]}","{\"0\":783,\"1\":0,\"2\":[783,607,893,-1,783,843,25]}","{\"0\":783,\"1\":0,\"2\":[783,607,893,-1,783,843,25]}","{\"0\":607,\"1\":1,\"2\":[783,607,893,-1,783,843,25]}","{\"0\":893,\"1\":2,\"2\":[783,607,893,-1,783,843,25]}","{\"0\":-1,\"1\":3,\"2\":[783,607,893,-1,783,843,25]}","{\"0\":783,\"1\":4,\"2\":[783,607,893,-1,783,843,25]}","{\"0\":843,\"1\":5,\"2\":[783,607,893,-1,783,843,25]}","{\"0\":25,\"1\":6,\"2\":[783,607,893,-1,783,843,25]}"]}