{"baseObjects":["[783,126,126,595,-100,\"s\",\")p$o\",\"y\",655,1.7976931348623157e+308]","[783,126,126,595,-100,\"s\",\")p$o\",\"y\",655,1.7976931348623157e+308]","[783,126,126,595,-100,\"s\",\")p$o\",\"y\",655,1.7976931348623157e+308]","[783,126,126,595,-100,\"s\",\")p$o\",\"y\",655,1.7976931348623157e+308]"],"returnObjects":["true","\"Error\"","\"Error\"","true"],"callbackArgs":["{\"0\":783,\"1\":0,\"2\":[783,126,126,595,-100,\"s\",\")p$o\",\"y\",655,1.7976931348623157e+308]}","{\"0\":783,\"1\":0,\"2\":[783,126,126,595,-100,\"s\",\")p$o\",\"y\",655,1.7976931348623157e+308]}","{\"0\":783,\"1\":0,\"2\":[783,126,126,595,-100,\"s\",\")p$o\",\"y\",655,1.7976931348623157e+308]}","{\"0\":783,\"1\":0,\"2\":[783,126,126,595,-100,\"s\",\")p$o\",\"y\",655,1.7976931348623157e+308]}","{\"0\":126,\"1\":1,\"2\":[783,126,126,595,-100,\"s\",\")p$o\",\"y\",655,1.7976931348623157e+308]}","{\"0\":126,\"1\":2,\"2\":[783,126,126,595,-100,\"s\",\")p$o\",\"y\",655,1.7976931348623157e+308]}","{\"0\":595,\"1\":3,\"2\":[783,126,126,595,-100,\"s\",\")p$o\",\"y\",655,1.7976931348623157e+308]}","{\"0\":-100,\"1\":4,\"2\":[783,126,126,595,-100,\"s\",\")p$o\",\"y\",655,1.7976931348623157e+308]}","{\"0\":\"s\",\"1\":5,\"2\":[783,126,126,595,-100,\"s\",\")p$o\",\"y\",655,1.7976931348623157e+308]}"]}