{"baseObjects":["[null,{\"595\":\"\",\"6.222704668137761e+307\":1.1620781562680515e+308,\"\":213,\"'3\":1.4301256753778806e+308,\"1.7260383567040607e+308\":\"\"}]","[893,100,460,82,714,893,618]","[893,100,460,82,714,893,618]","[893,100,460,82,714,893,618]"],"returnObjects":["false","true","false","true"],"callbackArgs":["{\"0\":893,\"1\":0,\"2\":[893,100,460,82,714,893,618]}","{\"0\":{\"595\":\"\",\"6.222704668137761e+307\":1.1620781562680515e+308,\"\":213,\"'3\":1.4301256753778806e+308,\"1.7260383567040607e+308\":\"\"},\"1\":1,\"2\":[null,{\"595\":\"\",\"6.222704668137761e+307\":1.1620781562680515e+308,\"\":213,\"'3\":1.4301256753778806e+308,\"1.7260383567040607e+308\":\"\"}]}","{\"0\":893,\"1\":0,\"2\":[893,100,460,82,714,893,618]}","{\"0\":893,\"1\":0,\"2\":[893,100,460,82,714,893,618]}","{\"0\":100,\"1\":1,\"2\":[893,100,460,82,714,893,618]}","{\"0\":460,\"1\":2,\"2\":[893,100,460,82,714,893,618]}","{\"0\":82,\"1\":3,\"2\":[893,100,460,82,714,893,618]}","{\"0\":714,\"1\":4,\"2\":[893,100,460,82,714,893,618]}","{\"0\":893,\"1\":5,\"2\":[893,100,460,82,714,893,618]}","{\"0\":618,\"1\":6,\"2\":[893,100,460,82,714,893,618]}","{\"0\":893,\"1\":0,\"2\":[893,100,460,82,714,893,618]}"]}