{"baseObjects":["[403,-100,0,893,59,null,{\"\":1.453728349918978e+307,\"2.8493025894207784e+307\":1.785131702624744e+308}]","[403,[-100,1.7976931348623157e+308,{\"\":\"\",\"4.452697042824044e+307\":4.669479889204902e+306,\"8.869543982951126e+307\":\"\"},893],0,893,59]","[403,-100,0,893,59]","[403,[\"v>l33\",\"2X\",\"}Sw\",\"g\",\"SD*\"],0,893,59,null,null,-1]"],"returnObjects":["false","false","false","\"Error\""],"callbackArgs":["{\"0\":403,\"1\":0,\"2\":[403,-100,0,893,59]}","{\"0\":-100,\"1\":1,\"2\":[403,-100,0,893,59,null,{\"\":1.453728349918978e+307,\"2.8493025894207784e+307\":1.785131702624744e+308}]}","{\"0\":0,\"1\":2,\"2\":[403,-100,0,893,59,null,{\"\":1.453728349918978e+307,\"2.8493025894207784e+307\":1.785131702624744e+308}]}","{\"0\":893,\"1\":3,\"2\":[403,-100,0,893,59,null,{\"\":1.453728349918978e+307,\"2.8493025894207784e+307\":1.785131702624744e+308}]}","{\"0\":59,\"1\":4,\"2\":[403,-100,0,893,59,null,{\"\":1.453728349918978e+307,\"2.8493025894207784e+307\":1.785131702624744e+308}]}","{\"0\":403,\"1\":0,\"2\":[403,-100,0,893,59]}","{\"0\":[-100,1.7976931348623157e+308,{\"\":\"\",\"4.452697042824044e+307\":4.669479889204902e+306,\"8.869543982951126e+307\":\"\"},893],\"1\":1,\"2\":[403,[-100,1.7976931348623157e+308,{\"\":\"\",\"4.452697042824044e+307\":4.669479889204902e+306,\"8.869543982951126e+307\":\"\"},893],0,893,59]}","{\"0\":0,\"1\":2,\"2\":[403,[-100,1.7976931348623157e+308,{\"\":\"\",\"4.452697042824044e+307\":4.669479889204902e+306,\"8.869543982951126e+307\":\"\"},893],0,893,59]}","{\"0\":893,\"1\":3,\"2\":[403,[-100,1.7976931348623157e+308,{\"\":\"\",\"4.452697042824044e+307\":4.669479889204902e+306,\"8.869543982951126e+307\":\"\"},893],0,893,59]}","{\"0\":59,\"1\":4,\"2\":[403,[-100,1.7976931348623157e+308,{\"\":\"\",\"4.452697042824044e+307\":4.669479889204902e+306,\"8.869543982951126e+307\":\"\"},893],0,893,59]}","{\"0\":403,\"1\":0,\"2\":[403,-100,0,893,59]}","{\"0\":-100,\"1\":1,\"2\":[403,-100,0,893,59]}","{\"0\":0,\"1\":2,\"2\":[403,-100,0,893,59]}","{\"0\":893,\"1\":3,\"2\":[403,-100,0,893,59]}","{\"0\":59,\"1\":4,\"2\":[403,-100,0,893,59]}","{\"0\":403,\"1\":0,\"2\":[403,-100,0,893,59]}"]}