{"baseObjects":["[{\"\":1.7976931348623157e+308},1.7976931348623157e+308,\"$[w\",893,\",\"]","[705,1.7976931348623157e+308,\"$[w\",true,\",\"]","[705,1.7976931348623157e+308,\"$[w\",893,\",\"]","[705,1.7976931348623157e+308,\"$[w\",893,\",\"]"],"returnObjects":["true","\"Error\"","\"Error\"","\"Error\""],"callbackArgs":["{\"0\":705,\"1\":0,\"2\":[705,1.7976931348623157e+308,\"$[w\",893,\",\"]}","{\"0\":705,\"1\":0,\"2\":[705,1.7976931348623157e+308,\"$[w\",893,\",\"]}","{\"0\":705,\"1\":0,\"2\":[705,1.7976931348623157e+308,\"$[w\",893,\",\"]}","{\"0\":705,\"1\":0,\"2\":[705,1.7976931348623157e+308,\"$[w\",893,\",\"]}"]}