{"baseObjects":["[\"A\",\"k\",82,403,82,\"z\"]","[\"A\",126,82,403,82,\"z\"]","[\"A\",\"k\",82,403,82,\"z\",{\"7\":\"\",\"11\":5.3253639865751e+307,\"100\":\"f]+7:\",\"705\":25,\"\":\"\",\"j4\":\"\",\"9.921615655735988e+307\":\"W\",\"1.0909542589126985e+308\":9.60122734752051e+307,\"0i\":242},false]","[\"A\",\"k\",82,403,82,\"z\"]"],"returnObjects":["false","false","false","\"Error\""],"callbackArgs":["{\"0\":\"A\",\"1\":0,\"2\":[\"A\",\"k\",82,403,82,\"z\"]}","{\"0\":\"k\",\"1\":1,\"2\":[\"A\",\"k\",82,403,82,\"z\"]}","{\"0\":82,\"1\":2,\"2\":[\"A\",\"k\",82,403,82,\"z\"]}","{\"0\":403,\"1\":3,\"2\":[\"A\",\"k\",82,403,82,\"z\"]}","{\"0\":82,\"1\":4,\"2\":[\"A\",\"k\",82,403,82,\"z\"]}","{\"0\":\"z\",\"1\":5,\"2\":[\"A\",\"k\",82,403,82,\"z\"]}","{\"0\":\"A\",\"1\":0,\"2\":[\"A\",\"k\",82,403,82,\"z\"]}","{\"0\":126,\"1\":1,\"2\":[\"A\",126,82,403,82,\"z\"]}","{\"0\":82,\"1\":2,\"2\":[\"A\",126,82,403,82,\"z\"]}","{\"0\":403,\"1\":3,\"2\":[\"A\",126,82,403,82,\"z\"]}","{\"0\":82,\"1\":4,\"2\":[\"A\",126,82,403,82,\"z\"]}","{\"0\":\"z\",\"1\":5,\"2\":[\"A\",126,82,403,82,\"z\"]}","{\"0\":\"A\",\"1\":0,\"2\":[\"A\",\"k\",82,403,82,\"z\"]}","{\"0\":\"k\",\"1\":1,\"2\":[\"A\",\"k\",82,403,82,\"z\",{\"7\":\"\",\"11\":5.3253639865751e+307,\"100\":\"f]+7:\",\"705\":25,\"\":\"\",\"j4\":\"\",\"9.921615655735988e+307\":\"W\",\"1.0909542589126985e+308\":9.60122734752051e+307,\"0i\":242},false]}","{\"0\":82,\"1\":2,\"2\":[\"A\",\"k\",82,403,82,\"z\",{\"7\":\"\",\"11\":5.3253639865751e+307,\"100\":\"f]+7:\",\"705\":25,\"\":\"\",\"j4\":\"\",\"9.921615655735988e+307\":\"W\",\"1.0909542589126985e+308\":9.60122734752051e+307,\"0i\":242},false]}","{\"0\":403,\"1\":3,\"2\":[\"A\",\"k\",82,403,82,\"z\",{\"7\":\"\",\"11\":5.3253639865751e+307,\"100\":\"f]+7:\",\"705\":25,\"\":\"\",\"j4\":\"\",\"9.921615655735988e+307\":\"W\",\"1.0909542589126985e+308\":9.60122734752051e+307,\"0i\":242},false]}","{\"0\":82,\"1\":4,\"2\":[\"A\",\"k\",82,403,82,\"z\",{\"7\":\"\",\"11\":5.3253639865751e+307,\"100\":\"f]+7:\",\"705\":25,\"\":\"\",\"j4\":\"\",\"9.921615655735988e+307\":\"W\",\"1.0909542589126985e+308\":9.60122734752051e+307,\"0i\":242},false]}","{\"0\":\"z\",\"1\":5,\"2\":[\"A\",\"k\",82,403,82,\"z\",{\"7\":\"\",\"11\":5.3253639865751e+307,\"100\":\"f]+7:\",\"705\":25,\"\":\"\",\"j4\":\"\",\"9.921615655735988e+307\":\"W\",\"1.0909542589126985e+308\":9.60122734752051e+307,\"0i\":242},false]}","{\"0\":\"A\",\"1\":0,\"2\":[\"A\",\"k\",82,403,82,\"z\"]}"]}