{"baseObjects":["[\"+\",627,403,1.7976931348623157e+308,705,969,1.7976931348623157e+308,1.7976931348623157e+308]","[\"+\",627,403,1.7976931348623157e+308,705,969,1.7976931348623157e+308,1.7976931348623157e+308]","{\"157\":157,\"1.228479507406466e+308\":1.2774387974472828e+308,\"1.3085097901900093e+308\":\"\",\"p3\":49,\"\":\"\"}","[\"+\",627,403,1.7976931348623157e+308,705,969,1.7976931348623157e+308,1.7976931348623157e+308]"],"returnObjects":["false","\"Error\"","false","\"Error\""],"callbackArgs":["{\"0\":\"+\",\"1\":0,\"2\":[\"+\",627,403,1.7976931348623157e+308,705,969,1.7976931348623157e+308,1.7976931348623157e+308]}","{\"0\":627,\"1\":1,\"2\":[\"+\",627,403,1.7976931348623157e+308,705,969,1.7976931348623157e+308,1.7976931348623157e+308]}","{\"0\":403,\"1\":2,\"2\":[\"+\",627,403,1.7976931348623157e+308,705,969,1.7976931348623157e+308,1.7976931348623157e+308]}","{\"0\":1.7976931348623157e+308,\"1\":3,\"2\":[\"+\",627,403,1.7976931348623157e+308,705,969,1.7976931348623157e+308,1.7976931348623157e+308]}","{\"0\":705,\"1\":4,\"2\":[\"+\",627,403,1.7976931348623157e+308,705,969,1.7976931348623157e+308,1.7976931348623157e+308]}","{\"0\":969,\"1\":5,\"2\":[\"+\",627,403,1.7976931348623157e+308,705,969,1.7976931348623157e+308,1.7976931348623157e+308]}","{\"0\":1.7976931348623157e+308,\"1\":6,\"2\":[\"+\",627,403,1.7976931348623157e+308,705,969,1.7976931348623157e+308,1.7976931348623157e+308]}","{\"0\":1.7976931348623157e+308,\"1\":7,\"2\":[\"+\",627,403,1.7976931348623157e+308,705,969,1.7976931348623157e+308,1.7976931348623157e+308]}","{\"0\":\"+\",\"1\":0,\"2\":[\"+\",627,403,1.7976931348623157e+308,705,969,1.7976931348623157e+308,1.7976931348623157e+308]}","{\"0\":\"+\",\"1\":0,\"2\":[\"+\",627,403,1.7976931348623157e+308,705,969,1.7976931348623157e+308,1.7976931348623157e+308]}","{\"0\":627,\"1\":1,\"2\":[\"+\",627,403,1.7976931348623157e+308,705,969,1.7976931348623157e+308,1.7976931348623157e+308,{\"59\":655,\"100\":6.586888326772212e+307,\"126\":595,\"213\":\"\",\"1.7976931348623157e+308\":3.773705318901634e+306,\"{@\":\"\",\"q\":\"@Q\",\"7.054761201392777e+307\":122}]}","{\"0\":403,\"1\":2,\"2\":[\"+\",627,403,1.7976931348623157e+308,705,969,1.7976931348623157e+308,1.7976931348623157e+308,{\"59\":655,\"100\":6.586888326772212e+307,\"126\":595,\"213\":\"\",\"1.7976931348623157e+308\":3.773705318901634e+306,\"{@\":\"\",\"q\":\"@Q\",\"7.054761201392777e+307\":122}]}","{\"0\":1.7976931348623157e+308,\"1\":3,\"2\":[\"+\",627,403,1.7976931348623157e+308,705,969,1.7976931348623157e+308,1.7976931348623157e+308,{\"59\":655,\"100\":6.586888326772212e+307,\"126\":595,\"213\":\"\",\"1.7976931348623157e+308\":3.773705318901634e+306,\"{@\":\"\",\"q\":\"@Q\",\"7.054761201392777e+307\":122}]}","{\"0\":705,\"1\":4,\"2\":[\"+\",627,403,1.7976931348623157e+308,705,969,1.7976931348623157e+308,1.7976931348623157e+308,{\"59\":655,\"100\":6.586888326772212e+307,\"126\":595,\"213\":\"\",\"1.7976931348623157e+308\":3.773705318901634e+306,\"{@\":\"\",\"q\":\"@Q\",\"7.054761201392777e+307\":122}]}","{\"0\":969,\"1\":5,\"2\":[\"+\",627,403,1.7976931348623157e+308,705,969,1.7976931348623157e+308,1.7976931348623157e+308,{\"59\":655,\"100\":6.586888326772212e+307,\"126\":595,\"213\":\"\",\"1.7976931348623157e+308\":3.773705318901634e+306,\"{@\":\"\",\"q\":\"@Q\",\"7.054761201392777e+307\":122}]}","{\"0\":1.7976931348623157e+308,\"1\":6,\"2\":[\"+\",627,403,1.7976931348623157e+308,705,969,1.7976931348623157e+308,1.7976931348623157e+308,{\"59\":655,\"100\":6.586888326772212e+307,\"126\":595,\"213\":\"\",\"1.7976931348623157e+308\":3.773705318901634e+306,\"{@\":\"\",\"q\":\"@Q\",\"7.054761201392777e+307\":122}]}","{\"0\":1.7976931348623157e+308,\"1\":7,\"2\":[\"+\",627,403,1.7976931348623157e+308,705,969,1.7976931348623157e+308,1.7976931348623157e+308,{\"59\":655,\"100\":6.586888326772212e+307,\"126\":595,\"213\":\"\",\"1.7976931348623157e+308\":3.773705318901634e+306,\"{@\":\"\",\"q\":\"@Q\",\"7.054761201392777e+307\":122}]}","{\"0\":\"+\",\"1\":0,\"2\":[\"+\",627,403,1.7976931348623157e+308,705,969,1.7976931348623157e+308,1.7976931348623157e+308]}"]}