{"baseObjects":["[714,655,126,-100,460,705,969,59,893]","[714,655,126,-100,460,705,969,59,893]","{\"122\":1.3853658114630978e+308,\"714\":9.840448618809173e+306,\"1.4980312657685384e+308\":59,\"\":82,\"'\":\"\",\"1.5992737116588483e+308\":\"\",\"d\":\"\",\"7.659337744167612e+307\":\"y|\"}","[714,655,126,-100,460,705,969,59,893]"],"returnObjects":["true","\"Error\"","false","\"Error\""],"callbackArgs":["{\"0\":714,\"1\":0,\"2\":[714,655,126,-100,460,705,969,59,893]}","{\"0\":714,\"1\":0,\"2\":[714,655,126,-100,460,705,969,59,893]}","{\"0\":655,\"1\":1,\"2\":[714,655,126,-100,460,705,969,59,893]}","{\"0\":126,\"1\":2,\"2\":[714,655,126,-100,460,705,969,59,893]}","{\"0\":-100,\"1\":3,\"2\":[714,655,126,-100,460,705,969,59,893]}","{\"0\":460,\"1\":4,\"2\":[714,655,126,-100,460,705,969,59,893]}","{\"0\":705,\"1\":5,\"2\":[714,655,126,-100,460,705,969,59,893]}","{\"0\":969,\"1\":6,\"2\":[714,655,126,-100,460,705,969,59,893]}","{\"0\":59,\"1\":7,\"2\":[714,655,126,-100,460,705,969,59,893]}","{\"0\":893,\"1\":8,\"2\":[714,655,126,-100,460,705,969,59,893]}","{\"0\":714,\"1\":0,\"2\":[714,655,126,-100,460,705,969,59,893]}"]}