{"baseObjects":["[\"Z\",242,25,1.7976931348623157e+308,595,\"Mx\",893]","[\"Z\",242,25,1.7976931348623157e+308,595,\"Mx\",893]","[\"Z\",242,25,1.7976931348623157e+308,595,\"Mx\",893]","{\"DL#\":655,\"<\":\"\",\"lu\":1.5038892749424484e+308}"],"returnObjects":["false","false","false","false"],"callbackArgs":["{\"0\":\"Z\",\"1\":0,\"2\":[\"Z\",242,25,1.7976931348623157e+308,595,\"Mx\",893]}","{\"0\":242,\"1\":1,\"2\":[\"Z\",242,25,1.7976931348623157e+308,595,\"Mx\",893]}","{\"0\":25,\"1\":2,\"2\":[\"Z\",242,25,1.7976931348623157e+308,595,\"Mx\",893]}","{\"0\":1.7976931348623157e+308,\"1\":3,\"2\":[\"Z\",242,25,1.7976931348623157e+308,595,\"Mx\",893]}","{\"0\":595,\"1\":4,\"2\":[\"Z\",242,25,1.7976931348623157e+308,595,\"Mx\",893]}","{\"0\":\"Mx\",\"1\":5,\"2\":[\"Z\",242,25,1.7976931348623157e+308,595,\"Mx\",893]}","{\"0\":893,\"1\":6,\"2\":[\"Z\",242,25,1.7976931348623157e+308,595,\"Mx\",893]}","{\"0\":\"Z\",\"1\":0,\"2\":[\"Z\",242,25,1.7976931348623157e+308,595,\"Mx\",893]}","{\"0\":242,\"1\":1,\"2\":[\"Z\",242,25,1.7976931348623157e+308,595,\"Mx\",893]}","{\"0\":25,\"1\":2,\"2\":[\"Z\",242,25,1.7976931348623157e+308,595,\"Mx\",893]}","{\"0\":1.7976931348623157e+308,\"1\":3,\"2\":[\"Z\",242,25,1.7976931348623157e+308,595,\"Mx\",893]}","{\"0\":595,\"1\":4,\"2\":[\"Z\",242,25,1.7976931348623157e+308,595,\"Mx\",893]}","{\"0\":\"Mx\",\"1\":5,\"2\":[\"Z\",242,25,1.7976931348623157e+308,595,\"Mx\",893]}","{\"0\":893,\"1\":6,\"2\":[\"Z\",242,25,1.7976931348623157e+308,595,\"Mx\",893]}","{\"0\":\"Z\",\"1\":0,\"2\":[\"Z\",242,25,1.7976931348623157e+308,595,\"Mx\",893]}","{\"0\":242,\"1\":1,\"2\":[\"Z\",242,25,1.7976931348623157e+308,595,\"Mx\",893]}","{\"0\":25,\"1\":2,\"2\":[\"Z\",242,25,1.7976931348623157e+308,595,\"Mx\",893]}","{\"0\":1.7976931348623157e+308,\"1\":3,\"2\":[\"Z\",242,25,1.7976931348623157e+308,595,\"Mx\",893]}","{\"0\":595,\"1\":4,\"2\":[\"Z\",242,25,1.7976931348623157e+308,595,\"Mx\",893]}","{\"0\":\"Mx\",\"1\":5,\"2\":[\"Z\",242,25,1.7976931348623157e+308,595,\"Mx\",893]}","{\"0\":893,\"1\":6,\"2\":[\"Z\",242,25,1.7976931348623157e+308,595,\"Mx\",893]}","{\"0\":\"Z\",\"1\":0,\"2\":[\"Z\",242,25,1.7976931348623157e+308,595,\"Mx\",893]}","{\"0\":242,\"1\":1,\"2\":[\"Z\",242,25,1.7976931348623157e+308,595,\"Mx\",893]}","{\"0\":25,\"1\":2,\"2\":[\"Z\",242,25,1.7976931348623157e+308,595,\"Mx\",893]}","{\"0\":1.7976931348623157e+308,\"1\":3,\"2\":[\"Z\",242,25,1.7976931348623157e+308,595,\"Mx\",893]}","{\"0\":595,\"1\":4,\"2\":[\"Z\",242,25,1.7976931348623157e+308,595,\"Mx\",893]}","{\"0\":\"Mx\",\"1\":5,\"2\":[\"Z\",242,25,1.7976931348623157e+308,595,\"Mx\",893]}","{\"0\":893,\"1\":6,\"2\":[\"Z\",242,25,1.7976931348623157e+308,595,\"Mx\",893]}"]}