{"baseObjects":["[893,893,25,-1,-100,893,1.7976931348623157e+308,403,-1,100]","[893,893,25,-1,-100,893,1.7976931348623157e+308,403,-1,100]","[893,893,25,-1,-100,893,1.7976931348623157e+308,403,-1,100]","[893,893,25,-1,-100,893,1.7976931348623157e+308,403,-1,100]"],"returnObjects":["true","false","false","\"Error\""],"callbackArgs":["{\"0\":893,\"1\":0,\"2\":[893,893,25,-1,-100,893,1.7976931348623157e+308,403,-1,100]}","{\"0\":893,\"1\":0,\"2\":[893,893,25,-1,-100,893,1.7976931348623157e+308,403,-1,100]}","{\"0\":893,\"1\":1,\"2\":[893,893,25,-1,-100,893,1.7976931348623157e+308,403,-1,100]}","{\"0\":25,\"1\":2,\"2\":[893,893,25,-1,-100,893,1.7976931348623157e+308,403,-1,100]}","{\"0\":-1,\"1\":3,\"2\":[893,893,25,-1,-100,893,1.7976931348623157e+308,403,-1,100]}","{\"0\":-100,\"1\":4,\"2\":[893,893,25,-1,-100,893,1.7976931348623157e+308,403,-1,100]}","{\"0\":893,\"1\":5,\"2\":[893,893,25,-1,-100,893,1.7976931348623157e+308,403,-1,100]}","{\"0\":1.7976931348623157e+308,\"1\":6,\"2\":[893,893,25,-1,-100,893,1.7976931348623157e+308,403,-1,100]}","{\"0\":403,\"1\":7,\"2\":[893,893,25,-1,-100,893,1.7976931348623157e+308,403,-1,100]}","{\"0\":-1,\"1\":8,\"2\":[893,893,25,-1,-100,893,1.7976931348623157e+308,403,-1,100]}","{\"0\":100,\"1\":9,\"2\":[893,893,25,-1,-100,893,1.7976931348623157e+308,403,-1,100]}","{\"0\":893,\"1\":0,\"2\":[893,893,25,-1,-100,893,1.7976931348623157e+308,403,-1,100]}","{\"0\":893,\"1\":1,\"2\":[893,893,25,-1,-100,893,1.7976931348623157e+308,403,-1,100]}","{\"0\":25,\"1\":2,\"2\":[893,893,25,-1,-100,893,1.7976931348623157e+308,403,-1,100]}","{\"0\":-1,\"1\":3,\"2\":[893,893,25,-1,-100,893,1.7976931348623157e+308,403,-1,100]}","{\"0\":-100,\"1\":4,\"2\":[893,893,25,-1,-100,893,1.7976931348623157e+308,403,-1,100]}","{\"0\":893,\"1\":5,\"2\":[893,893,25,-1,-100,893,1.7976931348623157e+308,403,-1,100]}","{\"0\":1.7976931348623157e+308,\"1\":6,\"2\":[893,893,25,-1,-100,893,1.7976931348623157e+308,403,-1,100]}","{\"0\":403,\"1\":7,\"2\":[893,893,25,-1,-100,893,1.7976931348623157e+308,403,-1,100]}","{\"0\":-1,\"1\":8,\"2\":[893,893,25,-1,-100,893,1.7976931348623157e+308,403,-1,100]}","{\"0\":100,\"1\":9,\"2\":[893,893,25,-1,-100,893,1.7976931348623157e+308,403,-1,100]}","{\"0\":893,\"1\":0,\"2\":[893,893,25,-1,-100,893,1.7976931348623157e+308,403,-1,100]}"]}