{"baseObjects":["[1.1466886020712155e+308,0,714,-1,-1,null,null,{\"705\":\"-_v\",\"l\":-100,\"-100\":5.327787987620174e+307},null]","[-100,0,714,-1,-1]","[false,0,714,-1,-1]","[-100,0,714,-1,-1]"],"returnObjects":["true","false","true","\"Error\""],"callbackArgs":["{\"0\":-100,\"1\":0,\"2\":[-100,0,714,-1,-1]}","{\"0\":-100,\"1\":0,\"2\":[-100,0,714,-1,-1]}","{\"0\":0,\"1\":1,\"2\":[-100,0,714,-1,-1]}","{\"0\":714,\"1\":2,\"2\":[-100,0,714,-1,-1]}","{\"0\":-1,\"1\":3,\"2\":[-100,0,714,-1,-1]}","{\"0\":-1,\"1\":4,\"2\":[-100,0,714,-1,-1]}","{\"0\":-100,\"1\":0,\"2\":[-100,0,714,-1,-1]}","{\"0\":-100,\"1\":0,\"2\":[-100,0,714,-1,-1]}"]}