{"baseObjects":["[-100,655,0]","[-100,655,0]","[-100,655,false]","[-100,1.6646374701078277e+308,0]"],"returnObjects":["true","false","false","false"],"callbackArgs":["{\"0\":-100,\"1\":0,\"2\":[-100,655,0]}","{\"0\":-100,\"1\":0,\"2\":[-100,655,0]}","{\"0\":655,\"1\":1,\"2\":[-100,655,0]}","{\"0\":0,\"1\":2,\"2\":[-100,655,0]}","{\"0\":-100,\"1\":0,\"2\":[-100,655,0]}","{\"0\":655,\"1\":1,\"2\":[-100,655,false]}","{\"0\":false,\"1\":2,\"2\":[-100,655,false]}","{\"0\":-100,\"1\":0,\"2\":[-100,655,0]}","{\"0\":1.6646374701078277e+308,\"1\":1,\"2\":[-100,1.6646374701078277e+308,0]}","{\"0\":0,\"1\":2,\"2\":[-100,1.6646374701078277e+308,0]}"]}