{"baseObjects":["[783,893]","[783,893]","[783,893,null,{\"7\":\"@o\",\"L\":\"\",\"1.554822650159092e+308\":1.5471719967580133e+308,\"1.292632388101371e+306\":1.8517114630438463e+307,\"1.7976931348623157e+308\":\"c&\",\"-1\":\"y\"}]","[783,893]"],"returnObjects":["false","false","false","\"Error\""],"callbackArgs":["{\"0\":783,\"1\":0,\"2\":[783,893]}","{\"0\":893,\"1\":1,\"2\":[783,893]}","{\"0\":783,\"1\":0,\"2\":[783,893]}","{\"0\":893,\"1\":1,\"2\":[783,893]}","{\"0\":783,\"1\":0,\"2\":[783,893]}","{\"0\":893,\"1\":1,\"2\":[783,893,null,{\"7\":\"@o\",\"L\":\"\",\"1.554822650159092e+308\":1.5471719967580133e+308,\"1.292632388101371e+306\":1.8517114630438463e+307,\"1.7976931348623157e+308\":\"c&\",\"-1\":\"y\"}]}","{\"0\":783,\"1\":0,\"2\":[783,893]}"]}