{"baseObjects":["[595,460,705,-1,460,843,627,{\"82\":\"\",\"1.3443340488379074e+308\":\"\",\"\":1.0496384980679152e+307,\"A\":\"q@6\",\"9.81235130411997e+307\":\"\",\"5.09326015729089e+307\":595,\"1.7976931348623157e+308\":\"\"}]","[595,460,705,-1,460,843,627]","[595,460,705,-1,460,843,627]","[595,460,705,-1,460,843,627]"],"returnObjects":["true","false","false","false"],"callbackArgs":["{\"0\":595,\"1\":0,\"2\":[595,460,705,-1,460,843,627]}","{\"0\":595,\"1\":0,\"2\":[595,460,705,-1,460,843,627]}","{\"0\":460,\"1\":1,\"2\":[595,460,705,-1,460,843,627]}","{\"0\":705,\"1\":2,\"2\":[595,460,705,-1,460,843,627]}","{\"0\":-1,\"1\":3,\"2\":[595,460,705,-1,460,843,627]}","{\"0\":460,\"1\":4,\"2\":[595,460,705,-1,460,843,627]}","{\"0\":843,\"1\":5,\"2\":[595,460,705,-1,460,843,627]}","{\"0\":627,\"1\":6,\"2\":[595,460,705,-1,460,843,627]}","{\"0\":595,\"1\":0,\"2\":[595,460,705,-1,460,843,627]}","{\"0\":460,\"1\":1,\"2\":[595,460,705,-1,460,843,627]}","{\"0\":705,\"1\":2,\"2\":[595,460,705,-1,460,843,627]}","{\"0\":-1,\"1\":3,\"2\":[595,460,705,-1,460,843,627]}","{\"0\":460,\"1\":4,\"2\":[595,460,705,-1,460,843,627]}","{\"0\":843,\"1\":5,\"2\":[595,460,705,-1,460,843,627]}","{\"0\":627,\"1\":6,\"2\":[595,460,705,-1,460,843,627]}","{\"0\":595,\"1\":0,\"2\":[595,460,705,-1,460,843,627]}","{\"0\":460,\"1\":1,\"2\":[595,460,705,-1,460,843,627]}","{\"0\":705,\"1\":2,\"2\":[595,460,705,-1,460,843,627]}","{\"0\":-1,\"1\":3,\"2\":[595,460,705,-1,460,843,627]}","{\"0\":460,\"1\":4,\"2\":[595,460,705,-1,460,843,627]}","{\"0\":843,\"1\":5,\"2\":[595,460,705,-1,460,843,627]}","{\"0\":627,\"1\":6,\"2\":[595,460,705,-1,460,843,627]}"]}