{"baseObjects":["[\"LU\",595,607,100,627,\"f\",\"L\",607]","{\"403\":-1,\"1.434628008106377e+308\":\"R\",\"\":\"`\",\"{\":-1,\"3.747854909535527e+306\":\"Ije\",\"1.7305262087992825e+308\":\"\",\"-100\":-1,\"_\":5.559614676056458e+307}","[\"LU\",595,607,100,627,\"f\",\"L\",607]","[\"LU\",595,607,100,627,\"f\",\"L\",607]"],"returnObjects":["false","\"Error\"","true","true"],"callbackArgs":["{\"0\":\"LU\",\"1\":0,\"2\":[\"LU\",595,607,100,627,\"f\",\"L\",607]}","{\"0\":595,\"1\":1,\"2\":[\"LU\",595,607,100,627,\"f\",\"L\",607]}","{\"0\":607,\"1\":2,\"2\":[\"LU\",595,607,100,627,\"f\",\"L\",607]}","{\"0\":100,\"1\":3,\"2\":[\"LU\",595,607,100,627,\"f\",\"L\",607]}","{\"0\":627,\"1\":4,\"2\":[\"LU\",595,607,100,627,\"f\",\"L\",607]}","{\"0\":\"f\",\"1\":5,\"2\":[\"LU\",595,607,100,627,\"f\",\"L\",607]}","{\"0\":\"L\",\"1\":6,\"2\":[\"LU\",595,607,100,627,\"f\",\"L\",607]}","{\"0\":607,\"1\":7,\"2\":[\"LU\",595,607,100,627,\"f\",\"L\",607]}","{\"0\":\"LU\",\"1\":0,\"2\":[\"LU\",595,607,100,627,\"f\",\"L\",607]}","{\"0\":\"LU\",\"1\":0,\"2\":[\"LU\",595,607,100,627,\"f\",\"L\",607]}","{\"0\":\"LU\",\"1\":0,\"2\":[\"LU\",595,607,100,627,\"f\",\"L\",607]}"]}