{"baseObjects":["[\"N2q32$M\",\"J*1\"]","[\"N2q32$M\",\"J*1\"]","[\"N2q32$M\",\"J*1\"]","{\"6\":\"\",\"595\":\"\",\"783\":8.64790377413761e+307,\"\":\"\",\"6.779235797629349e+307\":403,\"1.4013434823005563e+308\":\";PP9u\",\"-100\":5.169304389270677e+307,\"1.2466020054755513e+306\":\"\"}"],"returnObjects":["\"Error\"","false","false","true"],"callbackArgs":["{\"0\":\"N2q32$M\",\"1\":0,\"2\":[\"N2q32$M\",\"J*1\"]}","{\"0\":\"N2q32$M\",\"1\":0,\"2\":[\"N2q32$M\",\"J*1\"]}","{\"0\":\"J*1\",\"1\":1,\"2\":[\"N2q32$M\",\"J*1\"]}","{\"0\":\"N2q32$M\",\"1\":0,\"2\":[\"N2q32$M\",\"J*1\"]}","{\"0\":\"J*1\",\"1\":1,\"2\":[\"N2q32$M\",\"J*1\"]}","{\"0\":\"N2q32$M\",\"1\":0,\"2\":[\"N2q32$M\",\"J*1\"]}"]}