{"baseObjects":["[655,1.7976931348623157e+308,126,0,893,59,705,893,705]","[655,1.7976931348623157e+308,126,0,893,59,705,893,705,4.766257010810978e+307]","[655,1.7976931348623157e+308,126,0,893,59,705,893,[618,126]]","[655,1.7976931348623157e+308,126,0,893,59,705,893,705]"],"returnObjects":["false","false","false","false"],"callbackArgs":["{\"0\":655,\"1\":0,\"2\":[655,1.7976931348623157e+308,126,0,893,59,705,893,705]}","{\"0\":1.7976931348623157e+308,\"1\":1,\"2\":[655,1.7976931348623157e+308,126,0,893,59,705,893,705]}","{\"0\":126,\"1\":2,\"2\":[655,1.7976931348623157e+308,126,0,893,59,705,893,705]}","{\"0\":0,\"1\":3,\"2\":[655,1.7976931348623157e+308,126,0,893,59,705,893,705]}","{\"0\":893,\"1\":4,\"2\":[655,1.7976931348623157e+308,126,0,893,59,705,893,705]}","{\"0\":59,\"1\":5,\"2\":[655,1.7976931348623157e+308,126,0,893,59,705,893,705]}","{\"0\":705,\"1\":6,\"2\":[655,1.7976931348623157e+308,126,0,893,59,705,893,705]}","{\"0\":893,\"1\":7,\"2\":[655,1.7976931348623157e+308,126,0,893,59,705,893,705]}","{\"0\":705,\"1\":8,\"2\":[655,1.7976931348623157e+308,126,0,893,59,705,893,705]}","{\"0\":655,\"1\":0,\"2\":[655,1.7976931348623157e+308,126,0,893,59,705,893,705]}","{\"0\":1.7976931348623157e+308,\"1\":1,\"2\":[655,1.7976931348623157e+308,126,0,893,59,705,893,705,4.766257010810978e+307]}","{\"0\":126,\"1\":2,\"2\":[655,1.7976931348623157e+308,126,0,893,59,705,893,705,4.766257010810978e+307]}","{\"0\":0,\"1\":3,\"2\":[655,1.7976931348623157e+308,126,0,893,59,705,893,705,4.766257010810978e+307]}","{\"0\":893,\"1\":4,\"2\":[655,1.7976931348623157e+308,126,0,893,59,705,893,705,4.766257010810978e+307]}","{\"0\":59,\"1\":5,\"2\":[655,1.7976931348623157e+308,126,0,893,59,705,893,705,4.766257010810978e+307]}","{\"0\":705,\"1\":6,\"2\":[655,1.7976931348623157e+308,126,0,893,59,705,893,705,4.766257010810978e+307]}","{\"0\":893,\"1\":7,\"2\":[655,1.7976931348623157e+308,126,0,893,59,705,893,705,4.766257010810978e+307]}","{\"0\":705,\"1\":8,\"2\":[655,1.7976931348623157e+308,126,0,893,59,705,893,705,4.766257010810978e+307]}","{\"0\":655,\"1\":0,\"2\":[655,1.7976931348623157e+308,126,0,893,59,705,893,705]}","{\"0\":1.7976931348623157e+308,\"1\":1,\"2\":[655,1.7976931348623157e+308,126,0,893,59,705,893,[618,126]]}","{\"0\":126,\"1\":2,\"2\":[655,1.7976931348623157e+308,126,0,893,59,705,893,[618,126]]}","{\"0\":0,\"1\":3,\"2\":[655,1.7976931348623157e+308,126,0,893,59,705,893,[618,126]]}","{\"0\":893,\"1\":4,\"2\":[655,1.7976931348623157e+308,126,0,893,59,705,893,[618,126]]}","{\"0\":59,\"1\":5,\"2\":[655,1.7976931348623157e+308,126,0,893,59,705,893,[618,126]]}","{\"0\":705,\"1\":6,\"2\":[655,1.7976931348623157e+308,126,0,893,59,705,893,[618,126]]}","{\"0\":893,\"1\":7,\"2\":[655,1.7976931348623157e+308,126,0,893,59,705,893,[618,126]]}","{\"0\":[618,126],\"1\":8,\"2\":[655,1.7976931348623157e+308,126,0,893,59,705,893,[618,126]]}","{\"0\":655,\"1\":0,\"2\":[655,1.7976931348623157e+308,126,0,893,59,705,893,705]}","{\"0\":1.7976931348623157e+308,\"1\":1,\"2\":[655,1.7976931348623157e+308,126,0,893,59,705,893,705]}","{\"0\":126,\"1\":2,\"2\":[655,1.7976931348623157e+308,126,0,893,59,705,893,705]}","{\"0\":0,\"1\":3,\"2\":[655,1.7976931348623157e+308,126,0,893,59,705,893,705]}","{\"0\":893,\"1\":4,\"2\":[655,1.7976931348623157e+308,126,0,893,59,705,893,705]}","{\"0\":59,\"1\":5,\"2\":[655,1.7976931348623157e+308,126,0,893,59,705,893,705]}","{\"0\":705,\"1\":6,\"2\":[655,1.7976931348623157e+308,126,0,893,59,705,893,705]}","{\"0\":893,\"1\":7,\"2\":[655,1.7976931348623157e+308,126,0,893,59,705,893,705]}","{\"0\":705,\"1\":8,\"2\":[655,1.7976931348623157e+308,126,0,893,59,705,893,705]}"]}