{"baseObjects":["[-1,-100]","[-1,-100,null,null,null,null,100]","[-1,-100]","[-1,-100,{\"25\":5.891135961115323e+307,\"607\":157,\"D`Jkh\":\"\",\"\":7.554917445061047e+307,\"-100\":1.1392868252256759e+308,\"3.683429631611976e+307\":\"\",\"1.7976931348623157e+308\":1.6246402117946748e+307}]"],"returnObjects":["\"Error\"","\"Error\"","\"Error\"","true"],"callbackArgs":["{\"0\":-1,\"1\":0,\"2\":[-1,-100]}","{\"0\":-1,\"1\":0,\"2\":[-1,-100]}","{\"0\":-1,\"1\":0,\"2\":[-1,-100]}","{\"0\":-1,\"1\":0,\"2\":[-1,-100]}"]}