{"baseObjects":["[607,1.7976931348623157e+308,-100,\"5\",\"^q1\"]","{\"213\":6.062884273695418e+307,\"783\":\"P\"}","[607,1.7976931348623157e+308,null,null,\"^q1\",null,2.9308590795134247e+307]","[607,1.7976931348623157e+308,-100,\"5\",\"^q1\"]"],"returnObjects":["false","false","true","\"Error\""],"callbackArgs":["{\"0\":607,\"1\":0,\"2\":[607,1.7976931348623157e+308,-100,\"5\",\"^q1\"]}","{\"0\":1.7976931348623157e+308,\"1\":1,\"2\":[607,1.7976931348623157e+308,-100,\"5\",\"^q1\"]}","{\"0\":-100,\"1\":2,\"2\":[607,1.7976931348623157e+308,-100,\"5\",\"^q1\"]}","{\"0\":\"5\",\"1\":3,\"2\":[607,1.7976931348623157e+308,-100,\"5\",\"^q1\"]}","{\"0\":\"^q1\",\"1\":4,\"2\":[607,1.7976931348623157e+308,-100,\"5\",\"^q1\"]}","{\"0\":607,\"1\":0,\"2\":[607,1.7976931348623157e+308,-100,\"5\",\"^q1\"]}","{\"0\":1.7976931348623157e+308,\"1\":1,\"2\":[\"\",1.7976931348623157e+308,-100,\"5\",\"^q1\"]}","{\"0\":-100,\"1\":2,\"2\":[\"\",1.7976931348623157e+308,-100,\"5\",\"^q1\"]}","{\"0\":\"5\",\"1\":3,\"2\":[\"\",1.7976931348623157e+308,-100,\"5\",\"^q1\"]}","{\"0\":\"^q1\",\"1\":4,\"2\":[\"\",1.7976931348623157e+308,-100,\"5\",\"^q1\"]}","{\"0\":607,\"1\":0,\"2\":[607,1.7976931348623157e+308,-100,\"5\",\"^q1\"]}","{\"0\":607,\"1\":0,\"2\":[607,1.7976931348623157e+308,-100,\"5\",\"^q1\"]}"]}