{"baseObjects":["{\"25\":\"s?9\",\"627\":\"T\",\"823\":\"r\",\"893\":\"\",\"1.023271541956296e+308\":\"%\",\"1.194006997142449e+308\":\"\",\"6.160374902832293e+307\":\"P\"}","[\"k\",\"^\",823,59,783,\"?\",\"q\",82]","[\"k\",\"^\",823,[-100,783,\"U@\",\"bid\",\"v1\",157,705,460,843],783,\"?\",\"q\",82]","[\"k\",\"^\",823,59,783,\"?\",\"q\",82]"],"returnObjects":["\"Error\"","\"Error\"","false","\"Error\""],"callbackArgs":["{\"0\":\"k\",\"1\":0,\"2\":[\"k\",\"^\",823,59,783,\"?\",\"q\",82]}","{\"0\":\"k\",\"1\":0,\"2\":[\"k\",\"^\",823,59,783,\"?\",\"q\",82]}","{\"0\":\"k\",\"1\":0,\"2\":[\"k\",\"^\",823,59,783,\"?\",\"q\",82]}","{\"0\":\"^\",\"1\":1,\"2\":[\"k\",\"^\",823,[-100,783,\"U@\",\"bid\",\"v1\",157,705,460,843],783,\"?\",\"q\",82]}","{\"0\":823,\"1\":2,\"2\":[\"k\",\"^\",823,[-100,783,\"U@\",\"bid\",\"v1\",157,705,460,843],783,\"?\",\"q\",82]}","{\"0\":[-100,783,\"U@\",\"bid\",\"v1\",157,705,460,843],\"1\":3,\"2\":[\"k\",\"^\",823,[-100,783,\"U@\",\"bid\",\"v1\",157,705,460,843],783,\"?\",\"q\",82]}","{\"0\":783,\"1\":4,\"2\":[\"k\",\"^\",823,[-100,783,\"U@\",\"bid\",\"v1\",157,705,460,843],783,\"?\",\"q\",82]}","{\"0\":\"?\",\"1\":5,\"2\":[\"k\",\"^\",823,[-100,783,\"U@\",\"bid\",\"v1\",157,705,460,843],783,\"?\",\"q\",82]}","{\"0\":\"q\",\"1\":6,\"2\":[\"k\",\"^\",823,[-100,783,\"U@\",\"bid\",\"v1\",157,705,460,843],783,\"?\",\"q\",82]}","{\"0\":82,\"1\":7,\"2\":[\"k\",\"^\",823,[-100,783,\"U@\",\"bid\",\"v1\",157,705,460,843],783,\"?\",\"q\",82]}","{\"0\":\"k\",\"1\":0,\"2\":[\"k\",\"^\",823,59,783,\"?\",\"q\",82]}"]}