{"baseObjects":["[1.7976931348623157e+308,627,-1,242,213,59,1.7976931348623157e+308,49,595]","[1.7976931348623157e+308,627,-1,242,213,59,1.7976931348623157e+308,49,595]","[1.7976931348623157e+308,627,-1,242,213,627,1.7976931348623157e+308,49,595]","[1.7976931348623157e+308,627,-1,242,213,59,1.7976931348623157e+308,49,595]"],"returnObjects":["\"Error\"","\"Error\"","false","\"Error\""],"callbackArgs":["{\"0\":1.7976931348623157e+308,\"1\":0,\"2\":[1.7976931348623157e+308,627,-1,242,213,59,1.7976931348623157e+308,49,595]}","{\"0\":1.7976931348623157e+308,\"1\":0,\"2\":[1.7976931348623157e+308,627,-1,242,213,59,1.7976931348623157e+308,49,595]}","{\"0\":1.7976931348623157e+308,\"1\":0,\"2\":[1.7976931348623157e+308,627,-1,242,213,59,1.7976931348623157e+308,49,595]}","{\"0\":627,\"1\":1,\"2\":[1.7976931348623157e+308,627,-1,242,213,627,1.7976931348623157e+308,49,595]}","{\"0\":-1,\"1\":2,\"2\":[1.7976931348623157e+308,627,-1,242,213,627,1.7976931348623157e+308,49,595]}","{\"0\":242,\"1\":3,\"2\":[1.7976931348623157e+308,627,-1,242,213,627,1.7976931348623157e+308,49,595]}","{\"0\":213,\"1\":4,\"2\":[1.7976931348623157e+308,627,-1,242,213,627,1.7976931348623157e+308,49,595]}","{\"0\":627,\"1\":5,\"2\":[1.7976931348623157e+308,627,-1,242,213,627,1.7976931348623157e+308,49,595]}","{\"0\":1.7976931348623157e+308,\"1\":6,\"2\":[1.7976931348623157e+308,627,-1,242,213,627,1.7976931348623157e+308,49,595]}","{\"0\":49,\"1\":7,\"2\":[1.7976931348623157e+308,627,-1,242,213,627,1.7976931348623157e+308,49,595]}","{\"0\":595,\"1\":8,\"2\":[1.7976931348623157e+308,627,-1,242,213,627,1.7976931348623157e+308,49,595]}","{\"0\":1.7976931348623157e+308,\"1\":0,\"2\":[1.7976931348623157e+308,627,-1,242,213,59,1.7976931348623157e+308,49,595]}"]}