{"baseObjects":["[714,783,969,59,242,-100,969]","[714,783,969,59,242,-100,969]","[714,783,969,59,242,-100,969]","[{\"49\":1.3765135881968491e+308,\"893\":\"\",\"\":\"k\",\"3.9605510522072915e+307\":714,\"`#`f\":\"\",\"4.757844257568974e+307\":\"\",\"1.6746484119294358e+308\":\"H\",\"1.1826570571183187e+308\":\"\"},783,969,59,242,-100,969]"],"returnObjects":["\"Error\"","\"Error\"","false","false"],"callbackArgs":["{\"0\":714,\"1\":0,\"2\":[714,783,969,59,242,-100,969]}","{\"0\":714,\"1\":0,\"2\":[714,783,969,59,242,-100,969]}","{\"0\":714,\"1\":0,\"2\":[714,783,969,59,242,-100,969]}","{\"0\":783,\"1\":1,\"2\":[714,783,969,59,242,-100,969]}","{\"0\":969,\"1\":2,\"2\":[714,783,969,59,242,-100,969]}","{\"0\":59,\"1\":3,\"2\":[714,783,969,59,242,-100,969]}","{\"0\":242,\"1\":4,\"2\":[714,783,969,59,242,-100,969]}","{\"0\":-100,\"1\":5,\"2\":[714,783,969,59,242,-100,969]}","{\"0\":969,\"1\":6,\"2\":[714,783,969,59,242,-100,969]}","{\"0\":714,\"1\":0,\"2\":[714,783,969,59,242,-100,969]}","{\"0\":783,\"1\":1,\"2\":[{\"49\":1.3765135881968491e+308,\"893\":\"\",\"\":\"k\",\"3.9605510522072915e+307\":714,\"`#`f\":\"\",\"4.757844257568974e+307\":\"\",\"1.6746484119294358e+308\":\"H\",\"1.1826570571183187e+308\":\"\"},783,969,59,242,-100,969]}","{\"0\":969,\"1\":2,\"2\":[{\"49\":1.3765135881968491e+308,\"893\":\"\",\"\":\"k\",\"3.9605510522072915e+307\":714,\"`#`f\":\"\",\"4.757844257568974e+307\":\"\",\"1.6746484119294358e+308\":\"H\",\"1.1826570571183187e+308\":\"\"},783,969,59,242,-100,969]}","{\"0\":59,\"1\":3,\"2\":[{\"49\":1.3765135881968491e+308,\"893\":\"\",\"\":\"k\",\"3.9605510522072915e+307\":714,\"`#`f\":\"\",\"4.757844257568974e+307\":\"\",\"1.6746484119294358e+308\":\"H\",\"1.1826570571183187e+308\":\"\"},783,969,59,242,-100,969]}","{\"0\":242,\"1\":4,\"2\":[{\"49\":1.3765135881968491e+308,\"893\":\"\",\"\":\"k\",\"3.9605510522072915e+307\":714,\"`#`f\":\"\",\"4.757844257568974e+307\":\"\",\"1.6746484119294358e+308\":\"H\",\"1.1826570571183187e+308\":\"\"},783,969,59,242,-100,969]}","{\"0\":-100,\"1\":5,\"2\":[{\"49\":1.3765135881968491e+308,\"893\":\"\",\"\":\"k\",\"3.9605510522072915e+307\":714,\"`#`f\":\"\",\"4.757844257568974e+307\":\"\",\"1.6746484119294358e+308\":\"H\",\"1.1826570571183187e+308\":\"\"},783,969,59,242,-100,969]}","{\"0\":969,\"1\":6,\"2\":[{\"49\":1.3765135881968491e+308,\"893\":\"\",\"\":\"k\",\"3.9605510522072915e+307\":714,\"`#`f\":\"\",\"4.757844257568974e+307\":\"\",\"1.6746484119294358e+308\":\"H\",\"1.1826570571183187e+308\":\"\"},783,969,59,242,-100,969]}"]}