{"baseObjects":["[1.0669447801130459e+308,714,714,627,-100]","[627,714,714,627,-100]","[627,714,714,627,-100]","[627,714,714,627,-100,null,null,126]"],"returnObjects":["false","false","false","\"Error\""],"callbackArgs":["{\"0\":627,\"1\":0,\"2\":[627,714,714,627,-100]}","{\"0\":714,\"1\":1,\"2\":[1.0669447801130459e+308,714,714,627,-100]}","{\"0\":714,\"1\":2,\"2\":[1.0669447801130459e+308,714,714,627,-100]}","{\"0\":627,\"1\":3,\"2\":[1.0669447801130459e+308,714,714,627,-100]}","{\"0\":-100,\"1\":4,\"2\":[1.0669447801130459e+308,714,714,627,-100]}","{\"0\":627,\"1\":0,\"2\":[627,714,714,627,-100]}","{\"0\":714,\"1\":1,\"2\":[627,714,714,627,-100]}","{\"0\":714,\"1\":2,\"2\":[627,714,714,627,-100]}","{\"0\":627,\"1\":3,\"2\":[627,714,714,627,-100]}","{\"0\":-100,\"1\":4,\"2\":[627,714,714,627,-100]}","{\"0\":627,\"1\":0,\"2\":[627,714,714,627,-100]}","{\"0\":714,\"1\":1,\"2\":[627,714,714,627,-100]}","{\"0\":714,\"1\":2,\"2\":[627,714,714,627,-100]}","{\"0\":627,\"1\":3,\"2\":[627,714,714,627,-100]}","{\"0\":-100,\"1\":4,\"2\":[627,714,714,627,-100]}","{\"0\":627,\"1\":0,\"2\":[627,714,714,627,-100]}"]}