{"baseObjects":["[\"R\",1.7976931348623157e+308,460,-1,\"|\",\"y\",403,242,242]","[\"R\",1.7976931348623157e+308,460,-1,\"|\",\"y\",403,242,242]","[\"R\",1.7976931348623157e+308,460,-1,\"|\",\"y\",403,242,242]","[\"R\",1.7976931348623157e+308,460,-1,\"|\",\"y\",403,242,242]"],"returnObjects":["true","false","\"Error\"","\"Error\""],"callbackArgs":["{\"0\":\"R\",\"1\":0,\"2\":[\"R\",1.7976931348623157e+308,460,-1,\"|\",\"y\",403,242,242]}","{\"0\":\"R\",\"1\":0,\"2\":[\"R\",1.7976931348623157e+308,460,-1,\"|\",\"y\",403,242,242]}","{\"0\":1.7976931348623157e+308,\"1\":1,\"2\":[\"R\",1.7976931348623157e+308,460,-1,\"|\",\"y\",403,242,242]}","{\"0\":460,\"1\":2,\"2\":[\"R\",1.7976931348623157e+308,460,-1,\"|\",\"y\",403,242,242]}","{\"0\":-1,\"1\":3,\"2\":[\"R\",1.7976931348623157e+308,460,-1,\"|\",\"y\",403,242,242]}","{\"0\":\"|\",\"1\":4,\"2\":[\"R\",1.7976931348623157e+308,460,-1,\"|\",\"y\",403,242,242]}","{\"0\":\"y\",\"1\":5,\"2\":[\"R\",1.7976931348623157e+308,460,-1,\"|\",\"y\",403,242,242]}","{\"0\":403,\"1\":6,\"2\":[\"R\",1.7976931348623157e+308,460,-1,\"|\",\"y\",403,242,242]}","{\"0\":242,\"1\":7,\"2\":[\"R\",1.7976931348623157e+308,460,-1,\"|\",\"y\",403,242,242]}","{\"0\":242,\"1\":8,\"2\":[\"R\",1.7976931348623157e+308,460,-1,\"|\",\"y\",403,242,242]}","{\"0\":\"R\",\"1\":0,\"2\":[\"R\",1.7976931348623157e+308,460,-1,\"|\",\"y\",403,242,242]}","{\"0\":\"R\",\"1\":0,\"2\":[\"R\",1.7976931348623157e+308,460,-1,\"|\",\"y\",403,242,242]}"]}