{"baseObjects":["[\")y\",242,\"US)RR\",618,1.7976931348623157e+308,460,null,null,null,{\"705\":\"t\",\"1.361815129691909e+308\":\"K\",\"1.7747626999089064e+308\":1.70707129524392e+308,\"9.046570795520687e+307\":595,\"\":1.4273966709707833e+308,\"y\":893,\"2.359725053420928e+307\":5.143399791824858e+307}]","[\")y\",242,\"#\",618,1.7976931348623157e+308,460]","[\")y\",242,\"US)RR\",618,1.7976931348623157e+308,460,null,null,null,5.167346101223433e+307]","[\")y\",242,\"US)RR\",618,1.7976931348623157e+308,460,null,null,\"\"]"],"returnObjects":["false","false","false","false"],"callbackArgs":["{\"0\":\")y\",\"1\":0,\"2\":[\")y\",242,\"US)RR\",618,1.7976931348623157e+308,460]}","{\"0\":242,\"1\":1,\"2\":[\")y\",242,\"US)RR\",618,1.7976931348623157e+308,460,null,null,null,{\"705\":\"t\",\"1.361815129691909e+308\":\"K\",\"1.7747626999089064e+308\":1.70707129524392e+308,\"9.046570795520687e+307\":595,\"\":1.4273966709707833e+308,\"y\":893,\"2.359725053420928e+307\":5.143399791824858e+307}]}","{\"0\":\"US)RR\",\"1\":2,\"2\":[\")y\",242,\"US)RR\",618,1.7976931348623157e+308,460,null,null,null,{\"705\":\"t\",\"1.361815129691909e+308\":\"K\",\"1.7747626999089064e+308\":1.70707129524392e+308,\"9.046570795520687e+307\":595,\"\":1.4273966709707833e+308,\"y\":893,\"2.359725053420928e+307\":5.143399791824858e+307}]}","{\"0\":618,\"1\":3,\"2\":[\")y\",242,\"US)RR\",618,1.7976931348623157e+308,460,null,null,null,{\"705\":\"t\",\"1.361815129691909e+308\":\"K\",\"1.7747626999089064e+308\":1.70707129524392e+308,\"9.046570795520687e+307\":595,\"\":1.4273966709707833e+308,\"y\":893,\"2.359725053420928e+307\":5.143399791824858e+307}]}","{\"0\":1.7976931348623157e+308,\"1\":4,\"2\":[\")y\",242,\"US)RR\",618,1.7976931348623157e+308,460,null,null,null,{\"705\":\"t\",\"1.361815129691909e+308\":\"K\",\"1.7747626999089064e+308\":1.70707129524392e+308,\"9.046570795520687e+307\":595,\"\":1.4273966709707833e+308,\"y\":893,\"2.359725053420928e+307\":5.143399791824858e+307}]}","{\"0\":460,\"1\":5,\"2\":[\")y\",242,\"US)RR\",618,1.7976931348623157e+308,460,null,null,null,{\"705\":\"t\",\"1.361815129691909e+308\":\"K\",\"1.7747626999089064e+308\":1.70707129524392e+308,\"9.046570795520687e+307\":595,\"\":1.4273966709707833e+308,\"y\":893,\"2.359725053420928e+307\":5.143399791824858e+307}]}","{\"0\":\")y\",\"1\":0,\"2\":[\")y\",242,\"US)RR\",618,1.7976931348623157e+308,460]}","{\"0\":242,\"1\":1,\"2\":[\")y\",242,\"#\",618,1.7976931348623157e+308,460]}","{\"0\":\"#\",\"1\":2,\"2\":[\")y\",242,\"#\",618,1.7976931348623157e+308,460]}","{\"0\":618,\"1\":3,\"2\":[\")y\",242,\"#\",618,1.7976931348623157e+308,460]}","{\"0\":1.7976931348623157e+308,\"1\":4,\"2\":[\")y\",242,\"#\",618,1.7976931348623157e+308,460]}","{\"0\":460,\"1\":5,\"2\":[\")y\",242,\"#\",618,1.7976931348623157e+308,460]}","{\"0\":\")y\",\"1\":0,\"2\":[\")y\",242,\"US)RR\",618,1.7976931348623157e+308,460]}","{\"0\":242,\"1\":1,\"2\":[\")y\",242,\"US)RR\",618,1.7976931348623157e+308,460,null,null,null,5.167346101223433e+307]}","{\"0\":\"US)RR\",\"1\":2,\"2\":[\")y\",242,\"US)RR\",618,1.7976931348623157e+308,460,null,null,null,5.167346101223433e+307]}","{\"0\":618,\"1\":3,\"2\":[\")y\",242,\"US)RR\",618,1.7976931348623157e+308,460,null,null,null,5.167346101223433e+307]}","{\"0\":1.7976931348623157e+308,\"1\":4,\"2\":[\")y\",242,\"US)RR\",618,1.7976931348623157e+308,460,null,null,null,5.167346101223433e+307]}","{\"0\":460,\"1\":5,\"2\":[\")y\",242,\"US)RR\",618,1.7976931348623157e+308,460,null,null,null,5.167346101223433e+307]}","{\"0\":\")y\",\"1\":0,\"2\":[\")y\",242,\"US)RR\",618,1.7976931348623157e+308,460]}","{\"0\":242,\"1\":1,\"2\":[\")y\",242,\"US)RR\",618,1.7976931348623157e+308,460,null,null,\"\"]}","{\"0\":\"US)RR\",\"1\":2,\"2\":[\")y\",242,\"US)RR\",618,1.7976931348623157e+308,460,null,null,\"\"]}","{\"0\":618,\"1\":3,\"2\":[\")y\",242,\"US)RR\",618,1.7976931348623157e+308,460,null,null,\"\"]}","{\"0\":1.7976931348623157e+308,\"1\":4,\"2\":[\")y\",242,\"US)RR\",618,1.7976931348623157e+308,460,null,null,\"\"]}","{\"0\":460,\"1\":5,\"2\":[\")y\",242,\"US)RR\",618,1.7976931348623157e+308,460,null,null,\"\"]}"]}