{"baseObjects":["[49,122,-1,893,157,1.7976931348623157e+308,157]","[49,122,-1,893,157,1.7976931348623157e+308,157]","[49,122,-1,893,157,1.7976931348623157e+308,157]",null],"returnObjects":["true","false","false","false"],"callbackArgs":["{\"0\":49,\"1\":0,\"2\":[49,122,-1,893,157,1.7976931348623157e+308,157]}","{\"0\":49,\"1\":0,\"2\":[49,122,-1,893,157,1.7976931348623157e+308,157]}","{\"0\":122,\"1\":1,\"2\":[49,122,-1,893,157,1.7976931348623157e+308,157]}","{\"0\":-1,\"1\":2,\"2\":[49,122,-1,893,157,1.7976931348623157e+308,157]}","{\"0\":893,\"1\":3,\"2\":[49,122,-1,893,157,1.7976931348623157e+308,157]}","{\"0\":157,\"1\":4,\"2\":[49,122,-1,893,157,1.7976931348623157e+308,157]}","{\"0\":1.7976931348623157e+308,\"1\":5,\"2\":[49,122,-1,893,157,1.7976931348623157e+308,157]}","{\"0\":157,\"1\":6,\"2\":[49,122,-1,893,157,1.7976931348623157e+308,157]}","{\"0\":49,\"1\":0,\"2\":[49,122,-1,893,157,1.7976931348623157e+308,157]}","{\"0\":122,\"1\":1,\"2\":[49,122,-1,893,157,1.7976931348623157e+308,157]}","{\"0\":-1,\"1\":2,\"2\":[49,122,-1,893,157,1.7976931348623157e+308,157]}","{\"0\":893,\"1\":3,\"2\":[49,122,-1,893,157,1.7976931348623157e+308,157]}","{\"0\":157,\"1\":4,\"2\":[49,122,-1,893,157,1.7976931348623157e+308,157]}","{\"0\":1.7976931348623157e+308,\"1\":5,\"2\":[49,122,-1,893,157,1.7976931348623157e+308,157]}","{\"0\":157,\"1\":6,\"2\":[49,122,-1,893,157,1.7976931348623157e+308,157]}","{\"0\":49,\"1\":0,\"2\":[49,122,-1,893,157,1.7976931348623157e+308,157]}","{\"0\":122,\"1\":1,\"2\":[49,122,-1,893,157,1.7976931348623157e+308,157]}","{\"0\":-1,\"1\":2,\"2\":[49,122,-1,893,157,1.7976931348623157e+308,157]}","{\"0\":893,\"1\":3,\"2\":[49,122,-1,893,157,1.7976931348623157e+308,157]}","{\"0\":157,\"1\":4,\"2\":[49,122,-1,893,157,1.7976931348623157e+308,157]}","{\"0\":1.7976931348623157e+308,\"1\":5,\"2\":[49,122,-1,893,157,1.7976931348623157e+308,157]}","{\"0\":157,\"1\":6,\"2\":[49,122,-1,893,157,1.7976931348623157e+308,157]}"]}