{"baseObjects":["[969,893,595,627,1.7976931348623157e+308,49,242,705,null,122]","[969,null,null,null,null,null,null]","[969,[49,714,705,627,403,49,59,618,242],false,627,1.7976931348623157e+308,49,242,705,969,122]","[969,893,595,627,1.7976931348623157e+308,49,242,705,969,122]"],"returnObjects":["true","false","true","\"Error\""],"callbackArgs":["{\"0\":969,\"1\":0,\"2\":[969,893,595,627,1.7976931348623157e+308,49,242,705,969,122]}","{\"0\":969,\"1\":0,\"2\":[969,893,595,627,1.7976931348623157e+308,49,242,705,969,122]}","{\"0\":null,\"1\":6,\"2\":[969,null,null,null,null,null,null]}","{\"0\":969,\"1\":0,\"2\":[969,893,595,627,1.7976931348623157e+308,49,242,705,969,122]}","{\"0\":969,\"1\":0,\"2\":[969,893,595,627,1.7976931348623157e+308,49,242,705,969,122]}"]}