{"baseObjects":["[1.7976931348623157e+308,242,460,705,-1,403,618]","[1.7976931348623157e+308,242,460,705,-1,403,618]","[1.7976931348623157e+308,242,460,705,-1,403,618]","[1.7976931348623157e+308,242,460,705,-1,403,618]"],"returnObjects":["true","false","\"Error\"","true"],"callbackArgs":["{\"0\":1.7976931348623157e+308,\"1\":0,\"2\":[1.7976931348623157e+308,242,460,705,-1,403,618]}","{\"0\":1.7976931348623157e+308,\"1\":0,\"2\":[1.7976931348623157e+308,242,460,705,-1,403,618]}","{\"0\":242,\"1\":1,\"2\":[1.7976931348623157e+308,242,460,705,-1,403,618]}","{\"0\":460,\"1\":2,\"2\":[1.7976931348623157e+308,242,460,705,-1,403,618]}","{\"0\":705,\"1\":3,\"2\":[1.7976931348623157e+308,242,460,705,-1,403,618]}","{\"0\":-1,\"1\":4,\"2\":[1.7976931348623157e+308,242,460,705,-1,403,618]}","{\"0\":403,\"1\":5,\"2\":[1.7976931348623157e+308,242,460,705,-1,403,618]}","{\"0\":618,\"1\":6,\"2\":[1.7976931348623157e+308,242,460,705,-1,403,618]}","{\"0\":1.7976931348623157e+308,\"1\":0,\"2\":[1.7976931348623157e+308,242,460,705,-1,403,618]}","{\"0\":1.7976931348623157e+308,\"1\":0,\"2\":[1.7976931348623157e+308,242,460,705,-1,403,618]}"]}