{"baseObjects":["[893,783,655,618,213]","[{\"843\":\"v\",\"893\":5.014195793933711e+307,\"7.08777565316488e+307\":-1,\"}\":\"\",\"1.7976931348623157e+308\":\"\",\"6.032330992226972e+307\":\"`\",\"\":\"Etdfp\"},783,655,618,213]","[893,783,655,618,true]","[893,783,655,618,213]"],"returnObjects":["false","false","false","\"Error\""],"callbackArgs":["{\"0\":893,\"1\":0,\"2\":[893,783,655,618,213]}","{\"0\":783,\"1\":1,\"2\":[893,783,655,618,213]}","{\"0\":655,\"1\":2,\"2\":[893,783,655,618,213]}","{\"0\":618,\"1\":3,\"2\":[893,783,655,618,213]}","{\"0\":213,\"1\":4,\"2\":[893,783,655,618,213]}","{\"0\":893,\"1\":0,\"2\":[893,783,655,618,213]}","{\"0\":783,\"1\":1,\"2\":[{\"843\":\"v\",\"893\":5.014195793933711e+307,\"7.08777565316488e+307\":-1,\"}\":\"\",\"1.7976931348623157e+308\":\"\",\"6.032330992226972e+307\":\"`\",\"\":\"Etdfp\"},783,655,618,213]}","{\"0\":655,\"1\":2,\"2\":[{\"843\":\"v\",\"893\":5.014195793933711e+307,\"7.08777565316488e+307\":-1,\"}\":\"\",\"1.7976931348623157e+308\":\"\",\"6.032330992226972e+307\":\"`\",\"\":\"Etdfp\"},783,655,618,213]}","{\"0\":618,\"1\":3,\"2\":[{\"843\":\"v\",\"893\":5.014195793933711e+307,\"7.08777565316488e+307\":-1,\"}\":\"\",\"1.7976931348623157e+308\":\"\",\"6.032330992226972e+307\":\"`\",\"\":\"Etdfp\"},783,655,618,213]}","{\"0\":213,\"1\":4,\"2\":[{\"843\":\"v\",\"893\":5.014195793933711e+307,\"7.08777565316488e+307\":-1,\"}\":\"\",\"1.7976931348623157e+308\":\"\",\"6.032330992226972e+307\":\"`\",\"\":\"Etdfp\"},783,655,618,213]}","{\"0\":893,\"1\":0,\"2\":[893,783,655,618,213]}","{\"0\":783,\"1\":1,\"2\":[893,783,655,618,true]}","{\"0\":655,\"1\":2,\"2\":[893,783,655,618,true]}","{\"0\":618,\"1\":3,\"2\":[893,783,655,618,true]}","{\"0\":true,\"1\":4,\"2\":[893,783,655,618,true]}","{\"0\":893,\"1\":0,\"2\":[893,783,655,618,213]}"]}