{"baseObjects":["126","[25,-100,\"G\",\"CI\",843,\"y+\",25,783]","[25,-100,\"G\",\"CI\",843,\"y+\",25,3.3344671408925024e+306]","[25,-100,\"G\",\"CI\",843,\"y+\",25,783]"],"returnObjects":["\"Error\"","false","false","false"],"callbackArgs":["{\"0\":25,\"1\":0,\"2\":[25,-100,\"G\",\"CI\",843,\"y+\",25,783]}","{\"0\":25,\"1\":0,\"2\":[25,-100,\"G\",\"CI\",843,\"y+\",25,783]}","{\"0\":-100,\"1\":1,\"2\":[25,-100,\"G\",\"CI\",843,\"y+\",25,783]}","{\"0\":\"G\",\"1\":2,\"2\":[25,-100,\"G\",\"CI\",843,\"y+\",25,783]}","{\"0\":\"CI\",\"1\":3,\"2\":[25,-100,\"G\",\"CI\",843,\"y+\",25,783]}","{\"0\":843,\"1\":4,\"2\":[25,-100,\"G\",\"CI\",843,\"y+\",25,783]}","{\"0\":\"y+\",\"1\":5,\"2\":[25,-100,\"G\",\"CI\",843,\"y+\",25,783]}","{\"0\":25,\"1\":6,\"2\":[25,-100,\"G\",\"CI\",843,\"y+\",25,783]}","{\"0\":783,\"1\":7,\"2\":[25,-100,\"G\",\"CI\",843,\"y+\",25,783]}","{\"0\":25,\"1\":0,\"2\":[25,-100,\"G\",\"CI\",843,\"y+\",25,783]}","{\"0\":-100,\"1\":1,\"2\":[25,-100,\"G\",\"CI\",843,\"y+\",25,3.3344671408925024e+306]}","{\"0\":\"G\",\"1\":2,\"2\":[25,-100,\"G\",\"CI\",843,\"y+\",25,3.3344671408925024e+306]}","{\"0\":\"CI\",\"1\":3,\"2\":[25,-100,\"G\",\"CI\",843,\"y+\",25,3.3344671408925024e+306]}","{\"0\":843,\"1\":4,\"2\":[25,-100,\"G\",\"CI\",843,\"y+\",25,3.3344671408925024e+306]}","{\"0\":\"y+\",\"1\":5,\"2\":[25,-100,\"G\",\"CI\",843,\"y+\",25,3.3344671408925024e+306]}","{\"0\":25,\"1\":6,\"2\":[25,-100,\"G\",\"CI\",843,\"y+\",25,3.3344671408925024e+306]}","{\"0\":3.3344671408925024e+306,\"1\":7,\"2\":[25,-100,\"G\",\"CI\",843,\"y+\",25,3.3344671408925024e+306]}","{\"0\":25,\"1\":0,\"2\":[25,-100,\"G\",\"CI\",843,\"y+\",25,783]}","{\"0\":-100,\"1\":1,\"2\":[25,-100,\"G\",\"CI\",843,\"y+\",25,783]}","{\"0\":\"G\",\"1\":2,\"2\":[25,-100,\"G\",\"CI\",843,\"y+\",25,783]}","{\"0\":\"CI\",\"1\":3,\"2\":[25,-100,\"G\",\"CI\",843,\"y+\",25,783]}","{\"0\":843,\"1\":4,\"2\":[25,-100,\"G\",\"CI\",843,\"y+\",25,783]}","{\"0\":\"y+\",\"1\":5,\"2\":[25,-100,\"G\",\"CI\",843,\"y+\",25,783]}","{\"0\":25,\"1\":6,\"2\":[25,-100,\"G\",\"CI\",843,\"y+\",25,783]}","{\"0\":783,\"1\":7,\"2\":[25,-100,\"G\",\"CI\",843,\"y+\",25,783]}"]}