{"baseObjects":["[-100,242]","[-100,242]","[-100,242,false,null,null,null,null,null,true]","[-100,242,{\"0\":49,\"82\":\"\",\"618\":\" \",\"714\":100,\"!\":618,\"\":\"\",\"q\":1.1366634720610106e+308,\"8.575765443877852e+307\":0,\"PI!\":\"b\"},null,null,null,{\"1\":\"\",\"93\":\"lo\",\"403\":-100,\"\":618,\"1.3762563598095363e+308\":\"f`d#\",\"7.780138533208252e+306\":\"\"},null,[1.7976931348623157e+308,969,783,823,893,607]]"],"returnObjects":["false","\"Error\"","true","false"],"callbackArgs":["{\"0\":-100,\"1\":0,\"2\":[-100,242]}","{\"0\":242,\"1\":1,\"2\":[-100,242]}","{\"0\":-100,\"1\":0,\"2\":[-100,242]}","{\"0\":-100,\"1\":0,\"2\":[-100,242]}","{\"0\":-100,\"1\":0,\"2\":[-100,242]}","{\"0\":242,\"1\":1,\"2\":[-100,242,{\"0\":49,\"82\":\"\",\"618\":\" \",\"714\":100,\"!\":618,\"\":\"\",\"q\":1.1366634720610106e+308,\"8.575765443877852e+307\":0,\"PI!\":\"b\"},null,null,null,{\"1\":\"\",\"93\":\"lo\",\"403\":-100,\"\":618,\"1.3762563598095363e+308\":\"f`d#\",\"7.780138533208252e+306\":\"\"},null,[1.7976931348623157e+308,969,783,823,893,607]]}"]}