{"baseObjects":["[0,655,null,627,893,[126,607,0,893,893,655,82,705,59]]","[0,655,157,627,893,\"\",null,null,null,[403,595,627,82,5e-324,595,893,783,460]]","[0,655,157,627,893]","[0,655,157,627,893,null,{\"49\":\"\",\"\":1.2178659167626632e+308,\"]\":705,\"1.1555586608677999e+308\":\"`\",\"1.018100103851064e+308\":595,\"#O\":\"\",\"-1\":4.530408398325289e+307,\"_\":4.3435079692681306e+307,\"u5X\":595}]"],"returnObjects":["false","true","\"Error\"","\"Error\""],"callbackArgs":["{\"0\":0,\"1\":0,\"2\":[0,655,157,627,893]}","{\"0\":655,\"1\":1,\"2\":[0,655,null,627,893,[126,607,0,893,893,655,82,705,59]]}","{\"0\":null,\"1\":2,\"2\":[0,655,null,627,893,[126,607,0,893,893,655,82,705,59]]}","{\"0\":627,\"1\":3,\"2\":[0,655,null,627,893,[126,607,0,893,893,655,82,705,59]]}","{\"0\":893,\"1\":4,\"2\":[0,655,null,627,893,[126,607,0,893,893,655,82,705,59]]}","{\"0\":0,\"1\":0,\"2\":[0,655,157,627,893]}","{\"0\":0,\"1\":0,\"2\":[0,655,157,627,893]}","{\"0\":0,\"1\":0,\"2\":[0,655,157,627,893]}"]}