{"baseObjects":["[1.7976931348623157e+308,823,82,\"O\",627,126,595,59,607,false]","[1.7976931348623157e+308,823,82,893,627,126,595,59,607,25]","[1.7976931348623157e+308,823,82,893,627,126,595,59,607,25]","[1.7976931348623157e+308,823,82,893,627,126,595,59,607,25]"],"returnObjects":["true","\"Error\"","\"Error\"","\"Error\""],"callbackArgs":["{\"0\":1.7976931348623157e+308,\"1\":0,\"2\":[1.7976931348623157e+308,823,82,893,627,126,595,59,607,25]}","{\"0\":1.7976931348623157e+308,\"1\":0,\"2\":[1.7976931348623157e+308,823,82,893,627,126,595,59,607,25]}","{\"0\":1.7976931348623157e+308,\"1\":0,\"2\":[1.7976931348623157e+308,823,82,893,627,126,595,59,607,25]}","{\"0\":1.7976931348623157e+308,\"1\":0,\"2\":[1.7976931348623157e+308,823,82,893,627,126,595,59,607,25]}"]}