{"baseObjects":["[1.7976931348623157e+308,-100]","[1.7976931348623157e+308,-100]","[[595,\"q\",655,\"8[\",618],-100]","[1.7976931348623157e+308,-100,null,null]"],"returnObjects":["\"Error\"","false","false","false"],"callbackArgs":["{\"0\":1.7976931348623157e+308,\"1\":0,\"2\":[1.7976931348623157e+308,-100]}","{\"0\":1.7976931348623157e+308,\"1\":0,\"2\":[1.7976931348623157e+308,-100]}","{\"0\":-100,\"1\":1,\"2\":[1.7976931348623157e+308,-100]}","{\"0\":1.7976931348623157e+308,\"1\":0,\"2\":[1.7976931348623157e+308,-100]}","{\"0\":-100,\"1\":1,\"2\":[[595,\"q\",655,\"8[\",618],-100]}","{\"0\":1.7976931348623157e+308,\"1\":0,\"2\":[1.7976931348623157e+308,-100]}","{\"0\":-100,\"1\":1,\"2\":[1.7976931348623157e+308,-100,null,null]}"]}