{"baseObjects":["[1.7976931348623157e+308,2.299130942345881e+307,-100,100,618,969]","[1.7976931348623157e+308,403,-100,100,618,969,null,null,null,null]","[7.023008709758252e+307,403,-100,100,618,969]","[1.7976931348623157e+308,403,-100,100,618,969]"],"returnObjects":["false","false","true","false"],"callbackArgs":["{\"0\":1.7976931348623157e+308,\"1\":0,\"2\":[1.7976931348623157e+308,403,-100,100,618,969]}","{\"0\":2.299130942345881e+307,\"1\":1,\"2\":[1.7976931348623157e+308,2.299130942345881e+307,-100,100,618,969]}","{\"0\":-100,\"1\":2,\"2\":[1.7976931348623157e+308,2.299130942345881e+307,-100,100,618,969]}","{\"0\":100,\"1\":3,\"2\":[1.7976931348623157e+308,2.299130942345881e+307,-100,100,618,969]}","{\"0\":618,\"1\":4,\"2\":[1.7976931348623157e+308,2.299130942345881e+307,-100,100,618,969]}","{\"0\":969,\"1\":5,\"2\":[1.7976931348623157e+308,2.299130942345881e+307,-100,100,618,969]}","{\"0\":1.7976931348623157e+308,\"1\":0,\"2\":[1.7976931348623157e+308,403,-100,100,618,969]}","{\"0\":403,\"1\":1,\"2\":[1.7976931348623157e+308,403,-100,100,618,969,null,null,null,null]}","{\"0\":-100,\"1\":2,\"2\":[1.7976931348623157e+308,403,-100,100,618,969,null,null,null,null]}","{\"0\":100,\"1\":3,\"2\":[1.7976931348623157e+308,403,-100,100,618,969,null,null,null,null]}","{\"0\":618,\"1\":4,\"2\":[1.7976931348623157e+308,403,-100,100,618,969,null,null,null,null]}","{\"0\":969,\"1\":5,\"2\":[1.7976931348623157e+308,403,-100,100,618,969,null,null,null,null]}","{\"0\":1.7976931348623157e+308,\"1\":0,\"2\":[1.7976931348623157e+308,403,-100,100,618,969]}","{\"0\":1.7976931348623157e+308,\"1\":0,\"2\":[1.7976931348623157e+308,403,-100,100,618,969]}","{\"0\":403,\"1\":1,\"2\":[1.7976931348623157e+308,403,-100,100,618,969]}","{\"0\":-100,\"1\":2,\"2\":[1.7976931348623157e+308,403,-100,100,618,969]}","{\"0\":100,\"1\":3,\"2\":[1.7976931348623157e+308,403,-100,100,618,969]}","{\"0\":618,\"1\":4,\"2\":[1.7976931348623157e+308,403,-100,100,618,969]}","{\"0\":969,\"1\":5,\"2\":[1.7976931348623157e+308,403,-100,100,618,969]}"]}