{"baseObjects":["[-1,82,893,0,25]","[]","[-1,82,893,0,25,null,null,null,null,823]","[-1,82,893,0,25,null,{\"893\":\"\",\"H?\":5.68908791321096e+307,\"4.952354701950879e+307\":1.446459586414369e+308,\"1.3992866574951061e+308\":\">\",\"\":\"\",\"-1\":1.432103192225979e+308,\"Z\":\"mk!,3*^<<\"}]"],"returnObjects":["\"Error\"","false","false","\"Error\""],"callbackArgs":["{\"0\":-1,\"1\":0,\"2\":[-1,82,893,0,25]}","{\"0\":-1,\"1\":0,\"2\":[-1,82,893,0,25]}","{\"0\":-1,\"1\":0,\"2\":[-1,82,893,0,25]}","{\"0\":82,\"1\":1,\"2\":[-1,82,893,0,25,null,null,null,null,823]}","{\"0\":893,\"1\":2,\"2\":[-1,82,893,0,25,null,null,null,null,823]}","{\"0\":0,\"1\":3,\"2\":[-1,82,893,0,25,null,null,null,null,823]}","{\"0\":25,\"1\":4,\"2\":[-1,82,893,0,25,null,null,null,null,823]}","{\"0\":-1,\"1\":0,\"2\":[-1,82,893,0,25]}"]}