{"baseObjects":["[\"*&;\",969,\"v\",null,null,null,{\"655\":59,\"H\":1.1259993326640715e+308,\"yU\":1.9291455605205584e+306,\"1.313643781914713e+307\":5.613146592542578e+307,\"6.759303491753559e+307\":\"_\",\"1.6262749568691224e+305\":\"p\"},null,null,null]","[\"*&;\",969,\"v\"]","[\"*&;\",969,\"v\"]","[\"*&;\",969,\"v\",null,null,\"\",null,null,null,1.7350341904646154e+308]"],"returnObjects":["false","false","\"Error\"","false"],"callbackArgs":["{\"0\":\"*&;\",\"1\":0,\"2\":[\"*&;\",969,\"v\"]}","{\"0\":969,\"1\":1,\"2\":[\"*&;\",969,\"v\",null,null,null,{\"655\":59,\"H\":1.1259993326640715e+308,\"yU\":1.9291455605205584e+306,\"1.313643781914713e+307\":5.613146592542578e+307,\"6.759303491753559e+307\":\"_\",\"1.6262749568691224e+305\":\"p\"},null,null,null]}","{\"0\":\"v\",\"1\":2,\"2\":[\"*&;\",969,\"v\",null,null,null,{\"655\":59,\"H\":1.1259993326640715e+308,\"yU\":1.9291455605205584e+306,\"1.313643781914713e+307\":5.613146592542578e+307,\"6.759303491753559e+307\":\"_\",\"1.6262749568691224e+305\":\"p\"},null,null,null]}","{\"0\":\"*&;\",\"1\":0,\"2\":[\"*&;\",969,\"v\"]}","{\"0\":969,\"1\":1,\"2\":[\"*&;\",969,\"v\"]}","{\"0\":\"v\",\"1\":2,\"2\":[\"*&;\",969,\"v\"]}","{\"0\":\"*&;\",\"1\":0,\"2\":[\"*&;\",969,\"v\"]}","{\"0\":969,\"1\":1,\"2\":[\"*&;\",969,\"v\",null,null,\"\",null,null,null,1.7350341904646154e+308]}","{\"0\":\"v\",\"1\":2,\"2\":[\"*&;\",969,\"v\",null,null,\"\",null,null,null,1.7350341904646154e+308]}"]}