{"baseObjects":["[460,823,-100,607,595,823,122,1.7976931348623157e+308,-1]","[460,823,-100,607,595,823,122,1.7976931348623157e+308,-1]","[460,823,-100,607,595,823,122,1.7976931348623157e+308,-1]","[460,823,-100,607,595,823,122,1.7976931348623157e+308,-1]"],"returnObjects":["\"Error\"","true","true","\"Error\""],"callbackArgs":["{\"0\":460,\"1\":0,\"2\":[460,823,-100,607,595,823,122,1.7976931348623157e+308,-1]}","{\"0\":460,\"1\":0,\"2\":[460,823,-100,607,595,823,122,1.7976931348623157e+308,-1]}","{\"0\":460,\"1\":0,\"2\":[460,823,-100,607,595,823,122,1.7976931348623157e+308,-1]}","{\"0\":460,\"1\":0,\"2\":[460,823,-100,607,595,823,122,1.7976931348623157e+308,-1]}"]}