{"baseObjects":["[{\"<\":122},\"Z\",242,\"n\",\"rr\",100,[\"a[\",\"Y}\",\"u\",\"PYJz`bTOaeY0\",\"a\"],null,\"xH1DZ\"]","[1.7976931348623157e+308,\"Z\",242,\"n\",\"rr\",[595,-1],82,595,\"xH1DZ\"]","true","[1.7976931348623157e+308,\"Z\",242,\"n\",\"rr\",100,82,595,\"xH1DZ\"]"],"returnObjects":["true","false","false","\"Error\""],"callbackArgs":["{\"0\":1.7976931348623157e+308,\"1\":0,\"2\":[1.7976931348623157e+308,\"Z\",242,\"n\",\"rr\",100,82,595,\"xH1DZ\"]}","{\"0\":1.7976931348623157e+308,\"1\":0,\"2\":[1.7976931348623157e+308,\"Z\",242,\"n\",\"rr\",100,82,595,\"xH1DZ\"]}","{\"0\":\"Z\",\"1\":1,\"2\":[1.7976931348623157e+308,\"Z\",242,\"n\",\"rr\",[595,-1],82,595,\"xH1DZ\"]}","{\"0\":242,\"1\":2,\"2\":[1.7976931348623157e+308,\"Z\",242,\"n\",\"rr\",[595,-1],82,595,\"xH1DZ\"]}","{\"0\":\"n\",\"1\":3,\"2\":[1.7976931348623157e+308,\"Z\",242,\"n\",\"rr\",[595,-1],82,595,\"xH1DZ\"]}","{\"0\":\"rr\",\"1\":4,\"2\":[1.7976931348623157e+308,\"Z\",242,\"n\",\"rr\",[595,-1],82,595,\"xH1DZ\"]}","{\"0\":[595,-1],\"1\":5,\"2\":[1.7976931348623157e+308,\"Z\",242,\"n\",\"rr\",[595,-1],82,595,\"xH1DZ\"]}","{\"0\":82,\"1\":6,\"2\":[1.7976931348623157e+308,\"Z\",242,\"n\",\"rr\",[595,-1],82,595,\"xH1DZ\"]}","{\"0\":595,\"1\":7,\"2\":[1.7976931348623157e+308,\"Z\",242,\"n\",\"rr\",[595,-1],82,595,\"xH1DZ\"]}","{\"0\":\"xH1DZ\",\"1\":8,\"2\":[1.7976931348623157e+308,\"Z\",242,\"n\",\"rr\",[595,-1],82,595,\"xH1DZ\"]}","{\"0\":1.7976931348623157e+308,\"1\":0,\"2\":[1.7976931348623157e+308,\"Z\",242,\"n\",\"rr\",100,82,595,\"xH1DZ\"]}","{\"0\":\"Z\",\"1\":1,\"2\":[1.7976931348623157e+308,\"Z\",242,\"n\",\"rr\",100,82,595,\"xH1DZ\"]}","{\"0\":242,\"1\":2,\"2\":[1.7976931348623157e+308,\"Z\",242,\"n\",\"rr\",100,82,595,\"xH1DZ\"]}","{\"0\":\"n\",\"1\":3,\"2\":[1.7976931348623157e+308,\"Z\",242,\"n\",\"rr\",100,82,595,\"xH1DZ\"]}","{\"0\":\"rr\",\"1\":4,\"2\":[1.7976931348623157e+308,\"Z\",242,\"n\",\"rr\",100,82,595,\"xH1DZ\"]}","{\"0\":100,\"1\":5,\"2\":[1.7976931348623157e+308,\"Z\",242,\"n\",\"rr\",100,82,595,\"xH1DZ\"]}","{\"0\":82,\"1\":6,\"2\":[1.7976931348623157e+308,\"Z\",242,\"n\",\"rr\",100,82,595,\"xH1DZ\"]}","{\"0\":595,\"1\":7,\"2\":[1.7976931348623157e+308,\"Z\",242,\"n\",\"rr\",100,82,595,\"xH1DZ\"]}","{\"0\":\"xH1DZ\",\"1\":8,\"2\":[1.7976931348623157e+308,\"Z\",242,\"n\",\"rr\",100,82,595,\"xH1DZ\"]}","{\"0\":1.7976931348623157e+308,\"1\":0,\"2\":[1.7976931348623157e+308,\"Z\",242,\"n\",\"rr\",100,82,595,\"xH1DZ\"]}"]}