{"baseObjects":[null,"[783,969,655,25,714,655]","[783,969,655,25,714,655]","[783,969,655,{\"59\":\"\",\"595\":\"\",\"969\":1.5055689715042052e+308,\"\":0,\"Ld\":4.912769922556103e+307,\"2.2122544918536986e+307\":\"\",\"-qjl\":1.7825708245709928e+307,\"6.109922509922479e+307\":157},714,655]"],"returnObjects":["\"Error\"","false","\"Error\"","false"],"callbackArgs":["{\"0\":783,\"1\":0,\"2\":[783,969,655,25,714,655]}","{\"0\":783,\"1\":0,\"2\":[783,969,655,25,714,655]}","{\"0\":969,\"1\":1,\"2\":[783,969,655,25,714,655]}","{\"0\":655,\"1\":2,\"2\":[783,969,655,25,714,655]}","{\"0\":25,\"1\":3,\"2\":[783,969,655,25,714,655]}","{\"0\":714,\"1\":4,\"2\":[783,969,655,25,714,655]}","{\"0\":655,\"1\":5,\"2\":[783,969,655,25,714,655]}","{\"0\":783,\"1\":0,\"2\":[783,969,655,25,714,655]}","{\"0\":783,\"1\":0,\"2\":[783,969,655,25,714,655]}","{\"0\":969,\"1\":1,\"2\":[783,969,655,{\"59\":\"\",\"595\":\"\",\"969\":1.5055689715042052e+308,\"\":0,\"Ld\":4.912769922556103e+307,\"2.2122544918536986e+307\":\"\",\"-qjl\":1.7825708245709928e+307,\"6.109922509922479e+307\":157},714,655]}","{\"0\":655,\"1\":2,\"2\":[783,969,655,{\"59\":\"\",\"595\":\"\",\"969\":1.5055689715042052e+308,\"\":0,\"Ld\":4.912769922556103e+307,\"2.2122544918536986e+307\":\"\",\"-qjl\":1.7825708245709928e+307,\"6.109922509922479e+307\":157},714,655]}","{\"0\":{\"59\":\"\",\"595\":\"\",\"969\":1.5055689715042052e+308,\"\":0,\"Ld\":4.912769922556103e+307,\"2.2122544918536986e+307\":\"\",\"-qjl\":1.7825708245709928e+307,\"6.109922509922479e+307\":157},\"1\":3,\"2\":[783,969,655,{\"59\":\"\",\"595\":\"\",\"969\":1.5055689715042052e+308,\"\":0,\"Ld\":4.912769922556103e+307,\"2.2122544918536986e+307\":\"\",\"-qjl\":1.7825708245709928e+307,\"6.109922509922479e+307\":157},714,655]}","{\"0\":714,\"1\":4,\"2\":[783,969,655,{\"59\":\"\",\"595\":\"\",\"969\":1.5055689715042052e+308,\"\":0,\"Ld\":4.912769922556103e+307,\"2.2122544918536986e+307\":\"\",\"-qjl\":1.7825708245709928e+307,\"6.109922509922479e+307\":157},714,655]}","{\"0\":655,\"1\":5,\"2\":[783,969,655,{\"59\":\"\",\"595\":\"\",\"969\":1.5055689715042052e+308,\"\":0,\"Ld\":4.912769922556103e+307,\"2.2122544918536986e+307\":\"\",\"-qjl\":1.7825708245709928e+307,\"6.109922509922479e+307\":157},714,655]}"]}