{"baseObjects":["[460,595,213,783,1.7976931348623157e+308,595,157,843]","[460,595,213,783,1.7976931348623157e+308,595,157,843]","[460,595,213,783,1.7976931348623157e+308,595,157,843]","[460,595,213,783,1.7976931348623157e+308,595,157,843]"],"returnObjects":["true","true","false","\"Error\""],"callbackArgs":["{\"0\":460,\"1\":0,\"2\":[460,595,213,783,1.7976931348623157e+308,595,157,843]}","{\"0\":460,\"1\":0,\"2\":[460,595,213,783,1.7976931348623157e+308,595,157,843]}","{\"0\":460,\"1\":0,\"2\":[460,595,213,783,1.7976931348623157e+308,595,157,843]}","{\"0\":595,\"1\":1,\"2\":[460,595,213,783,1.7976931348623157e+308,595,157,843]}","{\"0\":213,\"1\":2,\"2\":[460,595,213,783,1.7976931348623157e+308,595,157,843]}","{\"0\":783,\"1\":3,\"2\":[460,595,213,783,1.7976931348623157e+308,595,157,843]}","{\"0\":1.7976931348623157e+308,\"1\":4,\"2\":[460,595,213,783,1.7976931348623157e+308,595,157,843]}","{\"0\":595,\"1\":5,\"2\":[460,595,213,783,1.7976931348623157e+308,595,157,843]}","{\"0\":157,\"1\":6,\"2\":[460,595,213,783,1.7976931348623157e+308,595,157,843]}","{\"0\":843,\"1\":7,\"2\":[460,595,213,783,1.7976931348623157e+308,595,157,843]}","{\"0\":460,\"1\":0,\"2\":[460,595,213,783,1.7976931348623157e+308,595,157,843]}"]}