{"baseObjects":["[5e-324,403,627,213,126,607,-1,618]","[5e-324,403,627,213,126,607,-1,618]","[5e-324,403,627,213,126,607,-1,618]","[5e-324,{\"82\":\"\",\"X\":82,\"-100\":9.951251840158961e+306,\"w\":9.62309851839545e+307,\"1.420705846277439e+308\":1.8762066557256368e+307,\"8.00988107842757e+307\":3.774940260752247e+307},627,213,126,607,-1,618]"],"returnObjects":["false","true","false","\"Error\""],"callbackArgs":["{\"0\":5e-324,\"1\":0,\"2\":[5e-324,403,627,213,126,607,-1,618]}","{\"0\":403,\"1\":1,\"2\":[5e-324,403,627,213,126,607,-1,618]}","{\"0\":627,\"1\":2,\"2\":[5e-324,403,627,213,126,607,-1,618]}","{\"0\":213,\"1\":3,\"2\":[5e-324,403,627,213,126,607,-1,618]}","{\"0\":126,\"1\":4,\"2\":[5e-324,403,627,213,126,607,-1,618]}","{\"0\":607,\"1\":5,\"2\":[5e-324,403,627,213,126,607,-1,618]}","{\"0\":-1,\"1\":6,\"2\":[5e-324,403,627,213,126,607,-1,618]}","{\"0\":618,\"1\":7,\"2\":[5e-324,403,627,213,126,607,-1,618]}","{\"0\":5e-324,\"1\":0,\"2\":[5e-324,403,627,213,126,607,-1,618]}","{\"0\":5e-324,\"1\":0,\"2\":[5e-324,403,627,213,126,607,-1,618]}","{\"0\":403,\"1\":1,\"2\":[5e-324,403,627,213,126,607,-1,618]}","{\"0\":627,\"1\":2,\"2\":[5e-324,403,627,213,126,607,-1,618]}","{\"0\":213,\"1\":3,\"2\":[5e-324,403,627,213,126,607,-1,618]}","{\"0\":126,\"1\":4,\"2\":[5e-324,403,627,213,126,607,-1,618]}","{\"0\":607,\"1\":5,\"2\":[5e-324,403,627,213,126,607,-1,618]}","{\"0\":-1,\"1\":6,\"2\":[5e-324,403,627,213,126,607,-1,618]}","{\"0\":618,\"1\":7,\"2\":[5e-324,403,627,213,126,607,-1,618]}","{\"0\":5e-324,\"1\":0,\"2\":[5e-324,403,627,213,126,607,-1,618]}"]}