{"baseObjects":["[5e-324,893,157,\"]y\",7.353165664316192e+307]","[5e-324,893,157,\"]y\",-100]","[[\"I>k\",\"z\",\"Q3\",\"m\",\"K\",\"z\"],893,157,\"]y\",-100]","[5e-324,893,157,\"]y\",-100]"],"returnObjects":["false","false","false","\"Error\""],"callbackArgs":["{\"0\":5e-324,\"1\":0,\"2\":[5e-324,893,157,\"]y\",-100]}","{\"0\":893,\"1\":1,\"2\":[5e-324,893,157,\"]y\",7.353165664316192e+307]}","{\"0\":157,\"1\":2,\"2\":[5e-324,893,157,\"]y\",7.353165664316192e+307]}","{\"0\":\"]y\",\"1\":3,\"2\":[5e-324,893,157,\"]y\",7.353165664316192e+307]}","{\"0\":7.353165664316192e+307,\"1\":4,\"2\":[5e-324,893,157,\"]y\",7.353165664316192e+307]}","{\"0\":5e-324,\"1\":0,\"2\":[5e-324,893,157,\"]y\",-100]}","{\"0\":893,\"1\":1,\"2\":[5e-324,893,157,\"]y\",-100]}","{\"0\":157,\"1\":2,\"2\":[5e-324,893,157,\"]y\",-100]}","{\"0\":\"]y\",\"1\":3,\"2\":[5e-324,893,157,\"]y\",-100]}","{\"0\":-100,\"1\":4,\"2\":[5e-324,893,157,\"]y\",-100]}","{\"0\":5e-324,\"1\":0,\"2\":[5e-324,893,157,\"]y\",-100]}","{\"0\":893,\"1\":1,\"2\":[[\"I>k\",\"z\",\"Q3\",\"m\",\"K\",\"z\"],893,157,\"]y\",-100]}","{\"0\":157,\"1\":2,\"2\":[[\"I>k\",\"z\",\"Q3\",\"m\",\"K\",\"z\"],893,157,\"]y\",-100]}","{\"0\":\"]y\",\"1\":3,\"2\":[[\"I>k\",\"z\",\"Q3\",\"m\",\"K\",\"z\"],893,157,\"]y\",-100]}","{\"0\":-100,\"1\":4,\"2\":[[\"I>k\",\"z\",\"Q3\",\"m\",\"K\",\"z\"],893,157,\"]y\",-100]}","{\"0\":5e-324,\"1\":0,\"2\":[5e-324,893,157,\"]y\",-100]}"]}