{"baseObjects":["[\"2u\",\"?w\",\"+K[P\",\"1W\",\"9\"]","[\"2u\",\"?w\",\"+K[P\",\"1W\",\"9\"]","[\"2u\",{\"0\":\"\",\"893\":\"\",\"5.4143924255359766e+306\":1.0204907758135436e+308,\"N\":969,\"1.0757779751393317e+308\":\"\",\"2.400324396028558e+307\":714,\"1.832060785626497e+307\":1.1945329604829922e+308,\"\":\"d\",\"2.6323744499367724e+307\":\"\",\"-1\":1.448087686768885e+308},\"+K[P\",\"1W\",\"9\"]","[\"2u\",\"?w\",\"+K[P\",\"1W\",\"9\"]"],"returnObjects":["true","\"Error\"","false","\"Error\""],"callbackArgs":["{\"0\":\"2u\",\"1\":0,\"2\":[\"2u\",\"?w\",\"+K[P\",\"1W\",\"9\"]}","{\"0\":\"2u\",\"1\":0,\"2\":[\"2u\",\"?w\",\"+K[P\",\"1W\",\"9\"]}","{\"0\":\"2u\",\"1\":0,\"2\":[\"2u\",\"?w\",\"+K[P\",\"1W\",\"9\"]}","{\"0\":{\"0\":\"\",\"893\":\"\",\"5.4143924255359766e+306\":1.0204907758135436e+308,\"N\":969,\"1.0757779751393317e+308\":\"\",\"2.400324396028558e+307\":714,\"1.832060785626497e+307\":1.1945329604829922e+308,\"\":\"d\",\"2.6323744499367724e+307\":\"\",\"-1\":1.448087686768885e+308},\"1\":1,\"2\":[\"2u\",{\"0\":\"\",\"893\":\"\",\"5.4143924255359766e+306\":1.0204907758135436e+308,\"N\":969,\"1.0757779751393317e+308\":\"\",\"2.400324396028558e+307\":714,\"1.832060785626497e+307\":1.1945329604829922e+308,\"\":\"d\",\"2.6323744499367724e+307\":\"\",\"-1\":1.448087686768885e+308},\"+K[P\",\"1W\",\"9\"]}","{\"0\":\"+K[P\",\"1\":2,\"2\":[\"2u\",{\"0\":\"\",\"893\":\"\",\"5.4143924255359766e+306\":1.0204907758135436e+308,\"N\":969,\"1.0757779751393317e+308\":\"\",\"2.400324396028558e+307\":714,\"1.832060785626497e+307\":1.1945329604829922e+308,\"\":\"d\",\"2.6323744499367724e+307\":\"\",\"-1\":1.448087686768885e+308},\"+K[P\",\"1W\",\"9\"]}","{\"0\":\"1W\",\"1\":3,\"2\":[\"2u\",{\"0\":\"\",\"893\":\"\",\"5.4143924255359766e+306\":1.0204907758135436e+308,\"N\":969,\"1.0757779751393317e+308\":\"\",\"2.400324396028558e+307\":714,\"1.832060785626497e+307\":1.1945329604829922e+308,\"\":\"d\",\"2.6323744499367724e+307\":\"\",\"-1\":1.448087686768885e+308},\"+K[P\",\"1W\",\"9\"]}","{\"0\":\"9\",\"1\":4,\"2\":[\"2u\",{\"0\":\"\",\"893\":\"\",\"5.4143924255359766e+306\":1.0204907758135436e+308,\"N\":969,\"1.0757779751393317e+308\":\"\",\"2.400324396028558e+307\":714,\"1.832060785626497e+307\":1.1945329604829922e+308,\"\":\"d\",\"2.6323744499367724e+307\":\"\",\"-1\":1.448087686768885e+308},\"+K[P\",\"1W\",\"9\"]}","{\"0\":\"2u\",\"1\":0,\"2\":[\"2u\",\"?w\",\"+K[P\",\"1W\",\"9\"]}"]}