{"baseObjects":["[59,5e-324,714,1.7976931348623157e+308,25,213]","[59,false,714,1.7976931348623157e+308,25,213]","[59,5e-324,{\"\":783,\"8.796925690262995e+307\":1.666580232324751e+308},1.7976931348623157e+308,25,213]","[59,null,714,1.7976931348623157e+308,25,213]"],"returnObjects":["true","false","false","false"],"callbackArgs":["{\"0\":59,\"1\":0,\"2\":[59,5e-324,714,1.7976931348623157e+308,25,213]}","{\"0\":59,\"1\":0,\"2\":[59,5e-324,714,1.7976931348623157e+308,25,213]}","{\"0\":false,\"1\":1,\"2\":[59,false,714,1.7976931348623157e+308,25,213]}","{\"0\":714,\"1\":2,\"2\":[59,false,714,1.7976931348623157e+308,25,213]}","{\"0\":1.7976931348623157e+308,\"1\":3,\"2\":[59,false,714,1.7976931348623157e+308,25,213]}","{\"0\":25,\"1\":4,\"2\":[59,false,714,1.7976931348623157e+308,25,213]}","{\"0\":213,\"1\":5,\"2\":[59,false,714,1.7976931348623157e+308,25,213]}","{\"0\":59,\"1\":0,\"2\":[59,5e-324,714,1.7976931348623157e+308,25,213]}","{\"0\":5e-324,\"1\":1,\"2\":[59,5e-324,{\"\":783,\"8.796925690262995e+307\":1.666580232324751e+308},1.7976931348623157e+308,25,213]}","{\"0\":{\"\":783,\"8.796925690262995e+307\":1.666580232324751e+308},\"1\":2,\"2\":[59,5e-324,{\"\":783,\"8.796925690262995e+307\":1.666580232324751e+308},1.7976931348623157e+308,25,213]}","{\"0\":1.7976931348623157e+308,\"1\":3,\"2\":[59,5e-324,{\"\":783,\"8.796925690262995e+307\":1.666580232324751e+308},1.7976931348623157e+308,25,213]}","{\"0\":25,\"1\":4,\"2\":[59,5e-324,{\"\":783,\"8.796925690262995e+307\":1.666580232324751e+308},1.7976931348623157e+308,25,213]}","{\"0\":213,\"1\":5,\"2\":[59,5e-324,{\"\":783,\"8.796925690262995e+307\":1.666580232324751e+308},1.7976931348623157e+308,25,213]}","{\"0\":59,\"1\":0,\"2\":[59,5e-324,714,1.7976931348623157e+308,25,213]}","{\"0\":null,\"1\":1,\"2\":[59,null,714,1.7976931348623157e+308,25,213]}","{\"0\":714,\"1\":2,\"2\":[59,null,714,1.7976931348623157e+308,25,213]}","{\"0\":1.7976931348623157e+308,\"1\":3,\"2\":[59,null,714,1.7976931348623157e+308,25,213]}","{\"0\":25,\"1\":4,\"2\":[59,null,714,1.7976931348623157e+308,25,213]}","{\"0\":213,\"1\":5,\"2\":[59,null,714,1.7976931348623157e+308,25,213]}"]}