{"baseObjects":["[893,false,607,false,893,618,843]","[893,460,607,25,\"\",\"\",843]","{\"5\":{\"403\":157,\"705\":\")=\",\"o%\":1.0745167948887026e+308,\"F,\":\"c\",\"1.0592180834569077e+308\":5.916143456252428e+307,\"1.4914996852897865e+307\":714,\"1.7249157979498379e+308\":\"LEE\"},\"6\":true,\"y\":0,\"1.1396232427756326e+307\":460,\"\":403,\"e_\":714}","[[213,823,59,5e-324,-100,122,607],460,607,25,893,618,843]"],"returnObjects":["false","true","false","true"],"callbackArgs":["{\"0\":893,\"1\":0,\"2\":[893,460,607,25,893,618,843]}","{\"0\":false,\"1\":1,\"2\":[893,false,607,false,893,618,843]}","{\"0\":607,\"1\":2,\"2\":[893,false,607,false,893,618,843]}","{\"0\":false,\"1\":3,\"2\":[893,false,607,false,893,618,843]}","{\"0\":893,\"1\":4,\"2\":[893,false,607,false,893,618,843]}","{\"0\":618,\"1\":5,\"2\":[893,false,607,false,893,618,843]}","{\"0\":843,\"1\":6,\"2\":[893,false,607,false,893,618,843]}","{\"0\":893,\"1\":0,\"2\":[893,460,607,25,893,618,843]}","{\"0\":893,\"1\":0,\"2\":[893,460,607,25,893,618,843]}","{\"0\":460,\"1\":1,\"2\":[893,460,607,25,893,618,843]}","{\"0\":607,\"1\":2,\"2\":[893,460,607,25,893,618,843]}","{\"0\":25,\"1\":3,\"2\":[893,460,607,25,893,618,843]}","{\"0\":893,\"1\":4,\"2\":[893,460,607,25,893,618,843]}","{\"0\":618,\"1\":5,\"2\":[893,460,607,25,893,618,843]}","{\"0\":843,\"1\":6,\"2\":[893,460,607,25,893,618,843]}","{\"0\":893,\"1\":0,\"2\":[893,460,607,25,893,618,843]}"]}