{"baseObjects":["[157,460,-1,122,-1,-1]","[157,460,-1,[1.7976931348623157e+308,655],-1,-1,null,null,\"\"]","[157,460,-1,122,-1,-1]","[157,460,-1,122,-1,-1]"],"returnObjects":["false","false","\"Error\"","\"Error\""],"callbackArgs":["{\"0\":157,\"1\":0,\"2\":[157,460,-1,122,-1,-1]}","{\"0\":460,\"1\":1,\"2\":[157,460,-1,122,-1,-1]}","{\"0\":-1,\"1\":2,\"2\":[157,460,-1,122,-1,-1]}","{\"0\":122,\"1\":3,\"2\":[157,460,-1,122,-1,-1]}","{\"0\":-1,\"1\":4,\"2\":[157,460,-1,122,-1,-1]}","{\"0\":-1,\"1\":5,\"2\":[157,460,-1,122,-1,-1]}","{\"0\":157,\"1\":0,\"2\":[157,460,-1,122,-1,-1]}","{\"0\":460,\"1\":1,\"2\":[157,460,-1,[1.7976931348623157e+308,655],-1,-1,null,null,\"\"]}","{\"0\":-1,\"1\":2,\"2\":[157,460,-1,[1.7976931348623157e+308,655],-1,-1,null,null,\"\"]}","{\"0\":[1.7976931348623157e+308,655],\"1\":3,\"2\":[157,460,-1,[1.7976931348623157e+308,655],-1,-1,null,null,\"\"]}","{\"0\":-1,\"1\":4,\"2\":[157,460,-1,[1.7976931348623157e+308,655],-1,-1,null,null,\"\"]}","{\"0\":-1,\"1\":5,\"2\":[157,460,-1,[1.7976931348623157e+308,655],-1,-1,null,null,\"\"]}","{\"0\":157,\"1\":0,\"2\":[157,460,-1,122,-1,-1]}"]}