{"baseObjects":["[969,100,714,1.7976931348623157e+308,157,null,null,null,null,\"+\"]","[969,100,714,1.7976931348623157e+308,157]","[969,100,714,1.7976931348623157e+308,157]","[969,100,714,1.7976931348623157e+308,157]"],"returnObjects":["\"Error\"","true","false","\"Error\""],"callbackArgs":["{\"0\":969,\"1\":0,\"2\":[969,100,714,1.7976931348623157e+308,157]}","{\"0\":969,\"1\":0,\"2\":[969,100,714,1.7976931348623157e+308,157]}","{\"0\":969,\"1\":0,\"2\":[969,100,714,1.7976931348623157e+308,157]}","{\"0\":100,\"1\":1,\"2\":[969,100,714,1.7976931348623157e+308,157]}","{\"0\":714,\"1\":2,\"2\":[969,100,714,1.7976931348623157e+308,157]}","{\"0\":1.7976931348623157e+308,\"1\":3,\"2\":[969,100,714,1.7976931348623157e+308,157]}","{\"0\":157,\"1\":4,\"2\":[969,100,714,1.7976931348623157e+308,157]}","{\"0\":969,\"1\":0,\"2\":[969,100,714,1.7976931348623157e+308,157]}"]}