{"baseObjects":["[714,0,403,-1,1.7976931348623157e+308,893]","[714,0,403,-1,1.7976931348623157e+308,893]","[\"\",0,403,-1,1.7976931348623157e+308,893]","[714,0,403,-1,1.7976931348623157e+308,893]"],"returnObjects":["\"Error\"","\"Error\"","false","\"Error\""],"callbackArgs":["{\"0\":714,\"1\":0,\"2\":[714,0,403,-1,1.7976931348623157e+308,893]}","{\"0\":714,\"1\":0,\"2\":[714,0,403,-1,1.7976931348623157e+308,893]}","{\"0\":0,\"1\":1,\"2\":[\"\",0,403,-1,1.7976931348623157e+308,893]}","{\"0\":403,\"1\":2,\"2\":[\"\",0,403,-1,1.7976931348623157e+308,893]}","{\"0\":-1,\"1\":3,\"2\":[\"\",0,403,-1,1.7976931348623157e+308,893]}","{\"0\":1.7976931348623157e+308,\"1\":4,\"2\":[\"\",0,403,-1,1.7976931348623157e+308,893]}","{\"0\":893,\"1\":5,\"2\":[\"\",0,403,-1,1.7976931348623157e+308,893]}","{\"0\":714,\"1\":0,\"2\":[714,0,403,-1,1.7976931348623157e+308,893]}"]}