{"baseObjects":["[607,655,1.7976931348623157e+308]","[607,655,1.7976931348623157e+308]","[607,\"\",1.7976931348623157e+308]","[607,655,1.7976931348623157e+308,null,null,null,null,\"\"]"],"returnObjects":["false","\"Error\"","false","false"],"callbackArgs":["{\"0\":607,\"1\":0,\"2\":[607,655,1.7976931348623157e+308]}","{\"0\":655,\"1\":1,\"2\":[607,655,1.7976931348623157e+308]}","{\"0\":1.7976931348623157e+308,\"1\":2,\"2\":[607,655,1.7976931348623157e+308]}","{\"0\":607,\"1\":0,\"2\":[607,655,1.7976931348623157e+308]}","{\"0\":607,\"1\":0,\"2\":[607,655,1.7976931348623157e+308]}","{\"0\":\"\",\"1\":1,\"2\":[607,\"\",1.7976931348623157e+308]}","{\"0\":1.7976931348623157e+308,\"1\":2,\"2\":[607,\"\",1.7976931348623157e+308]}","{\"0\":607,\"1\":0,\"2\":[607,655,1.7976931348623157e+308]}","{\"0\":655,\"1\":1,\"2\":[607,655,1.7976931348623157e+308,null,null,null,null,\"\"]}","{\"0\":1.7976931348623157e+308,\"1\":2,\"2\":[607,655,1.7976931348623157e+308,null,null,null,null,\"\"]}"]}