{"baseObjects":["[1.7976931348623157e+308,213,0,618,-1,627,893]","[1.7976931348623157e+308,213,0,618,-1,627,893]","[1.7976931348623157e+308,213,0,618,-1,627,893]","[1.7976931348623157e+308,213,0,618,-1,627,893]"],"returnObjects":["false","\"Error\"","false","true"],"callbackArgs":["{\"0\":1.7976931348623157e+308,\"1\":0,\"2\":[1.7976931348623157e+308,213,0,618,-1,627,893]}","{\"0\":213,\"1\":1,\"2\":[1.7976931348623157e+308,213,0,618,-1,627,893]}","{\"0\":0,\"1\":2,\"2\":[1.7976931348623157e+308,213,0,618,-1,627,893]}","{\"0\":618,\"1\":3,\"2\":[1.7976931348623157e+308,213,0,618,-1,627,893]}","{\"0\":-1,\"1\":4,\"2\":[1.7976931348623157e+308,213,0,618,-1,627,893]}","{\"0\":627,\"1\":5,\"2\":[1.7976931348623157e+308,213,0,618,-1,627,893]}","{\"0\":893,\"1\":6,\"2\":[1.7976931348623157e+308,213,0,618,-1,627,893]}","{\"0\":1.7976931348623157e+308,\"1\":0,\"2\":[1.7976931348623157e+308,213,0,618,-1,627,893]}","{\"0\":213,\"1\":1,\"2\":[1.7976931348623157e+308,213,0,618,-1,627,893]}","{\"0\":0,\"1\":2,\"2\":[1.7976931348623157e+308,213,0,618,-1,627,893]}","{\"0\":618,\"1\":3,\"2\":[1.7976931348623157e+308,213,0,618,-1,627,893]}","{\"0\":-1,\"1\":4,\"2\":[1.7976931348623157e+308,213,0,618,-1,627,893]}","{\"0\":627,\"1\":5,\"2\":[1.7976931348623157e+308,213,0,618,-1,627,893]}","{\"0\":893,\"1\":6,\"2\":[1.7976931348623157e+308,213,0,618,-1,627,893]}","{\"0\":1.7976931348623157e+308,\"1\":0,\"2\":[1.7976931348623157e+308,213,0,618,-1,627,893]}"]}