{"baseObjects":["[607,705,null,5.546721888215481e+307]","[607,705]","[607,705]","[\"\",705]"],"returnObjects":["false","false","\"Error\"","true"],"callbackArgs":["{\"0\":607,\"1\":0,\"2\":[607,705]}","{\"0\":705,\"1\":1,\"2\":[607,705,null,5.546721888215481e+307]}","{\"0\":607,\"1\":0,\"2\":[607,705]}","{\"0\":705,\"1\":1,\"2\":[607,705]}","{\"0\":607,\"1\":0,\"2\":[607,705]}","{\"0\":607,\"1\":0,\"2\":[607,705]}"]}