{"baseObjects":["[25,\"I\",\"e<@9*M\",705,627,\";\",823,157,{\"893\":\"\",\"+\":3.6534633608640605e+307,\"-1\":-1,\"W\":823,\"I\":1.7907883643678914e+308}]","[\"\",\"I\",\"e<@9*M\",705,627,\";\",823,157,\"J\"]","[25,\"I\",\"e<@9*M\",705,627,true,823,[714,-1,122,969,705,969],\"J\"]","[25,\"I\",\"e<@9*M\",705,627,\";\",{\"9.928075970541438e+306\":403,\"1.148259100340543e+308\":\"E\",\"XLrI\":\"+4\",\"Z(\":\"b\",\"\":\"\",\"iB\":\"@\"},157,\"\"]"],"returnObjects":["false","true","true","false"],"callbackArgs":["{\"0\":25,\"1\":0,\"2\":[25,\"I\",\"e<@9*M\",705,627,\";\",823,157,\"J\"]}","{\"0\":\"I\",\"1\":1,\"2\":[25,\"I\",\"e<@9*M\",705,627,\";\",823,157,{\"893\":\"\",\"+\":3.6534633608640605e+307,\"-1\":-1,\"W\":823,\"I\":1.7907883643678914e+308}]}","{\"0\":\"e<@9*M\",\"1\":2,\"2\":[25,\"I\",\"e<@9*M\",705,627,\";\",823,157,{\"893\":\"\",\"+\":3.6534633608640605e+307,\"-1\":-1,\"W\":823,\"I\":1.7907883643678914e+308}]}","{\"0\":705,\"1\":3,\"2\":[25,\"I\",\"e<@9*M\",705,627,\";\",823,157,{\"893\":\"\",\"+\":3.6534633608640605e+307,\"-1\":-1,\"W\":823,\"I\":1.7907883643678914e+308}]}","{\"0\":627,\"1\":4,\"2\":[25,\"I\",\"e<@9*M\",705,627,\";\",823,157,{\"893\":\"\",\"+\":3.6534633608640605e+307,\"-1\":-1,\"W\":823,\"I\":1.7907883643678914e+308}]}","{\"0\":\";\",\"1\":5,\"2\":[25,\"I\",\"e<@9*M\",705,627,\";\",823,157,{\"893\":\"\",\"+\":3.6534633608640605e+307,\"-1\":-1,\"W\":823,\"I\":1.7907883643678914e+308}]}","{\"0\":823,\"1\":6,\"2\":[25,\"I\",\"e<@9*M\",705,627,\";\",823,157,{\"893\":\"\",\"+\":3.6534633608640605e+307,\"-1\":-1,\"W\":823,\"I\":1.7907883643678914e+308}]}","{\"0\":157,\"1\":7,\"2\":[25,\"I\",\"e<@9*M\",705,627,\";\",823,157,{\"893\":\"\",\"+\":3.6534633608640605e+307,\"-1\":-1,\"W\":823,\"I\":1.7907883643678914e+308}]}","{\"0\":{\"893\":\"\",\"+\":3.6534633608640605e+307,\"-1\":-1,\"W\":823,\"I\":1.7907883643678914e+308},\"1\":8,\"2\":[25,\"I\",\"e<@9*M\",705,627,\";\",823,157,{\"893\":\"\",\"+\":3.6534633608640605e+307,\"-1\":-1,\"W\":823,\"I\":1.7907883643678914e+308}]}","{\"0\":25,\"1\":0,\"2\":[25,\"I\",\"e<@9*M\",705,627,\";\",823,157,\"J\"]}","{\"0\":25,\"1\":0,\"2\":[25,\"I\",\"e<@9*M\",705,627,\";\",823,157,\"J\"]}","{\"0\":25,\"1\":0,\"2\":[25,\"I\",\"e<@9*M\",705,627,\";\",823,157,\"J\"]}","{\"0\":\"I\",\"1\":1,\"2\":[25,\"I\",\"e<@9*M\",705,627,\";\",{\"9.928075970541438e+306\":403,\"1.148259100340543e+308\":\"E\",\"XLrI\":\"+4\",\"Z(\":\"b\",\"\":\"\",\"iB\":\"@\"},157,\"\"]}","{\"0\":\"e<@9*M\",\"1\":2,\"2\":[25,\"I\",\"e<@9*M\",705,627,\";\",{\"9.928075970541438e+306\":403,\"1.148259100340543e+308\":\"E\",\"XLrI\":\"+4\",\"Z(\":\"b\",\"\":\"\",\"iB\":\"@\"},157,\"\"]}","{\"0\":705,\"1\":3,\"2\":[25,\"I\",\"e<@9*M\",705,627,\";\",{\"9.928075970541438e+306\":403,\"1.148259100340543e+308\":\"E\",\"XLrI\":\"+4\",\"Z(\":\"b\",\"\":\"\",\"iB\":\"@\"},157,\"\"]}","{\"0\":627,\"1\":4,\"2\":[25,\"I\",\"e<@9*M\",705,627,\";\",{\"9.928075970541438e+306\":403,\"1.148259100340543e+308\":\"E\",\"XLrI\":\"+4\",\"Z(\":\"b\",\"\":\"\",\"iB\":\"@\"},157,\"\"]}","{\"0\":\";\",\"1\":5,\"2\":[25,\"I\",\"e<@9*M\",705,627,\";\",{\"9.928075970541438e+306\":403,\"1.148259100340543e+308\":\"E\",\"XLrI\":\"+4\",\"Z(\":\"b\",\"\":\"\",\"iB\":\"@\"},157,\"\"]}","{\"0\":{\"9.928075970541438e+306\":403,\"1.148259100340543e+308\":\"E\",\"XLrI\":\"+4\",\"Z(\":\"b\",\"\":\"\",\"iB\":\"@\"},\"1\":6,\"2\":[25,\"I\",\"e<@9*M\",705,627,\";\",{\"9.928075970541438e+306\":403,\"1.148259100340543e+308\":\"E\",\"XLrI\":\"+4\",\"Z(\":\"b\",\"\":\"\",\"iB\":\"@\"},157,\"\"]}","{\"0\":157,\"1\":7,\"2\":[25,\"I\",\"e<@9*M\",705,627,\";\",{\"9.928075970541438e+306\":403,\"1.148259100340543e+308\":\"E\",\"XLrI\":\"+4\",\"Z(\":\"b\",\"\":\"\",\"iB\":\"@\"},157,\"\"]}","{\"0\":\"\",\"1\":8,\"2\":[25,\"I\",\"e<@9*M\",705,627,\";\",{\"9.928075970541438e+306\":403,\"1.148259100340543e+308\":\"E\",\"XLrI\":\"+4\",\"Z(\":\"b\",\"\":\"\",\"iB\":\"@\"},157,\"\"]}"]}