{"baseObjects":["[893,823,213,-1,82,607,969,1.342471519216645e+307]","[893,823,213,-1,82,607,969]","[893,823,213,-1,82,607,false]","[893,823,213,-1,82,607,969]"],"returnObjects":["false","true","\"Error\"","false"],"callbackArgs":["{\"0\":893,\"1\":0,\"2\":[893,823,213,-1,82,607,969]}","{\"0\":823,\"1\":1,\"2\":[893,823,213,-1,82,607,969,1.342471519216645e+307]}","{\"0\":213,\"1\":2,\"2\":[893,823,213,-1,82,607,969,1.342471519216645e+307]}","{\"0\":-1,\"1\":3,\"2\":[893,823,213,-1,82,607,969,1.342471519216645e+307]}","{\"0\":82,\"1\":4,\"2\":[893,823,213,-1,82,607,969,1.342471519216645e+307]}","{\"0\":607,\"1\":5,\"2\":[893,823,213,-1,82,607,969,1.342471519216645e+307]}","{\"0\":969,\"1\":6,\"2\":[893,823,213,-1,82,607,969,1.342471519216645e+307]}","{\"0\":893,\"1\":0,\"2\":[893,823,213,-1,82,607,969]}","{\"0\":893,\"1\":0,\"2\":[893,823,213,-1,82,607,969]}","{\"0\":893,\"1\":0,\"2\":[893,823,213,-1,82,607,969]}","{\"0\":823,\"1\":1,\"2\":[893,823,213,-1,82,607,969]}","{\"0\":213,\"1\":2,\"2\":[893,823,213,-1,82,607,969]}","{\"0\":-1,\"1\":3,\"2\":[893,823,213,-1,82,607,969]}","{\"0\":82,\"1\":4,\"2\":[893,823,213,-1,82,607,969]}","{\"0\":607,\"1\":5,\"2\":[893,823,213,-1,82,607,969]}","{\"0\":969,\"1\":6,\"2\":[893,823,213,-1,82,607,969]}"]}