{"baseObjects":["false","[1.7976931348623157e+308,627,5e-324,1.7976931348623157e+308,[595,618,403],100,\"\",242]","[1.7976931348623157e+308,627,5e-324,1.7976931348623157e+308,655,100,5e-324,242]","[1.7976931348623157e+308,627,5e-324,1.7976931348623157e+308,655,100,5e-324,242]"],"returnObjects":["false","false","false","\"Error\""],"callbackArgs":["{\"0\":1.7976931348623157e+308,\"1\":0,\"2\":[1.7976931348623157e+308,627,5e-324,1.7976931348623157e+308,655,100,5e-324,242]}","{\"0\":627,\"1\":1,\"2\":[1.7976931348623157e+308,627,5e-324,1.7976931348623157e+308,655,100,5e-324,242]}","{\"0\":5e-324,\"1\":2,\"2\":[1.7976931348623157e+308,627,5e-324,1.7976931348623157e+308,655,100,5e-324,242]}","{\"0\":1.7976931348623157e+308,\"1\":3,\"2\":[1.7976931348623157e+308,627,5e-324,1.7976931348623157e+308,655,100,5e-324,242]}","{\"0\":655,\"1\":4,\"2\":[1.7976931348623157e+308,627,5e-324,1.7976931348623157e+308,655,100,5e-324,242]}","{\"0\":100,\"1\":5,\"2\":[1.7976931348623157e+308,627,5e-324,1.7976931348623157e+308,655,100,5e-324,242]}","{\"0\":5e-324,\"1\":6,\"2\":[1.7976931348623157e+308,627,5e-324,1.7976931348623157e+308,655,100,5e-324,242]}","{\"0\":242,\"1\":7,\"2\":[1.7976931348623157e+308,627,5e-324,1.7976931348623157e+308,655,100,5e-324,242]}","{\"0\":1.7976931348623157e+308,\"1\":0,\"2\":[1.7976931348623157e+308,627,5e-324,1.7976931348623157e+308,655,100,5e-324,242]}","{\"0\":627,\"1\":1,\"2\":[1.7976931348623157e+308,627,5e-324,1.7976931348623157e+308,[595,618,403],100,\"\",242]}","{\"0\":5e-324,\"1\":2,\"2\":[1.7976931348623157e+308,627,5e-324,1.7976931348623157e+308,[595,618,403],100,\"\",242]}","{\"0\":1.7976931348623157e+308,\"1\":3,\"2\":[1.7976931348623157e+308,627,5e-324,1.7976931348623157e+308,[595,618,403],100,\"\",242]}","{\"0\":[595,618,403],\"1\":4,\"2\":[1.7976931348623157e+308,627,5e-324,1.7976931348623157e+308,[595,618,403],100,\"\",242]}","{\"0\":100,\"1\":5,\"2\":[1.7976931348623157e+308,627,5e-324,1.7976931348623157e+308,[595,618,403],100,\"\",242]}","{\"0\":\"\",\"1\":6,\"2\":[1.7976931348623157e+308,627,5e-324,1.7976931348623157e+308,[595,618,403],100,\"\",242]}","{\"0\":242,\"1\":7,\"2\":[1.7976931348623157e+308,627,5e-324,1.7976931348623157e+308,[595,618,403],100,\"\",242]}","{\"0\":1.7976931348623157e+308,\"1\":0,\"2\":[1.7976931348623157e+308,627,5e-324,1.7976931348623157e+308,655,100,5e-324,242]}","{\"0\":627,\"1\":1,\"2\":[1.7976931348623157e+308,627,5e-324,1.7976931348623157e+308,655,100,5e-324,242]}","{\"0\":5e-324,\"1\":2,\"2\":[1.7976931348623157e+308,627,5e-324,1.7976931348623157e+308,655,100,5e-324,242]}","{\"0\":1.7976931348623157e+308,\"1\":3,\"2\":[1.7976931348623157e+308,627,5e-324,1.7976931348623157e+308,655,100,5e-324,242]}","{\"0\":655,\"1\":4,\"2\":[1.7976931348623157e+308,627,5e-324,1.7976931348623157e+308,655,100,5e-324,242]}","{\"0\":100,\"1\":5,\"2\":[1.7976931348623157e+308,627,5e-324,1.7976931348623157e+308,655,100,5e-324,242]}","{\"0\":5e-324,\"1\":6,\"2\":[1.7976931348623157e+308,627,5e-324,1.7976931348623157e+308,655,100,5e-324,242]}","{\"0\":242,\"1\":7,\"2\":[1.7976931348623157e+308,627,5e-324,1.7976931348623157e+308,655,100,5e-324,242]}","{\"0\":1.7976931348623157e+308,\"1\":0,\"2\":[1.7976931348623157e+308,627,5e-324,1.7976931348623157e+308,655,100,5e-324,242]}"]}