{"baseObjects":["[0,714,25,627,0,59,1.7976931348623157e+308,242,1.7976931348623157e+308]","[0,714,25,618,0,59,1.7976931348623157e+308,242,1.7976931348623157e+308]","[0,714,25,618,0,59,1.7976931348623157e+308,242,1.7976931348623157e+308]","[0,714,25,618,0,59,1.7976931348623157e+308,242,1.7976931348623157e+308]"],"returnObjects":["true","false","false","\"Error\""],"callbackArgs":["{\"0\":0,\"1\":0,\"2\":[0,714,25,618,0,59,1.7976931348623157e+308,242,1.7976931348623157e+308]}","{\"0\":0,\"1\":0,\"2\":[0,714,25,618,0,59,1.7976931348623157e+308,242,1.7976931348623157e+308]}","{\"0\":714,\"1\":1,\"2\":[0,714,25,618,0,59,1.7976931348623157e+308,242,1.7976931348623157e+308]}","{\"0\":25,\"1\":2,\"2\":[0,714,25,618,0,59,1.7976931348623157e+308,242,1.7976931348623157e+308]}","{\"0\":618,\"1\":3,\"2\":[0,714,25,618,0,59,1.7976931348623157e+308,242,1.7976931348623157e+308]}","{\"0\":0,\"1\":4,\"2\":[0,714,25,618,0,59,1.7976931348623157e+308,242,1.7976931348623157e+308]}","{\"0\":59,\"1\":5,\"2\":[0,714,25,618,0,59,1.7976931348623157e+308,242,1.7976931348623157e+308]}","{\"0\":1.7976931348623157e+308,\"1\":6,\"2\":[0,714,25,618,0,59,1.7976931348623157e+308,242,1.7976931348623157e+308]}","{\"0\":242,\"1\":7,\"2\":[0,714,25,618,0,59,1.7976931348623157e+308,242,1.7976931348623157e+308]}","{\"0\":1.7976931348623157e+308,\"1\":8,\"2\":[0,714,25,618,0,59,1.7976931348623157e+308,242,1.7976931348623157e+308]}","{\"0\":0,\"1\":0,\"2\":[0,714,25,618,0,59,1.7976931348623157e+308,242,1.7976931348623157e+308]}","{\"0\":714,\"1\":1,\"2\":[0,714,25,618,0,59,1.7976931348623157e+308,242,1.7976931348623157e+308]}","{\"0\":25,\"1\":2,\"2\":[0,714,25,618,0,59,1.7976931348623157e+308,242,1.7976931348623157e+308]}","{\"0\":618,\"1\":3,\"2\":[0,714,25,618,0,59,1.7976931348623157e+308,242,1.7976931348623157e+308]}","{\"0\":0,\"1\":4,\"2\":[0,714,25,618,0,59,1.7976931348623157e+308,242,1.7976931348623157e+308]}","{\"0\":59,\"1\":5,\"2\":[0,714,25,618,0,59,1.7976931348623157e+308,242,1.7976931348623157e+308]}","{\"0\":1.7976931348623157e+308,\"1\":6,\"2\":[0,714,25,618,0,59,1.7976931348623157e+308,242,1.7976931348623157e+308]}","{\"0\":242,\"1\":7,\"2\":[0,714,25,618,0,59,1.7976931348623157e+308,242,1.7976931348623157e+308]}","{\"0\":1.7976931348623157e+308,\"1\":8,\"2\":[0,714,25,618,0,59,1.7976931348623157e+308,242,1.7976931348623157e+308]}","{\"0\":0,\"1\":0,\"2\":[0,714,25,618,0,59,1.7976931348623157e+308,242,1.7976931348623157e+308]}"]}