{"baseObjects":["true","[82,0,null,null,null,null,[122,82,213,969,1.7976931348623157e+308,618]]","[82,0,null,null,null,null,null,null,-100]","true"],"returnObjects":["true","false","false","\"Error\""],"callbackArgs":["{\"0\":82,\"1\":0,\"2\":[82,0]}","{\"0\":82,\"1\":0,\"2\":[82,0]}","{\"0\":0,\"1\":1,\"2\":[82,0,null,null,null,null,[122,82,213,969,1.7976931348623157e+308,618]]}","{\"0\":82,\"1\":0,\"2\":[82,0]}","{\"0\":0,\"1\":1,\"2\":[82,0,null,null,null,null,null,null,-100]}"]}