{"baseObjects":["[893,655,{\"157\":\"n5v@\",\"655\":9.938784494482101e+307,\"^cN>=\":\"\",\"1.8021998928698314e+307\":\"8\",\"\":893},49,460,627,122,705,705]","[893,655,{\"403\":1.2433960389466945e+307,\"627\":\")*\",\"\":\"vV\",\"ult\":1.5415239243830477e+308,\"Q\":\"L\",\"?\":0,\"9.897826818469736e+307\":0},49,460,627,122,705,705]","[893,655,82,49,460,627,122,705,705]","[893,655,82,49,460,627,122,705,705]"],"returnObjects":["true","false","\"Error\"","false"],"callbackArgs":["{\"0\":893,\"1\":0,\"2\":[893,655,82,49,460,627,122,705,705]}","{\"0\":893,\"1\":0,\"2\":[893,655,82,49,460,627,122,705,705]}","{\"0\":655,\"1\":1,\"2\":[893,655,{\"403\":1.2433960389466945e+307,\"627\":\")*\",\"\":\"vV\",\"ult\":1.5415239243830477e+308,\"Q\":\"L\",\"?\":0,\"9.897826818469736e+307\":0},49,460,627,122,705,705]}","{\"0\":{\"403\":1.2433960389466945e+307,\"627\":\")*\",\"\":\"vV\",\"ult\":1.5415239243830477e+308,\"Q\":\"L\",\"?\":0,\"9.897826818469736e+307\":0},\"1\":2,\"2\":[893,655,{\"403\":1.2433960389466945e+307,\"627\":\")*\",\"\":\"vV\",\"ult\":1.5415239243830477e+308,\"Q\":\"L\",\"?\":0,\"9.897826818469736e+307\":0},49,460,627,122,705,705]}","{\"0\":49,\"1\":3,\"2\":[893,655,{\"403\":1.2433960389466945e+307,\"627\":\")*\",\"\":\"vV\",\"ult\":1.5415239243830477e+308,\"Q\":\"L\",\"?\":0,\"9.897826818469736e+307\":0},49,460,627,122,705,705]}","{\"0\":460,\"1\":4,\"2\":[893,655,{\"403\":1.2433960389466945e+307,\"627\":\")*\",\"\":\"vV\",\"ult\":1.5415239243830477e+308,\"Q\":\"L\",\"?\":0,\"9.897826818469736e+307\":0},49,460,627,122,705,705]}","{\"0\":627,\"1\":5,\"2\":[893,655,{\"403\":1.2433960389466945e+307,\"627\":\")*\",\"\":\"vV\",\"ult\":1.5415239243830477e+308,\"Q\":\"L\",\"?\":0,\"9.897826818469736e+307\":0},49,460,627,122,705,705]}","{\"0\":122,\"1\":6,\"2\":[893,655,{\"403\":1.2433960389466945e+307,\"627\":\")*\",\"\":\"vV\",\"ult\":1.5415239243830477e+308,\"Q\":\"L\",\"?\":0,\"9.897826818469736e+307\":0},49,460,627,122,705,705]}","{\"0\":705,\"1\":7,\"2\":[893,655,{\"403\":1.2433960389466945e+307,\"627\":\")*\",\"\":\"vV\",\"ult\":1.5415239243830477e+308,\"Q\":\"L\",\"?\":0,\"9.897826818469736e+307\":0},49,460,627,122,705,705]}","{\"0\":705,\"1\":8,\"2\":[893,655,{\"403\":1.2433960389466945e+307,\"627\":\")*\",\"\":\"vV\",\"ult\":1.5415239243830477e+308,\"Q\":\"L\",\"?\":0,\"9.897826818469736e+307\":0},49,460,627,122,705,705]}","{\"0\":893,\"1\":0,\"2\":[893,655,82,49,460,627,122,705,705]}","{\"0\":893,\"1\":0,\"2\":[893,655,82,49,460,627,122,705,705]}","{\"0\":655,\"1\":1,\"2\":[893,655,82,49,460,627,122,705,705]}","{\"0\":82,\"1\":2,\"2\":[893,655,82,49,460,627,122,705,705]}","{\"0\":49,\"1\":3,\"2\":[893,655,82,49,460,627,122,705,705]}","{\"0\":460,\"1\":4,\"2\":[893,655,82,49,460,627,122,705,705]}","{\"0\":627,\"1\":5,\"2\":[893,655,82,49,460,627,122,705,705]}","{\"0\":122,\"1\":6,\"2\":[893,655,82,49,460,627,122,705,705]}","{\"0\":705,\"1\":7,\"2\":[893,655,82,49,460,627,122,705,705]}","{\"0\":705,\"1\":8,\"2\":[893,655,82,49,460,627,122,705,705]}"]}