{"baseObjects":[null,"[595,595,1.7976931348623157e+308,595,-100,82,627,-1,null,0]","[595,595,\"9\",595,-100,82,627,-1,null,7.403510193902522e+307]","[595,595,1.7976931348623157e+308,595,-100,82,627,-1]"],"returnObjects":["true","false","true","\"Error\""],"callbackArgs":["{\"0\":595,\"1\":0,\"2\":[595,595,1.7976931348623157e+308,595,-100,82,627,-1]}","{\"0\":595,\"1\":0,\"2\":[595,595,1.7976931348623157e+308,595,-100,82,627,-1]}","{\"0\":595,\"1\":1,\"2\":[595,595,1.7976931348623157e+308,595,-100,82,627,-1,null,0]}","{\"0\":1.7976931348623157e+308,\"1\":2,\"2\":[595,595,1.7976931348623157e+308,595,-100,82,627,-1,null,0]}","{\"0\":595,\"1\":3,\"2\":[595,595,1.7976931348623157e+308,595,-100,82,627,-1,null,0]}","{\"0\":-100,\"1\":4,\"2\":[595,595,1.7976931348623157e+308,595,-100,82,627,-1,null,0]}","{\"0\":82,\"1\":5,\"2\":[595,595,1.7976931348623157e+308,595,-100,82,627,-1,null,0]}","{\"0\":627,\"1\":6,\"2\":[595,595,1.7976931348623157e+308,595,-100,82,627,-1,null,0]}","{\"0\":-1,\"1\":7,\"2\":[595,595,1.7976931348623157e+308,595,-100,82,627,-1,null,0]}","{\"0\":595,\"1\":0,\"2\":[595,595,1.7976931348623157e+308,595,-100,82,627,-1]}","{\"0\":595,\"1\":1,\"2\":[595,595,\"9\",595,-100,82,627,-1,null,7.403510193902522e+307]}","{\"0\":\"9\",\"1\":2,\"2\":[595,595,\"9\",595,-100,82,627,-1,null,7.403510193902522e+307]}","{\"0\":595,\"1\":0,\"2\":[595,595,1.7976931348623157e+308,595,-100,82,627,-1]}"]}