{"baseObjects":["[893,-1,126,595,100,1.7976931348623157e+308,893,242,8.930014526114126e+307]","[893,-1,126,595,100,1.7976931348623157e+308,893,242,{\"595\":0,\"1.7588141193640082e+308\":\"gs\",\"8.9385800644062e+307\":\"\",\"s\":\"<|1\",\"1.2479726824849472e+308\":627,\"-\":607,\"\":\",\"}]","[893,-1,126,595,100,1.7976931348623157e+308,893,242,655]","[893,-1,126,595,100,1.7976931348623157e+308,893,242,655]"],"returnObjects":["false","false","\"Error\"","\"Error\""],"callbackArgs":["{\"0\":893,\"1\":0,\"2\":[893,-1,126,595,100,1.7976931348623157e+308,893,242,655]}","{\"0\":-1,\"1\":1,\"2\":[893,-1,126,595,100,1.7976931348623157e+308,893,242,8.930014526114126e+307]}","{\"0\":126,\"1\":2,\"2\":[893,-1,126,595,100,1.7976931348623157e+308,893,242,8.930014526114126e+307]}","{\"0\":595,\"1\":3,\"2\":[893,-1,126,595,100,1.7976931348623157e+308,893,242,8.930014526114126e+307]}","{\"0\":100,\"1\":4,\"2\":[893,-1,126,595,100,1.7976931348623157e+308,893,242,8.930014526114126e+307]}","{\"0\":1.7976931348623157e+308,\"1\":5,\"2\":[893,-1,126,595,100,1.7976931348623157e+308,893,242,8.930014526114126e+307]}","{\"0\":893,\"1\":6,\"2\":[893,-1,126,595,100,1.7976931348623157e+308,893,242,8.930014526114126e+307]}","{\"0\":242,\"1\":7,\"2\":[893,-1,126,595,100,1.7976931348623157e+308,893,242,8.930014526114126e+307]}","{\"0\":8.930014526114126e+307,\"1\":8,\"2\":[893,-1,126,595,100,1.7976931348623157e+308,893,242,8.930014526114126e+307]}","{\"0\":893,\"1\":0,\"2\":[893,-1,126,595,100,1.7976931348623157e+308,893,242,655]}","{\"0\":-1,\"1\":1,\"2\":[893,-1,126,595,100,1.7976931348623157e+308,893,242,{\"595\":0,\"1.7588141193640082e+308\":\"gs\",\"8.9385800644062e+307\":\"\",\"s\":\"<|1\",\"1.2479726824849472e+308\":627,\"-\":607,\"\":\",\"}]}","{\"0\":126,\"1\":2,\"2\":[893,-1,126,595,100,1.7976931348623157e+308,893,242,{\"595\":0,\"1.7588141193640082e+308\":\"gs\",\"8.9385800644062e+307\":\"\",\"s\":\"<|1\",\"1.2479726824849472e+308\":627,\"-\":607,\"\":\",\"}]}","{\"0\":595,\"1\":3,\"2\":[893,-1,126,595,100,1.7976931348623157e+308,893,242,{\"595\":0,\"1.7588141193640082e+308\":\"gs\",\"8.9385800644062e+307\":\"\",\"s\":\"<|1\",\"1.2479726824849472e+308\":627,\"-\":607,\"\":\",\"}]}","{\"0\":100,\"1\":4,\"2\":[893,-1,126,595,100,1.7976931348623157e+308,893,242,{\"595\":0,\"1.7588141193640082e+308\":\"gs\",\"8.9385800644062e+307\":\"\",\"s\":\"<|1\",\"1.2479726824849472e+308\":627,\"-\":607,\"\":\",\"}]}","{\"0\":1.7976931348623157e+308,\"1\":5,\"2\":[893,-1,126,595,100,1.7976931348623157e+308,893,242,{\"595\":0,\"1.7588141193640082e+308\":\"gs\",\"8.9385800644062e+307\":\"\",\"s\":\"<|1\",\"1.2479726824849472e+308\":627,\"-\":607,\"\":\",\"}]}","{\"0\":893,\"1\":6,\"2\":[893,-1,126,595,100,1.7976931348623157e+308,893,242,{\"595\":0,\"1.7588141193640082e+308\":\"gs\",\"8.9385800644062e+307\":\"\",\"s\":\"<|1\",\"1.2479726824849472e+308\":627,\"-\":607,\"\":\",\"}]}","{\"0\":242,\"1\":7,\"2\":[893,-1,126,595,100,1.7976931348623157e+308,893,242,{\"595\":0,\"1.7588141193640082e+308\":\"gs\",\"8.9385800644062e+307\":\"\",\"s\":\"<|1\",\"1.2479726824849472e+308\":627,\"-\":607,\"\":\",\"}]}","{\"0\":{\"595\":0,\"1.7588141193640082e+308\":\"gs\",\"8.9385800644062e+307\":\"\",\"s\":\"<|1\",\"1.2479726824849472e+308\":627,\"-\":607,\"\":\",\"},\"1\":8,\"2\":[893,-1,126,595,100,1.7976931348623157e+308,893,242,{\"595\":0,\"1.7588141193640082e+308\":\"gs\",\"8.9385800644062e+307\":\"\",\"s\":\"<|1\",\"1.2479726824849472e+308\":627,\"-\":607,\"\":\",\"}]}","{\"0\":893,\"1\":0,\"2\":[893,-1,126,595,100,1.7976931348623157e+308,893,242,655]}","{\"0\":893,\"1\":0,\"2\":[893,-1,126,595,100,1.7976931348623157e+308,893,242,655]}"]}