{"baseObjects":["[705,-100,607,460,242,\"P\"]","[705,-100,607,460,242,{\"705\":122,\"e\":6.359352004902689e+307,\"\":\"\",\"a\":\"\",\"1.105334022553788e+308\":1.2278037320713883e+307,\"%3\":100,\"6.441363258043442e+307\":\")\",\"x\":\"\",\"9.858671748952484e+307\":\"\",\"fK\":1.7731800524018398e+308}]","[]","[705,-100,607,460,242,\"P\"]"],"returnObjects":["true","false","true","\"Error\""],"callbackArgs":["{\"0\":705,\"1\":0,\"2\":[705,-100,607,460,242,\"P\"]}","{\"0\":705,\"1\":0,\"2\":[705,-100,607,460,242,\"P\"]}","{\"0\":-100,\"1\":1,\"2\":[705,-100,607,460,242,{\"705\":122,\"e\":6.359352004902689e+307,\"\":\"\",\"a\":\"\",\"1.105334022553788e+308\":1.2278037320713883e+307,\"%3\":100,\"6.441363258043442e+307\":\")\",\"x\":\"\",\"9.858671748952484e+307\":\"\",\"fK\":1.7731800524018398e+308}]}","{\"0\":607,\"1\":2,\"2\":[705,-100,607,460,242,{\"705\":122,\"e\":6.359352004902689e+307,\"\":\"\",\"a\":\"\",\"1.105334022553788e+308\":1.2278037320713883e+307,\"%3\":100,\"6.441363258043442e+307\":\")\",\"x\":\"\",\"9.858671748952484e+307\":\"\",\"fK\":1.7731800524018398e+308}]}","{\"0\":460,\"1\":3,\"2\":[705,-100,607,460,242,{\"705\":122,\"e\":6.359352004902689e+307,\"\":\"\",\"a\":\"\",\"1.105334022553788e+308\":1.2278037320713883e+307,\"%3\":100,\"6.441363258043442e+307\":\")\",\"x\":\"\",\"9.858671748952484e+307\":\"\",\"fK\":1.7731800524018398e+308}]}","{\"0\":242,\"1\":4,\"2\":[705,-100,607,460,242,{\"705\":122,\"e\":6.359352004902689e+307,\"\":\"\",\"a\":\"\",\"1.105334022553788e+308\":1.2278037320713883e+307,\"%3\":100,\"6.441363258043442e+307\":\")\",\"x\":\"\",\"9.858671748952484e+307\":\"\",\"fK\":1.7731800524018398e+308}]}","{\"0\":{\"705\":122,\"e\":6.359352004902689e+307,\"\":\"\",\"a\":\"\",\"1.105334022553788e+308\":1.2278037320713883e+307,\"%3\":100,\"6.441363258043442e+307\":\")\",\"x\":\"\",\"9.858671748952484e+307\":\"\",\"fK\":1.7731800524018398e+308},\"1\":5,\"2\":[705,-100,607,460,242,{\"705\":122,\"e\":6.359352004902689e+307,\"\":\"\",\"a\":\"\",\"1.105334022553788e+308\":1.2278037320713883e+307,\"%3\":100,\"6.441363258043442e+307\":\")\",\"x\":\"\",\"9.858671748952484e+307\":\"\",\"fK\":1.7731800524018398e+308}]}","{\"0\":705,\"1\":0,\"2\":[705,-100,607,460,242,\"P\"]}","{\"0\":705,\"1\":0,\"2\":[705,-100,607,460,242,\"P\"]}"]}