{"baseObjects":["[49,213,403,-1,893,82,59,59,1.7976931348623157e+308]","[49,213,403,-1,893,true,59,\"Je\",1.7976931348623157e+308]","[49,213,403,-1,893,82,[\"K\",\"D\",460,595,\")t\",\"ORE6\"],59,1.7976931348623157e+308]","[49,213,403,-1,893,82,59,59,1.7976931348623157e+308]"],"returnObjects":["false","true","false","true"],"callbackArgs":["{\"0\":49,\"1\":0,\"2\":[49,213,403,-1,893,82,59,59,1.7976931348623157e+308]}","{\"0\":213,\"1\":1,\"2\":[49,213,403,-1,893,82,59,59,1.7976931348623157e+308]}","{\"0\":403,\"1\":2,\"2\":[49,213,403,-1,893,82,59,59,1.7976931348623157e+308]}","{\"0\":-1,\"1\":3,\"2\":[49,213,403,-1,893,82,59,59,1.7976931348623157e+308]}","{\"0\":893,\"1\":4,\"2\":[49,213,403,-1,893,82,59,59,1.7976931348623157e+308]}","{\"0\":82,\"1\":5,\"2\":[49,213,403,-1,893,82,59,59,1.7976931348623157e+308]}","{\"0\":59,\"1\":6,\"2\":[49,213,403,-1,893,82,59,59,1.7976931348623157e+308]}","{\"0\":59,\"1\":7,\"2\":[49,213,403,-1,893,82,59,59,1.7976931348623157e+308]}","{\"0\":1.7976931348623157e+308,\"1\":8,\"2\":[49,213,403,-1,893,82,59,59,1.7976931348623157e+308]}","{\"0\":49,\"1\":0,\"2\":[49,213,403,-1,893,82,59,59,1.7976931348623157e+308]}","{\"0\":49,\"1\":0,\"2\":[49,213,403,-1,893,82,59,59,1.7976931348623157e+308]}","{\"0\":213,\"1\":1,\"2\":[49,213,403,-1,893,82,[\"K\",\"D\",460,595,\")t\",\"ORE6\"],59,1.7976931348623157e+308]}","{\"0\":403,\"1\":2,\"2\":[49,213,403,-1,893,82,[\"K\",\"D\",460,595,\")t\",\"ORE6\"],59,1.7976931348623157e+308]}","{\"0\":-1,\"1\":3,\"2\":[49,213,403,-1,893,82,[\"K\",\"D\",460,595,\")t\",\"ORE6\"],59,1.7976931348623157e+308]}","{\"0\":893,\"1\":4,\"2\":[49,213,403,-1,893,82,[\"K\",\"D\",460,595,\")t\",\"ORE6\"],59,1.7976931348623157e+308]}","{\"0\":82,\"1\":5,\"2\":[49,213,403,-1,893,82,[\"K\",\"D\",460,595,\")t\",\"ORE6\"],59,1.7976931348623157e+308]}","{\"0\":[\"K\",\"D\",460,595,\")t\",\"ORE6\"],\"1\":6,\"2\":[49,213,403,-1,893,82,[\"K\",\"D\",460,595,\")t\",\"ORE6\"],59,1.7976931348623157e+308]}","{\"0\":59,\"1\":7,\"2\":[49,213,403,-1,893,82,[\"K\",\"D\",460,595,\")t\",\"ORE6\"],59,1.7976931348623157e+308]}","{\"0\":1.7976931348623157e+308,\"1\":8,\"2\":[49,213,403,-1,893,82,[\"K\",\"D\",460,595,\")t\",\"ORE6\"],59,1.7976931348623157e+308]}","{\"0\":49,\"1\":0,\"2\":[49,213,403,-1,893,82,59,59,1.7976931348623157e+308]}"]}