{"baseObjects":["[\"4c \",\"`\",\"Z\",\"(\",714,-100]","[\"4c \",\"`\",\"Z\",\"(\",714,-100]","[\"4c \",\"`\",\"Z\",\"(\",714,-100,null,{\"59\":\"\",\"100\":\"26KdBh\",\"403\":2.591481666366229e+307,\"714\":893,\"1.2174895139128422e+308\":\"Ao]\",\"\":126,\"5.323991410450977e+307\":595,\"1.4461126861331803e+308\":1.00447174388505e+308}]","[\"4c \",\"`\",\"Z\",\"(\",714,-100]"],"returnObjects":["true","\"Error\"","false","\"Error\""],"callbackArgs":["{\"0\":\"4c \",\"1\":0,\"2\":[\"4c \",\"`\",\"Z\",\"(\",714,-100]}","{\"0\":\"4c \",\"1\":0,\"2\":[\"4c \",\"`\",\"Z\",\"(\",714,-100]}","{\"0\":\"4c \",\"1\":0,\"2\":[\"4c \",\"`\",\"Z\",\"(\",714,-100]}","{\"0\":\"`\",\"1\":1,\"2\":[\"4c \",\"`\",\"Z\",\"(\",714,-100,null,{\"59\":\"\",\"100\":\"26KdBh\",\"403\":2.591481666366229e+307,\"714\":893,\"1.2174895139128422e+308\":\"Ao]\",\"\":126,\"5.323991410450977e+307\":595,\"1.4461126861331803e+308\":1.00447174388505e+308}]}","{\"0\":\"Z\",\"1\":2,\"2\":[\"4c \",\"`\",\"Z\",\"(\",714,-100,null,{\"59\":\"\",\"100\":\"26KdBh\",\"403\":2.591481666366229e+307,\"714\":893,\"1.2174895139128422e+308\":\"Ao]\",\"\":126,\"5.323991410450977e+307\":595,\"1.4461126861331803e+308\":1.00447174388505e+308}]}","{\"0\":\"(\",\"1\":3,\"2\":[\"4c \",\"`\",\"Z\",\"(\",714,-100,null,{\"59\":\"\",\"100\":\"26KdBh\",\"403\":2.591481666366229e+307,\"714\":893,\"1.2174895139128422e+308\":\"Ao]\",\"\":126,\"5.323991410450977e+307\":595,\"1.4461126861331803e+308\":1.00447174388505e+308}]}","{\"0\":714,\"1\":4,\"2\":[\"4c \",\"`\",\"Z\",\"(\",714,-100,null,{\"59\":\"\",\"100\":\"26KdBh\",\"403\":2.591481666366229e+307,\"714\":893,\"1.2174895139128422e+308\":\"Ao]\",\"\":126,\"5.323991410450977e+307\":595,\"1.4461126861331803e+308\":1.00447174388505e+308}]}","{\"0\":-100,\"1\":5,\"2\":[\"4c \",\"`\",\"Z\",\"(\",714,-100,null,{\"59\":\"\",\"100\":\"26KdBh\",\"403\":2.591481666366229e+307,\"714\":893,\"1.2174895139128422e+308\":\"Ao]\",\"\":126,\"5.323991410450977e+307\":595,\"1.4461126861331803e+308\":1.00447174388505e+308}]}","{\"0\":\"4c \",\"1\":0,\"2\":[\"4c \",\"`\",\"Z\",\"(\",714,-100]}"]}