{"baseObjects":["[49,-100,100,5e-324,null,-100,460,705]","[49,-100,100,5e-324,969,-100,460,{\"0\":3.1886950609758187e+307,\"25\":1.1151559407501877e+308,\"feP\":0,\"\":\"$O\"}]","[783,893,126,893,100,893]","[49,-100,100,5e-324,969,-100,460,705]"],"returnObjects":["true","false","true","true"],"callbackArgs":["{\"0\":49,\"1\":0,\"2\":[49,-100,100,5e-324,969,-100,460,705]}","{\"0\":49,\"1\":0,\"2\":[49,-100,100,5e-324,969,-100,460,705]}","{\"0\":-100,\"1\":1,\"2\":[49,-100,100,5e-324,969,-100,460,{\"0\":3.1886950609758187e+307,\"25\":1.1151559407501877e+308,\"feP\":0,\"\":\"$O\"}]}","{\"0\":100,\"1\":2,\"2\":[49,-100,100,5e-324,969,-100,460,{\"0\":3.1886950609758187e+307,\"25\":1.1151559407501877e+308,\"feP\":0,\"\":\"$O\"}]}","{\"0\":5e-324,\"1\":3,\"2\":[49,-100,100,5e-324,969,-100,460,{\"0\":3.1886950609758187e+307,\"25\":1.1151559407501877e+308,\"feP\":0,\"\":\"$O\"}]}","{\"0\":969,\"1\":4,\"2\":[49,-100,100,5e-324,969,-100,460,{\"0\":3.1886950609758187e+307,\"25\":1.1151559407501877e+308,\"feP\":0,\"\":\"$O\"}]}","{\"0\":-100,\"1\":5,\"2\":[49,-100,100,5e-324,969,-100,460,{\"0\":3.1886950609758187e+307,\"25\":1.1151559407501877e+308,\"feP\":0,\"\":\"$O\"}]}","{\"0\":460,\"1\":6,\"2\":[49,-100,100,5e-324,969,-100,460,{\"0\":3.1886950609758187e+307,\"25\":1.1151559407501877e+308,\"feP\":0,\"\":\"$O\"}]}","{\"0\":{\"0\":3.1886950609758187e+307,\"25\":1.1151559407501877e+308,\"feP\":0,\"\":\"$O\"},\"1\":7,\"2\":[49,-100,100,5e-324,969,-100,460,{\"0\":3.1886950609758187e+307,\"25\":1.1151559407501877e+308,\"feP\":0,\"\":\"$O\"}]}","{\"0\":49,\"1\":0,\"2\":[49,-100,100,5e-324,969,-100,460,705]}","{\"0\":49,\"1\":0,\"2\":[49,-100,100,5e-324,969,-100,460,705]}"]}