{"baseObjects":["[49,25,25,242,403,969,49,655,122,618]","[49,25,25,242,403,969,49,655,122,618]","[49,25,25,242,403,969,{\"1.7617878707346043e+308\":49,\"9.997635651919104e+307\":\"\",\"5e-324\":\"4\"},655,122,618]","[49,25,25,242,403,969,49,655,122,618]"],"returnObjects":["false","\"Error\"","\"Error\"","true"],"callbackArgs":["{\"0\":49,\"1\":0,\"2\":[49,25,25,242,403,969,49,655,122,618]}","{\"0\":25,\"1\":1,\"2\":[49,25,25,242,403,969,49,655,122,618]}","{\"0\":25,\"1\":2,\"2\":[49,25,25,242,403,969,49,655,122,618]}","{\"0\":242,\"1\":3,\"2\":[49,25,25,242,403,969,49,655,122,618]}","{\"0\":403,\"1\":4,\"2\":[49,25,25,242,403,969,49,655,122,618]}","{\"0\":969,\"1\":5,\"2\":[49,25,25,242,403,969,49,655,122,618]}","{\"0\":49,\"1\":6,\"2\":[49,25,25,242,403,969,49,655,122,618]}","{\"0\":655,\"1\":7,\"2\":[49,25,25,242,403,969,49,655,122,618]}","{\"0\":122,\"1\":8,\"2\":[49,25,25,242,403,969,49,655,122,618]}","{\"0\":618,\"1\":9,\"2\":[49,25,25,242,403,969,49,655,122,618]}","{\"0\":49,\"1\":0,\"2\":[49,25,25,242,403,969,49,655,122,618]}","{\"0\":49,\"1\":0,\"2\":[49,25,25,242,403,969,49,655,122,618]}","{\"0\":49,\"1\":0,\"2\":[49,25,25,242,403,969,49,655,122,618]}"]}