{"baseObjects":["[403,49,607,{\"82\":1.0847108183561698e+308,\"460\":4.3902148537638203e+307,\"595\":\"k&\",\"9.998830581248708e+307\":\"]\",\"D\":460,\"\":\"<\",\"[%iI\":6.1370721033645e+307,\"gG\":1.4413326881305467e+308},969]","[403,49,607,0,969,null,null,null,false]","[403,49,607,0,969]","[403,49,607,0,969]"],"returnObjects":["true","false","false","false"],"callbackArgs":["{\"0\":403,\"1\":0,\"2\":[403,49,607,0,969]}","{\"0\":49,\"1\":1,\"2\":[403,49,607,{\"82\":1.0847108183561698e+308,\"460\":4.3902148537638203e+307,\"595\":\"k&\",\"9.998830581248708e+307\":\"]\",\"D\":460,\"\":\"<\",\"[%iI\":6.1370721033645e+307,\"gG\":1.4413326881305467e+308},969]}","{\"0\":607,\"1\":2,\"2\":[403,49,607,{\"82\":1.0847108183561698e+308,\"460\":4.3902148537638203e+307,\"595\":\"k&\",\"9.998830581248708e+307\":\"]\",\"D\":460,\"\":\"<\",\"[%iI\":6.1370721033645e+307,\"gG\":1.4413326881305467e+308},969]}","{\"0\":{\"82\":1.0847108183561698e+308,\"460\":4.3902148537638203e+307,\"595\":\"k&\",\"9.998830581248708e+307\":\"]\",\"D\":460,\"\":\"<\",\"[%iI\":6.1370721033645e+307,\"gG\":1.4413326881305467e+308},\"1\":3,\"2\":[403,49,607,{\"82\":1.0847108183561698e+308,\"460\":4.3902148537638203e+307,\"595\":\"k&\",\"9.998830581248708e+307\":\"]\",\"D\":460,\"\":\"<\",\"[%iI\":6.1370721033645e+307,\"gG\":1.4413326881305467e+308},969]}","{\"0\":403,\"1\":0,\"2\":[403,49,607,0,969]}","{\"0\":49,\"1\":1,\"2\":[403,49,607,0,969,null,null,null,false]}","{\"0\":607,\"1\":2,\"2\":[403,49,607,0,969,null,null,null,false]}","{\"0\":0,\"1\":3,\"2\":[403,49,607,0,969,null,null,null,false]}","{\"0\":969,\"1\":4,\"2\":[403,49,607,0,969,null,null,null,false]}","{\"0\":403,\"1\":0,\"2\":[403,49,607,0,969]}","{\"0\":49,\"1\":1,\"2\":[403,49,607,0,969]}","{\"0\":607,\"1\":2,\"2\":[403,49,607,0,969]}","{\"0\":0,\"1\":3,\"2\":[403,49,607,0,969]}","{\"0\":969,\"1\":4,\"2\":[403,49,607,0,969]}","{\"0\":403,\"1\":0,\"2\":[403,49,607,0,969]}","{\"0\":49,\"1\":1,\"2\":[403,49,607,0,969]}","{\"0\":607,\"1\":2,\"2\":[403,49,607,0,969]}","{\"0\":0,\"1\":3,\"2\":[403,49,607,0,969]}","{\"0\":969,\"1\":4,\"2\":[403,49,607,0,969]}"]}