{"baseObjects":["[\"Z\",\"I\",null,null,null,null,null,null,{\"403\":1.5377456617408041e+308,\"1.0276898003560138e+308\":\"a]'\",\"7.387755180548353e+306\":126,\"4.3453656916368807e+307\":\"Z\",\"\":-1,\"{}!'\":\"\",\"1.0693381485327306e+308\":8.219983422705878e+307}]","[\"Z\",[607,100]]","[[\"`Y\",\"mSz|\",\"G\",\"<\",\"}{(>\",\"5N\",\"[<|\",\"U\"],\"I\"]","[\"Z\",\"I\"]"],"returnObjects":["false","false","\"Error\"","\"Error\""],"callbackArgs":["{\"0\":\"Z\",\"1\":0,\"2\":[\"Z\",\"I\"]}","{\"0\":\"I\",\"1\":1,\"2\":[\"Z\",\"I\",null,null,null,null,null,null,{\"403\":1.5377456617408041e+308,\"1.0276898003560138e+308\":\"a]'\",\"7.387755180548353e+306\":126,\"4.3453656916368807e+307\":\"Z\",\"\":-1,\"{}!'\":\"\",\"1.0693381485327306e+308\":8.219983422705878e+307}]}","{\"0\":\"Z\",\"1\":0,\"2\":[\"Z\",\"I\"]}","{\"0\":[607,100],\"1\":1,\"2\":[\"Z\",[607,100]]}","{\"0\":\"Z\",\"1\":0,\"2\":[\"Z\",\"I\"]}","{\"0\":\"Z\",\"1\":0,\"2\":[\"Z\",\"I\"]}"]}