{"baseObjects":["[627,1.7976931348623157e+308,607,655,122]","[627,1.7976931348623157e+308,607,655,122,null,null,null,{\"j\":242,\"-1\":\"=\",\"T\":655,\"\":\"b\",\"p]\":1.4658897506100708e+308,\"Q\":213}]","[627,1.7976931348623157e+308,607,655,122]","[627,1.7976931348623157e+308,607,655,122]"],"returnObjects":["false","true","false","\"Error\""],"callbackArgs":["{\"0\":627,\"1\":0,\"2\":[627,1.7976931348623157e+308,607,655,122]}","{\"0\":1.7976931348623157e+308,\"1\":1,\"2\":[627,1.7976931348623157e+308,607,655,122]}","{\"0\":607,\"1\":2,\"2\":[627,1.7976931348623157e+308,607,655,122]}","{\"0\":655,\"1\":3,\"2\":[627,1.7976931348623157e+308,607,655,122]}","{\"0\":122,\"1\":4,\"2\":[627,1.7976931348623157e+308,607,655,122]}","{\"0\":627,\"1\":0,\"2\":[627,1.7976931348623157e+308,607,655,122]}","{\"0\":627,\"1\":0,\"2\":[627,1.7976931348623157e+308,607,655,122]}","{\"0\":1.7976931348623157e+308,\"1\":1,\"2\":[627,1.7976931348623157e+308,607,655,122]}","{\"0\":607,\"1\":2,\"2\":[627,1.7976931348623157e+308,607,655,122]}","{\"0\":655,\"1\":3,\"2\":[627,1.7976931348623157e+308,607,655,122]}","{\"0\":122,\"1\":4,\"2\":[627,1.7976931348623157e+308,607,655,122]}","{\"0\":627,\"1\":0,\"2\":[627,1.7976931348623157e+308,607,655,122]}"]}