{"baseObjects":["[\"?\",1.7976931348623157e+308,\"D8 ?\",\"P\",\"YWDR%\",\"Tr0\",\"Y\",213]","[\"?\",1.7976931348623157e+308,\"D8 ?\",\"P\",\"YWDR%\",\"Tr0\",\"Y\",213]","[\"?\",1.7976931348623157e+308,\"D8 ?\",\"P\",{\"D\":\"\",\"zQ\":\"J\"},\"Tr0\",\"Y\",213]","[\"?\",1.7976931348623157e+308,\"D8 ?\",\"P\",\"YWDR%\",\"Tr0\",\"Y\",213]"],"returnObjects":["\"Error\"","true","false","\"Error\""],"callbackArgs":["{\"0\":\"?\",\"1\":0,\"2\":[\"?\",1.7976931348623157e+308,\"D8 ?\",\"P\",\"YWDR%\",\"Tr0\",\"Y\",213]}","{\"0\":\"?\",\"1\":0,\"2\":[\"?\",1.7976931348623157e+308,\"D8 ?\",\"P\",\"YWDR%\",\"Tr0\",\"Y\",213]}","{\"0\":\"?\",\"1\":0,\"2\":[\"?\",1.7976931348623157e+308,\"D8 ?\",\"P\",\"YWDR%\",\"Tr0\",\"Y\",213]}","{\"0\":1.7976931348623157e+308,\"1\":1,\"2\":[\"?\",1.7976931348623157e+308,\"D8 ?\",\"P\",{\"D\":\"\",\"zQ\":\"J\"},\"Tr0\",\"Y\",213]}","{\"0\":\"D8 ?\",\"1\":2,\"2\":[\"?\",1.7976931348623157e+308,\"D8 ?\",\"P\",{\"D\":\"\",\"zQ\":\"J\"},\"Tr0\",\"Y\",213]}","{\"0\":\"P\",\"1\":3,\"2\":[\"?\",1.7976931348623157e+308,\"D8 ?\",\"P\",{\"D\":\"\",\"zQ\":\"J\"},\"Tr0\",\"Y\",213]}","{\"0\":{\"D\":\"\",\"zQ\":\"J\"},\"1\":4,\"2\":[\"?\",1.7976931348623157e+308,\"D8 ?\",\"P\",{\"D\":\"\",\"zQ\":\"J\"},\"Tr0\",\"Y\",213]}","{\"0\":\"Tr0\",\"1\":5,\"2\":[\"?\",1.7976931348623157e+308,\"D8 ?\",\"P\",{\"D\":\"\",\"zQ\":\"J\"},\"Tr0\",\"Y\",213]}","{\"0\":\"Y\",\"1\":6,\"2\":[\"?\",1.7976931348623157e+308,\"D8 ?\",\"P\",{\"D\":\"\",\"zQ\":\"J\"},\"Tr0\",\"Y\",213]}","{\"0\":213,\"1\":7,\"2\":[\"?\",1.7976931348623157e+308,\"D8 ?\",\"P\",{\"D\":\"\",\"zQ\":\"J\"},\"Tr0\",\"Y\",213]}","{\"0\":\"?\",\"1\":0,\"2\":[\"?\",1.7976931348623157e+308,\"D8 ?\",\"P\",\"YWDR%\",\"Tr0\",\"Y\",213]}"]}