{"baseObjects":["[49,122,null,null,[655,\"K-\",\"sHKoVj\",100],null,null,null,\"}\"]","[49,122]","[49,122]","[49,122,null,null,null,null,null,null,null,{\"D%\":3.4180941228106606e+307,\"=\":\"\",\"b{(na\":\"\",\"S\":\"pzp\",\"@&\":2.9881532916168127e+306,\"\":\"-\",\"6.718736043067616e+306\":\"k\",\"4.679331694918509e+307\":\"\",\"5.711919236719437e+307\":\"\"}]"],"returnObjects":["true","\"Error\"","\"Error\"","false"],"callbackArgs":["{\"0\":49,\"1\":0,\"2\":[49,122]}","{\"0\":49,\"1\":0,\"2\":[49,122]}","{\"0\":49,\"1\":0,\"2\":[49,122]}","{\"0\":122,\"1\":1,\"2\":[49,122,null,null,null,null,null,null,null,{\"D%\":3.4180941228106606e+307,\"=\":\"\",\"b{(na\":\"\",\"S\":\"pzp\",\"@&\":2.9881532916168127e+306,\"\":\"-\",\"6.718736043067616e+306\":\"k\",\"4.679331694918509e+307\":\"\",\"5.711919236719437e+307\":\"\"}]}"]}