{"baseObjects":["[{\"126\":126,\"\":59,\"]\":49,\"6.093981207760745e+307\":1.128087220375579e+308,\"&%F\":1.473386110443411e+308,\"yj(-@q\":25,\"4.850826653000977e+307\":\";*n\",\"3.3706930978900593e+307\":\"(\",\"3.3948789804746386e+307\":\" }\"},823,460]","[49,823,460]","[49,823,460]","[49,823,460]"],"returnObjects":["false","false","false","\"Error\""],"callbackArgs":["{\"0\":49,\"1\":0,\"2\":[49,823,460]}","{\"0\":823,\"1\":1,\"2\":[{\"126\":126,\"\":59,\"]\":49,\"6.093981207760745e+307\":1.128087220375579e+308,\"&%F\":1.473386110443411e+308,\"yj(-@q\":25,\"4.850826653000977e+307\":\";*n\",\"3.3706930978900593e+307\":\"(\",\"3.3948789804746386e+307\":\" }\"},823,460]}","{\"0\":460,\"1\":2,\"2\":[{\"126\":126,\"\":59,\"]\":49,\"6.093981207760745e+307\":1.128087220375579e+308,\"&%F\":1.473386110443411e+308,\"yj(-@q\":25,\"4.850826653000977e+307\":\";*n\",\"3.3706930978900593e+307\":\"(\",\"3.3948789804746386e+307\":\" }\"},823,460]}","{\"0\":49,\"1\":0,\"2\":[49,823,460]}","{\"0\":823,\"1\":1,\"2\":[49,823,460]}","{\"0\":460,\"1\":2,\"2\":[49,823,460]}","{\"0\":49,\"1\":0,\"2\":[49,823,460]}","{\"0\":823,\"1\":1,\"2\":[49,823,460]}","{\"0\":460,\"1\":2,\"2\":[49,823,460]}","{\"0\":49,\"1\":0,\"2\":[49,823,460]}"]}