{"baseObjects":["[\"E\",-1,0,1.7976931348623157e+308,\"i<\"]","[\"E\",-1,0,1.7976931348623157e+308,\"i<\"]","[\"E\",-1,0,1.7976931348623157e+308,\"i<\"]","[\"E\",-1,0,[100,655,705,618,460],\"i<\"]"],"returnObjects":["true","true","false","false"],"callbackArgs":["{\"0\":\"E\",\"1\":0,\"2\":[\"E\",-1,0,1.7976931348623157e+308,\"i<\"]}","{\"0\":\"E\",\"1\":0,\"2\":[\"E\",-1,0,1.7976931348623157e+308,\"i<\"]}","{\"0\":\"E\",\"1\":0,\"2\":[\"E\",-1,0,1.7976931348623157e+308,\"i<\"]}","{\"0\":-1,\"1\":1,\"2\":[\"E\",-1,0,1.7976931348623157e+308,\"i<\"]}","{\"0\":0,\"1\":2,\"2\":[\"E\",-1,0,1.7976931348623157e+308,\"i<\"]}","{\"0\":1.7976931348623157e+308,\"1\":3,\"2\":[\"E\",-1,0,1.7976931348623157e+308,\"i<\"]}","{\"0\":\"i<\",\"1\":4,\"2\":[\"E\",-1,0,1.7976931348623157e+308,\"i<\"]}","{\"0\":\"E\",\"1\":0,\"2\":[\"E\",-1,0,1.7976931348623157e+308,\"i<\"]}","{\"0\":-1,\"1\":1,\"2\":[\"E\",-1,0,[100,655,705,618,460],\"i<\"]}","{\"0\":0,\"1\":2,\"2\":[\"E\",-1,0,[100,655,705,618,460],\"i<\"]}","{\"0\":[100,655,705,618,460],\"1\":3,\"2\":[\"E\",-1,0,[100,655,705,618,460],\"i<\"]}","{\"0\":\"i<\",\"1\":4,\"2\":[\"E\",-1,0,[100,655,705,618,460],\"i<\"]}"]}