{"baseObjects":["{\"4\":\"n|\",\"122\":9.652421407298482e+307,\"607\":\"Ud4\",\"843\":1.0512533483382828e+308,\"7.829565586401981e+307\":\"^@\",\"\":9.67171104245351e+307,\"3.511630433668163e+307\":1.2443388288581091e+308,\"1.7976931348623157e+308\":\"\",\"1.1816885179370083e+307\":1.3958367817365632e+308,\"-1\":\"\"}","[714,122,1.7976931348623157e+308,618,823,627,843,-1,122]","[714,122,1.7976931348623157e+308,618,823,627,843,-1,122]","[714,122,1.7976931348623157e+308,618,823,627,843,-1,122]"],"returnObjects":["true","\"Error\"","false","false"],"callbackArgs":["{\"0\":714,\"1\":0,\"2\":[714,122,1.7976931348623157e+308,618,823,627,843,-1,122]}","{\"0\":714,\"1\":0,\"2\":[714,122,1.7976931348623157e+308,618,823,627,843,-1,122]}","{\"0\":714,\"1\":0,\"2\":[714,122,1.7976931348623157e+308,618,823,627,843,-1,122]}","{\"0\":122,\"1\":1,\"2\":[714,122,1.7976931348623157e+308,618,823,627,843,-1,122]}","{\"0\":1.7976931348623157e+308,\"1\":2,\"2\":[714,122,1.7976931348623157e+308,618,823,627,843,-1,122]}","{\"0\":618,\"1\":3,\"2\":[714,122,1.7976931348623157e+308,618,823,627,843,-1,122]}","{\"0\":823,\"1\":4,\"2\":[714,122,1.7976931348623157e+308,618,823,627,843,-1,122]}","{\"0\":627,\"1\":5,\"2\":[714,122,1.7976931348623157e+308,618,823,627,843,-1,122]}","{\"0\":843,\"1\":6,\"2\":[714,122,1.7976931348623157e+308,618,823,627,843,-1,122]}","{\"0\":-1,\"1\":7,\"2\":[714,122,1.7976931348623157e+308,618,823,627,843,-1,122]}","{\"0\":122,\"1\":8,\"2\":[714,122,1.7976931348623157e+308,618,823,627,843,-1,122]}","{\"0\":714,\"1\":0,\"2\":[714,122,1.7976931348623157e+308,618,823,627,843,-1,122]}","{\"0\":122,\"1\":1,\"2\":[714,122,1.7976931348623157e+308,618,823,627,843,-1,122]}","{\"0\":1.7976931348623157e+308,\"1\":2,\"2\":[714,122,1.7976931348623157e+308,618,823,627,843,-1,122]}","{\"0\":618,\"1\":3,\"2\":[714,122,1.7976931348623157e+308,618,823,627,843,-1,122]}","{\"0\":823,\"1\":4,\"2\":[714,122,1.7976931348623157e+308,618,823,627,843,-1,122]}","{\"0\":627,\"1\":5,\"2\":[714,122,1.7976931348623157e+308,618,823,627,843,-1,122]}","{\"0\":843,\"1\":6,\"2\":[714,122,1.7976931348623157e+308,618,823,627,843,-1,122]}","{\"0\":-1,\"1\":7,\"2\":[714,122,1.7976931348623157e+308,618,823,627,843,-1,122]}","{\"0\":122,\"1\":8,\"2\":[714,122,1.7976931348623157e+308,618,823,627,843,-1,122]}"]}