{"baseObjects":["[]","[7.186465752856058e+307,\"n\",\"Y\"]","[\"D\",\"n\",\"Y\"]","[\"D\",true,\"Y\",null,null,{\"126\":1.3132925433868976e+308,\"618\":1.0387405339669805e+308,\"627\":\"8\",\"8.552330720199876e+307\":\"\",\"\":\"O\",\"1.4844476221929944e+308\":\"\",\"r7\":25,\"+$\":\"K'd\"}]"],"returnObjects":["\"Error\"","false","\"Error\"","false"],"callbackArgs":["{\"0\":\"D\",\"1\":0,\"2\":[\"D\",\"n\",\"Y\"]}","{\"0\":\"D\",\"1\":0,\"2\":[\"D\",\"n\",\"Y\"]}","{\"0\":\"n\",\"1\":1,\"2\":[7.186465752856058e+307,\"n\",\"Y\"]}","{\"0\":\"Y\",\"1\":2,\"2\":[7.186465752856058e+307,\"n\",\"Y\"]}","{\"0\":\"D\",\"1\":0,\"2\":[\"D\",\"n\",\"Y\"]}","{\"0\":true,\"1\":1,\"2\":[\"D\",true,\"Y\",null,null,{\"126\":1.3132925433868976e+308,\"618\":1.0387405339669805e+308,\"627\":\"8\",\"8.552330720199876e+307\":\"\",\"\":\"O\",\"1.4844476221929944e+308\":\"\",\"r7\":25,\"+$\":\"K'd\"}]}","{\"0\":\"Y\",\"1\":2,\"2\":[\"D\",true,\"Y\",null,null,{\"126\":1.3132925433868976e+308,\"618\":1.0387405339669805e+308,\"627\":\"8\",\"8.552330720199876e+307\":\"\",\"\":\"O\",\"1.4844476221929944e+308\":\"\",\"r7\":25,\"+$\":\"K'd\"}]}"]}