{"baseObjects":["[783,783,82,893,242,25,460,{\"7.565868824273664e+307\":7.274165450395838e+306,\"VsR\":705,\"-1\":893},783,655]","[783,783,82,{\"aE\":82,\"w\":122,\"\":\"\"},242,25,460,705,false,655]","[783,783,82,893,242,25,460,[627,843,59,82,82,1.7976931348623157e+308,59,242,595,213],783,655]","[[403,126,893,122,82,618,49,403,-1],783,82,893,242,25,460,705,783,655]"],"returnObjects":["false","true","\"Error\"","false"],"callbackArgs":["{\"0\":783,\"1\":0,\"2\":[783,783,82,893,242,25,460,705,783,655]}","{\"0\":783,\"1\":1,\"2\":[783,783,82,893,242,25,460,{\"7.565868824273664e+307\":7.274165450395838e+306,\"VsR\":705,\"-1\":893},783,655]}","{\"0\":82,\"1\":2,\"2\":[783,783,82,893,242,25,460,{\"7.565868824273664e+307\":7.274165450395838e+306,\"VsR\":705,\"-1\":893},783,655]}","{\"0\":893,\"1\":3,\"2\":[783,783,82,893,242,25,460,{\"7.565868824273664e+307\":7.274165450395838e+306,\"VsR\":705,\"-1\":893},783,655]}","{\"0\":242,\"1\":4,\"2\":[783,783,82,893,242,25,460,{\"7.565868824273664e+307\":7.274165450395838e+306,\"VsR\":705,\"-1\":893},783,655]}","{\"0\":25,\"1\":5,\"2\":[783,783,82,893,242,25,460,{\"7.565868824273664e+307\":7.274165450395838e+306,\"VsR\":705,\"-1\":893},783,655]}","{\"0\":460,\"1\":6,\"2\":[783,783,82,893,242,25,460,{\"7.565868824273664e+307\":7.274165450395838e+306,\"VsR\":705,\"-1\":893},783,655]}","{\"0\":{\"7.565868824273664e+307\":7.274165450395838e+306,\"VsR\":705,\"-1\":893},\"1\":7,\"2\":[783,783,82,893,242,25,460,{\"7.565868824273664e+307\":7.274165450395838e+306,\"VsR\":705,\"-1\":893},783,655]}","{\"0\":783,\"1\":8,\"2\":[783,783,82,893,242,25,460,{\"7.565868824273664e+307\":7.274165450395838e+306,\"VsR\":705,\"-1\":893},783,655]}","{\"0\":655,\"1\":9,\"2\":[783,783,82,893,242,25,460,{\"7.565868824273664e+307\":7.274165450395838e+306,\"VsR\":705,\"-1\":893},783,655]}","{\"0\":783,\"1\":0,\"2\":[783,783,82,893,242,25,460,705,783,655]}","{\"0\":783,\"1\":0,\"2\":[783,783,82,893,242,25,460,705,783,655]}","{\"0\":783,\"1\":0,\"2\":[783,783,82,893,242,25,460,705,783,655]}","{\"0\":783,\"1\":1,\"2\":[[403,126,893,122,82,618,49,403,-1],783,82,893,242,25,460,705,783,655]}","{\"0\":82,\"1\":2,\"2\":[[403,126,893,122,82,618,49,403,-1],783,82,893,242,25,460,705,783,655]}","{\"0\":893,\"1\":3,\"2\":[[403,126,893,122,82,618,49,403,-1],783,82,893,242,25,460,705,783,655]}","{\"0\":242,\"1\":4,\"2\":[[403,126,893,122,82,618,49,403,-1],783,82,893,242,25,460,705,783,655]}","{\"0\":25,\"1\":5,\"2\":[[403,126,893,122,82,618,49,403,-1],783,82,893,242,25,460,705,783,655]}","{\"0\":460,\"1\":6,\"2\":[[403,126,893,122,82,618,49,403,-1],783,82,893,242,25,460,705,783,655]}","{\"0\":705,\"1\":7,\"2\":[[403,126,893,122,82,618,49,403,-1],783,82,893,242,25,460,705,783,655]}","{\"0\":783,\"1\":8,\"2\":[[403,126,893,122,82,618,49,403,-1],783,82,893,242,25,460,705,783,655]}","{\"0\":655,\"1\":9,\"2\":[[403,126,893,122,82,618,49,403,-1],783,82,893,242,25,460,705,783,655]}"]}