{"baseObjects":["[607,655,59]","[607,655,59,null,null,null,null,null,{\"213\":\"dy\",\"1.2533112079763149e+308\":82,\"-1\":1.0383264622929799e+308,\"\":157,\";\":\"\",\"p\":\"s\",\"-100\":1.4025581202546616e+308}]","[607,655,59,null,null,[\"oNJy\",\"Faa\",\"T\",\"S6\",\"QU\",\"D\",\",$\"]]","[607,655,59,null,null,true,null,[\":\",\"E,\",823,\"oTY\",242]]"],"returnObjects":["\"Error\"","true","true","false"],"callbackArgs":["{\"0\":607,\"1\":0,\"2\":[607,655,59]}","{\"0\":607,\"1\":0,\"2\":[607,655,59]}","{\"0\":607,\"1\":0,\"2\":[607,655,59]}","{\"0\":607,\"1\":0,\"2\":[607,655,59]}","{\"0\":655,\"1\":1,\"2\":[607,655,59,null,null,true,null,[\":\",\"E,\",823,\"oTY\",242]]}","{\"0\":59,\"1\":2,\"2\":[607,655,59,null,null,true,null,[\":\",\"E,\",823,\"oTY\",242]]}"]}