{"baseObjects":["[242,\"-\",\"d+I\",1.7976931348623157e+308,\"5\",{\"25\":3.953453840631241e+307,\"242\":8.86556574184552e+307,\"655\":1.2064897870296787e+308,\"1.2806858095062053e+308\":1.1331068338386267e+308,\"j'\":\"\",\"1.4461548509955593e+308\":\"\",\"\":\"\",\"1.4752747962224758e+308\":\"\"},213]","[242,\"-\",\"d+I\",1.7976931348623157e+308,\"5\",\"N-gz\",213]","[242,\"-\",\"d+I\",1.7976931348623157e+308,\"5\",\"N-gz\",213]","[242,\"-\",\"d+I\",1.7976931348623157e+308,\"5\",\"N-gz\",213]"],"returnObjects":["true","\"Error\"","\"Error\"","\"Error\""],"callbackArgs":["{\"0\":242,\"1\":0,\"2\":[242,\"-\",\"d+I\",1.7976931348623157e+308,\"5\",\"N-gz\",213]}","{\"0\":242,\"1\":0,\"2\":[242,\"-\",\"d+I\",1.7976931348623157e+308,\"5\",\"N-gz\",213]}","{\"0\":242,\"1\":0,\"2\":[242,\"-\",\"d+I\",1.7976931348623157e+308,\"5\",\"N-gz\",213]}","{\"0\":242,\"1\":0,\"2\":[242,\"-\",\"d+I\",1.7976931348623157e+308,\"5\",\"N-gz\",213]}"]}