{"baseObjects":["[213,25,783,[1.7976931348623157e+308,627,595,627,595,655,705,403,595,82],null,null,null,null,null,{\"59\":1.497695067848585e+307,\"893\":1.563613680792086e+308,\"P8lMW\":\"1\",\"n\":\"\",\"\":\"[s]\",\"1.1390026075969528e+308\":2.7269152339667726e+307,\"f\":1.6822237273415877e+308,\"-1\":\"\"}]","[213,25,\"3a{\",122]","[213,25,783,122,null,null,null,null,null]","[213,25,783,122]"],"returnObjects":["false","true","false","false"],"callbackArgs":["{\"0\":213,\"1\":0,\"2\":[213,25,783,122]}","{\"0\":25,\"1\":1,\"2\":[213,25,783,[1.7976931348623157e+308,627,595,627,595,655,705,403,595,82],null,null,null,null,null,{\"59\":1.497695067848585e+307,\"893\":1.563613680792086e+308,\"P8lMW\":\"1\",\"n\":\"\",\"\":\"[s]\",\"1.1390026075969528e+308\":2.7269152339667726e+307,\"f\":1.6822237273415877e+308,\"-1\":\"\"}]}","{\"0\":783,\"1\":2,\"2\":[213,25,783,[1.7976931348623157e+308,627,595,627,595,655,705,403,595,82],null,null,null,null,null,{\"59\":1.497695067848585e+307,\"893\":1.563613680792086e+308,\"P8lMW\":\"1\",\"n\":\"\",\"\":\"[s]\",\"1.1390026075969528e+308\":2.7269152339667726e+307,\"f\":1.6822237273415877e+308,\"-1\":\"\"}]}","{\"0\":[1.7976931348623157e+308,627,595,627,595,655,705,403,595,82],\"1\":3,\"2\":[213,25,783,[1.7976931348623157e+308,627,595,627,595,655,705,403,595,82],null,null,null,null,null,{\"59\":1.497695067848585e+307,\"893\":1.563613680792086e+308,\"P8lMW\":\"1\",\"n\":\"\",\"\":\"[s]\",\"1.1390026075969528e+308\":2.7269152339667726e+307,\"f\":1.6822237273415877e+308,\"-1\":\"\"}]}","{\"0\":213,\"1\":0,\"2\":[213,25,783,122]}","{\"0\":213,\"1\":0,\"2\":[213,25,783,122]}","{\"0\":25,\"1\":1,\"2\":[213,25,783,122,null,null,null,null,null]}","{\"0\":783,\"1\":2,\"2\":[213,25,783,122,null,null,null,null,null]}","{\"0\":122,\"1\":3,\"2\":[213,25,783,122,null,null,null,null,null]}","{\"0\":213,\"1\":0,\"2\":[213,25,783,122]}","{\"0\":25,\"1\":1,\"2\":[213,25,783,122]}","{\"0\":783,\"1\":2,\"2\":[213,25,783,122]}","{\"0\":122,\"1\":3,\"2\":[213,25,783,122]}"]}