{"baseObjects":["[-100,893,{\"\":\"\",\"1.411307235740419e+308\":\"lf\"},0,-1,59,655,59,-1]","[-100,893,714,0,-1,59,655,59,-1]","[-100,893,714,0,-1,59,655,59,-1]","[-100,893,714,0,-1,59,655,null,-1]"],"returnObjects":["false","\"Error\"","false","false"],"callbackArgs":["{\"0\":-100,\"1\":0,\"2\":[-100,893,714,0,-1,59,655,59,-1]}","{\"0\":893,\"1\":1,\"2\":[-100,893,{\"\":\"\",\"1.411307235740419e+308\":\"lf\"},0,-1,59,655,59,-1]}","{\"0\":{\"\":\"\",\"1.411307235740419e+308\":\"lf\"},\"1\":2,\"2\":[-100,893,{\"\":\"\",\"1.411307235740419e+308\":\"lf\"},0,-1,59,655,59,-1]}","{\"0\":0,\"1\":3,\"2\":[-100,893,{\"\":\"\",\"1.411307235740419e+308\":\"lf\"},0,-1,59,655,59,-1]}","{\"0\":-1,\"1\":4,\"2\":[-100,893,{\"\":\"\",\"1.411307235740419e+308\":\"lf\"},0,-1,59,655,59,-1]}","{\"0\":59,\"1\":5,\"2\":[-100,893,{\"\":\"\",\"1.411307235740419e+308\":\"lf\"},0,-1,59,655,59,-1]}","{\"0\":655,\"1\":6,\"2\":[-100,893,{\"\":\"\",\"1.411307235740419e+308\":\"lf\"},0,-1,59,655,59,-1]}","{\"0\":59,\"1\":7,\"2\":[-100,893,{\"\":\"\",\"1.411307235740419e+308\":\"lf\"},0,-1,59,655,59,-1]}","{\"0\":-1,\"1\":8,\"2\":[-100,893,{\"\":\"\",\"1.411307235740419e+308\":\"lf\"},0,-1,59,655,59,-1]}","{\"0\":-100,\"1\":0,\"2\":[-100,893,714,0,-1,59,655,59,-1]}","{\"0\":-100,\"1\":0,\"2\":[-100,893,714,0,-1,59,655,59,-1]}","{\"0\":893,\"1\":1,\"2\":[-100,893,714,0,-1,59,655,59,-1]}","{\"0\":714,\"1\":2,\"2\":[-100,893,714,0,-1,59,655,59,-1]}","{\"0\":0,\"1\":3,\"2\":[-100,893,714,0,-1,59,655,59,-1]}","{\"0\":-1,\"1\":4,\"2\":[-100,893,714,0,-1,59,655,59,-1]}","{\"0\":59,\"1\":5,\"2\":[-100,893,714,0,-1,59,655,59,-1]}","{\"0\":655,\"1\":6,\"2\":[-100,893,714,0,-1,59,655,59,-1]}","{\"0\":59,\"1\":7,\"2\":[-100,893,714,0,-1,59,655,59,-1]}","{\"0\":-1,\"1\":8,\"2\":[-100,893,714,0,-1,59,655,59,-1]}","{\"0\":-100,\"1\":0,\"2\":[-100,893,714,0,-1,59,655,59,-1]}","{\"0\":893,\"1\":1,\"2\":[-100,893,714,0,-1,59,655,null,-1]}","{\"0\":714,\"1\":2,\"2\":[-100,893,714,0,-1,59,655,null,-1]}","{\"0\":0,\"1\":3,\"2\":[-100,893,714,0,-1,59,655,null,-1]}","{\"0\":-1,\"1\":4,\"2\":[-100,893,714,0,-1,59,655,null,-1]}","{\"0\":59,\"1\":5,\"2\":[-100,893,714,0,-1,59,655,null,-1]}","{\"0\":655,\"1\":6,\"2\":[-100,893,714,0,-1,59,655,null,-1]}","{\"0\":null,\"1\":7,\"2\":[-100,893,714,0,-1,59,655,null,-1]}","{\"0\":-1,\"1\":8,\"2\":[-100,893,714,0,-1,59,655,null,-1]}"]}