{"baseObjects":["[49,242,618,627,-1]","[49,242,618,627,-1]","[49,242,618,627,-1]","[49,242,618,627,1.3910965997151726e+308]"],"returnObjects":["false","\"Error\"","\"Error\"","false"],"callbackArgs":["{\"0\":49,\"1\":0,\"2\":[49,242,618,627,-1]}","{\"0\":242,\"1\":1,\"2\":[49,242,618,627,-1]}","{\"0\":618,\"1\":2,\"2\":[49,242,618,627,-1]}","{\"0\":627,\"1\":3,\"2\":[49,242,618,627,-1]}","{\"0\":-1,\"1\":4,\"2\":[49,242,618,627,-1]}","{\"0\":49,\"1\":0,\"2\":[49,242,618,627,-1]}","{\"0\":49,\"1\":0,\"2\":[49,242,618,627,-1]}","{\"0\":49,\"1\":0,\"2\":[49,242,618,627,-1]}","{\"0\":242,\"1\":1,\"2\":[49,242,618,627,1.3910965997151726e+308]}","{\"0\":618,\"1\":2,\"2\":[49,242,618,627,1.3910965997151726e+308]}","{\"0\":627,\"1\":3,\"2\":[49,242,618,627,1.3910965997151726e+308]}","{\"0\":1.3910965997151726e+308,\"1\":4,\"2\":[49,242,618,627,1.3910965997151726e+308]}"]}