{"baseObjects":["[-1,25,403,null,null,null,null,{\",\":9.996420631841074e+307,\"\":\"O\",\":\":4.089654232799978e+307,\"'?,\":\"r\"}]","[-1,25,403,null,null,null,null,false]","[-1,25,403]","[-1,25,403]"],"returnObjects":["false","false","false","\"Error\""],"callbackArgs":["{\"0\":-1,\"1\":0,\"2\":[-1,25,403]}","{\"0\":25,\"1\":1,\"2\":[-1,25,403,null,null,null,null,{\",\":9.996420631841074e+307,\"\":\"O\",\":\":4.089654232799978e+307,\"'?,\":\"r\"}]}","{\"0\":403,\"1\":2,\"2\":[-1,25,403,null,null,null,null,{\",\":9.996420631841074e+307,\"\":\"O\",\":\":4.089654232799978e+307,\"'?,\":\"r\"}]}","{\"0\":-1,\"1\":0,\"2\":[-1,25,403]}","{\"0\":25,\"1\":1,\"2\":[-1,25,403,null,null,null,null,false]}","{\"0\":403,\"1\":2,\"2\":[-1,25,403,null,null,null,null,false]}","{\"0\":-1,\"1\":0,\"2\":[-1,25,403]}","{\"0\":25,\"1\":1,\"2\":[-1,25,403]}","{\"0\":403,\"1\":2,\"2\":[-1,25,403]}"]}