{"baseObjects":["[595,1.7976931348623157e+308,893,-100,\",6q\",126,\"s\",25,\"[\"]","[595,1.7976931348623157e+308,893,-100,\",6q\",126,\"s\",false,\"[\"]","[595,1.7976931348623157e+308,893,-100,\",6q\",126,\"s\",25,\"[\"]","[595,122,893,-100,\",6q\",126,\"s\",25,\"[\"]"],"returnObjects":["\"Error\"","false","false","true"],"callbackArgs":["{\"0\":595,\"1\":0,\"2\":[595,1.7976931348623157e+308,893,-100,\",6q\",126,\"s\",25,\"[\"]}","{\"0\":595,\"1\":0,\"2\":[595,1.7976931348623157e+308,893,-100,\",6q\",126,\"s\",25,\"[\"]}","{\"0\":1.7976931348623157e+308,\"1\":1,\"2\":[595,1.7976931348623157e+308,893,-100,\",6q\",126,\"s\",false,\"[\"]}","{\"0\":893,\"1\":2,\"2\":[595,1.7976931348623157e+308,893,-100,\",6q\",126,\"s\",false,\"[\"]}","{\"0\":-100,\"1\":3,\"2\":[595,1.7976931348623157e+308,893,-100,\",6q\",126,\"s\",false,\"[\"]}","{\"0\":\",6q\",\"1\":4,\"2\":[595,1.7976931348623157e+308,893,-100,\",6q\",126,\"s\",false,\"[\"]}","{\"0\":126,\"1\":5,\"2\":[595,1.7976931348623157e+308,893,-100,\",6q\",126,\"s\",false,\"[\"]}","{\"0\":\"s\",\"1\":6,\"2\":[595,1.7976931348623157e+308,893,-100,\",6q\",126,\"s\",false,\"[\"]}","{\"0\":false,\"1\":7,\"2\":[595,1.7976931348623157e+308,893,-100,\",6q\",126,\"s\",false,\"[\"]}","{\"0\":\"[\",\"1\":8,\"2\":[595,1.7976931348623157e+308,893,-100,\",6q\",126,\"s\",false,\"[\"]}","{\"0\":595,\"1\":0,\"2\":[595,1.7976931348623157e+308,893,-100,\",6q\",126,\"s\",25,\"[\"]}","{\"0\":1.7976931348623157e+308,\"1\":1,\"2\":[595,1.7976931348623157e+308,893,-100,\",6q\",126,\"s\",25,\"[\"]}","{\"0\":893,\"1\":2,\"2\":[595,1.7976931348623157e+308,893,-100,\",6q\",126,\"s\",25,\"[\"]}","{\"0\":-100,\"1\":3,\"2\":[595,1.7976931348623157e+308,893,-100,\",6q\",126,\"s\",25,\"[\"]}","{\"0\":\",6q\",\"1\":4,\"2\":[595,1.7976931348623157e+308,893,-100,\",6q\",126,\"s\",25,\"[\"]}","{\"0\":126,\"1\":5,\"2\":[595,1.7976931348623157e+308,893,-100,\",6q\",126,\"s\",25,\"[\"]}","{\"0\":\"s\",\"1\":6,\"2\":[595,1.7976931348623157e+308,893,-100,\",6q\",126,\"s\",25,\"[\"]}","{\"0\":25,\"1\":7,\"2\":[595,1.7976931348623157e+308,893,-100,\",6q\",126,\"s\",25,\"[\"]}","{\"0\":\"[\",\"1\":8,\"2\":[595,1.7976931348623157e+308,893,-100,\",6q\",126,\"s\",25,\"[\"]}","{\"0\":595,\"1\":0,\"2\":[595,1.7976931348623157e+308,893,-100,\",6q\",126,\"s\",25,\"[\"]}"]}