{"baseObjects":["[783,59,403,122,607,783]","[783,59,403,122,607,783]","[\"Y\",\"b\",{\"\":8.645820778917135e+307,\"1.3288713729036678e+308\":\"\"},\"Lt\",\"d\",\"C\",\"r\",\"#\"]","[783,59,403,122,607,783]"],"returnObjects":["true","false","false","\"Error\""],"callbackArgs":["{\"0\":783,\"1\":0,\"2\":[783,59,403,122,607,783]}","{\"0\":783,\"1\":0,\"2\":[783,59,403,122,607,783]}","{\"0\":59,\"1\":1,\"2\":[783,59,403,122,607,783]}","{\"0\":403,\"1\":2,\"2\":[783,59,403,122,607,783]}","{\"0\":122,\"1\":3,\"2\":[783,59,403,122,607,783]}","{\"0\":607,\"1\":4,\"2\":[783,59,403,122,607,783]}","{\"0\":783,\"1\":5,\"2\":[783,59,403,122,607,783]}","{\"0\":783,\"1\":0,\"2\":[783,59,403,122,607,783]}","{\"0\":59,\"1\":1,\"2\":[783,59,403,122,607,783]}","{\"0\":403,\"1\":2,\"2\":[783,59,403,122,607,783]}","{\"0\":122,\"1\":3,\"2\":[783,59,403,122,607,783]}","{\"0\":607,\"1\":4,\"2\":[783,59,403,122,607,783]}","{\"0\":783,\"1\":5,\"2\":[783,59,403,122,607,783]}","{\"0\":783,\"1\":0,\"2\":[783,59,403,122,607,783]}"]}