{"baseObjects":["[1.7976931348623157e+308,25,460,\"8\",\"<+\",\"Z\",893]","[1.7976931348623157e+308,25,460,\"8\",1.2123421821247716e+308,\"Z\",893]","[1.7976931348623157e+308,25,460,\"8\",\"<+\",\"Z\",893]","[1.7976931348623157e+308,25,460,\"8\",\"<+\",\"Z\",893]"],"returnObjects":["true","false","false","\"Error\""],"callbackArgs":["{\"0\":1.7976931348623157e+308,\"1\":0,\"2\":[1.7976931348623157e+308,25,460,\"8\",\"<+\",\"Z\",893]}","{\"0\":1.7976931348623157e+308,\"1\":0,\"2\":[1.7976931348623157e+308,25,460,\"8\",\"<+\",\"Z\",893]}","{\"0\":25,\"1\":1,\"2\":[1.7976931348623157e+308,25,460,\"8\",1.2123421821247716e+308,\"Z\",893]}","{\"0\":460,\"1\":2,\"2\":[1.7976931348623157e+308,25,460,\"8\",1.2123421821247716e+308,\"Z\",893]}","{\"0\":\"8\",\"1\":3,\"2\":[1.7976931348623157e+308,25,460,\"8\",1.2123421821247716e+308,\"Z\",893]}","{\"0\":1.2123421821247716e+308,\"1\":4,\"2\":[1.7976931348623157e+308,25,460,\"8\",1.2123421821247716e+308,\"Z\",893]}","{\"0\":\"Z\",\"1\":5,\"2\":[1.7976931348623157e+308,25,460,\"8\",1.2123421821247716e+308,\"Z\",893]}","{\"0\":893,\"1\":6,\"2\":[1.7976931348623157e+308,25,460,\"8\",1.2123421821247716e+308,\"Z\",893]}","{\"0\":1.7976931348623157e+308,\"1\":0,\"2\":[1.7976931348623157e+308,25,460,\"8\",\"<+\",\"Z\",893]}","{\"0\":25,\"1\":1,\"2\":[1.7976931348623157e+308,25,460,\"8\",\"<+\",\"Z\",893]}","{\"0\":460,\"1\":2,\"2\":[1.7976931348623157e+308,25,460,\"8\",\"<+\",\"Z\",893]}","{\"0\":\"8\",\"1\":3,\"2\":[1.7976931348623157e+308,25,460,\"8\",\"<+\",\"Z\",893]}","{\"0\":\"<+\",\"1\":4,\"2\":[1.7976931348623157e+308,25,460,\"8\",\"<+\",\"Z\",893]}","{\"0\":\"Z\",\"1\":5,\"2\":[1.7976931348623157e+308,25,460,\"8\",\"<+\",\"Z\",893]}","{\"0\":893,\"1\":6,\"2\":[1.7976931348623157e+308,25,460,\"8\",\"<+\",\"Z\",893]}","{\"0\":1.7976931348623157e+308,\"1\":0,\"2\":[1.7976931348623157e+308,25,460,\"8\",\"<+\",\"Z\",893]}"]}