{"baseObjects":["[\"0\",\"AB\",126,\"aQ9=\",969,1.7976931348623157e+308,460,595,1.7976931348623157e+308,\"8r\"]","[\"0\",\"AB\",126,\"aQ9=\",[\"I\",-100,969,\"LvA\",\"*\",122,\"5\",1.7976931348623157e+308,595,\"d4 \"],1.7976931348623157e+308,460,595,1.7976931348623157e+308,\"8r\"]","[\"0\",\"AB\",126,\"aQ9=\",969,1.7976931348623157e+308,460,null,1.7976931348623157e+308,\"8r\"]","[\"0\",\"AB\",126,\"aQ9=\",969,1.7976931348623157e+308,460,595,1.7976931348623157e+308,\"8r\"]"],"returnObjects":["false","true","\"Error\"","false"],"callbackArgs":["{\"0\":\"0\",\"1\":0,\"2\":[\"0\",\"AB\",126,\"aQ9=\",969,1.7976931348623157e+308,460,595,1.7976931348623157e+308,\"8r\"]}","{\"0\":\"AB\",\"1\":1,\"2\":[\"0\",\"AB\",126,\"aQ9=\",969,1.7976931348623157e+308,460,595,1.7976931348623157e+308,\"8r\"]}","{\"0\":126,\"1\":2,\"2\":[\"0\",\"AB\",126,\"aQ9=\",969,1.7976931348623157e+308,460,595,1.7976931348623157e+308,\"8r\"]}","{\"0\":\"aQ9=\",\"1\":3,\"2\":[\"0\",\"AB\",126,\"aQ9=\",969,1.7976931348623157e+308,460,595,1.7976931348623157e+308,\"8r\"]}","{\"0\":969,\"1\":4,\"2\":[\"0\",\"AB\",126,\"aQ9=\",969,1.7976931348623157e+308,460,595,1.7976931348623157e+308,\"8r\"]}","{\"0\":1.7976931348623157e+308,\"1\":5,\"2\":[\"0\",\"AB\",126,\"aQ9=\",969,1.7976931348623157e+308,460,595,1.7976931348623157e+308,\"8r\"]}","{\"0\":460,\"1\":6,\"2\":[\"0\",\"AB\",126,\"aQ9=\",969,1.7976931348623157e+308,460,595,1.7976931348623157e+308,\"8r\"]}","{\"0\":595,\"1\":7,\"2\":[\"0\",\"AB\",126,\"aQ9=\",969,1.7976931348623157e+308,460,595,1.7976931348623157e+308,\"8r\"]}","{\"0\":1.7976931348623157e+308,\"1\":8,\"2\":[\"0\",\"AB\",126,\"aQ9=\",969,1.7976931348623157e+308,460,595,1.7976931348623157e+308,\"8r\"]}","{\"0\":\"8r\",\"1\":9,\"2\":[\"0\",\"AB\",126,\"aQ9=\",969,1.7976931348623157e+308,460,595,1.7976931348623157e+308,\"8r\"]}","{\"0\":\"0\",\"1\":0,\"2\":[\"0\",\"AB\",126,\"aQ9=\",969,1.7976931348623157e+308,460,595,1.7976931348623157e+308,\"8r\"]}","{\"0\":\"0\",\"1\":0,\"2\":[\"0\",\"AB\",126,\"aQ9=\",969,1.7976931348623157e+308,460,595,1.7976931348623157e+308,\"8r\"]}","{\"0\":\"0\",\"1\":0,\"2\":[\"0\",\"AB\",126,\"aQ9=\",969,1.7976931348623157e+308,460,595,1.7976931348623157e+308,\"8r\"]}","{\"0\":\"AB\",\"1\":1,\"2\":[\"0\",\"AB\",126,\"aQ9=\",969,1.7976931348623157e+308,460,595,1.7976931348623157e+308,\"8r\"]}","{\"0\":126,\"1\":2,\"2\":[\"0\",\"AB\",126,\"aQ9=\",969,1.7976931348623157e+308,460,595,1.7976931348623157e+308,\"8r\"]}","{\"0\":\"aQ9=\",\"1\":3,\"2\":[\"0\",\"AB\",126,\"aQ9=\",969,1.7976931348623157e+308,460,595,1.7976931348623157e+308,\"8r\"]}","{\"0\":969,\"1\":4,\"2\":[\"0\",\"AB\",126,\"aQ9=\",969,1.7976931348623157e+308,460,595,1.7976931348623157e+308,\"8r\"]}","{\"0\":1.7976931348623157e+308,\"1\":5,\"2\":[\"0\",\"AB\",126,\"aQ9=\",969,1.7976931348623157e+308,460,595,1.7976931348623157e+308,\"8r\"]}","{\"0\":460,\"1\":6,\"2\":[\"0\",\"AB\",126,\"aQ9=\",969,1.7976931348623157e+308,460,595,1.7976931348623157e+308,\"8r\"]}","{\"0\":595,\"1\":7,\"2\":[\"0\",\"AB\",126,\"aQ9=\",969,1.7976931348623157e+308,460,595,1.7976931348623157e+308,\"8r\"]}","{\"0\":1.7976931348623157e+308,\"1\":8,\"2\":[\"0\",\"AB\",126,\"aQ9=\",969,1.7976931348623157e+308,460,595,1.7976931348623157e+308,\"8r\"]}","{\"0\":\"8r\",\"1\":9,\"2\":[\"0\",\"AB\",126,\"aQ9=\",969,1.7976931348623157e+308,460,595,1.7976931348623157e+308,\"8r\"]}"]}