{"baseObjects":["[49,0,-1,-1,823,595,714,595]","[49,null,-1,-1,823,595,714,595]","[49,0,-1,-1,823,595,714,595,2.3571105927363154e+307]","[49,0,-1,-1,823,595,714,595]"],"returnObjects":["false","false","false","true"],"callbackArgs":["{\"0\":49,\"1\":0,\"2\":[49,0,-1,-1,823,595,714,595]}","{\"0\":0,\"1\":1,\"2\":[49,0,-1,-1,823,595,714,595]}","{\"0\":-1,\"1\":2,\"2\":[49,0,-1,-1,823,595,714,595]}","{\"0\":-1,\"1\":3,\"2\":[49,0,-1,-1,823,595,714,595]}","{\"0\":823,\"1\":4,\"2\":[49,0,-1,-1,823,595,714,595]}","{\"0\":595,\"1\":5,\"2\":[49,0,-1,-1,823,595,714,595]}","{\"0\":714,\"1\":6,\"2\":[49,0,-1,-1,823,595,714,595]}","{\"0\":595,\"1\":7,\"2\":[49,0,-1,-1,823,595,714,595]}","{\"0\":49,\"1\":0,\"2\":[49,0,-1,-1,823,595,714,595]}","{\"0\":null,\"1\":1,\"2\":[49,null,-1,-1,823,595,714,595]}","{\"0\":-1,\"1\":2,\"2\":[49,null,-1,-1,823,595,714,595]}","{\"0\":-1,\"1\":3,\"2\":[49,null,-1,-1,823,595,714,595]}","{\"0\":823,\"1\":4,\"2\":[49,null,-1,-1,823,595,714,595]}","{\"0\":595,\"1\":5,\"2\":[49,null,-1,-1,823,595,714,595]}","{\"0\":714,\"1\":6,\"2\":[49,null,-1,-1,823,595,714,595]}","{\"0\":595,\"1\":7,\"2\":[49,null,-1,-1,823,595,714,595]}","{\"0\":49,\"1\":0,\"2\":[49,0,-1,-1,823,595,714,595]}","{\"0\":0,\"1\":1,\"2\":[49,0,-1,-1,823,595,714,595,2.3571105927363154e+307]}","{\"0\":-1,\"1\":2,\"2\":[49,0,-1,-1,823,595,714,595,2.3571105927363154e+307]}","{\"0\":-1,\"1\":3,\"2\":[49,0,-1,-1,823,595,714,595,2.3571105927363154e+307]}","{\"0\":823,\"1\":4,\"2\":[49,0,-1,-1,823,595,714,595,2.3571105927363154e+307]}","{\"0\":595,\"1\":5,\"2\":[49,0,-1,-1,823,595,714,595,2.3571105927363154e+307]}","{\"0\":714,\"1\":6,\"2\":[49,0,-1,-1,823,595,714,595,2.3571105927363154e+307]}","{\"0\":595,\"1\":7,\"2\":[49,0,-1,-1,823,595,714,595,2.3571105927363154e+307]}","{\"0\":49,\"1\":0,\"2\":[49,0,-1,-1,823,595,714,595]}"]}