{"baseObjects":["[893,403]","[893,403]","[893,403,null,null,null,null,null,{\"618\":\"\",\"714\":4.217454424765382e+307,\"\":\")e\",\"1.0044133741263663e+308\":1.6084462912942726e+308,\"5.241496723445703e+307\":\"k\",\"0%d\":7.058315418478669e+307}]","[893,403]"],"returnObjects":["false","\"Error\"","false","\"Error\""],"callbackArgs":["{\"0\":893,\"1\":0,\"2\":[893,403]}","{\"0\":403,\"1\":1,\"2\":[893,403]}","{\"0\":893,\"1\":0,\"2\":[893,403]}","{\"0\":893,\"1\":0,\"2\":[893,403]}","{\"0\":403,\"1\":1,\"2\":[893,403,null,null,null,null,null,{\"618\":\"\",\"714\":4.217454424765382e+307,\"\":\")e\",\"1.0044133741263663e+308\":1.6084462912942726e+308,\"5.241496723445703e+307\":\"k\",\"0%d\":7.058315418478669e+307}]}","{\"0\":893,\"1\":0,\"2\":[893,403]}"]}