{"baseObjects":["[\",i\",\"RJ\",\"?\",\"7\",\"1@p\",705,25,5e-324,\"hs\",\":\"]","[\",i\",\"RJ\",null,\"7\",\"1@p\",705,25,5e-324,\"hs\",\":\"]","[{\"25\":59,\"-100\":-1,\"4.621219433313158e+307\":1.4714097945975228e+308},\"RJ\",\"?\",\"7\",\"1@p\",705,25,5e-324,\"hs\",\":\"]","[{\"242\":5.678676424244769e+307,\"783\":\"8eo\",\"O\":\"\",\"c\":714,\"\":\"zgRn\",\"-100\":1.5939987526784611e+308},\"RJ\",\"?\",\"7\",\"1@p\",705,25,5e-324,\"hs\",\":\"]"],"returnObjects":["true","true","false","false"],"callbackArgs":["{\"0\":\",i\",\"1\":0,\"2\":[\",i\",\"RJ\",\"?\",\"7\",\"1@p\",705,25,5e-324,\"hs\",\":\"]}","{\"0\":\",i\",\"1\":0,\"2\":[\",i\",\"RJ\",\"?\",\"7\",\"1@p\",705,25,5e-324,\"hs\",\":\"]}","{\"0\":\",i\",\"1\":0,\"2\":[\",i\",\"RJ\",\"?\",\"7\",\"1@p\",705,25,5e-324,\"hs\",\":\"]}","{\"0\":\"RJ\",\"1\":1,\"2\":[{\"25\":59,\"-100\":-1,\"4.621219433313158e+307\":1.4714097945975228e+308},\"RJ\",\"?\",\"7\",\"1@p\",705,25,5e-324,\"hs\",\":\"]}","{\"0\":\"?\",\"1\":2,\"2\":[{\"25\":59,\"-100\":-1,\"4.621219433313158e+307\":1.4714097945975228e+308},\"RJ\",\"?\",\"7\",\"1@p\",705,25,5e-324,\"hs\",\":\"]}","{\"0\":\"7\",\"1\":3,\"2\":[{\"25\":59,\"-100\":-1,\"4.621219433313158e+307\":1.4714097945975228e+308},\"RJ\",\"?\",\"7\",\"1@p\",705,25,5e-324,\"hs\",\":\"]}","{\"0\":\"1@p\",\"1\":4,\"2\":[{\"25\":59,\"-100\":-1,\"4.621219433313158e+307\":1.4714097945975228e+308},\"RJ\",\"?\",\"7\",\"1@p\",705,25,5e-324,\"hs\",\":\"]}","{\"0\":705,\"1\":5,\"2\":[{\"25\":59,\"-100\":-1,\"4.621219433313158e+307\":1.4714097945975228e+308},\"RJ\",\"?\",\"7\",\"1@p\",705,25,5e-324,\"hs\",\":\"]}","{\"0\":25,\"1\":6,\"2\":[{\"25\":59,\"-100\":-1,\"4.621219433313158e+307\":1.4714097945975228e+308},\"RJ\",\"?\",\"7\",\"1@p\",705,25,5e-324,\"hs\",\":\"]}","{\"0\":5e-324,\"1\":7,\"2\":[{\"25\":59,\"-100\":-1,\"4.621219433313158e+307\":1.4714097945975228e+308},\"RJ\",\"?\",\"7\",\"1@p\",705,25,5e-324,\"hs\",\":\"]}","{\"0\":\"hs\",\"1\":8,\"2\":[{\"25\":59,\"-100\":-1,\"4.621219433313158e+307\":1.4714097945975228e+308},\"RJ\",\"?\",\"7\",\"1@p\",705,25,5e-324,\"hs\",\":\"]}","{\"0\":\":\",\"1\":9,\"2\":[{\"25\":59,\"-100\":-1,\"4.621219433313158e+307\":1.4714097945975228e+308},\"RJ\",\"?\",\"7\",\"1@p\",705,25,5e-324,\"hs\",\":\"]}","{\"0\":\",i\",\"1\":0,\"2\":[\",i\",\"RJ\",\"?\",\"7\",\"1@p\",705,25,5e-324,\"hs\",\":\"]}","{\"0\":\"RJ\",\"1\":1,\"2\":[{\"242\":5.678676424244769e+307,\"783\":\"8eo\",\"O\":\"\",\"c\":714,\"\":\"zgRn\",\"-100\":1.5939987526784611e+308},\"RJ\",\"?\",\"7\",\"1@p\",705,25,5e-324,\"hs\",\":\"]}","{\"0\":\"?\",\"1\":2,\"2\":[{\"242\":5.678676424244769e+307,\"783\":\"8eo\",\"O\":\"\",\"c\":714,\"\":\"zgRn\",\"-100\":1.5939987526784611e+308},\"RJ\",\"?\",\"7\",\"1@p\",705,25,5e-324,\"hs\",\":\"]}","{\"0\":\"7\",\"1\":3,\"2\":[{\"242\":5.678676424244769e+307,\"783\":\"8eo\",\"O\":\"\",\"c\":714,\"\":\"zgRn\",\"-100\":1.5939987526784611e+308},\"RJ\",\"?\",\"7\",\"1@p\",705,25,5e-324,\"hs\",\":\"]}","{\"0\":\"1@p\",\"1\":4,\"2\":[{\"242\":5.678676424244769e+307,\"783\":\"8eo\",\"O\":\"\",\"c\":714,\"\":\"zgRn\",\"-100\":1.5939987526784611e+308},\"RJ\",\"?\",\"7\",\"1@p\",705,25,5e-324,\"hs\",\":\"]}","{\"0\":705,\"1\":5,\"2\":[{\"242\":5.678676424244769e+307,\"783\":\"8eo\",\"O\":\"\",\"c\":714,\"\":\"zgRn\",\"-100\":1.5939987526784611e+308},\"RJ\",\"?\",\"7\",\"1@p\",705,25,5e-324,\"hs\",\":\"]}","{\"0\":25,\"1\":6,\"2\":[{\"242\":5.678676424244769e+307,\"783\":\"8eo\",\"O\":\"\",\"c\":714,\"\":\"zgRn\",\"-100\":1.5939987526784611e+308},\"RJ\",\"?\",\"7\",\"1@p\",705,25,5e-324,\"hs\",\":\"]}","{\"0\":5e-324,\"1\":7,\"2\":[{\"242\":5.678676424244769e+307,\"783\":\"8eo\",\"O\":\"\",\"c\":714,\"\":\"zgRn\",\"-100\":1.5939987526784611e+308},\"RJ\",\"?\",\"7\",\"1@p\",705,25,5e-324,\"hs\",\":\"]}","{\"0\":\"hs\",\"1\":8,\"2\":[{\"242\":5.678676424244769e+307,\"783\":\"8eo\",\"O\":\"\",\"c\":714,\"\":\"zgRn\",\"-100\":1.5939987526784611e+308},\"RJ\",\"?\",\"7\",\"1@p\",705,25,5e-324,\"hs\",\":\"]}","{\"0\":\":\",\"1\":9,\"2\":[{\"242\":5.678676424244769e+307,\"783\":\"8eo\",\"O\":\"\",\"c\":714,\"\":\"zgRn\",\"-100\":1.5939987526784611e+308},\"RJ\",\"?\",\"7\",\"1@p\",705,25,5e-324,\"hs\",\":\"]}"]}