{"baseObjects":["[\"l\",\"LU?U\",595,49,\"f\",969,\"Xj\",\"(\",\"wH\"]","[\"l\",\"LU?U\",595,49,\"`\",{\"0\":null,\"59\":\"GC\",\"705\":655,\"823\":1.2815697667636599e+308,\"-1\":157,\"\":126,\"]q1'\":\"\",\"1.7761587611120402e+308\":5.714999868427859e+306,\"&\":627,\"V\":\"%\",\"A&8\":\")\"},null,\"(\",\"wH\"]","[\"l\",\"LU?U\",595,49,\"`\",969,\"Xj\",\"(\",\"wH\"]","[\"l\",\"LU?U\",595,49,\"`\",969,\"Xj\",\"(\",\"wH\"]"],"returnObjects":["true","false","\"Error\"","\"Error\""],"callbackArgs":["{\"0\":\"l\",\"1\":0,\"2\":[\"l\",\"LU?U\",595,49,\"`\",969,\"Xj\",\"(\",\"wH\"]}","{\"0\":\"l\",\"1\":0,\"2\":[\"l\",\"LU?U\",595,49,\"`\",969,\"Xj\",\"(\",\"wH\"]}","{\"0\":\"LU?U\",\"1\":1,\"2\":[\"l\",\"LU?U\",595,49,\"`\",{\"0\":null,\"59\":\"GC\",\"705\":655,\"823\":1.2815697667636599e+308,\"-1\":157,\"\":126,\"]q1'\":\"\",\"1.7761587611120402e+308\":5.714999868427859e+306,\"&\":627,\"V\":\"%\",\"A&8\":\")\"},null,\"(\",\"wH\"]}","{\"0\":595,\"1\":2,\"2\":[\"l\",\"LU?U\",595,49,\"`\",{\"0\":null,\"59\":\"GC\",\"705\":655,\"823\":1.2815697667636599e+308,\"-1\":157,\"\":126,\"]q1'\":\"\",\"1.7761587611120402e+308\":5.714999868427859e+306,\"&\":627,\"V\":\"%\",\"A&8\":\")\"},null,\"(\",\"wH\"]}","{\"0\":49,\"1\":3,\"2\":[\"l\",\"LU?U\",595,49,\"`\",{\"0\":null,\"59\":\"GC\",\"705\":655,\"823\":1.2815697667636599e+308,\"-1\":157,\"\":126,\"]q1'\":\"\",\"1.7761587611120402e+308\":5.714999868427859e+306,\"&\":627,\"V\":\"%\",\"A&8\":\")\"},null,\"(\",\"wH\"]}","{\"0\":\"`\",\"1\":4,\"2\":[\"l\",\"LU?U\",595,49,\"`\",{\"0\":null,\"59\":\"GC\",\"705\":655,\"823\":1.2815697667636599e+308,\"-1\":157,\"\":126,\"]q1'\":\"\",\"1.7761587611120402e+308\":5.714999868427859e+306,\"&\":627,\"V\":\"%\",\"A&8\":\")\"},null,\"(\",\"wH\"]}","{\"0\":{\"0\":null,\"59\":\"GC\",\"705\":655,\"823\":1.2815697667636599e+308,\"-1\":157,\"\":126,\"]q1'\":\"\",\"1.7761587611120402e+308\":5.714999868427859e+306,\"&\":627,\"V\":\"%\",\"A&8\":\")\"},\"1\":5,\"2\":[\"l\",\"LU?U\",595,49,\"`\",{\"0\":null,\"59\":\"GC\",\"705\":655,\"823\":1.2815697667636599e+308,\"-1\":157,\"\":126,\"]q1'\":\"\",\"1.7761587611120402e+308\":5.714999868427859e+306,\"&\":627,\"V\":\"%\",\"A&8\":\")\"},null,\"(\",\"wH\"]}","{\"0\":null,\"1\":6,\"2\":[\"l\",\"LU?U\",595,49,\"`\",{\"0\":null,\"59\":\"GC\",\"705\":655,\"823\":1.2815697667636599e+308,\"-1\":157,\"\":126,\"]q1'\":\"\",\"1.7761587611120402e+308\":5.714999868427859e+306,\"&\":627,\"V\":\"%\",\"A&8\":\")\"},null,\"(\",\"wH\"]}","{\"0\":\"(\",\"1\":7,\"2\":[\"l\",\"LU?U\",595,49,\"`\",{\"0\":null,\"59\":\"GC\",\"705\":655,\"823\":1.2815697667636599e+308,\"-1\":157,\"\":126,\"]q1'\":\"\",\"1.7761587611120402e+308\":5.714999868427859e+306,\"&\":627,\"V\":\"%\",\"A&8\":\")\"},null,\"(\",\"wH\"]}","{\"0\":\"wH\",\"1\":8,\"2\":[\"l\",\"LU?U\",595,49,\"`\",{\"0\":null,\"59\":\"GC\",\"705\":655,\"823\":1.2815697667636599e+308,\"-1\":157,\"\":126,\"]q1'\":\"\",\"1.7761587611120402e+308\":5.714999868427859e+306,\"&\":627,\"V\":\"%\",\"A&8\":\")\"},null,\"(\",\"wH\"]}","{\"0\":\"l\",\"1\":0,\"2\":[\"l\",\"LU?U\",595,49,\"`\",969,\"Xj\",\"(\",\"wH\"]}","{\"0\":\"l\",\"1\":0,\"2\":[\"l\",\"LU?U\",595,49,\"`\",969,\"Xj\",\"(\",\"wH\"]}"]}