{"baseObjects":["[\"F\",1.7976931348623157e+308,126,\"y\"]","[\"F\",1.7976931348623157e+308,126,\"y\"]","[\"F\",1.7976931348623157e+308,126,\"y\",\"NXY\"]","\"h!\""],"returnObjects":["true","false","false","true"],"callbackArgs":["{\"0\":\"F\",\"1\":0,\"2\":[\"F\",1.7976931348623157e+308,126,\"y\"]}","{\"0\":\"F\",\"1\":0,\"2\":[\"F\",1.7976931348623157e+308,126,\"y\"]}","{\"0\":1.7976931348623157e+308,\"1\":1,\"2\":[\"F\",1.7976931348623157e+308,126,\"y\"]}","{\"0\":126,\"1\":2,\"2\":[\"F\",1.7976931348623157e+308,126,\"y\"]}","{\"0\":\"y\",\"1\":3,\"2\":[\"F\",1.7976931348623157e+308,126,\"y\"]}","{\"0\":\"F\",\"1\":0,\"2\":[\"F\",1.7976931348623157e+308,126,\"y\"]}","{\"0\":1.7976931348623157e+308,\"1\":1,\"2\":[\"F\",1.7976931348623157e+308,126,\"y\",\"NXY\"]}","{\"0\":126,\"1\":2,\"2\":[\"F\",1.7976931348623157e+308,126,\"y\",\"NXY\"]}","{\"0\":\"y\",\"1\":3,\"2\":[\"F\",1.7976931348623157e+308,126,\"y\",\"NXY\"]}","{\"0\":\"F\",\"1\":0,\"2\":[\"F\",1.7976931348623157e+308,126,\"y\"]}"]}