{"baseObjects":["[893,969,460,627]","[893,969,460,627]","[893,969,460,627,null,null,null,{\"714\":\"\",\"8.441421963644063e+307\":126,\"\":\"0O\",\"#\":\"\",\"|U\":\"e\",\"3.4297085839265894e+307\":\"\",\"-100\":1.4072507219244822e+307,\"=\":\"8<aN\"}]","[1.526281128552041e+308,843,460,627,[\"q>uZ\",\"+9\",\"<i\",403]]"],"returnObjects":["false","\"Error\"","false","true"],"callbackArgs":["{\"0\":893,\"1\":0,\"2\":[893,969,460,627]}","{\"0\":969,\"1\":1,\"2\":[893,969,460,627]}","{\"0\":460,\"1\":2,\"2\":[893,969,460,627]}","{\"0\":627,\"1\":3,\"2\":[893,969,460,627]}","{\"0\":893,\"1\":0,\"2\":[893,969,460,627]}","{\"0\":969,\"1\":1,\"2\":[893,969,460,627,null,null,null,{\"714\":\"\",\"8.441421963644063e+307\":126,\"\":\"0O\",\"#\":\"\",\"|U\":\"e\",\"3.4297085839265894e+307\":\"\",\"-100\":1.4072507219244822e+307,\"=\":\"8<aN\"}]}","{\"0\":460,\"1\":2,\"2\":[893,969,460,627,null,null,null,{\"714\":\"\",\"8.441421963644063e+307\":126,\"\":\"0O\",\"#\":\"\",\"|U\":\"e\",\"3.4297085839265894e+307\":\"\",\"-100\":1.4072507219244822e+307,\"=\":\"8<aN\"}]}","{\"0\":627,\"1\":3,\"2\":[893,969,460,627,null,null,null,{\"714\":\"\",\"8.441421963644063e+307\":126,\"\":\"0O\",\"#\":\"\",\"|U\":\"e\",\"3.4297085839265894e+307\":\"\",\"-100\":1.4072507219244822e+307,\"=\":\"8<aN\"}]}","{\"0\":893,\"1\":0,\"2\":[893,969,460,627]}"]}