{"baseObjects":["1.7947801002128515e+308","[100,0,59,122,242,122,618]","[100,0,59,122,242,122,618,null,null,{\"126\":\"\",\"1.0093245514281453e+306\":\"tAxt\"}]","[100,0,59,122,242,122,618]"],"returnObjects":["false","\"Error\"","false","\"Error\""],"callbackArgs":["{\"0\":100,\"1\":0,\"2\":[100,0,59,122,242,122,618]}","{\"0\":0,\"1\":1,\"2\":[100,0,59,122,242,122,618]}","{\"0\":59,\"1\":2,\"2\":[100,0,59,122,242,122,618]}","{\"0\":122,\"1\":3,\"2\":[100,0,59,122,242,122,618]}","{\"0\":242,\"1\":4,\"2\":[100,0,59,122,242,122,618]}","{\"0\":122,\"1\":5,\"2\":[100,0,59,122,242,122,618]}","{\"0\":618,\"1\":6,\"2\":[100,0,59,122,242,122,618]}","{\"0\":100,\"1\":0,\"2\":[100,0,59,122,242,122,618]}","{\"0\":100,\"1\":0,\"2\":[100,0,59,122,242,122,618]}","{\"0\":0,\"1\":1,\"2\":[100,0,59,122,242,122,618,null,null,{\"126\":\"\",\"1.0093245514281453e+306\":\"tAxt\"}]}","{\"0\":59,\"1\":2,\"2\":[100,0,59,122,242,122,618,null,null,{\"126\":\"\",\"1.0093245514281453e+306\":\"tAxt\"}]}","{\"0\":122,\"1\":3,\"2\":[100,0,59,122,242,122,618,null,null,{\"126\":\"\",\"1.0093245514281453e+306\":\"tAxt\"}]}","{\"0\":242,\"1\":4,\"2\":[100,0,59,122,242,122,618,null,null,{\"126\":\"\",\"1.0093245514281453e+306\":\"tAxt\"}]}","{\"0\":122,\"1\":5,\"2\":[100,0,59,122,242,122,618,null,null,{\"126\":\"\",\"1.0093245514281453e+306\":\"tAxt\"}]}","{\"0\":618,\"1\":6,\"2\":[100,0,59,122,242,122,618,null,null,{\"126\":\"\",\"1.0093245514281453e+306\":\"tAxt\"}]}","{\"0\":100,\"1\":0,\"2\":[100,0,59,122,242,122,618]}"]}