{"baseObjects":["[714,823,122,\"eh\",655,893,1.7976931348623157e+308,460,null,1.7306834191204768e+308]","[714,823,[100,\"G\",\"w \",823,\"OGWRI^\",460],5e-324,655,893,1.7976931348623157e+308,460,null,true]","[714,823,122,5e-324,655,893,1.7976931348623157e+308,460]","[714,823,122,5e-324,655,893,1.7976931348623157e+308,460]"],"returnObjects":["false","false","false","\"Error\""],"callbackArgs":["{\"0\":714,\"1\":0,\"2\":[714,823,122,5e-324,655,893,1.7976931348623157e+308,460]}","{\"0\":823,\"1\":1,\"2\":[714,823,122,\"eh\",655,893,1.7976931348623157e+308,460,null,1.7306834191204768e+308]}","{\"0\":122,\"1\":2,\"2\":[714,823,122,\"eh\",655,893,1.7976931348623157e+308,460,null,1.7306834191204768e+308]}","{\"0\":\"eh\",\"1\":3,\"2\":[714,823,122,\"eh\",655,893,1.7976931348623157e+308,460,null,1.7306834191204768e+308]}","{\"0\":655,\"1\":4,\"2\":[714,823,122,\"eh\",655,893,1.7976931348623157e+308,460,null,1.7306834191204768e+308]}","{\"0\":893,\"1\":5,\"2\":[714,823,122,\"eh\",655,893,1.7976931348623157e+308,460,null,1.7306834191204768e+308]}","{\"0\":1.7976931348623157e+308,\"1\":6,\"2\":[714,823,122,\"eh\",655,893,1.7976931348623157e+308,460,null,1.7306834191204768e+308]}","{\"0\":460,\"1\":7,\"2\":[714,823,122,\"eh\",655,893,1.7976931348623157e+308,460,null,1.7306834191204768e+308]}","{\"0\":714,\"1\":0,\"2\":[714,823,122,5e-324,655,893,1.7976931348623157e+308,460]}","{\"0\":823,\"1\":1,\"2\":[714,823,[100,\"G\",\"w \",823,\"OGWRI^\",460],5e-324,655,893,1.7976931348623157e+308,460,null,true]}","{\"0\":[100,\"G\",\"w \",823,\"OGWRI^\",460],\"1\":2,\"2\":[714,823,[100,\"G\",\"w \",823,\"OGWRI^\",460],5e-324,655,893,1.7976931348623157e+308,460,null,true]}","{\"0\":5e-324,\"1\":3,\"2\":[714,823,[100,\"G\",\"w \",823,\"OGWRI^\",460],5e-324,655,893,1.7976931348623157e+308,460,null,true]}","{\"0\":655,\"1\":4,\"2\":[714,823,[100,\"G\",\"w \",823,\"OGWRI^\",460],5e-324,655,893,1.7976931348623157e+308,460,null,true]}","{\"0\":893,\"1\":5,\"2\":[714,823,[100,\"G\",\"w \",823,\"OGWRI^\",460],5e-324,655,893,1.7976931348623157e+308,460,null,true]}","{\"0\":1.7976931348623157e+308,\"1\":6,\"2\":[714,823,[100,\"G\",\"w \",823,\"OGWRI^\",460],5e-324,655,893,1.7976931348623157e+308,460,null,true]}","{\"0\":460,\"1\":7,\"2\":[714,823,[100,\"G\",\"w \",823,\"OGWRI^\",460],5e-324,655,893,1.7976931348623157e+308,460,null,true]}","{\"0\":714,\"1\":0,\"2\":[714,823,122,5e-324,655,893,1.7976931348623157e+308,460]}","{\"0\":823,\"1\":1,\"2\":[714,823,122,5e-324,655,893,1.7976931348623157e+308,460]}","{\"0\":122,\"1\":2,\"2\":[714,823,122,5e-324,655,893,1.7976931348623157e+308,460]}","{\"0\":5e-324,\"1\":3,\"2\":[714,823,122,5e-324,655,893,1.7976931348623157e+308,460]}","{\"0\":655,\"1\":4,\"2\":[714,823,122,5e-324,655,893,1.7976931348623157e+308,460]}","{\"0\":893,\"1\":5,\"2\":[714,823,122,5e-324,655,893,1.7976931348623157e+308,460]}","{\"0\":1.7976931348623157e+308,\"1\":6,\"2\":[714,823,122,5e-324,655,893,1.7976931348623157e+308,460]}","{\"0\":460,\"1\":7,\"2\":[714,823,122,5e-324,655,893,1.7976931348623157e+308,460]}","{\"0\":714,\"1\":0,\"2\":[714,823,122,5e-324,655,893,1.7976931348623157e+308,460]}"]}