{"baseObjects":["[\"buc\",null,\"R\",1.7976931348623157e+308]","[\"buc\",403,\"R\",1.7976931348623157e+308,null,null,null,null,null,\"\"]","[\"buc\",403,\"R\",1.7976931348623157e+308]","[\"buc\",403,\"R\",1.7976931348623157e+308]"],"returnObjects":["false","\"Error\"","true","\"Error\""],"callbackArgs":["{\"0\":\"buc\",\"1\":0,\"2\":[\"buc\",403,\"R\",1.7976931348623157e+308]}","{\"0\":null,\"1\":1,\"2\":[\"buc\",null,\"R\",1.7976931348623157e+308]}","{\"0\":\"R\",\"1\":2,\"2\":[\"buc\",null,\"R\",1.7976931348623157e+308]}","{\"0\":1.7976931348623157e+308,\"1\":3,\"2\":[\"buc\",null,\"R\",1.7976931348623157e+308]}","{\"0\":\"buc\",\"1\":0,\"2\":[\"buc\",403,\"R\",1.7976931348623157e+308]}","{\"0\":\"buc\",\"1\":0,\"2\":[\"buc\",403,\"R\",1.7976931348623157e+308]}","{\"0\":\"buc\",\"1\":0,\"2\":[\"buc\",403,\"R\",1.7976931348623157e+308]}"]}