{"baseObjects":["[126,403,-1,403,82]","[126,403,-1,403,82]","[126,843,1.7976931348623157e+308,-100,100,213,100,607,{\"1.365494775989661e+308\":9.556790643914593e+307}]","\"S\""],"returnObjects":["false","\"Error\"","true","false"],"callbackArgs":["{\"0\":126,\"1\":0,\"2\":[126,403,-1,403,82]}","{\"0\":403,\"1\":1,\"2\":[126,403,-1,403,82]}","{\"0\":-1,\"1\":2,\"2\":[126,403,-1,403,82]}","{\"0\":403,\"1\":3,\"2\":[126,403,-1,403,82]}","{\"0\":82,\"1\":4,\"2\":[126,403,-1,403,82]}","{\"0\":126,\"1\":0,\"2\":[126,403,-1,403,82]}","{\"0\":126,\"1\":0,\"2\":[126,403,-1,403,82]}","{\"0\":403,\"1\":1,\"2\":[126,403,-1,403,82]}","{\"0\":-1,\"1\":2,\"2\":[126,403,-1,403,82]}","{\"0\":403,\"1\":3,\"2\":[126,403,-1,403,82]}","{\"0\":82,\"1\":4,\"2\":[126,403,-1,403,82]}"]}