{"baseObjects":["[-100,122,460,893,213,-1]","[-100,122,460,893,213,-1]","[-100,122,460,893,{\"25\":\"y,g8\",\"595\":1.4901185244855606e+308,\"1.7261030733891165e+308\":213,\"&B\":25,\"3b\":\"\",\"1.2685096701799995e+307\":\"\",\"6.247914655578504e+307\":\"\"},-1,\"\"]","[-100,122,460,893,59,-1]"],"returnObjects":["true","false","\"Error\"","false"],"callbackArgs":["{\"0\":-100,\"1\":0,\"2\":[-100,122,460,893,213,-1]}","{\"0\":-100,\"1\":0,\"2\":[-100,122,460,893,213,-1]}","{\"0\":122,\"1\":1,\"2\":[-100,122,460,893,213,-1]}","{\"0\":460,\"1\":2,\"2\":[-100,122,460,893,213,-1]}","{\"0\":893,\"1\":3,\"2\":[-100,122,460,893,213,-1]}","{\"0\":213,\"1\":4,\"2\":[-100,122,460,893,213,-1]}","{\"0\":-1,\"1\":5,\"2\":[-100,122,460,893,213,-1]}","{\"0\":-100,\"1\":0,\"2\":[-100,122,460,893,213,-1]}","{\"0\":-100,\"1\":0,\"2\":[-100,122,460,893,213,-1]}","{\"0\":122,\"1\":1,\"2\":[-100,122,460,893,59,-1]}","{\"0\":460,\"1\":2,\"2\":[-100,122,460,893,59,-1]}","{\"0\":893,\"1\":3,\"2\":[-100,122,460,893,59,-1]}","{\"0\":59,\"1\":4,\"2\":[-100,122,460,893,59,-1]}","{\"0\":-1,\"1\":5,\"2\":[-100,122,460,893,59,-1]}"]}