{"baseObjects":["[0,82,1.7976931348623157e+308,-1,{\"213\":1.0465910557042383e+308,\"969\":5.221005931540078e+307,\"\":1.4873245569411044e+308},893,969,823,\"\"]","[0,82,\"\",-1,1.507416513609454e+308,893,969,823]","[0,[1.7976931348623157e+308,157,null,[\"v-= H\",\"[8k\"]],1.7976931348623157e+308,-1,705,893,969,823]","[0,82,1.7976931348623157e+308,-1,705,893,969,823]"],"returnObjects":["false","false","true","\"Error\""],"callbackArgs":["{\"0\":0,\"1\":0,\"2\":[0,82,1.7976931348623157e+308,-1,705,893,969,823]}","{\"0\":82,\"1\":1,\"2\":[0,82,1.7976931348623157e+308,-1,{\"213\":1.0465910557042383e+308,\"969\":5.221005931540078e+307,\"\":1.4873245569411044e+308},893,969,823,\"\"]}","{\"0\":1.7976931348623157e+308,\"1\":2,\"2\":[0,82,1.7976931348623157e+308,-1,{\"213\":1.0465910557042383e+308,\"969\":5.221005931540078e+307,\"\":1.4873245569411044e+308},893,969,823,\"\"]}","{\"0\":-1,\"1\":3,\"2\":[0,82,1.7976931348623157e+308,-1,{\"213\":1.0465910557042383e+308,\"969\":5.221005931540078e+307,\"\":1.4873245569411044e+308},893,969,823,\"\"]}","{\"0\":{\"213\":1.0465910557042383e+308,\"969\":5.221005931540078e+307,\"\":1.4873245569411044e+308},\"1\":4,\"2\":[0,82,1.7976931348623157e+308,-1,{\"213\":1.0465910557042383e+308,\"969\":5.221005931540078e+307,\"\":1.4873245569411044e+308},893,969,823,\"\"]}","{\"0\":893,\"1\":5,\"2\":[0,82,1.7976931348623157e+308,-1,{\"213\":1.0465910557042383e+308,\"969\":5.221005931540078e+307,\"\":1.4873245569411044e+308},893,969,823,\"\"]}","{\"0\":969,\"1\":6,\"2\":[0,82,1.7976931348623157e+308,-1,{\"213\":1.0465910557042383e+308,\"969\":5.221005931540078e+307,\"\":1.4873245569411044e+308},893,969,823,\"\"]}","{\"0\":823,\"1\":7,\"2\":[0,82,1.7976931348623157e+308,-1,{\"213\":1.0465910557042383e+308,\"969\":5.221005931540078e+307,\"\":1.4873245569411044e+308},893,969,823,\"\"]}","{\"0\":0,\"1\":0,\"2\":[0,82,1.7976931348623157e+308,-1,705,893,969,823]}","{\"0\":82,\"1\":1,\"2\":[0,82,\"\",-1,1.507416513609454e+308,893,969,823]}","{\"0\":\"\",\"1\":2,\"2\":[0,82,\"\",-1,1.507416513609454e+308,893,969,823]}","{\"0\":-1,\"1\":3,\"2\":[0,82,\"\",-1,1.507416513609454e+308,893,969,823]}","{\"0\":1.507416513609454e+308,\"1\":4,\"2\":[0,82,\"\",-1,1.507416513609454e+308,893,969,823]}","{\"0\":893,\"1\":5,\"2\":[0,82,\"\",-1,1.507416513609454e+308,893,969,823]}","{\"0\":969,\"1\":6,\"2\":[0,82,\"\",-1,1.507416513609454e+308,893,969,823]}","{\"0\":823,\"1\":7,\"2\":[0,82,\"\",-1,1.507416513609454e+308,893,969,823]}","{\"0\":0,\"1\":0,\"2\":[0,82,1.7976931348623157e+308,-1,705,893,969,823]}","{\"0\":0,\"1\":0,\"2\":[0,82,1.7976931348623157e+308,-1,705,893,969,823]}"]}