{"baseObjects":["[59,460,82,{\"6\":0,\"705\":4.4901730719304224e+307,\"\":6.416284580353275e+307,\"-100\":59,\"V\":403,\"1.5822670313326497e+308\":\"\",\"5.27190265530521e+307\":1.1300201946896594e+308},0,705,-100]","[59,460,82,126,0,705,-100]","[59,460,82,126,0,705,-100]","[59,460,82,126,0,705,-100]"],"returnObjects":["true","false","false","false"],"callbackArgs":["{\"0\":59,\"1\":0,\"2\":[59,460,82,126,0,705,-100]}","{\"0\":59,\"1\":0,\"2\":[59,460,82,126,0,705,-100]}","{\"0\":460,\"1\":1,\"2\":[59,460,82,126,0,705,-100]}","{\"0\":82,\"1\":2,\"2\":[59,460,82,126,0,705,-100]}","{\"0\":126,\"1\":3,\"2\":[59,460,82,126,0,705,-100]}","{\"0\":0,\"1\":4,\"2\":[59,460,82,126,0,705,-100]}","{\"0\":705,\"1\":5,\"2\":[59,460,82,126,0,705,-100]}","{\"0\":-100,\"1\":6,\"2\":[59,460,82,126,0,705,-100]}","{\"0\":59,\"1\":0,\"2\":[59,460,82,126,0,705,-100]}","{\"0\":460,\"1\":1,\"2\":[59,460,82,126,0,705,-100]}","{\"0\":82,\"1\":2,\"2\":[59,460,82,126,0,705,-100]}","{\"0\":126,\"1\":3,\"2\":[59,460,82,126,0,705,-100]}","{\"0\":0,\"1\":4,\"2\":[59,460,82,126,0,705,-100]}","{\"0\":705,\"1\":5,\"2\":[59,460,82,126,0,705,-100]}","{\"0\":-100,\"1\":6,\"2\":[59,460,82,126,0,705,-100]}","{\"0\":59,\"1\":0,\"2\":[59,460,82,126,0,705,-100]}","{\"0\":460,\"1\":1,\"2\":[59,460,82,126,0,705,-100]}","{\"0\":82,\"1\":2,\"2\":[59,460,82,126,0,705,-100]}","{\"0\":126,\"1\":3,\"2\":[59,460,82,126,0,705,-100]}","{\"0\":0,\"1\":4,\"2\":[59,460,82,126,0,705,-100]}","{\"0\":705,\"1\":5,\"2\":[59,460,82,126,0,705,-100]}","{\"0\":-100,\"1\":6,\"2\":[59,460,82,126,0,705,-100]}"]}