{"baseObjects":["[[403,122,-100,1.7976931348623157e+308,823,25,213,1.7976931348623157e+308],655,null,[49,618,0,655,49,705]]","[595,655]","[595,655]","[595,655]"],"returnObjects":["false","\"Error\"","false","\"Error\""],"callbackArgs":["{\"0\":595,\"1\":0,\"2\":[595,655]}","{\"0\":655,\"1\":1,\"2\":[[403,122,-100,1.7976931348623157e+308,823,25,213,1.7976931348623157e+308],655,null,[49,618,0,655,49,705]]}","{\"0\":595,\"1\":0,\"2\":[595,655]}","{\"0\":595,\"1\":0,\"2\":[595,655]}","{\"0\":655,\"1\":1,\"2\":[595,655]}","{\"0\":595,\"1\":0,\"2\":[595,655]}"]}