{"baseObjects":["[893,25,403,823,1.7976931348623157e+308,-100,595,893,59,705]","[893,25,403,823,1.7976931348623157e+308,-100,595,893,59,705]","[893,25,403,823,1.7976931348623157e+308,-100,595,893,59,705]","[893,25,403,823,1.7976931348623157e+308,-100,595,893,59,705]"],"returnObjects":["\"Error\"","true","true","\"Error\""],"callbackArgs":["{\"0\":893,\"1\":0,\"2\":[893,25,403,823,1.7976931348623157e+308,-100,595,893,59,705]}","{\"0\":893,\"1\":0,\"2\":[893,25,403,823,1.7976931348623157e+308,-100,595,893,59,705]}","{\"0\":893,\"1\":0,\"2\":[893,25,403,823,1.7976931348623157e+308,-100,595,893,59,705]}","{\"0\":893,\"1\":0,\"2\":[893,25,403,823,1.7976931348623157e+308,-100,595,893,59,705]}"]}