{"baseObjects":["[714,126]","[714,126]","[714,126]","[714,126,null,null,null,null,null,null,{\"0\":5e-324,\"O4M\":59,\"1.1733121407844689e+308\":\"y\",\"\":6.884508872484048e+307,\"2.7564765257967287e+306\":\"I !FAh\",\"7.59752212102482e+306\":2.932991325475813e+307,\"c\":9.037942292656302e+307,\"e4m;i]!\":1.668567162344187e+307}]"],"returnObjects":["\"Error\"","false","\"Error\"","\"Error\""],"callbackArgs":["{\"0\":714,\"1\":0,\"2\":[714,126]}","{\"0\":714,\"1\":0,\"2\":[714,126]}","{\"0\":126,\"1\":1,\"2\":[714,126]}","{\"0\":714,\"1\":0,\"2\":[714,126]}","{\"0\":714,\"1\":0,\"2\":[714,126]}"]}