{"baseObjects":["[\"O\",122,213,1.3166447892776433e+307,\"&>N\",\"=\"]","[\"O\",122,213,-100,\"&>N\",9.613596066686052e+307]","[[0,627,843,82],122,213,-100,\"&>N\",\"=\"]","[\"O\",122,213,false,\"&>N\",\"=\"]"],"returnObjects":["false","true","true","false"],"callbackArgs":["{\"0\":\"O\",\"1\":0,\"2\":[\"O\",122,213,-100,\"&>N\",\"=\"]}","{\"0\":122,\"1\":1,\"2\":[\"O\",122,213,1.3166447892776433e+307,\"&>N\",\"=\"]}","{\"0\":213,\"1\":2,\"2\":[\"O\",122,213,1.3166447892776433e+307,\"&>N\",\"=\"]}","{\"0\":1.3166447892776433e+307,\"1\":3,\"2\":[\"O\",122,213,1.3166447892776433e+307,\"&>N\",\"=\"]}","{\"0\":\"&>N\",\"1\":4,\"2\":[\"O\",122,213,1.3166447892776433e+307,\"&>N\",\"=\"]}","{\"0\":\"=\",\"1\":5,\"2\":[\"O\",122,213,1.3166447892776433e+307,\"&>N\",\"=\"]}","{\"0\":\"O\",\"1\":0,\"2\":[\"O\",122,213,-100,\"&>N\",\"=\"]}","{\"0\":\"O\",\"1\":0,\"2\":[\"O\",122,213,-100,\"&>N\",\"=\"]}","{\"0\":\"O\",\"1\":0,\"2\":[\"O\",122,213,-100,\"&>N\",\"=\"]}","{\"0\":122,\"1\":1,\"2\":[\"O\",122,213,false,\"&>N\",\"=\"]}","{\"0\":213,\"1\":2,\"2\":[\"O\",122,213,false,\"&>N\",\"=\"]}","{\"0\":false,\"1\":3,\"2\":[\"O\",122,213,false,\"&>N\",\"=\"]}","{\"0\":\"&>N\",\"1\":4,\"2\":[\"O\",122,213,false,\"&>N\",\"=\"]}","{\"0\":\"=\",\"1\":5,\"2\":[\"O\",122,213,false,\"&>N\",\"=\"]}"]}