{"baseObjects":["[1.7976931348623157e+308,49,213,122,783,126]","[1.7976931348623157e+308,49,213,null,783,126]","[655,618,714,-100,403,126]","[1.7976931348623157e+308,49,213,122,783,126]"],"returnObjects":["true","false","true","\"Error\""],"callbackArgs":["{\"0\":1.7976931348623157e+308,\"1\":0,\"2\":[1.7976931348623157e+308,49,213,122,783,126]}","{\"0\":1.7976931348623157e+308,\"1\":0,\"2\":[1.7976931348623157e+308,49,213,122,783,126]}","{\"0\":49,\"1\":1,\"2\":[1.7976931348623157e+308,49,213,null,783,126]}","{\"0\":213,\"1\":2,\"2\":[1.7976931348623157e+308,49,213,null,783,126]}","{\"0\":null,\"1\":3,\"2\":[1.7976931348623157e+308,49,213,null,783,126]}","{\"0\":783,\"1\":4,\"2\":[1.7976931348623157e+308,49,213,null,783,126]}","{\"0\":126,\"1\":5,\"2\":[1.7976931348623157e+308,49,213,null,783,126]}","{\"0\":1.7976931348623157e+308,\"1\":0,\"2\":[1.7976931348623157e+308,49,213,122,783,126]}","{\"0\":1.7976931348623157e+308,\"1\":0,\"2\":[1.7976931348623157e+308,49,213,122,783,126]}"]}