{"baseObjects":["[-100,823,627,1.7976931348623157e+308,null,null,{\"1.1193383061379528e+308\":\",\",\"6.237666380064724e+307\":\"\",\"R\":213,\"1.19103119205173e+308\":\"\",\"\":\"-\",\"1.2326873010839068e+308\":1.4540009349770659e+308}]","[-100,823,627,1.7976931348623157e+308]","[[\"w\",\"pT\",\"C(n\",\"D\"],823,627,1.7976931348623157e+308]","[-100,823,627,1.7976931348623157e+308]"],"returnObjects":["false","\"Error\"","false","false"],"callbackArgs":["{\"0\":-100,\"1\":0,\"2\":[-100,823,627,1.7976931348623157e+308]}","{\"0\":823,\"1\":1,\"2\":[-100,823,627,1.7976931348623157e+308,null,null,{\"1.1193383061379528e+308\":\",\",\"6.237666380064724e+307\":\"\",\"R\":213,\"1.19103119205173e+308\":\"\",\"\":\"-\",\"1.2326873010839068e+308\":1.4540009349770659e+308}]}","{\"0\":627,\"1\":2,\"2\":[-100,823,627,1.7976931348623157e+308,null,null,{\"1.1193383061379528e+308\":\",\",\"6.237666380064724e+307\":\"\",\"R\":213,\"1.19103119205173e+308\":\"\",\"\":\"-\",\"1.2326873010839068e+308\":1.4540009349770659e+308}]}","{\"0\":1.7976931348623157e+308,\"1\":3,\"2\":[-100,823,627,1.7976931348623157e+308,null,null,{\"1.1193383061379528e+308\":\",\",\"6.237666380064724e+307\":\"\",\"R\":213,\"1.19103119205173e+308\":\"\",\"\":\"-\",\"1.2326873010839068e+308\":1.4540009349770659e+308}]}","{\"0\":-100,\"1\":0,\"2\":[-100,823,627,1.7976931348623157e+308]}","{\"0\":-100,\"1\":0,\"2\":[-100,823,627,1.7976931348623157e+308]}","{\"0\":823,\"1\":1,\"2\":[[\"w\",\"pT\",\"C(n\",\"D\"],823,627,1.7976931348623157e+308]}","{\"0\":627,\"1\":2,\"2\":[[\"w\",\"pT\",\"C(n\",\"D\"],823,627,1.7976931348623157e+308]}","{\"0\":1.7976931348623157e+308,\"1\":3,\"2\":[[\"w\",\"pT\",\"C(n\",\"D\"],823,627,1.7976931348623157e+308]}","{\"0\":-100,\"1\":0,\"2\":[-100,823,627,1.7976931348623157e+308]}","{\"0\":823,\"1\":1,\"2\":[-100,823,627,1.7976931348623157e+308]}","{\"0\":627,\"1\":2,\"2\":[-100,823,627,1.7976931348623157e+308]}","{\"0\":1.7976931348623157e+308,\"1\":3,\"2\":[-100,823,627,1.7976931348623157e+308]}"]}