{"baseObjects":["false","false","false","[59,100,null,823,82,627,213,1.7976931348623157e+308,126]"],"returnObjects":["false","\"Error\"","\"Error\"","false"],"callbackArgs":["{\"0\":59,\"1\":0,\"2\":[59,100,122,823,82,627,213,1.7976931348623157e+308,126]}","{\"0\":100,\"1\":1,\"2\":[59,100,122,823,82,627,213,1.7976931348623157e+308,126]}","{\"0\":122,\"1\":2,\"2\":[59,100,122,823,82,627,213,1.7976931348623157e+308,126]}","{\"0\":823,\"1\":3,\"2\":[59,100,122,823,82,627,213,1.7976931348623157e+308,126]}","{\"0\":82,\"1\":4,\"2\":[59,100,122,823,82,627,213,1.7976931348623157e+308,126]}","{\"0\":627,\"1\":5,\"2\":[59,100,122,823,82,627,213,1.7976931348623157e+308,126]}","{\"0\":213,\"1\":6,\"2\":[59,100,122,823,82,627,213,1.7976931348623157e+308,126]}","{\"0\":1.7976931348623157e+308,\"1\":7,\"2\":[59,100,122,823,82,627,213,1.7976931348623157e+308,126]}","{\"0\":126,\"1\":8,\"2\":[59,100,122,823,82,627,213,1.7976931348623157e+308,126]}","{\"0\":59,\"1\":0,\"2\":[59,100,122,823,82,627,213,1.7976931348623157e+308,126]}","{\"0\":100,\"1\":1,\"2\":[59,100,null,823,82,627,213,1.7976931348623157e+308,126]}","{\"0\":null,\"1\":2,\"2\":[59,100,null,823,82,627,213,1.7976931348623157e+308,126]}","{\"0\":823,\"1\":3,\"2\":[59,100,null,823,82,627,213,1.7976931348623157e+308,126]}","{\"0\":82,\"1\":4,\"2\":[59,100,null,823,82,627,213,1.7976931348623157e+308,126]}","{\"0\":627,\"1\":5,\"2\":[59,100,null,823,82,627,213,1.7976931348623157e+308,126]}","{\"0\":213,\"1\":6,\"2\":[59,100,null,823,82,627,213,1.7976931348623157e+308,126]}","{\"0\":1.7976931348623157e+308,\"1\":7,\"2\":[59,100,null,823,82,627,213,1.7976931348623157e+308,126]}","{\"0\":126,\"1\":8,\"2\":[59,100,null,823,82,627,213,1.7976931348623157e+308,126]}"]}