{"baseObjects":["[100,0,893,618,82,0,49,122]","[100,0,893,618,82,0,49,122]","[\"j\",\"v\",\"1z\",\"^\",\"H\",null,{\"122\":\"\",\"705\":\"9\",\"\":\"\",\"1.0754387875708456e+308\":\"\",\"5U`\":\"4\",\"1.1832885034671537e+308\":-1}]","[100,0,893,618,82,0,49,122]"],"returnObjects":["false","\"Error\"","false","true"],"callbackArgs":["{\"0\":100,\"1\":0,\"2\":[100,0,893,618,82,0,49,122]}","{\"0\":0,\"1\":1,\"2\":[100,0,893,618,82,0,49,122]}","{\"0\":893,\"1\":2,\"2\":[100,0,893,618,82,0,49,122]}","{\"0\":618,\"1\":3,\"2\":[100,0,893,618,82,0,49,122]}","{\"0\":82,\"1\":4,\"2\":[100,0,893,618,82,0,49,122]}","{\"0\":0,\"1\":5,\"2\":[100,0,893,618,82,0,49,122]}","{\"0\":49,\"1\":6,\"2\":[100,0,893,618,82,0,49,122]}","{\"0\":122,\"1\":7,\"2\":[100,0,893,618,82,0,49,122]}","{\"0\":100,\"1\":0,\"2\":[100,0,893,618,82,0,49,122]}","{\"0\":100,\"1\":0,\"2\":[100,0,893,618,82,0,49,122]}","{\"0\":0,\"1\":1,\"2\":[100,0,893,618,82,0,49,122]}","{\"0\":893,\"1\":2,\"2\":[100,0,893,618,82,0,49,122]}","{\"0\":618,\"1\":3,\"2\":[100,0,893,618,82,0,49,122]}","{\"0\":82,\"1\":4,\"2\":[100,0,893,618,82,0,49,122]}","{\"0\":0,\"1\":5,\"2\":[100,0,893,618,82,0,49,122]}","{\"0\":49,\"1\":6,\"2\":[100,0,893,618,82,0,49,122]}","{\"0\":122,\"1\":7,\"2\":[100,0,893,618,82,0,49,122]}","{\"0\":100,\"1\":0,\"2\":[100,0,893,618,82,0,49,122]}"]}