{"baseObjects":["[783,157,122,\"Vm\",-1,59,893,893]","[783,157,122,122,-1,59,true,893]","[783,157,122,{\"59\":843,\"100\":\"=\",\"843\":2.791761390733555e+307,\"7.986722979024294e+307\":705,\"\":9.222364220945165e+307},-1,59,893,893]","[783,157,122,false,-1,59,82,893]"],"returnObjects":["\"Error\"","true","\"Error\"","false"],"callbackArgs":["{\"0\":783,\"1\":0,\"2\":[783,157,122,122,-1,59,893,893]}","{\"0\":783,\"1\":0,\"2\":[783,157,122,122,-1,59,893,893]}","{\"0\":783,\"1\":0,\"2\":[783,157,122,122,-1,59,893,893]}","{\"0\":783,\"1\":0,\"2\":[783,157,122,122,-1,59,893,893]}","{\"0\":157,\"1\":1,\"2\":[783,157,122,false,-1,59,82,893]}","{\"0\":122,\"1\":2,\"2\":[783,157,122,false,-1,59,82,893]}","{\"0\":false,\"1\":3,\"2\":[783,157,122,false,-1,59,82,893]}","{\"0\":-1,\"1\":4,\"2\":[783,157,122,false,-1,59,82,893]}","{\"0\":59,\"1\":5,\"2\":[783,157,122,false,-1,59,82,893]}","{\"0\":82,\"1\":6,\"2\":[783,157,122,false,-1,59,82,893]}","{\"0\":893,\"1\":7,\"2\":[783,157,122,false,-1,59,82,893]}"]}