{"baseObjects":["[\">\",\"O\",[823,627],\"=\"]","[\">\",\"O\",618,\"=\",null]","[\">\",{\"893\":7.970713238389835e+307,\"-1\":0,\"S;g\":618,\"\":823,\"9.064539944373592e+307\":\"\",\"8.594402437432404e+307\":157,\"]\":1.5355982435705995e+308,\">'i\":6.635500126601379e+307,\"7.449915336269174e+307\":\"\"},1.6661264878100317e+307,\"=\"]","[\">\",\"O\",618,\"=\",null,null,null,null,[100,82,122,403,627,783,213,82,59]]"],"returnObjects":["false","false","false","true"],"callbackArgs":["{\"0\":\">\",\"1\":0,\"2\":[\">\",\"O\",618,\"=\"]}","{\"0\":\"O\",\"1\":1,\"2\":[\">\",\"O\",[823,627],\"=\"]}","{\"0\":[823,627],\"1\":2,\"2\":[\">\",\"O\",[823,627],\"=\"]}","{\"0\":\"=\",\"1\":3,\"2\":[\">\",\"O\",[823,627],\"=\"]}","{\"0\":\">\",\"1\":0,\"2\":[\">\",\"O\",618,\"=\"]}","{\"0\":\"O\",\"1\":1,\"2\":[\">\",\"O\",618,\"=\",null]}","{\"0\":618,\"1\":2,\"2\":[\">\",\"O\",618,\"=\",null]}","{\"0\":\"=\",\"1\":3,\"2\":[\">\",\"O\",618,\"=\",null]}","{\"0\":\">\",\"1\":0,\"2\":[\">\",\"O\",618,\"=\"]}","{\"0\":{\"893\":7.970713238389835e+307,\"-1\":0,\"S;g\":618,\"\":823,\"9.064539944373592e+307\":\"\",\"8.594402437432404e+307\":157,\"]\":1.5355982435705995e+308,\">'i\":6.635500126601379e+307,\"7.449915336269174e+307\":\"\"},\"1\":1,\"2\":[\">\",{\"893\":7.970713238389835e+307,\"-1\":0,\"S;g\":618,\"\":823,\"9.064539944373592e+307\":\"\",\"8.594402437432404e+307\":157,\"]\":1.5355982435705995e+308,\">'i\":6.635500126601379e+307,\"7.449915336269174e+307\":\"\"},1.6661264878100317e+307,\"=\"]}","{\"0\":1.6661264878100317e+307,\"1\":2,\"2\":[\">\",{\"893\":7.970713238389835e+307,\"-1\":0,\"S;g\":618,\"\":823,\"9.064539944373592e+307\":\"\",\"8.594402437432404e+307\":157,\"]\":1.5355982435705995e+308,\">'i\":6.635500126601379e+307,\"7.449915336269174e+307\":\"\"},1.6661264878100317e+307,\"=\"]}","{\"0\":\"=\",\"1\":3,\"2\":[\">\",{\"893\":7.970713238389835e+307,\"-1\":0,\"S;g\":618,\"\":823,\"9.064539944373592e+307\":\"\",\"8.594402437432404e+307\":157,\"]\":1.5355982435705995e+308,\">'i\":6.635500126601379e+307,\"7.449915336269174e+307\":\"\"},1.6661264878100317e+307,\"=\"]}","{\"0\":\">\",\"1\":0,\"2\":[\">\",\"O\",618,\"=\"]}"]}