{"baseObjects":["[823]","[0.4708835084448859]","[823]","[0.4708835084448859]"],"returnObjects":["[0.4708835084448859]","[null]","[null]","[-47]"],"callbackArgs":[{"0":823,"1":0,"2":[823]},{"0":0.4708835084448859,"1":0,"2":[0.4708835084448859]},{"0":823,"1":0,"2":[823]},{"0":0.4708835084448859,"1":0,"2":[0.4708835084448859]}]}