{"baseObjects":["[\"*wjo\"]","[60.989456270276854]","[60.989456270276854]","[60.989456270276854]"],"returnObjects":["[60.989456270276854]","[null]","[-15]","[true]"],"callbackArgs":[{"0":"*wjo","1":0,"2":["*wjo"]},{"0":60.989456270276854,"1":0,"2":[60.989456270276854]},{"0":60.989456270276854,"1":0,"2":[60.989456270276854]},{"0":60.989456270276854,"1":0,"2":[60.989456270276854]}]}