{"baseObjects":["[\"_%BrPb\"]","[-83]","[-83]","[\"#ý35\\u000f\\u001aH!\"]"],"returnObjects":["[-83]","[\"#ý35\\u000f\\u001aH!\"]","[94.0944684389615]","[62.46084704918849]"],"callbackArgs":[{"0":"_%BrPb","1":0,"2":["_%BrPb"]},{"0":-83,"1":0,"2":[-83]},{"0":-83,"1":0,"2":[-83]},{"0":"#ý35\u000f\u001aH!","1":0,"2":["#ý35\u000f\u001aH!"]}]}