{"baseObjects":["[460]","[false]","[460]","[[null,-0.7683272067146558,[],true,15,-9]]"],"returnObjects":["[false]","[[null,-0.7683272067146558,[],true,15,-9]]","[false]","[null]"],"callbackArgs":[{"0":460,"1":0,"2":[460]},{"0":false,"1":0,"2":[false]},{"0":460,"1":0,"2":[460]},{"0":[null,-0.7683272067146558,[],true,15,-9],"1":0,"2":[[null,-0.7683272067146558,[],true,15,-9]]}]}