{"baseObjects":["[100]","[true]","[true]","[-51.73264331657972]"],"returnObjects":["[true]","[-51.73264331657972]","[true]","[\"6\\u0013hå\"]"],"callbackArgs":[{"0":100,"1":0,"2":[100]},{"0":true,"1":0,"2":[true]},{"0":true,"1":0,"2":[true]},{"0":-51.73264331657972,"1":0,"2":[-51.73264331657972]}]}