{"baseObjects":["[1.7976931348623157e+308]","[true]","[[[],null,true,[0],14.054000687530017,18]]","[[[],null,true,[0],14.054000687530017,18]]"],"returnObjects":["[true]","[[[],null,true,[0],14.054000687530017,18]]","[null]","[39.82160834807227]"],"callbackArgs":[{"0":1.7976931348623157e+308,"1":0,"2":[1.7976931348623157e+308]},{"0":true,"1":0,"2":[true]},{"0":[[],null,true,[0],14.054000687530017,18],"1":0,"2":[[[],null,true,[0],14.054000687530017,18]]},{"0":[[],null,true,[0],14.054000687530017,18],"1":0,"2":[[[],null,true,[0],14.054000687530017,18]]}]}