{"baseObjects":["[714]","[714]","[[false,0,1,6.959403095433788,-0.9033184848733171,-20,-32,{\"1Ö[\":false,\"WA­×\":\"K\",\"¨>È\":-3.1193149850085886,\"j\":false,\"¼\":true}]]","[[false,0,1,6.959403095433788,-0.9033184848733171,-20,-32,{\"1Ö[\":false,\"WA­×\":\"K\",\"¨>È\":-3.1193149850085886,\"j\":false,\"¼\":true}]]"],"returnObjects":["[[false,0,1,6.959403095433788,-0.9033184848733171,-20,-32,{\"1Ö[\":false,\"WA­×\":\"K\",\"¨>È\":-3.1193149850085886,\"j\":false,\"¼\":true}]]","[-31.230970993199247]","[-63]","[\"Ë\\u001e\\u0013Á\"]"],"callbackArgs":[{"0":714,"1":0,"2":[714]},{"0":714,"1":0,"2":[714]},{"0":[false,0,1,6.959403095433788,-0.9033184848733171,-20,-32,{"1Ö[":false,"WA­×":"K","¨>È":-3.1193149850085886,"j":false,"¼":true}],"1":0,"2":[[false,0,1,6.959403095433788,-0.9033184848733171,-20,-32,{"1Ö[":false,"WA­×":"K","¨>È":-3.1193149850085886,"j":false,"¼":true}]]},{"0":[false,0,1,6.959403095433788,-0.9033184848733171,-20,-32,{"1Ö[":false,"WA­×":"K","¨>È":-3.1193149850085886,"j":false,"¼":true}],"1":0,"2":[[false,0,1,6.959403095433788,-0.9033184848733171,-20,-32,{"1Ö[":false,"WA­×":"K","¨>È":-3.1193149850085886,"j":false,"¼":true}]]}]}