{"baseObjects":["[82]","[-67.32980923619077]","[82]","[true]"],"returnObjects":["[-67.32980923619077]","[56]","[true]","[false]"],"callbackArgs":[{"0":82,"1":0,"2":[82]},{"0":-67.32980923619077,"1":0,"2":[-67.32980923619077]},{"0":82,"1":0,"2":[82]},{"0":true,"1":0,"2":[true]}]}