{"baseObjects":["[100]","[100]","[97.51749335628064]","[null]"],"returnObjects":["[97.51749335628064]","[true]","[null]","[null]"],"callbackArgs":[{"0":100,"1":0,"2":[100]},{"0":100,"1":0,"2":[100]},{"0":97.51749335628064,"1":0,"2":[97.51749335628064]},{"1":0,"2":[null]}]}