{"baseObjects":["[49]","[49,null,null,null,null,[122,5e-324,783,126,157,122,627,-1,122,1.7976931348623157e+308],{\"6.291201322539638e+307\":\":\"}]","[49]","[49]"],"returnObjects":["[49]","[null]","[49]","\"Error\""],"callbackArgs":["{\"0\":49,\"1\":0,\"2\":[49]}","{\"0\":49,\"1\":0,\"2\":[49]}","{\"0\":49,\"1\":0,\"2\":[49]}","{\"0\":49,\"1\":0,\"2\":[49]}"]}