{"baseObjects":["[607,-100,1.7976931348623157e+308,213,\"0CmLD\",\"A\",\"<\"]","[607,-100,1.7976931348623157e+308,213,\"0CmLD\",\"A\",\"<\"]","[null,null,null,null,null,null,null]","[null,null,null,null,null,null,null]"],"returnObjects":["[null,null,null,null,null,null,null]","[null,null,null,null,null,null,null]","\"Error\"","\"Error\""],"callbackArgs":["{\"0\":607,\"1\":0,\"2\":[607,-100,1.7976931348623157e+308,213,\"0CmLD\",\"A\",\"<\"]}","{\"0\":-100,\"1\":1,\"2\":[607,-100,1.7976931348623157e+308,213,\"0CmLD\",\"A\",\"<\"]}","{\"0\":1.7976931348623157e+308,\"1\":2,\"2\":[607,-100,1.7976931348623157e+308,213,\"0CmLD\",\"A\",\"<\"]}","{\"0\":213,\"1\":3,\"2\":[607,-100,1.7976931348623157e+308,213,\"0CmLD\",\"A\",\"<\"]}","{\"0\":\"0CmLD\",\"1\":4,\"2\":[607,-100,1.7976931348623157e+308,213,\"0CmLD\",\"A\",\"<\"]}","{\"0\":\"A\",\"1\":5,\"2\":[607,-100,1.7976931348623157e+308,213,\"0CmLD\",\"A\",\"<\"]}","{\"0\":\"<\",\"1\":6,\"2\":[607,-100,1.7976931348623157e+308,213,\"0CmLD\",\"A\",\"<\"]}","{\"0\":607,\"1\":0,\"2\":[607,-100,1.7976931348623157e+308,213,\"0CmLD\",\"A\",\"<\"]}","{\"0\":-100,\"1\":1,\"2\":[607,-100,1.7976931348623157e+308,213,\"0CmLD\",\"A\",\"<\"]}","{\"0\":1.7976931348623157e+308,\"1\":2,\"2\":[607,-100,1.7976931348623157e+308,213,\"0CmLD\",\"A\",\"<\"]}","{\"0\":213,\"1\":3,\"2\":[607,-100,1.7976931348623157e+308,213,\"0CmLD\",\"A\",\"<\"]}","{\"0\":\"0CmLD\",\"1\":4,\"2\":[607,-100,1.7976931348623157e+308,213,\"0CmLD\",\"A\",\"<\"]}","{\"0\":\"A\",\"1\":5,\"2\":[607,-100,1.7976931348623157e+308,213,\"0CmLD\",\"A\",\"<\"]}","{\"0\":\"<\",\"1\":6,\"2\":[607,-100,1.7976931348623157e+308,213,\"0CmLD\",\"A\",\"<\"]}","{\"0\":null,\"1\":0,\"2\":[null,null,null,null,null,null,null]}"]}