{"baseObjects":["[]","[595,-1]","[595,-1,null,null,null,{\"157\":82,\"6.368475752825005e+307\":1.2869446087979428e+308,\"\":\";Xu\",\"*\":\"Qw+\",\"NU\":2.5793190405755285e+307,\"1.214647160557815e+308\":25,\"1.7976931348623157e+308\":\"\"}]","[595,-1,null,null,null,{\"8tP\":\"\",\"1.0000910424951608e+308\":\"p]tAzLC0\"}]"],"returnObjects":["[0,null]","\"Error\"","[null,null]","\"Error\""],"callbackArgs":["{\"0\":595,\"1\":0,\"2\":[595,-1]}","{\"0\":595,\"1\":0,\"2\":[595,-1]}","{\"0\":595,\"1\":0,\"2\":[595,-1]}","{\"0\":-1,\"1\":1,\"2\":[595,-1,null,null,null,{\"157\":82,\"6.368475752825005e+307\":1.2869446087979428e+308,\"\":\";Xu\",\"*\":\"Qw+\",\"NU\":2.5793190405755285e+307,\"1.214647160557815e+308\":25,\"1.7976931348623157e+308\":\"\"}]}","{\"0\":595,\"1\":0,\"2\":[595,-1]}"]}