{"baseObjects":["[126,627,783,618,783,403]","[126,627,783,618,783,403,null,1.2985838055896257e+308]","[null,null,null,null,null,null,null,false]","[null,null,null,null,null,null,null,false]"],"returnObjects":["[\"Infinity126,627,783,618,783,403\",\"627126,627,783,618,783,403\",\"391.5126,627,783,618,783,403\",\"206126,627,783,618,783,403\",\"195.75126,627,783,618,783,403\",\"80.6126,627,783,618,783,403\"]","[null,null,null,null,null,null,null,false]","\"Error\"","\"Error\""],"callbackArgs":["{\"0\":126,\"1\":0,\"2\":[126,627,783,618,783,403]}","{\"0\":627,\"1\":1,\"2\":[126,627,783,618,783,403]}","{\"0\":783,\"1\":2,\"2\":[126,627,783,618,783,403]}","{\"0\":618,\"1\":3,\"2\":[126,627,783,618,783,403]}","{\"0\":783,\"1\":4,\"2\":[126,627,783,618,783,403]}","{\"0\":403,\"1\":5,\"2\":[126,627,783,618,783,403]}","{\"0\":126,\"1\":0,\"2\":[126,627,783,618,783,403]}","{\"0\":627,\"1\":1,\"2\":[126,627,783,618,783,403,null,1.2985838055896257e+308]}","{\"0\":783,\"1\":2,\"2\":[126,627,783,618,783,403,null,1.2985838055896257e+308]}","{\"0\":618,\"1\":3,\"2\":[126,627,783,618,783,403,null,1.2985838055896257e+308]}","{\"0\":783,\"1\":4,\"2\":[126,627,783,618,783,403,null,1.2985838055896257e+308]}","{\"0\":403,\"1\":5,\"2\":[126,627,783,618,783,403,null,1.2985838055896257e+308]}","{\"0\":null,\"1\":0,\"2\":[null,null,null,null,null,null]}","{\"0\":null,\"1\":0,\"2\":[null,null,null,null,null,null,null,false]}"]}