{"baseObjects":["[-1,1.7976931348623157e+308]","[-1,1.7976931348623157e+308]","[\"-1-1,1.7976931348623157e+308\",\"1.7976931348623157e+308-1,1.7976931348623157e+308\",null,1.618413499794712e+308]","[-1,1.7976931348623157e+308]"],"returnObjects":["[null,null]","[\"-1-1,1.7976931348623157e+308\",\"1.7976931348623157e+308-1,1.7976931348623157e+308\",null,1.618413499794712e+308]","[\"-1-1,1.7976931348623157e+308NaN\",\"1.7976931348623157e+308-1,1.7976931348623157e+308NaN\"]","\"Error\""],"callbackArgs":["{\"0\":-1,\"1\":0,\"2\":[-1,1.7976931348623157e+308]}","{\"0\":1.7976931348623157e+308,\"1\":1,\"2\":[-1,1.7976931348623157e+308]}","{\"0\":-1,\"1\":0,\"2\":[-1,1.7976931348623157e+308]}","{\"0\":1.7976931348623157e+308,\"1\":1,\"2\":[-1,1.7976931348623157e+308]}","{\"0\":\"-1-1,1.7976931348623157e+308\",\"1\":0,\"2\":[\"-1-1,1.7976931348623157e+308\",\"1.7976931348623157e+308-1,1.7976931348623157e+308\"]}","{\"0\":\"1.7976931348623157e+308-1,1.7976931348623157e+308\",\"1\":1,\"2\":[\"-1-1,1.7976931348623157e+308\",\"1.7976931348623157e+308-1,1.7976931348623157e+308\",null,1.618413499794712e+308]}","{\"0\":-1,\"1\":0,\"2\":[-1,1.7976931348623157e+308]}"]}