{"baseObjects":["[\"B\",\"P\",\">\",\"3&1-p\"]","[\"B\",\"P\",\">\",\"3&1-p\"]","[\"B\",\"P\",\">\",\"3&1-p\",null,null,9.054570515115728e+306,null,null,6.587097714038852e+307]","[\"B\",\"P\",\">\",\"3&1-p\"]"],"returnObjects":["\"Error\"","[\"NaNB,P,>,3&1-p\",\"NaNB,P,>,3&1-p\",\"NaNB,P,>,3&1-p\",\"NaNB,P,>,3&1-p\"]","[\"NaNB,P,>,3&1-p,,,9.054570515115728e+306,,,6.587097714038852e+307\",\"NaNB,P,>,3&1-p,,,9.054570515115728e+306,,,6.587097714038852e+307\",\"NaNB,P,>,3&1-p,,,9.054570515115728e+306,,,6.587097714038852e+307\",\"NaNB,P,>,3&1-p,,,9.054570515115728e+306,,,6.587097714038852e+307\"]","\"Error\""],"callbackArgs":["{\"0\":\"B\",\"1\":0,\"2\":[\"B\",\"P\",\">\",\"3&1-p\"]}","{\"0\":\"B\",\"1\":0,\"2\":[\"B\",\"P\",\">\",\"3&1-p\"]}","{\"0\":\"P\",\"1\":1,\"2\":[\"B\",\"P\",\">\",\"3&1-p\"]}","{\"0\":\">\",\"1\":2,\"2\":[\"B\",\"P\",\">\",\"3&1-p\"]}","{\"0\":\"3&1-p\",\"1\":3,\"2\":[\"B\",\"P\",\">\",\"3&1-p\"]}","{\"0\":\"B\",\"1\":0,\"2\":[\"B\",\"P\",\">\",\"3&1-p\"]}","{\"0\":\"P\",\"1\":1,\"2\":[\"B\",\"P\",\">\",\"3&1-p\",null,null,9.054570515115728e+306,null,null,6.587097714038852e+307]}","{\"0\":\">\",\"1\":2,\"2\":[\"B\",\"P\",\">\",\"3&1-p\",null,null,9.054570515115728e+306,null,null,6.587097714038852e+307]}","{\"0\":\"3&1-p\",\"1\":3,\"2\":[\"B\",\"P\",\">\",\"3&1-p\",null,null,9.054570515115728e+306,null,null,6.587097714038852e+307]}","{\"0\":\"B\",\"1\":0,\"2\":[\"B\",\"P\",\">\",\"3&1-p\"]}"]}