{"baseObjects":["[1.7976931348623157e+308,655,783]","[1.7976931348623157e+308,655,783]","true","[1.7976931348623157e+308,655,783]"],"returnObjects":["[\"1.7976931348623157e+3081.7976931348623157e+308,655,783\",\"6541.7976931348623157e+308,655,783\",\"7811.7976931348623157e+308,655,783\"]","\"Error\"","\"Error\"","\"Error\""],"callbackArgs":["{\"0\":1.7976931348623157e+308,\"1\":0,\"2\":[1.7976931348623157e+308,655,783]}","{\"0\":655,\"1\":1,\"2\":[1.7976931348623157e+308,655,783]}","{\"0\":783,\"1\":2,\"2\":[1.7976931348623157e+308,655,783]}","{\"0\":1.7976931348623157e+308,\"1\":0,\"2\":[1.7976931348623157e+308,655,783]}","{\"0\":1.7976931348623157e+308,\"1\":0,\"2\":[1.7976931348623157e+308,655,783]}","{\"0\":1.7976931348623157e+308,\"1\":0,\"2\":[1.7976931348623157e+308,655,783]}"]}