{"baseObjects":["[823,{\"0\":627,\"126\":\"\",\"595\":\"kq]*2M\",\"\":-1,\"1.3709687885529786e+308\":\"R\",\"1.7644493976175692e+307\":242,\"2.125738948659514e+307\":\"t\",\"9R\":\"\"},\"z\",\"&\",\"A=:\",25,\"g!\"]","[823,\")u\",\"z\",\"&\",\"A=:\",25,\"g!\"]","[823,\")u\",\"z\",\"O!1\",\"A=:\",25,\"g!\"]","[\"Infinity823,)u,z,O!1,A=:,25,g!\",\"NaN823,)u,z,O!1,A=:,25,g!\",\"NaN823,)u,z,O!1,A=:,25,g!\",\"NaN823,)u,z,O!1,A=:,25,g!\",\"NaN823,)u,z,O!1,A=:,25,g!\",\"5823,)u,z,O!1,A=:,25,g!\",\"NaN823,)u,z,O!1,A=:,25,g!\"]"],"returnObjects":["[null,\"[object Object]NaN\",\"zNaN\",\"&NaN\",\"A=:NaN\",null,\"g!NaN\"]","[null,\")uNaN\",\"zNaN\",\"&NaN\",\"A=:NaN\",null,\"g!NaN\"]","[\"Infinity823,)u,z,O!1,A=:,25,g!\",\"NaN823,)u,z,O!1,A=:,25,g!\",\"NaN823,)u,z,O!1,A=:,25,g!\",\"NaN823,)u,z,O!1,A=:,25,g!\",\"NaN823,)u,z,O!1,A=:,25,g!\",\"5823,)u,z,O!1,A=:,25,g!\",\"NaN823,)u,z,O!1,A=:,25,g!\"]","[null,null,null,null,null,null,null]"],"callbackArgs":["{\"0\":823,\"1\":0,\"2\":[823,\")u\",\"z\",\"&\",\"A=:\",25,\"g!\"]}","{\"0\":{\"0\":627,\"126\":\"\",\"595\":\"kq]*2M\",\"\":-1,\"1.3709687885529786e+308\":\"R\",\"1.7644493976175692e+307\":242,\"2.125738948659514e+307\":\"t\",\"9R\":\"\"},\"1\":1,\"2\":[823,{\"0\":627,\"126\":\"\",\"595\":\"kq]*2M\",\"\":-1,\"1.3709687885529786e+308\":\"R\",\"1.7644493976175692e+307\":242,\"2.125738948659514e+307\":\"t\",\"9R\":\"\"},\"z\",\"&\",\"A=:\",25,\"g!\"]}","{\"0\":\"z\",\"1\":2,\"2\":[823,{\"0\":627,\"126\":\"\",\"595\":\"kq]*2M\",\"\":-1,\"1.3709687885529786e+308\":\"R\",\"1.7644493976175692e+307\":242,\"2.125738948659514e+307\":\"t\",\"9R\":\"\"},\"z\",\"&\",\"A=:\",25,\"g!\"]}","{\"0\":\"&\",\"1\":3,\"2\":[823,{\"0\":627,\"126\":\"\",\"595\":\"kq]*2M\",\"\":-1,\"1.3709687885529786e+308\":\"R\",\"1.7644493976175692e+307\":242,\"2.125738948659514e+307\":\"t\",\"9R\":\"\"},\"z\",\"&\",\"A=:\",25,\"g!\"]}","{\"0\":\"A=:\",\"1\":4,\"2\":[823,{\"0\":627,\"126\":\"\",\"595\":\"kq]*2M\",\"\":-1,\"1.3709687885529786e+308\":\"R\",\"1.7644493976175692e+307\":242,\"2.125738948659514e+307\":\"t\",\"9R\":\"\"},\"z\",\"&\",\"A=:\",25,\"g!\"]}","{\"0\":25,\"1\":5,\"2\":[823,{\"0\":627,\"126\":\"\",\"595\":\"kq]*2M\",\"\":-1,\"1.3709687885529786e+308\":\"R\",\"1.7644493976175692e+307\":242,\"2.125738948659514e+307\":\"t\",\"9R\":\"\"},\"z\",\"&\",\"A=:\",25,\"g!\"]}","{\"0\":\"g!\",\"1\":6,\"2\":[823,{\"0\":627,\"126\":\"\",\"595\":\"kq]*2M\",\"\":-1,\"1.3709687885529786e+308\":\"R\",\"1.7644493976175692e+307\":242,\"2.125738948659514e+307\":\"t\",\"9R\":\"\"},\"z\",\"&\",\"A=:\",25,\"g!\"]}","{\"0\":823,\"1\":0,\"2\":[823,\")u\",\"z\",\"&\",\"A=:\",25,\"g!\"]}","{\"0\":\")u\",\"1\":1,\"2\":[823,\")u\",\"z\",\"&\",\"A=:\",25,\"g!\"]}","{\"0\":\"z\",\"1\":2,\"2\":[823,\")u\",\"z\",\"&\",\"A=:\",25,\"g!\"]}","{\"0\":\"&\",\"1\":3,\"2\":[823,\")u\",\"z\",\"&\",\"A=:\",25,\"g!\"]}","{\"0\":\"A=:\",\"1\":4,\"2\":[823,\")u\",\"z\",\"&\",\"A=:\",25,\"g!\"]}","{\"0\":25,\"1\":5,\"2\":[823,\")u\",\"z\",\"&\",\"A=:\",25,\"g!\"]}","{\"0\":\"g!\",\"1\":6,\"2\":[823,\")u\",\"z\",\"&\",\"A=:\",25,\"g!\"]}","{\"0\":823,\"1\":0,\"2\":[823,\")u\",\"z\",\"&\",\"A=:\",25,\"g!\"]}","{\"0\":\")u\",\"1\":1,\"2\":[823,\")u\",\"z\",\"O!1\",\"A=:\",25,\"g!\"]}","{\"0\":\"z\",\"1\":2,\"2\":[823,\")u\",\"z\",\"O!1\",\"A=:\",25,\"g!\"]}","{\"0\":\"O!1\",\"1\":3,\"2\":[823,\")u\",\"z\",\"O!1\",\"A=:\",25,\"g!\"]}","{\"0\":\"A=:\",\"1\":4,\"2\":[823,\")u\",\"z\",\"O!1\",\"A=:\",25,\"g!\"]}","{\"0\":25,\"1\":5,\"2\":[823,\")u\",\"z\",\"O!1\",\"A=:\",25,\"g!\"]}","{\"0\":\"g!\",\"1\":6,\"2\":[823,\")u\",\"z\",\"O!1\",\"A=:\",25,\"g!\"]}","{\"0\":\"Infinity823,)u,z,O!1,A=:,25,g!\",\"1\":0,\"2\":[\"Infinity823,)u,z,O!1,A=:,25,g!\",\"NaN823,)u,z,O!1,A=:,25,g!\",\"NaN823,)u,z,O!1,A=:,25,g!\",\"NaN823,)u,z,O!1,A=:,25,g!\",\"NaN823,)u,z,O!1,A=:,25,g!\",\"5823,)u,z,O!1,A=:,25,g!\",\"NaN823,)u,z,O!1,A=:,25,g!\"]}","{\"0\":\"NaN823,)u,z,O!1,A=:,25,g!\",\"1\":1,\"2\":[\"Infinity823,)u,z,O!1,A=:,25,g!\",\"NaN823,)u,z,O!1,A=:,25,g!\",\"NaN823,)u,z,O!1,A=:,25,g!\",\"NaN823,)u,z,O!1,A=:,25,g!\",\"NaN823,)u,z,O!1,A=:,25,g!\",\"5823,)u,z,O!1,A=:,25,g!\",\"NaN823,)u,z,O!1,A=:,25,g!\"]}","{\"0\":\"NaN823,)u,z,O!1,A=:,25,g!\",\"1\":2,\"2\":[\"Infinity823,)u,z,O!1,A=:,25,g!\",\"NaN823,)u,z,O!1,A=:,25,g!\",\"NaN823,)u,z,O!1,A=:,25,g!\",\"NaN823,)u,z,O!1,A=:,25,g!\",\"NaN823,)u,z,O!1,A=:,25,g!\",\"5823,)u,z,O!1,A=:,25,g!\",\"NaN823,)u,z,O!1,A=:,25,g!\"]}","{\"0\":\"NaN823,)u,z,O!1,A=:,25,g!\",\"1\":3,\"2\":[\"Infinity823,)u,z,O!1,A=:,25,g!\",\"NaN823,)u,z,O!1,A=:,25,g!\",\"NaN823,)u,z,O!1,A=:,25,g!\",\"NaN823,)u,z,O!1,A=:,25,g!\",\"NaN823,)u,z,O!1,A=:,25,g!\",\"5823,)u,z,O!1,A=:,25,g!\",\"NaN823,)u,z,O!1,A=:,25,g!\"]}","{\"0\":\"NaN823,)u,z,O!1,A=:,25,g!\",\"1\":4,\"2\":[\"Infinity823,)u,z,O!1,A=:,25,g!\",\"NaN823,)u,z,O!1,A=:,25,g!\",\"NaN823,)u,z,O!1,A=:,25,g!\",\"NaN823,)u,z,O!1,A=:,25,g!\",\"NaN823,)u,z,O!1,A=:,25,g!\",\"5823,)u,z,O!1,A=:,25,g!\",\"NaN823,)u,z,O!1,A=:,25,g!\"]}","{\"0\":\"5823,)u,z,O!1,A=:,25,g!\",\"1\":5,\"2\":[\"Infinity823,)u,z,O!1,A=:,25,g!\",\"NaN823,)u,z,O!1,A=:,25,g!\",\"NaN823,)u,z,O!1,A=:,25,g!\",\"NaN823,)u,z,O!1,A=:,25,g!\",\"NaN823,)u,z,O!1,A=:,25,g!\",\"5823,)u,z,O!1,A=:,25,g!\",\"NaN823,)u,z,O!1,A=:,25,g!\"]}","{\"0\":\"NaN823,)u,z,O!1,A=:,25,g!\",\"1\":6,\"2\":[\"Infinity823,)u,z,O!1,A=:,25,g!\",\"NaN823,)u,z,O!1,A=:,25,g!\",\"NaN823,)u,z,O!1,A=:,25,g!\",\"NaN823,)u,z,O!1,A=:,25,g!\",\"NaN823,)u,z,O!1,A=:,25,g!\",\"5823,)u,z,O!1,A=:,25,g!\",\"NaN823,)u,z,O!1,A=:,25,g!\"]}"]}