{"baseObjects":["[823,\"\"]","[823,213]","[823,213]","[{\"595\":49,\"823\":4.937006272836343e+307,\"893\":\"\",\"1.6545899298106146e+308\":3.2416166400331386e+307,\"\":\"_\",\"Q\":1.77856732206893e+307,\"1.092374126766535e+308\":\"F\",\"=k6m5p\":\"kBi7W\"},null]"],"returnObjects":["\"Error\"","\"Error\"","[null,null]","[null,null]"],"callbackArgs":["{\"0\":823,\"1\":0,\"2\":[823,213]}","{\"0\":823,\"1\":0,\"2\":[823,213]}","{\"0\":823,\"1\":0,\"2\":[823,213]}","{\"0\":213,\"1\":1,\"2\":[823,213]}","{\"0\":823,\"1\":0,\"2\":[823,213]}","{\"0\":null,\"1\":1,\"2\":[{\"595\":49,\"823\":4.937006272836343e+307,\"893\":\"\",\"1.6545899298106146e+308\":3.2416166400331386e+307,\"\":\"_\",\"Q\":1.77856732206893e+307,\"1.092374126766535e+308\":\"F\",\"=k6m5p\":\"kBi7W\"},null]}"]}