{"baseObjects":["[607,655,1.7976931348623157e+308]","[null,null,null]","[607,655,1.7976931348623157e+308]","[null,null,null]"],"returnObjects":["[null,null,null]","\"Error\"","[null,null,null]","[null,null,null]"],"callbackArgs":["{\"0\":607,\"1\":0,\"2\":[607,655,1.7976931348623157e+308]}","{\"0\":655,\"1\":1,\"2\":[607,655,1.7976931348623157e+308]}","{\"0\":1.7976931348623157e+308,\"1\":2,\"2\":[607,655,1.7976931348623157e+308]}","{\"0\":null,\"1\":0,\"2\":[null,null,null]}","{\"0\":607,\"1\":0,\"2\":[607,655,1.7976931348623157e+308]}","{\"0\":655,\"1\":1,\"2\":[607,655,1.7976931348623157e+308]}","{\"0\":1.7976931348623157e+308,\"1\":2,\"2\":[607,655,1.7976931348623157e+308]}","{\"0\":null,\"1\":0,\"2\":[null,null,null]}","{\"0\":null,\"1\":1,\"2\":[null,null,null]}","{\"0\":null,\"1\":2,\"2\":[null,null,null]}"]}