{"baseObjects":["[969,82,-1,783,null,null,null,5.773685445392975e+307]","[969,82,-1,783,null,null,[\"5\",\"[\",783]]","[null,null,null,null]","[969,82,-1,783]"],"returnObjects":["[null,null,null,null]","[null,null,null,null]","\"Error\"","\"Error\""],"callbackArgs":["{\"0\":969,\"1\":0,\"2\":[969,82,-1,783]}","{\"0\":82,\"1\":1,\"2\":[969,82,-1,783,null,null,null,5.773685445392975e+307]}","{\"0\":-1,\"1\":2,\"2\":[969,82,-1,783,null,null,null,5.773685445392975e+307]}","{\"0\":783,\"1\":3,\"2\":[969,82,-1,783,null,null,null,5.773685445392975e+307]}","{\"0\":969,\"1\":0,\"2\":[969,82,-1,783]}","{\"0\":82,\"1\":1,\"2\":[969,82,-1,783,null,null,[\"5\",\"[\",783]]}","{\"0\":-1,\"1\":2,\"2\":[969,82,-1,783,null,null,[\"5\",\"[\",783]]}","{\"0\":783,\"1\":3,\"2\":[969,82,-1,783,null,null,[\"5\",\"[\",783]]}","{\"0\":null,\"1\":0,\"2\":[null,null,null,null]}","{\"0\":null,\"1\":1,\"2\":[null,null,null,null]}"]}