{"baseObjects":["[1.7976931348623157e+308,157,49,1.7976931348623157e+308,59,false,157,655]","[1.7976931348623157e+308,157,49,1.7976931348623157e+308,59,0,157,655]","[1.7976931348623157e+308,157,49,1.7976931348623157e+308,59,0,157,655]","[null,null,null,null,null,null,null,null]"],"returnObjects":["[null,null,null,null,null,null,null,null]","[null,null,null,null,null,null,null,null]","\"Error\"","[null,null,null,null,null,null,null,null]"],"callbackArgs":["{\"0\":1.7976931348623157e+308,\"1\":0,\"2\":[1.7976931348623157e+308,157,49,1.7976931348623157e+308,59,0,157,655]}","{\"0\":157,\"1\":1,\"2\":[1.7976931348623157e+308,157,49,1.7976931348623157e+308,59,false,157,655]}","{\"0\":49,\"1\":2,\"2\":[1.7976931348623157e+308,157,49,1.7976931348623157e+308,59,false,157,655]}","{\"0\":1.7976931348623157e+308,\"1\":3,\"2\":[1.7976931348623157e+308,157,49,1.7976931348623157e+308,59,false,157,655]}","{\"0\":59,\"1\":4,\"2\":[1.7976931348623157e+308,157,49,1.7976931348623157e+308,59,false,157,655]}","{\"0\":false,\"1\":5,\"2\":[1.7976931348623157e+308,157,49,1.7976931348623157e+308,59,false,157,655]}","{\"0\":157,\"1\":6,\"2\":[1.7976931348623157e+308,157,49,1.7976931348623157e+308,59,false,157,655]}","{\"0\":655,\"1\":7,\"2\":[1.7976931348623157e+308,157,49,1.7976931348623157e+308,59,false,157,655]}","{\"0\":1.7976931348623157e+308,\"1\":0,\"2\":[1.7976931348623157e+308,157,49,1.7976931348623157e+308,59,0,157,655]}","{\"0\":157,\"1\":1,\"2\":[1.7976931348623157e+308,157,49,1.7976931348623157e+308,59,0,157,655]}","{\"0\":49,\"1\":2,\"2\":[1.7976931348623157e+308,157,49,1.7976931348623157e+308,59,0,157,655]}","{\"0\":1.7976931348623157e+308,\"1\":3,\"2\":[1.7976931348623157e+308,157,49,1.7976931348623157e+308,59,0,157,655]}","{\"0\":59,\"1\":4,\"2\":[1.7976931348623157e+308,157,49,1.7976931348623157e+308,59,0,157,655]}","{\"0\":0,\"1\":5,\"2\":[1.7976931348623157e+308,157,49,1.7976931348623157e+308,59,0,157,655]}","{\"0\":157,\"1\":6,\"2\":[1.7976931348623157e+308,157,49,1.7976931348623157e+308,59,0,157,655]}","{\"0\":655,\"1\":7,\"2\":[1.7976931348623157e+308,157,49,1.7976931348623157e+308,59,0,157,655]}","{\"0\":1.7976931348623157e+308,\"1\":0,\"2\":[1.7976931348623157e+308,157,49,1.7976931348623157e+308,59,0,157,655]}","{\"0\":null,\"1\":0,\"2\":[null,null,null,null,null,null,null,null]}","{\"0\":null,\"1\":1,\"2\":[null,null,null,null,null,null,null,null]}","{\"0\":null,\"1\":2,\"2\":[null,null,null,null,null,null,null,null]}","{\"0\":null,\"1\":3,\"2\":[null,null,null,null,null,null,null,null]}","{\"0\":null,\"1\":4,\"2\":[null,null,null,null,null,null,null,null]}","{\"0\":null,\"1\":5,\"2\":[null,null,null,null,null,null,null,null]}","{\"0\":null,\"1\":6,\"2\":[null,null,null,null,null,null,null,null]}","{\"0\":null,\"1\":7,\"2\":[null,null,null,null,null,null,null,null]}"]}