{"baseObjects":["[\"}0h\",\"R\",\"KI\",\"h\",\"T\",\"x\",\"C\"]","[\"}0h\",\"R\",\"KI\",\"h\",\"T\",\"x\",\"C\"]","[\"}0h\",\"R\",\"KI\",{\"705\":\"bu%`\",\",\":\"N\",\"\":9.053517579547898e+307,\"1.5295469210687656e+308\":\"\",\"1.7206316930324245e+308\":1.5815207885626182e+308,\"zF\":1.7976931348623157e+308},\"T\",\"x\",\"C\",null,null,[59,0]]","[null,null,null,null,null,null,null]"],"returnObjects":["\"Error\"","[null,null,null,null,null,null,null]","[null,null,null,null,null,null,null]","\"Error\""],"callbackArgs":["{\"0\":\"}0h\",\"1\":0,\"2\":[\"}0h\",\"R\",\"KI\",\"h\",\"T\",\"x\",\"C\"]}","{\"0\":\"}0h\",\"1\":0,\"2\":[\"}0h\",\"R\",\"KI\",\"h\",\"T\",\"x\",\"C\"]}","{\"0\":\"R\",\"1\":1,\"2\":[\"}0h\",\"R\",\"KI\",\"h\",\"T\",\"x\",\"C\"]}","{\"0\":\"KI\",\"1\":2,\"2\":[\"}0h\",\"R\",\"KI\",\"h\",\"T\",\"x\",\"C\"]}","{\"0\":\"h\",\"1\":3,\"2\":[\"}0h\",\"R\",\"KI\",\"h\",\"T\",\"x\",\"C\"]}","{\"0\":\"T\",\"1\":4,\"2\":[\"}0h\",\"R\",\"KI\",\"h\",\"T\",\"x\",\"C\"]}","{\"0\":\"x\",\"1\":5,\"2\":[\"}0h\",\"R\",\"KI\",\"h\",\"T\",\"x\",\"C\"]}","{\"0\":\"C\",\"1\":6,\"2\":[\"}0h\",\"R\",\"KI\",\"h\",\"T\",\"x\",\"C\"]}","{\"0\":\"}0h\",\"1\":0,\"2\":[\"}0h\",\"R\",\"KI\",\"h\",\"T\",\"x\",\"C\"]}","{\"0\":\"R\",\"1\":1,\"2\":[\"}0h\",\"R\",\"KI\",{\"705\":\"bu%`\",\",\":\"N\",\"\":9.053517579547898e+307,\"1.5295469210687656e+308\":\"\",\"1.7206316930324245e+308\":1.5815207885626182e+308,\"zF\":1.7976931348623157e+308},\"T\",\"x\",\"C\",null,null,[59,0]]}","{\"0\":\"KI\",\"1\":2,\"2\":[\"}0h\",\"R\",\"KI\",{\"705\":\"bu%`\",\",\":\"N\",\"\":9.053517579547898e+307,\"1.5295469210687656e+308\":\"\",\"1.7206316930324245e+308\":1.5815207885626182e+308,\"zF\":1.7976931348623157e+308},\"T\",\"x\",\"C\",null,null,[59,0]]}","{\"0\":{\"705\":\"bu%`\",\",\":\"N\",\"\":9.053517579547898e+307,\"1.5295469210687656e+308\":\"\",\"1.7206316930324245e+308\":1.5815207885626182e+308,\"zF\":1.7976931348623157e+308},\"1\":3,\"2\":[\"}0h\",\"R\",\"KI\",{\"705\":\"bu%`\",\",\":\"N\",\"\":9.053517579547898e+307,\"1.5295469210687656e+308\":\"\",\"1.7206316930324245e+308\":1.5815207885626182e+308,\"zF\":1.7976931348623157e+308},\"T\",\"x\",\"C\",null,null,[59,0]]}","{\"0\":\"T\",\"1\":4,\"2\":[\"}0h\",\"R\",\"KI\",{\"705\":\"bu%`\",\",\":\"N\",\"\":9.053517579547898e+307,\"1.5295469210687656e+308\":\"\",\"1.7206316930324245e+308\":1.5815207885626182e+308,\"zF\":1.7976931348623157e+308},\"T\",\"x\",\"C\",null,null,[59,0]]}","{\"0\":\"x\",\"1\":5,\"2\":[\"}0h\",\"R\",\"KI\",{\"705\":\"bu%`\",\",\":\"N\",\"\":9.053517579547898e+307,\"1.5295469210687656e+308\":\"\",\"1.7206316930324245e+308\":1.5815207885626182e+308,\"zF\":1.7976931348623157e+308},\"T\",\"x\",\"C\",null,null,[59,0]]}","{\"0\":\"C\",\"1\":6,\"2\":[\"}0h\",\"R\",\"KI\",{\"705\":\"bu%`\",\",\":\"N\",\"\":9.053517579547898e+307,\"1.5295469210687656e+308\":\"\",\"1.7206316930324245e+308\":1.5815207885626182e+308,\"zF\":1.7976931348623157e+308},\"T\",\"x\",\"C\",null,null,[59,0]]}","{\"0\":null,\"1\":0,\"2\":[null,null,null,null,null,null,null]}"]}