{"baseObjects":["[1.7976931348623157e+308,969,607,-100,843,157,2.8721704647427034e+307]","[\"1.7976931348623157e+3081.7976931348623157e+308,969,607,-100,843,157,2.8721704647427034e+307\",\"9681.7976931348623157e+308,969,607,-100,843,157,2.8721704647427034e+307\",\"6051.7976931348623157e+308,969,607,-100,843,157,2.8721704647427034e+307\",\"-1031.7976931348623157e+308,969,607,-100,843,157,2.8721704647427034e+307\",\"8391.7976931348623157e+308,969,607,-100,843,157,2.8721704647427034e+307\",\"1521.7976931348623157e+308,969,607,-100,843,157,2.8721704647427034e+307\",\"2.8721704647427034e+3071.7976931348623157e+308,969,607,-100,843,157,2.8721704647427034e+307\",\"\"]","[1.7976931348623157e+308,969,607,-100,843,157,460]","[\"1.7976931348623157e+3081.7976931348623157e+308,969,607,-100,843,157,2.8721704647427034e+307\",\"9681.7976931348623157e+308,969,607,-100,843,157,2.8721704647427034e+307\",\"6051.7976931348623157e+308,969,607,-100,843,157,2.8721704647427034e+307\",\"-1031.7976931348623157e+308,969,607,-100,843,157,2.8721704647427034e+307\",\"8391.7976931348623157e+308,969,607,-100,843,157,2.8721704647427034e+307\",\"1521.7976931348623157e+308,969,607,-100,843,157,2.8721704647427034e+307\",\"2.8721704647427034e+3071.7976931348623157e+308,969,607,-100,843,157,2.8721704647427034e+307\",\"\"]"],"returnObjects":["[\"1.7976931348623157e+3081.7976931348623157e+308,969,607,-100,843,157,2.8721704647427034e+307\",\"9681.7976931348623157e+308,969,607,-100,843,157,2.8721704647427034e+307\",\"6051.7976931348623157e+308,969,607,-100,843,157,2.8721704647427034e+307\",\"-1031.7976931348623157e+308,969,607,-100,843,157,2.8721704647427034e+307\",\"8391.7976931348623157e+308,969,607,-100,843,157,2.8721704647427034e+307\",\"1521.7976931348623157e+308,969,607,-100,843,157,2.8721704647427034e+307\",\"2.8721704647427034e+3071.7976931348623157e+308,969,607,-100,843,157,2.8721704647427034e+307\",\"\"]","\"Error\"","[null,null,null,null,null,null,null]","\"Error\""],"callbackArgs":["{\"0\":1.7976931348623157e+308,\"1\":0,\"2\":[1.7976931348623157e+308,969,607,-100,843,157,460]}","{\"0\":969,\"1\":1,\"2\":[1.7976931348623157e+308,969,607,-100,843,157,2.8721704647427034e+307]}","{\"0\":607,\"1\":2,\"2\":[1.7976931348623157e+308,969,607,-100,843,157,2.8721704647427034e+307]}","{\"0\":-100,\"1\":3,\"2\":[1.7976931348623157e+308,969,607,-100,843,157,2.8721704647427034e+307]}","{\"0\":843,\"1\":4,\"2\":[1.7976931348623157e+308,969,607,-100,843,157,2.8721704647427034e+307]}","{\"0\":157,\"1\":5,\"2\":[1.7976931348623157e+308,969,607,-100,843,157,2.8721704647427034e+307]}","{\"0\":2.8721704647427034e+307,\"1\":6,\"2\":[1.7976931348623157e+308,969,607,-100,843,157,2.8721704647427034e+307]}","{\"0\":\"1.7976931348623157e+3081.7976931348623157e+308,969,607,-100,843,157,2.8721704647427034e+307\",\"1\":0,\"2\":[\"1.7976931348623157e+3081.7976931348623157e+308,969,607,-100,843,157,2.8721704647427034e+307\",\"9681.7976931348623157e+308,969,607,-100,843,157,2.8721704647427034e+307\",\"6051.7976931348623157e+308,969,607,-100,843,157,2.8721704647427034e+307\",\"-1031.7976931348623157e+308,969,607,-100,843,157,2.8721704647427034e+307\",\"8391.7976931348623157e+308,969,607,-100,843,157,2.8721704647427034e+307\",\"1521.7976931348623157e+308,969,607,-100,843,157,2.8721704647427034e+307\",\"2.8721704647427034e+3071.7976931348623157e+308,969,607,-100,843,157,2.8721704647427034e+307\"]}","{\"0\":1.7976931348623157e+308,\"1\":0,\"2\":[1.7976931348623157e+308,969,607,-100,843,157,460]}","{\"0\":969,\"1\":1,\"2\":[1.7976931348623157e+308,969,607,-100,843,157,460]}","{\"0\":607,\"1\":2,\"2\":[1.7976931348623157e+308,969,607,-100,843,157,460]}","{\"0\":-100,\"1\":3,\"2\":[1.7976931348623157e+308,969,607,-100,843,157,460]}","{\"0\":843,\"1\":4,\"2\":[1.7976931348623157e+308,969,607,-100,843,157,460]}","{\"0\":157,\"1\":5,\"2\":[1.7976931348623157e+308,969,607,-100,843,157,460]}","{\"0\":460,\"1\":6,\"2\":[1.7976931348623157e+308,969,607,-100,843,157,460]}","{\"0\":\"1.7976931348623157e+3081.7976931348623157e+308,969,607,-100,843,157,2.8721704647427034e+307\",\"1\":0,\"2\":[\"1.7976931348623157e+3081.7976931348623157e+308,969,607,-100,843,157,2.8721704647427034e+307\",\"9681.7976931348623157e+308,969,607,-100,843,157,2.8721704647427034e+307\",\"6051.7976931348623157e+308,969,607,-100,843,157,2.8721704647427034e+307\",\"-1031.7976931348623157e+308,969,607,-100,843,157,2.8721704647427034e+307\",\"8391.7976931348623157e+308,969,607,-100,843,157,2.8721704647427034e+307\",\"1521.7976931348623157e+308,969,607,-100,843,157,2.8721704647427034e+307\",\"2.8721704647427034e+3071.7976931348623157e+308,969,607,-100,843,157,2.8721704647427034e+307\",\"\"]}"]}