{"baseObjects":["[969,843,213,655,893,1.7976931348623157e+308]","[969,843,213,655,893,1.7976931348623157e+308]","[null,null,null,null,null,null]","[969,843,213,655,893,1.7976931348623157e+308]"],"returnObjects":["\"Error\"","[null,null,null,null,null,null]","\"Error\"","\"Error\""],"callbackArgs":["{\"0\":969,\"1\":0,\"2\":[969,843,213,655,893,1.7976931348623157e+308]}","{\"0\":969,\"1\":0,\"2\":[969,843,213,655,893,1.7976931348623157e+308]}","{\"0\":843,\"1\":1,\"2\":[969,843,213,655,893,1.7976931348623157e+308]}","{\"0\":213,\"1\":2,\"2\":[969,843,213,655,893,1.7976931348623157e+308]}","{\"0\":655,\"1\":3,\"2\":[969,843,213,655,893,1.7976931348623157e+308]}","{\"0\":893,\"1\":4,\"2\":[969,843,213,655,893,1.7976931348623157e+308]}","{\"0\":1.7976931348623157e+308,\"1\":5,\"2\":[969,843,213,655,893,1.7976931348623157e+308]}","{\"0\":null,\"1\":0,\"2\":[null,null,null,null,null,null]}","{\"0\":969,\"1\":0,\"2\":[969,843,213,655,893,1.7976931348623157e+308]}"]}