{"baseObjects":["[705,49,122,82,-1,595,[122,\"<qV4c`\",\"(\",122,\"1\",1.7976931348623157e+308,823,\"rdq\"]]","false","[705,49,122,82,-1,595]","[705,49,122,82,true,595]"],"returnObjects":["[null,null,null,null,null,null]","\"Error\"","\"Error\"","\"Error\""],"callbackArgs":["{\"0\":705,\"1\":0,\"2\":[705,49,122,82,-1,595]}","{\"0\":49,\"1\":1,\"2\":[705,49,122,82,-1,595,[122,\"<qV4c`\",\"(\",122,\"1\",1.7976931348623157e+308,823,\"rdq\"]]}","{\"0\":122,\"1\":2,\"2\":[705,49,122,82,-1,595,[122,\"<qV4c`\",\"(\",122,\"1\",1.7976931348623157e+308,823,\"rdq\"]]}","{\"0\":82,\"1\":3,\"2\":[705,49,122,82,-1,595,[122,\"<qV4c`\",\"(\",122,\"1\",1.7976931348623157e+308,823,\"rdq\"]]}","{\"0\":-1,\"1\":4,\"2\":[705,49,122,82,-1,595,[122,\"<qV4c`\",\"(\",122,\"1\",1.7976931348623157e+308,823,\"rdq\"]]}","{\"0\":595,\"1\":5,\"2\":[705,49,122,82,-1,595,[122,\"<qV4c`\",\"(\",122,\"1\",1.7976931348623157e+308,823,\"rdq\"]]}","{\"0\":705,\"1\":0,\"2\":[705,49,122,82,-1,595]}","{\"0\":705,\"1\":0,\"2\":[705,49,122,82,-1,595]}","{\"0\":705,\"1\":0,\"2\":[705,49,122,82,-1,595]}"]}