{"baseObjects":["[157,157,100,823,82,null,true]","[\"157157,157,100,823,82,,true\",true,\"98157,157,100,823,82,,true\",{\"1.0035733268422689e+308\":122},\"78157,157,100,823,82,,true\"]","[\"157157,157,100,823,82,,true\",true,\"98157,157,100,823,82,,true\",{\"1.0035733268422689e+308\":122},\"78157,157,100,823,82,,true\"]","[157,157,100,823,82,null,null,null,true]"],"returnObjects":["[\"157157,157,100,823,82,,true\",true,\"98157,157,100,823,82,,true\",{\"1.0035733268422689e+308\":122},\"78157,157,100,823,82,,true\"]","[null,null,null,null,null]","[\"NaN157157,157,100,823,82,,true,true,98157,157,100,823,82,,true,[object Object],78157,157,100,823,82,,true\",\"0157157,157,100,823,82,,true,true,98157,157,100,823,82,,true,[object Object],78157,157,100,823,82,,true\",\"NaN157157,157,100,823,82,,true,true,98157,157,100,823,82,,true,[object Object],78157,157,100,823,82,,true\",\"NaN157157,157,100,823,82,,true,true,98157,157,100,823,82,,true,[object Object],78157,157,100,823,82,,true\",\"NaN157157,157,100,823,82,,true,true,98157,157,100,823,82,,true,[object Object],78157,157,100,823,82,,true\"]","\"Error\""],"callbackArgs":["{\"0\":157,\"1\":0,\"2\":[157,157,100,823,82]}","{\"0\":157,\"1\":1,\"2\":[157,157,100,823,82,null,true]}","{\"0\":100,\"1\":2,\"2\":[157,157,100,823,82,null,true]}","{\"0\":823,\"1\":3,\"2\":[157,157,100,823,82,null,true]}","{\"0\":82,\"1\":4,\"2\":[157,157,100,823,82,null,true]}","{\"0\":\"157157,157,100,823,82,,true\",\"1\":0,\"2\":[\"157157,157,100,823,82,,true\",\"156157,157,100,823,82,,true\",\"98157,157,100,823,82,,true\",\"820157,157,100,823,82,,true\",\"78157,157,100,823,82,,true\"]}","{\"0\":\"156157,157,100,823,82,,true\",\"1\":1,\"2\":[\"157157,157,100,823,82,,true\",\"156157,157,100,823,82,,true\",\"98157,157,100,823,82,,true\",\"820157,157,100,823,82,,true\",\"78157,157,100,823,82,,true\"]}","{\"0\":\"98157,157,100,823,82,,true\",\"1\":2,\"2\":[\"157157,157,100,823,82,,true\",\"156157,157,100,823,82,,true\",\"98157,157,100,823,82,,true\",\"820157,157,100,823,82,,true\",\"78157,157,100,823,82,,true\"]}","{\"0\":\"820157,157,100,823,82,,true\",\"1\":3,\"2\":[\"157157,157,100,823,82,,true\",\"156157,157,100,823,82,,true\",\"98157,157,100,823,82,,true\",\"820157,157,100,823,82,,true\",\"78157,157,100,823,82,,true\"]}","{\"0\":\"78157,157,100,823,82,,true\",\"1\":4,\"2\":[\"157157,157,100,823,82,,true\",\"156157,157,100,823,82,,true\",\"98157,157,100,823,82,,true\",\"820157,157,100,823,82,,true\",\"78157,157,100,823,82,,true\"]}","{\"0\":\"157157,157,100,823,82,,true\",\"1\":0,\"2\":[\"157157,157,100,823,82,,true\",\"156157,157,100,823,82,,true\",\"98157,157,100,823,82,,true\",\"820157,157,100,823,82,,true\",\"78157,157,100,823,82,,true\"]}","{\"0\":true,\"1\":1,\"2\":[\"157157,157,100,823,82,,true\",true,\"98157,157,100,823,82,,true\",{\"1.0035733268422689e+308\":122},\"78157,157,100,823,82,,true\"]}","{\"0\":\"98157,157,100,823,82,,true\",\"1\":2,\"2\":[\"157157,157,100,823,82,,true\",true,\"98157,157,100,823,82,,true\",{\"1.0035733268422689e+308\":122},\"78157,157,100,823,82,,true\"]}","{\"0\":{\"1.0035733268422689e+308\":122},\"1\":3,\"2\":[\"157157,157,100,823,82,,true\",true,\"98157,157,100,823,82,,true\",{\"1.0035733268422689e+308\":122},\"78157,157,100,823,82,,true\"]}","{\"0\":\"78157,157,100,823,82,,true\",\"1\":4,\"2\":[\"157157,157,100,823,82,,true\",true,\"98157,157,100,823,82,,true\",{\"1.0035733268422689e+308\":122},\"78157,157,100,823,82,,true\"]}","{\"0\":157,\"1\":0,\"2\":[157,157,100,823,82]}"]}