{"baseObjects":["[627,893,618,82,403,157,59,893]","[[242,714,1.7976931348623157e+308],893,618,82,403,157,59,893]",null,"[627,893,618,82,403,157,59,893]"],"returnObjects":["[null,null,null,null,null,null,null,null]","[null,null,null,null,null,null,null,null]","[null,null,null,null,null,null,null,null]","\"Error\""],"callbackArgs":["{\"0\":627,\"1\":0,\"2\":[627,893,618,82,403,157,59,893]}","{\"0\":893,\"1\":1,\"2\":[627,893,618,82,403,157,59,893]}","{\"0\":618,\"1\":2,\"2\":[627,893,618,82,403,157,59,893]}","{\"0\":82,\"1\":3,\"2\":[627,893,618,82,403,157,59,893]}","{\"0\":403,\"1\":4,\"2\":[627,893,618,82,403,157,59,893]}","{\"0\":157,\"1\":5,\"2\":[627,893,618,82,403,157,59,893]}","{\"0\":59,\"1\":6,\"2\":[627,893,618,82,403,157,59,893]}","{\"0\":893,\"1\":7,\"2\":[627,893,618,82,403,157,59,893]}","{\"0\":627,\"1\":0,\"2\":[627,893,618,82,403,157,59,893]}","{\"0\":893,\"1\":1,\"2\":[[242,714,1.7976931348623157e+308],893,618,82,403,157,59,893]}","{\"0\":618,\"1\":2,\"2\":[[242,714,1.7976931348623157e+308],893,618,82,403,157,59,893]}","{\"0\":82,\"1\":3,\"2\":[[242,714,1.7976931348623157e+308],893,618,82,403,157,59,893]}","{\"0\":403,\"1\":4,\"2\":[[242,714,1.7976931348623157e+308],893,618,82,403,157,59,893]}","{\"0\":157,\"1\":5,\"2\":[[242,714,1.7976931348623157e+308],893,618,82,403,157,59,893]}","{\"0\":59,\"1\":6,\"2\":[[242,714,1.7976931348623157e+308],893,618,82,403,157,59,893]}","{\"0\":893,\"1\":7,\"2\":[[242,714,1.7976931348623157e+308],893,618,82,403,157,59,893]}","{\"0\":null,\"1\":0,\"2\":[null,null,null,null,null,null,null,null]}","{\"0\":null,\"1\":1,\"2\":[null,null,null,null,null,null,null,null]}","{\"0\":null,\"1\":2,\"2\":[null,null,null,null,null,null,null,null]}","{\"0\":null,\"1\":3,\"2\":[null,null,null,null,null,null,null,null]}","{\"0\":null,\"1\":4,\"2\":[null,null,null,null,null,null,null,null]}","{\"0\":null,\"1\":5,\"2\":[null,null,null,null,null,null,null,null]}","{\"0\":null,\"1\":6,\"2\":[null,null,null,null,null,null,null,null]}","{\"0\":null,\"1\":7,\"2\":[null,null,null,null,null,null,null,null]}","{\"0\":627,\"1\":0,\"2\":[627,893,618,82,403,157,59,893]}"]}