{"baseObjects":["[59,5e-324,714,1.7976931348623157e+308,25,213]","[\"618,,607\",[100,213,607]]","[\"618,,607\",[100,213,607]]","[{\"6\":1.1069895548182056e+308},true]"],"returnObjects":["[\"618,,607\",[100,213,607]]","[\"618,,607NaN\"]","\"Error\"","[null]"],"callbackArgs":["{\"0\":618,\"1\":0,\"2\":[618]}","{\"0\":\"618,,607\",\"1\":0,\"2\":[\"618,,607\"]}","{\"0\":\"618,,607\",\"1\":0,\"2\":[\"618,,607\",[100,213,607]]}","{\"0\":618,\"1\":0,\"2\":[618]}"]}