{"baseObjects":["[\"Gq\",\"NP\",\"Q\",\"-e\",\"Q\",\"-\",\"h\",\"vsK4\",\"A\"]","[\"Gq\",\"NP\",\"Q\",true,\"Q\",{\"49\":1.7152186069107576e+308,\"126\":5.441487820734536e+307,\"FX\":\"0TOJ\",\"\":843,\"1.0943166209001831e+308\":\";\",\"8.017633214005706e+307\":\"\",\"T;\":1.0649488299276588e+308,\"3.872163366382164e+306\":783,\"$eDV\":\"<\"},\"h\",\"vsK4\",\"A\"]","[\"Gq\",\"NP\",\"Q\",\"-e\",\"Q\",\"-\",\"h\",\"vsK4\",\"A\"]","[\"Gq\",\"NP\",\"Q\",\"-e\",\"Q\",\"-\",\"h\",\"vsK4\",\"A\"]"],"returnObjects":["\"Error\"","[null,null,null,null,null,null,null,null,null]","[null,null,null,null,null,null,null,null,null]","[null,null,null,null,null,null,null,null,null]"],"callbackArgs":["{\"0\":\"Gq\",\"1\":0,\"2\":[\"Gq\",\"NP\",\"Q\",\"-e\",\"Q\",\"-\",\"h\",\"vsK4\",\"A\"]}","{\"0\":\"Gq\",\"1\":0,\"2\":[\"Gq\",\"NP\",\"Q\",\"-e\",\"Q\",\"-\",\"h\",\"vsK4\",\"A\"]}","{\"0\":\"NP\",\"1\":1,\"2\":[\"Gq\",\"NP\",\"Q\",true,\"Q\",{\"49\":1.7152186069107576e+308,\"126\":5.441487820734536e+307,\"FX\":\"0TOJ\",\"\":843,\"1.0943166209001831e+308\":\";\",\"8.017633214005706e+307\":\"\",\"T;\":1.0649488299276588e+308,\"3.872163366382164e+306\":783,\"$eDV\":\"<\"},\"h\",\"vsK4\",\"A\"]}","{\"0\":\"Q\",\"1\":2,\"2\":[\"Gq\",\"NP\",\"Q\",true,\"Q\",{\"49\":1.7152186069107576e+308,\"126\":5.441487820734536e+307,\"FX\":\"0TOJ\",\"\":843,\"1.0943166209001831e+308\":\";\",\"8.017633214005706e+307\":\"\",\"T;\":1.0649488299276588e+308,\"3.872163366382164e+306\":783,\"$eDV\":\"<\"},\"h\",\"vsK4\",\"A\"]}","{\"0\":true,\"1\":3,\"2\":[\"Gq\",\"NP\",\"Q\",true,\"Q\",{\"49\":1.7152186069107576e+308,\"126\":5.441487820734536e+307,\"FX\":\"0TOJ\",\"\":843,\"1.0943166209001831e+308\":\";\",\"8.017633214005706e+307\":\"\",\"T;\":1.0649488299276588e+308,\"3.872163366382164e+306\":783,\"$eDV\":\"<\"},\"h\",\"vsK4\",\"A\"]}","{\"0\":\"Q\",\"1\":4,\"2\":[\"Gq\",\"NP\",\"Q\",true,\"Q\",{\"49\":1.7152186069107576e+308,\"126\":5.441487820734536e+307,\"FX\":\"0TOJ\",\"\":843,\"1.0943166209001831e+308\":\";\",\"8.017633214005706e+307\":\"\",\"T;\":1.0649488299276588e+308,\"3.872163366382164e+306\":783,\"$eDV\":\"<\"},\"h\",\"vsK4\",\"A\"]}","{\"0\":{\"49\":1.7152186069107576e+308,\"126\":5.441487820734536e+307,\"FX\":\"0TOJ\",\"\":843,\"1.0943166209001831e+308\":\";\",\"8.017633214005706e+307\":\"\",\"T;\":1.0649488299276588e+308,\"3.872163366382164e+306\":783,\"$eDV\":\"<\"},\"1\":5,\"2\":[\"Gq\",\"NP\",\"Q\",true,\"Q\",{\"49\":1.7152186069107576e+308,\"126\":5.441487820734536e+307,\"FX\":\"0TOJ\",\"\":843,\"1.0943166209001831e+308\":\";\",\"8.017633214005706e+307\":\"\",\"T;\":1.0649488299276588e+308,\"3.872163366382164e+306\":783,\"$eDV\":\"<\"},\"h\",\"vsK4\",\"A\"]}","{\"0\":\"h\",\"1\":6,\"2\":[\"Gq\",\"NP\",\"Q\",true,\"Q\",{\"49\":1.7152186069107576e+308,\"126\":5.441487820734536e+307,\"FX\":\"0TOJ\",\"\":843,\"1.0943166209001831e+308\":\";\",\"8.017633214005706e+307\":\"\",\"T;\":1.0649488299276588e+308,\"3.872163366382164e+306\":783,\"$eDV\":\"<\"},\"h\",\"vsK4\",\"A\"]}","{\"0\":\"vsK4\",\"1\":7,\"2\":[\"Gq\",\"NP\",\"Q\",true,\"Q\",{\"49\":1.7152186069107576e+308,\"126\":5.441487820734536e+307,\"FX\":\"0TOJ\",\"\":843,\"1.0943166209001831e+308\":\";\",\"8.017633214005706e+307\":\"\",\"T;\":1.0649488299276588e+308,\"3.872163366382164e+306\":783,\"$eDV\":\"<\"},\"h\",\"vsK4\",\"A\"]}","{\"0\":\"A\",\"1\":8,\"2\":[\"Gq\",\"NP\",\"Q\",true,\"Q\",{\"49\":1.7152186069107576e+308,\"126\":5.441487820734536e+307,\"FX\":\"0TOJ\",\"\":843,\"1.0943166209001831e+308\":\";\",\"8.017633214005706e+307\":\"\",\"T;\":1.0649488299276588e+308,\"3.872163366382164e+306\":783,\"$eDV\":\"<\"},\"h\",\"vsK4\",\"A\"]}","{\"0\":\"Gq\",\"1\":0,\"2\":[\"Gq\",\"NP\",\"Q\",\"-e\",\"Q\",\"-\",\"h\",\"vsK4\",\"A\"]}","{\"0\":\"NP\",\"1\":1,\"2\":[\"Gq\",\"NP\",\"Q\",\"-e\",\"Q\",\"-\",\"h\",\"vsK4\",\"A\"]}","{\"0\":\"Q\",\"1\":2,\"2\":[\"Gq\",\"NP\",\"Q\",\"-e\",\"Q\",\"-\",\"h\",\"vsK4\",\"A\"]}","{\"0\":\"-e\",\"1\":3,\"2\":[\"Gq\",\"NP\",\"Q\",\"-e\",\"Q\",\"-\",\"h\",\"vsK4\",\"A\"]}","{\"0\":\"Q\",\"1\":4,\"2\":[\"Gq\",\"NP\",\"Q\",\"-e\",\"Q\",\"-\",\"h\",\"vsK4\",\"A\"]}","{\"0\":\"-\",\"1\":5,\"2\":[\"Gq\",\"NP\",\"Q\",\"-e\",\"Q\",\"-\",\"h\",\"vsK4\",\"A\"]}","{\"0\":\"h\",\"1\":6,\"2\":[\"Gq\",\"NP\",\"Q\",\"-e\",\"Q\",\"-\",\"h\",\"vsK4\",\"A\"]}","{\"0\":\"vsK4\",\"1\":7,\"2\":[\"Gq\",\"NP\",\"Q\",\"-e\",\"Q\",\"-\",\"h\",\"vsK4\",\"A\"]}","{\"0\":\"A\",\"1\":8,\"2\":[\"Gq\",\"NP\",\"Q\",\"-e\",\"Q\",\"-\",\"h\",\"vsK4\",\"A\"]}","{\"0\":\"Gq\",\"1\":0,\"2\":[\"Gq\",\"NP\",\"Q\",\"-e\",\"Q\",\"-\",\"h\",\"vsK4\",\"A\"]}","{\"0\":\"NP\",\"1\":1,\"2\":[\"Gq\",\"NP\",\"Q\",\"-e\",\"Q\",\"-\",\"h\",\"vsK4\",\"A\"]}","{\"0\":\"Q\",\"1\":2,\"2\":[\"Gq\",\"NP\",\"Q\",\"-e\",\"Q\",\"-\",\"h\",\"vsK4\",\"A\"]}","{\"0\":\"-e\",\"1\":3,\"2\":[\"Gq\",\"NP\",\"Q\",\"-e\",\"Q\",\"-\",\"h\",\"vsK4\",\"A\"]}","{\"0\":\"Q\",\"1\":4,\"2\":[\"Gq\",\"NP\",\"Q\",\"-e\",\"Q\",\"-\",\"h\",\"vsK4\",\"A\"]}","{\"0\":\"-\",\"1\":5,\"2\":[\"Gq\",\"NP\",\"Q\",\"-e\",\"Q\",\"-\",\"h\",\"vsK4\",\"A\"]}","{\"0\":\"h\",\"1\":6,\"2\":[\"Gq\",\"NP\",\"Q\",\"-e\",\"Q\",\"-\",\"h\",\"vsK4\",\"A\"]}","{\"0\":\"vsK4\",\"1\":7,\"2\":[\"Gq\",\"NP\",\"Q\",\"-e\",\"Q\",\"-\",\"h\",\"vsK4\",\"A\"]}","{\"0\":\"A\",\"1\":8,\"2\":[\"Gq\",\"NP\",\"Q\",\"-e\",\"Q\",\"-\",\"h\",\"vsK4\",\"A\"]}"]}