{"baseObjects":["[25,969]","[25,969]","[25,969]","[25,969,null,null,null,null,null,1.3851864446353119e+308]"],"returnObjects":["[null,null]","\"Error\"","[null,null]","[\"Infinity25,969,,,,,,1.3851864446353119e+308\",\"96925,969,,,,,,1.3851864446353119e+308\"]"],"callbackArgs":["{\"0\":25,\"1\":0,\"2\":[25,969]}","{\"0\":969,\"1\":1,\"2\":[25,969]}","{\"0\":25,\"1\":0,\"2\":[25,969]}","{\"0\":25,\"1\":0,\"2\":[25,969]}","{\"0\":969,\"1\":1,\"2\":[25,969]}","{\"0\":25,\"1\":0,\"2\":[25,969]}","{\"0\":969,\"1\":1,\"2\":[25,969,null,null,null,null,null,1.3851864446353119e+308]}"]}