{"baseObjects":["[\";\",\"*\"]","[\";\",\"*\"]","[\";\",\"*\",null,null,null,null,null,null,{\"655\":823,\"1.0313521413407893e+308\":100,\"5.66940122484757e+307\":\"oDO\",\"3.034188390445991e+307\":\"_?_\",\"3.0993516686509517e+307\":618,\"6.168551368612603e+307\":\"C\",\"1.1105517357669513e+308\":403,\"Y2\":\"\"}]","[\";\",\"*\"]"],"returnObjects":["[\";0;,*\",\"*1;,*\"]","\"Error\"","[null,null]","\"Error\""],"callbackArgs":["{\"0\":\";\",\"1\":0,\"2\":[\";\",\"*\"]}","{\"0\":\"*\",\"1\":1,\"2\":[\";\",\"*\"]}","{\"0\":\";\",\"1\":0,\"2\":[\";\",\"*\"]}","{\"0\":\"*\",\"1\":1,\"2\":[\";\",\"*\",null,null,null,null,null,null,{\"655\":823,\"1.0313521413407893e+308\":100,\"5.66940122484757e+307\":\"oDO\",\"3.034188390445991e+307\":\"_?_\",\"3.0993516686509517e+307\":618,\"6.168551368612603e+307\":\"C\",\"1.1105517357669513e+308\":403,\"Y2\":\"\"}]}","{\"0\":\";\",\"1\":0,\"2\":[\";\",\"*\"]}"]}