{"baseObjects":["[213,893,843,49,157]","[]","[893,783,25,126,0,null,122,618,157,5e-324]","[893,783,25,true,0,969,122,{},157,5e-324]"],"returnObjects":["\"Error\"","[null,null,null,null,null,null,null,null,null,null]","[\"Infinity893,783,25,126,0,,122,618,157,5e-324\",\"783893,783,25,126,0,,122,618,157,5e-324\",\"12.5893,783,25,126,0,,122,618,157,5e-324\",\"42893,783,25,126,0,,122,618,157,5e-324\",\"0893,783,25,126,0,,122,618,157,5e-324\",\"0893,783,25,126,0,,122,618,157,5e-324\",\"20.333333333333332893,783,25,126,0,,122,618,157,5e-324\",\"88.28571428571429893,783,25,126,0,,122,618,157,5e-324\",\"19.625893,783,25,126,0,,122,618,157,5e-324\",\"0893,783,25,126,0,,122,618,157,5e-324\"]","[null,null,null,null,null,null,null,null,null,null]"],"callbackArgs":["{\"0\":893,\"1\":0,\"2\":[893,783,25,126,0,969,122,618,157,5e-324]}","{\"0\":783,\"1\":1,\"2\":[893,783,25,126,0,[242,122,618,1.7976931348623157e+308,126,0,607],122,618,157,5e-324]}","{\"0\":893,\"1\":0,\"2\":[893,783,25,126,0,969,122,618,157,5e-324]}","{\"0\":893,\"1\":0,\"2\":[893,783,25,126,0,969,122,618,157,5e-324]}","{\"0\":783,\"1\":1,\"2\":[893,783,25,126,0,null,122,618,157,5e-324]}","{\"0\":25,\"1\":2,\"2\":[893,783,25,126,0,null,122,618,157,5e-324]}","{\"0\":126,\"1\":3,\"2\":[893,783,25,126,0,null,122,618,157,5e-324]}","{\"0\":0,\"1\":4,\"2\":[893,783,25,126,0,null,122,618,157,5e-324]}","{\"0\":null,\"1\":5,\"2\":[893,783,25,126,0,null,122,618,157,5e-324]}","{\"0\":122,\"1\":6,\"2\":[893,783,25,126,0,null,122,618,157,5e-324]}","{\"0\":618,\"1\":7,\"2\":[893,783,25,126,0,null,122,618,157,5e-324]}","{\"0\":157,\"1\":8,\"2\":[893,783,25,126,0,null,122,618,157,5e-324]}","{\"0\":5e-324,\"1\":9,\"2\":[893,783,25,126,0,null,122,618,157,5e-324]}","{\"0\":893,\"1\":0,\"2\":[893,783,25,126,0,969,122,618,157,5e-324]}","{\"0\":783,\"1\":1,\"2\":[893,783,25,true,0,969,122,{},157,5e-324]}","{\"0\":25,\"1\":2,\"2\":[893,783,25,true,0,969,122,{},157,5e-324]}","{\"0\":true,\"1\":3,\"2\":[893,783,25,true,0,969,122,{},157,5e-324]}","{\"0\":0,\"1\":4,\"2\":[893,783,25,true,0,969,122,{},157,5e-324]}","{\"0\":969,\"1\":5,\"2\":[893,783,25,true,0,969,122,{},157,5e-324]}","{\"0\":122,\"1\":6,\"2\":[893,783,25,true,0,969,122,{},157,5e-324]}","{\"0\":{},\"1\":7,\"2\":[893,783,25,true,0,969,122,{},157,5e-324]}","{\"0\":157,\"1\":8,\"2\":[893,783,25,true,0,969,122,{},157,5e-324]}","{\"0\":5e-324,\"1\":9,\"2\":[893,783,25,true,0,969,122,{},157,5e-324]}"]}