{"baseObjects":["[-100,893,242,59,82,82,-100,969,714,126]","[-100,893,242,59,82,82,-100,969,714,126]","[-100,893,242,59,82,82,-100,969,714,126]","{\"714\":5.244109716656361e+307,\"8.473899321500651e+307\":783}"],"returnObjects":["[null,null,null,null,null,null,null,null,null,null]","\"Error\"","\"Error\"","[null,null,null,null,null,null,null,null,null,null]"],"callbackArgs":["{\"0\":-100,\"1\":0,\"2\":[-100,893,242,59,82,82,-100,969,714,126]}","{\"0\":893,\"1\":1,\"2\":[-100,893,242,59,82,82,-100,969,714,126]}","{\"0\":242,\"1\":2,\"2\":[-100,893,242,59,82,82,-100,969,714,126]}","{\"0\":59,\"1\":3,\"2\":[-100,893,242,59,82,82,-100,969,714,126]}","{\"0\":82,\"1\":4,\"2\":[-100,893,242,59,82,82,-100,969,714,126]}","{\"0\":82,\"1\":5,\"2\":[-100,893,242,59,82,82,-100,969,714,126]}","{\"0\":-100,\"1\":6,\"2\":[-100,893,242,59,82,82,-100,969,714,126]}","{\"0\":969,\"1\":7,\"2\":[-100,893,242,59,82,82,-100,969,714,126]}","{\"0\":714,\"1\":8,\"2\":[-100,893,242,59,82,82,-100,969,714,126]}","{\"0\":126,\"1\":9,\"2\":[-100,893,242,59,82,82,-100,969,714,126]}","{\"0\":-100,\"1\":0,\"2\":[-100,893,242,59,82,82,-100,969,714,126]}","{\"0\":-100,\"1\":0,\"2\":[-100,893,242,59,82,82,-100,969,714,126]}","{\"0\":null,\"1\":0,\"2\":[null,null,null,null,null,null,null,null,null,null]}","{\"0\":null,\"1\":1,\"2\":[null,null,null,null,null,null,null,null,null,null]}","{\"0\":null,\"1\":2,\"2\":[null,null,null,null,null,null,null,null,null,null]}","{\"0\":null,\"1\":3,\"2\":[null,null,null,null,null,null,null,null,null,null]}","{\"0\":null,\"1\":4,\"2\":[null,null,null,null,null,null,null,null,null,null]}","{\"0\":null,\"1\":5,\"2\":[null,null,null,null,null,null,null,null,null,null]}","{\"0\":null,\"1\":6,\"2\":[null,null,null,null,null,null,null,null,null,null]}","{\"0\":null,\"1\":7,\"2\":[null,null,null,null,null,null,null,null,null,null]}","{\"0\":null,\"1\":8,\"2\":[null,null,null,null,null,null,null,null,null,null]}","{\"0\":null,\"1\":9,\"2\":[null,null,null,null,null,null,null,null,null,null]}"]}