{"baseObjects":["[1.7976931348623157e+308,403,618,1.7976931348623157e+308]","[null,403,618,1.7976931348623157e+308]","[null,null,null,null]","[1.7976931348623157e+308,403,618,1.7976931348623157e+308]"],"returnObjects":["[\"1.7976931348623157e+3081.7976931348623157e+308,403,618,1.7976931348623157e+308\",\"4041.7976931348623157e+308,403,618,1.7976931348623157e+308\",\"6201.7976931348623157e+308,403,618,1.7976931348623157e+308\",\"1.7976931348623157e+3081.7976931348623157e+308,403,618,1.7976931348623157e+308\"]","[null,null,null,null]","\"Error\"","[null,null,null,null]"],"callbackArgs":["{\"0\":1.7976931348623157e+308,\"1\":0,\"2\":[1.7976931348623157e+308,403,618,1.7976931348623157e+308]}","{\"0\":403,\"1\":1,\"2\":[1.7976931348623157e+308,403,618,1.7976931348623157e+308]}","{\"0\":618,\"1\":2,\"2\":[1.7976931348623157e+308,403,618,1.7976931348623157e+308]}","{\"0\":1.7976931348623157e+308,\"1\":3,\"2\":[1.7976931348623157e+308,403,618,1.7976931348623157e+308]}","{\"0\":1.7976931348623157e+308,\"1\":0,\"2\":[1.7976931348623157e+308,403,618,1.7976931348623157e+308]}","{\"0\":403,\"1\":1,\"2\":[null,403,618,1.7976931348623157e+308]}","{\"0\":618,\"1\":2,\"2\":[null,403,618,1.7976931348623157e+308]}","{\"0\":1.7976931348623157e+308,\"1\":3,\"2\":[null,403,618,1.7976931348623157e+308]}","{\"0\":null,\"1\":0,\"2\":[null,null,null,null]}","{\"0\":1.7976931348623157e+308,\"1\":0,\"2\":[1.7976931348623157e+308,403,618,1.7976931348623157e+308]}","{\"0\":403,\"1\":1,\"2\":[1.7976931348623157e+308,403,618,1.7976931348623157e+308]}","{\"0\":618,\"1\":2,\"2\":[1.7976931348623157e+308,403,618,1.7976931348623157e+308]}","{\"0\":1.7976931348623157e+308,\"1\":3,\"2\":[1.7976931348623157e+308,403,618,1.7976931348623157e+308]}"]}