{"baseObjects":["\"m\"","[59,403,969,1.7976931348623157e+308,100,126,-100,213,893,157]","[59,403,969,1.7976931348623157e+308,100,126,-100,213,893,157]","[59,403,969,1.7976931348623157e+308,100,\"\",-100,213,893,157]"],"returnObjects":["[null,null,null,null,null,null,null,null,null,null]","\"Error\"","[null,null,null,null,null,null,null,null,null,null]","[null,null,null,null,null,null,null,null,null,null]"],"callbackArgs":["{\"0\":59,\"1\":0,\"2\":[59,403,969,1.7976931348623157e+308,100,126,-100,213,893,157]}","{\"0\":403,\"1\":1,\"2\":[59,403,969,1.7976931348623157e+308,100,126,-100,213,893,157]}","{\"0\":969,\"1\":2,\"2\":[59,403,969,1.7976931348623157e+308,100,126,-100,213,893,157]}","{\"0\":1.7976931348623157e+308,\"1\":3,\"2\":[59,403,969,1.7976931348623157e+308,100,126,-100,213,893,157]}","{\"0\":100,\"1\":4,\"2\":[59,403,969,1.7976931348623157e+308,100,126,-100,213,893,157]}","{\"0\":126,\"1\":5,\"2\":[59,403,969,1.7976931348623157e+308,100,126,-100,213,893,157]}","{\"0\":-100,\"1\":6,\"2\":[59,403,969,1.7976931348623157e+308,100,126,-100,213,893,157]}","{\"0\":213,\"1\":7,\"2\":[59,403,969,1.7976931348623157e+308,100,126,-100,213,893,157]}","{\"0\":893,\"1\":8,\"2\":[59,403,969,1.7976931348623157e+308,100,126,-100,213,893,157]}","{\"0\":157,\"1\":9,\"2\":[59,403,969,1.7976931348623157e+308,100,126,-100,213,893,157]}","{\"0\":59,\"1\":0,\"2\":[59,403,969,1.7976931348623157e+308,100,126,-100,213,893,157]}","{\"0\":403,\"1\":1,\"2\":[59,403,969,1.7976931348623157e+308,100,126,-100,213,893,157]}","{\"0\":969,\"1\":2,\"2\":[59,403,969,1.7976931348623157e+308,100,126,-100,213,893,157]}","{\"0\":1.7976931348623157e+308,\"1\":3,\"2\":[59,403,969,1.7976931348623157e+308,100,126,-100,213,893,157]}","{\"0\":100,\"1\":4,\"2\":[59,403,969,1.7976931348623157e+308,100,126,-100,213,893,157]}","{\"0\":126,\"1\":5,\"2\":[59,403,969,1.7976931348623157e+308,100,126,-100,213,893,157]}","{\"0\":-100,\"1\":6,\"2\":[59,403,969,1.7976931348623157e+308,100,126,-100,213,893,157]}","{\"0\":213,\"1\":7,\"2\":[59,403,969,1.7976931348623157e+308,100,126,-100,213,893,157]}","{\"0\":893,\"1\":8,\"2\":[59,403,969,1.7976931348623157e+308,100,126,-100,213,893,157]}","{\"0\":157,\"1\":9,\"2\":[59,403,969,1.7976931348623157e+308,100,126,-100,213,893,157]}","{\"0\":59,\"1\":0,\"2\":[59,403,969,1.7976931348623157e+308,100,126,-100,213,893,157]}","{\"0\":403,\"1\":1,\"2\":[59,403,969,1.7976931348623157e+308,100,\"\",-100,213,893,157]}","{\"0\":969,\"1\":2,\"2\":[59,403,969,1.7976931348623157e+308,100,\"\",-100,213,893,157]}","{\"0\":1.7976931348623157e+308,\"1\":3,\"2\":[59,403,969,1.7976931348623157e+308,100,\"\",-100,213,893,157]}","{\"0\":100,\"1\":4,\"2\":[59,403,969,1.7976931348623157e+308,100,\"\",-100,213,893,157]}","{\"0\":\"\",\"1\":5,\"2\":[59,403,969,1.7976931348623157e+308,100,\"\",-100,213,893,157]}","{\"0\":-100,\"1\":6,\"2\":[59,403,969,1.7976931348623157e+308,100,\"\",-100,213,893,157]}","{\"0\":213,\"1\":7,\"2\":[59,403,969,1.7976931348623157e+308,100,\"\",-100,213,893,157]}","{\"0\":893,\"1\":8,\"2\":[59,403,969,1.7976931348623157e+308,100,\"\",-100,213,893,157]}","{\"0\":157,\"1\":9,\"2\":[59,403,969,1.7976931348623157e+308,100,\"\",-100,213,893,157]}"]}