{"baseObjects":["[627,\"ix\",213,1.7976931348623157e+308,null,{\"49\":3.051067124938239e+307,\"705\":\"v\",\"969\":\"\",\"\":8.881959842233924e+307,\"fe\":5.053808373458476e+307,\"<@\":6.736228027286508e+307,\"xs\":3.9835084805267347e+307,\"1.4635807031448202e+308\":\"\",\"1.1269204124044902e+308\":969}]","[627,\"ix\",213,1.7976931348623157e+308]","[null,null,null,null]","[\"NaNNaN,NaN,NaN,NaN\",\"NaNNaN,NaN,NaN,NaN\",\"NaNNaN,NaN,NaN,NaN\",\"NaNNaN,NaN,NaN,NaN\"]"],"returnObjects":["[\"Infinity627,ix,213,1.7976931348623157e+308,,[object Object]\",\"NaN627,ix,213,1.7976931348623157e+308,,[object Object]\",\"106.5627,ix,213,1.7976931348623157e+308,,[object Object]\",\"5.992310449541053e+307627,ix,213,1.7976931348623157e+308,,[object Object]\"]","[null,null,null,null]","[\"NaNNaN,NaN,NaN,NaN\",\"NaNNaN,NaN,NaN,NaN\",\"NaNNaN,NaN,NaN,NaN\",\"NaNNaN,NaN,NaN,NaN\"]","\"Error\""],"callbackArgs":["{\"0\":627,\"1\":0,\"2\":[627,\"ix\",213,1.7976931348623157e+308]}","{\"0\":\"ix\",\"1\":1,\"2\":[627,\"ix\",213,1.7976931348623157e+308,null,{\"49\":3.051067124938239e+307,\"705\":\"v\",\"969\":\"\",\"\":8.881959842233924e+307,\"fe\":5.053808373458476e+307,\"<@\":6.736228027286508e+307,\"xs\":3.9835084805267347e+307,\"1.4635807031448202e+308\":\"\",\"1.1269204124044902e+308\":969}]}","{\"0\":213,\"1\":2,\"2\":[627,\"ix\",213,1.7976931348623157e+308,null,{\"49\":3.051067124938239e+307,\"705\":\"v\",\"969\":\"\",\"\":8.881959842233924e+307,\"fe\":5.053808373458476e+307,\"<@\":6.736228027286508e+307,\"xs\":3.9835084805267347e+307,\"1.4635807031448202e+308\":\"\",\"1.1269204124044902e+308\":969}]}","{\"0\":1.7976931348623157e+308,\"1\":3,\"2\":[627,\"ix\",213,1.7976931348623157e+308,null,{\"49\":3.051067124938239e+307,\"705\":\"v\",\"969\":\"\",\"\":8.881959842233924e+307,\"fe\":5.053808373458476e+307,\"<@\":6.736228027286508e+307,\"xs\":3.9835084805267347e+307,\"1.4635807031448202e+308\":\"\",\"1.1269204124044902e+308\":969}]}","{\"0\":627,\"1\":0,\"2\":[627,\"ix\",213,1.7976931348623157e+308]}","{\"0\":\"ix\",\"1\":1,\"2\":[627,\"ix\",213,1.7976931348623157e+308]}","{\"0\":213,\"1\":2,\"2\":[627,\"ix\",213,1.7976931348623157e+308]}","{\"0\":1.7976931348623157e+308,\"1\":3,\"2\":[627,\"ix\",213,1.7976931348623157e+308]}","{\"0\":null,\"1\":0,\"2\":[null,null,null,null]}","{\"0\":null,\"1\":1,\"2\":[null,null,null,null]}","{\"0\":null,\"1\":2,\"2\":[null,null,null,null]}","{\"0\":null,\"1\":3,\"2\":[null,null,null,null]}","{\"0\":\"NaNNaN,NaN,NaN,NaN\",\"1\":0,\"2\":[\"NaNNaN,NaN,NaN,NaN\",\"NaNNaN,NaN,NaN,NaN\",\"NaNNaN,NaN,NaN,NaN\",\"NaNNaN,NaN,NaN,NaN\"]}"]}