{"baseObjects":["[49,5e-324,213,823,460,1.7976931348623157e+308]","[49,5e-324,213,823,460,1.7976931348623157e+308]","[49,5e-324,213,823,460,1.7976931348623157e+308]","[49,5e-324,213,823,460,1.7976931348623157e+308]"],"returnObjects":["[null,null,null,null,null,null]","\"Error\"","\"Error\"","\"Error\""],"callbackArgs":["{\"0\":49,\"1\":0,\"2\":[49,5e-324,213,823,460,1.7976931348623157e+308]}","{\"0\":5e-324,\"1\":1,\"2\":[49,5e-324,213,823,460,1.7976931348623157e+308]}","{\"0\":213,\"1\":2,\"2\":[49,5e-324,213,823,460,1.7976931348623157e+308]}","{\"0\":823,\"1\":3,\"2\":[49,5e-324,213,823,460,1.7976931348623157e+308]}","{\"0\":460,\"1\":4,\"2\":[49,5e-324,213,823,460,1.7976931348623157e+308]}","{\"0\":1.7976931348623157e+308,\"1\":5,\"2\":[49,5e-324,213,823,460,1.7976931348623157e+308]}","{\"0\":49,\"1\":0,\"2\":[49,5e-324,213,823,460,1.7976931348623157e+308]}","{\"0\":49,\"1\":0,\"2\":[49,5e-324,213,823,460,1.7976931348623157e+308]}","{\"0\":49,\"1\":0,\"2\":[49,5e-324,213,823,460,1.7976931348623157e+308]}"]}