{"baseObjects":["[\"4\",5e-324,\"U\",969,823,\"#\"]","[\"4\",5e-324,\"U\",969,823,\"#\"]","[\"\",\"-14,5e-324,U,969,823,#\",\"NaN4,5e-324,U,969,823,#\",\"9664,5e-324,U,969,823,#\",1.0801321490242433e+307,\"NaN4,5e-324,U,969,823,#\"]","[\"4\",5e-324,\"U\",969,1.7654742968591194e+308,\"#\"]"],"returnObjects":["[\"4NaN\",null,\"UNaN\",null,null,\"#NaN\"]","[\"\",\"-14,5e-324,U,969,823,#\",\"NaN4,5e-324,U,969,823,#\",\"9664,5e-324,U,969,823,#\",1.0801321490242433e+307,\"NaN4,5e-324,U,969,823,#\"]","[\"NaN,-14,5e-324,U,969,823,#,NaN4,5e-324,U,969,823,#,9664,5e-324,U,969,823,#,1.0801321490242433e+307,NaN4,5e-324,U,969,823,#\",\"NaN,-14,5e-324,U,969,823,#,NaN4,5e-324,U,969,823,#,9664,5e-324,U,969,823,#,1.0801321490242433e+307,NaN4,5e-324,U,969,823,#\",\"NaN,-14,5e-324,U,969,823,#,NaN4,5e-324,U,969,823,#,9664,5e-324,U,969,823,#,1.0801321490242433e+307,NaN4,5e-324,U,969,823,#\",\"NaN,-14,5e-324,U,969,823,#,NaN4,5e-324,U,969,823,#,9664,5e-324,U,969,823,#,1.0801321490242433e+307,NaN4,5e-324,U,969,823,#\",\"4.320528596096973e+307,-14,5e-324,U,969,823,#,NaN4,5e-324,U,969,823,#,9664,5e-324,U,969,823,#,1.0801321490242433e+307,NaN4,5e-324,U,969,823,#\",\"NaN,-14,5e-324,U,969,823,#,NaN4,5e-324,U,969,823,#,9664,5e-324,U,969,823,#,1.0801321490242433e+307,NaN4,5e-324,U,969,823,#\"]","[null,null,null,null,null,null]"],"callbackArgs":["{\"0\":\"4\",\"1\":0,\"2\":[\"4\",5e-324,\"U\",969,823,\"#\"]}","{\"0\":5e-324,\"1\":1,\"2\":[\"4\",5e-324,\"U\",969,823,\"#\"]}","{\"0\":\"U\",\"1\":2,\"2\":[\"4\",5e-324,\"U\",969,823,\"#\"]}","{\"0\":969,\"1\":3,\"2\":[\"4\",5e-324,\"U\",969,823,\"#\"]}","{\"0\":823,\"1\":4,\"2\":[\"4\",5e-324,\"U\",969,823,\"#\"]}","{\"0\":\"#\",\"1\":5,\"2\":[\"4\",5e-324,\"U\",969,823,\"#\"]}","{\"0\":\"4\",\"1\":0,\"2\":[\"4\",5e-324,\"U\",969,823,\"#\"]}","{\"0\":5e-324,\"1\":1,\"2\":[\"4\",5e-324,\"U\",969,823,\"#\"]}","{\"0\":\"U\",\"1\":2,\"2\":[\"4\",5e-324,\"U\",969,823,\"#\"]}","{\"0\":969,\"1\":3,\"2\":[\"4\",5e-324,\"U\",969,823,\"#\"]}","{\"0\":823,\"1\":4,\"2\":[\"4\",5e-324,\"U\",969,823,\"#\"]}","{\"0\":\"#\",\"1\":5,\"2\":[\"4\",5e-324,\"U\",969,823,\"#\"]}","{\"0\":\"44,5e-324,U,969,823,#\",\"1\":0,\"2\":[\"44,5e-324,U,969,823,#\",\"-14,5e-324,U,969,823,#\",\"NaN4,5e-324,U,969,823,#\",\"9664,5e-324,U,969,823,#\",\"8194,5e-324,U,969,823,#\",\"NaN4,5e-324,U,969,823,#\"]}","{\"0\":\"-14,5e-324,U,969,823,#\",\"1\":1,\"2\":[\"\",\"-14,5e-324,U,969,823,#\",\"NaN4,5e-324,U,969,823,#\",\"9664,5e-324,U,969,823,#\",1.0801321490242433e+307,\"NaN4,5e-324,U,969,823,#\"]}","{\"0\":\"NaN4,5e-324,U,969,823,#\",\"1\":2,\"2\":[\"\",\"-14,5e-324,U,969,823,#\",\"NaN4,5e-324,U,969,823,#\",\"9664,5e-324,U,969,823,#\",1.0801321490242433e+307,\"NaN4,5e-324,U,969,823,#\"]}","{\"0\":\"9664,5e-324,U,969,823,#\",\"1\":3,\"2\":[\"\",\"-14,5e-324,U,969,823,#\",\"NaN4,5e-324,U,969,823,#\",\"9664,5e-324,U,969,823,#\",1.0801321490242433e+307,\"NaN4,5e-324,U,969,823,#\"]}","{\"0\":1.0801321490242433e+307,\"1\":4,\"2\":[\"\",\"-14,5e-324,U,969,823,#\",\"NaN4,5e-324,U,969,823,#\",\"9664,5e-324,U,969,823,#\",1.0801321490242433e+307,\"NaN4,5e-324,U,969,823,#\"]}","{\"0\":\"NaN4,5e-324,U,969,823,#\",\"1\":5,\"2\":[\"\",\"-14,5e-324,U,969,823,#\",\"NaN4,5e-324,U,969,823,#\",\"9664,5e-324,U,969,823,#\",1.0801321490242433e+307,\"NaN4,5e-324,U,969,823,#\"]}","{\"0\":\"4\",\"1\":0,\"2\":[\"4\",5e-324,\"U\",969,823,\"#\"]}","{\"0\":5e-324,\"1\":1,\"2\":[\"4\",5e-324,\"U\",969,1.7654742968591194e+308,\"#\"]}","{\"0\":\"U\",\"1\":2,\"2\":[\"4\",5e-324,\"U\",969,1.7654742968591194e+308,\"#\"]}","{\"0\":969,\"1\":3,\"2\":[\"4\",5e-324,\"U\",969,1.7654742968591194e+308,\"#\"]}","{\"0\":1.7654742968591194e+308,\"1\":4,\"2\":[\"4\",5e-324,\"U\",969,1.7654742968591194e+308,\"#\"]}","{\"0\":\"#\",\"1\":5,\"2\":[\"4\",5e-324,\"U\",969,1.7654742968591194e+308,\"#\"]}"]}