{"baseObjects":["[122,595,-100,242,157,213,893,false,null,{}]","[[893,5e-324,655,607,100,1.7976931348623157e+308,893,82],null,null,null,null,null,false]","[[893,5e-324,655,607,100,1.7976931348623157e+308,893,82],null,null,null,null,null,false]","[null,null,null,null,null,null,null]"],"returnObjects":["[[893,5e-324,655,607,100,1.7976931348623157e+308,893,82],null,null,null,null,null,false]","[null,null,null,null,null,null,null]","\"Error\"","[null,null,null,null,null,null,null]"],"callbackArgs":["{\"0\":122,\"1\":0,\"2\":[122,595,-100,242,157,213,893]}","{\"0\":595,\"1\":1,\"2\":[122,595,-100,242,157,213,893,false,null,{}]}","{\"0\":-100,\"1\":2,\"2\":[122,595,-100,242,157,213,893,false,null,{}]}","{\"0\":242,\"1\":3,\"2\":[122,595,-100,242,157,213,893,false,null,{}]}","{\"0\":157,\"1\":4,\"2\":[122,595,-100,242,157,213,893,false,null,{}]}","{\"0\":213,\"1\":5,\"2\":[122,595,-100,242,157,213,893,false,null,{}]}","{\"0\":893,\"1\":6,\"2\":[122,595,-100,242,157,213,893,false,null,{}]}","{\"0\":null,\"1\":0,\"2\":[null,null,null,null,null,null,null]}","{\"0\":null,\"1\":1,\"2\":[[893,5e-324,655,607,100,1.7976931348623157e+308,893,82],null,null,null,null,null,false]}","{\"0\":null,\"1\":2,\"2\":[[893,5e-324,655,607,100,1.7976931348623157e+308,893,82],null,null,null,null,null,false]}","{\"0\":null,\"1\":3,\"2\":[[893,5e-324,655,607,100,1.7976931348623157e+308,893,82],null,null,null,null,null,false]}","{\"0\":null,\"1\":4,\"2\":[[893,5e-324,655,607,100,1.7976931348623157e+308,893,82],null,null,null,null,null,false]}","{\"0\":null,\"1\":5,\"2\":[[893,5e-324,655,607,100,1.7976931348623157e+308,893,82],null,null,null,null,null,false]}","{\"0\":false,\"1\":6,\"2\":[[893,5e-324,655,607,100,1.7976931348623157e+308,893,82],null,null,null,null,null,false]}","{\"0\":null,\"1\":0,\"2\":[null,null,null,null,null,null,null]}","{\"0\":null,\"1\":1,\"2\":[null,null,null,null,null,null,null]}","{\"0\":null,\"1\":2,\"2\":[null,null,null,null,null,null,null]}","{\"0\":null,\"1\":3,\"2\":[null,null,null,null,null,null,null]}","{\"0\":null,\"1\":4,\"2\":[null,null,null,null,null,null,null]}","{\"0\":null,\"1\":5,\"2\":[null,null,null,null,null,null,null]}","{\"0\":null,\"1\":6,\"2\":[null,null,null,null,null,null,null]}"]}