{"baseObjects":["[969,{\"5\":\"4\",\"823\":157,\"1.239486259952045e+308\":122,\"O\":1.739576980711266e+306,\"\":\"\",\"1.126710233534901e+308\":1.0160326522380069e+308,\"g9\":82}]","[969,655]","[969,655]","[969,655]"],"returnObjects":["[\"Infinity969,[object Object]\",\"NaN969,[object Object]\"]","\"Error\"","\"Error\"","[null,null]"],"callbackArgs":["{\"0\":969,\"1\":0,\"2\":[969,655]}","{\"0\":{\"5\":\"4\",\"823\":157,\"1.239486259952045e+308\":122,\"O\":1.739576980711266e+306,\"\":\"\",\"1.126710233534901e+308\":1.0160326522380069e+308,\"g9\":82},\"1\":1,\"2\":[969,{\"5\":\"4\",\"823\":157,\"1.239486259952045e+308\":122,\"O\":1.739576980711266e+306,\"\":\"\",\"1.126710233534901e+308\":1.0160326522380069e+308,\"g9\":82}]}","{\"0\":969,\"1\":0,\"2\":[969,655]}","{\"0\":969,\"1\":0,\"2\":[969,655]}","{\"0\":969,\"1\":0,\"2\":[969,655]}","{\"0\":655,\"1\":1,\"2\":[969,655]}"]}