{"baseObjects":["[157,618,82,655,627,242]","[157,618,{\":K\":\">\",\"2.897105586112382e+307\":1.6175423644592979e+308,\"^k\":5.370570628624881e+307,\"5.6706340917245e+306\":\"m\",\"1.7905309654251676e+308\":\"P\"},655,627,242]","[157,618,82,655,627,242]","[157,618,82,655,627,242]"],"returnObjects":["\"Error\"","[null,null,null,null,null,null]","\"Error\"","[null,null,null,null,null,null]"],"callbackArgs":["{\"0\":157,\"1\":0,\"2\":[157,618,82,655,627,242]}","{\"0\":157,\"1\":0,\"2\":[157,618,82,655,627,242]}","{\"0\":618,\"1\":1,\"2\":[157,618,{\":K\":\">\",\"2.897105586112382e+307\":1.6175423644592979e+308,\"^k\":5.370570628624881e+307,\"5.6706340917245e+306\":\"m\",\"1.7905309654251676e+308\":\"P\"},655,627,242]}","{\"0\":{\":K\":\">\",\"2.897105586112382e+307\":1.6175423644592979e+308,\"^k\":5.370570628624881e+307,\"5.6706340917245e+306\":\"m\",\"1.7905309654251676e+308\":\"P\"},\"1\":2,\"2\":[157,618,{\":K\":\">\",\"2.897105586112382e+307\":1.6175423644592979e+308,\"^k\":5.370570628624881e+307,\"5.6706340917245e+306\":\"m\",\"1.7905309654251676e+308\":\"P\"},655,627,242]}","{\"0\":655,\"1\":3,\"2\":[157,618,{\":K\":\">\",\"2.897105586112382e+307\":1.6175423644592979e+308,\"^k\":5.370570628624881e+307,\"5.6706340917245e+306\":\"m\",\"1.7905309654251676e+308\":\"P\"},655,627,242]}","{\"0\":627,\"1\":4,\"2\":[157,618,{\":K\":\">\",\"2.897105586112382e+307\":1.6175423644592979e+308,\"^k\":5.370570628624881e+307,\"5.6706340917245e+306\":\"m\",\"1.7905309654251676e+308\":\"P\"},655,627,242]}","{\"0\":242,\"1\":5,\"2\":[157,618,{\":K\":\">\",\"2.897105586112382e+307\":1.6175423644592979e+308,\"^k\":5.370570628624881e+307,\"5.6706340917245e+306\":\"m\",\"1.7905309654251676e+308\":\"P\"},655,627,242]}","{\"0\":157,\"1\":0,\"2\":[157,618,82,655,627,242]}","{\"0\":157,\"1\":0,\"2\":[157,618,82,655,627,242]}","{\"0\":618,\"1\":1,\"2\":[157,618,82,655,627,242]}","{\"0\":82,\"1\":2,\"2\":[157,618,82,655,627,242]}","{\"0\":655,\"1\":3,\"2\":[157,618,82,655,627,242]}","{\"0\":627,\"1\":4,\"2\":[157,618,82,655,627,242]}","{\"0\":242,\"1\":5,\"2\":[157,618,82,655,627,242]}"]}