{"baseObjects":["[\"{s\",null,null,null,null,null,null,null]","[\"{s\",null,null,null,{\"1.3053040129683575e+308\":1.6758011306932908e+308,\"\":\"\",\"5.064358406393175e+307\":969,\":\":\"<S\",\"1.5673012995831527e+308\":\"\",\"Rdh\":460,\"m?3\":9.322764035629532e+307,\"s?\":1.954968471289429e+307,\"j2t\":0}]","[null]","[null]"],"returnObjects":["[null]","[null]","\"Error\"","\"Error\""],"callbackArgs":["{\"0\":\"{s\",\"1\":0,\"2\":[\"{s\"]}","{\"0\":\"{s\",\"1\":0,\"2\":[\"{s\"]}","{\"0\":null,\"1\":0,\"2\":[null]}","{\"0\":null,\"1\":0,\"2\":[null]}"]}