{"baseObjects":["[\"<\",460,213,\"]\",\"x\",1.7976931348623157e+308,\";\",\"#7\"]","[\"<\",460,\"\",\"]\",\"x\",1.7976931348623157e+308,\";\",\"#7\"]","[\"<\",460,213,\"]\",\"x\",1.7976931348623157e+308,\";\",\"#7\"]","[null,null,null,null,null,null,null,null]"],"returnObjects":["[null,null,null,null,null,null,null,null]","[null,null,null,null,null,null,null,null]","\"Error\"","\"Error\""],"callbackArgs":["{\"0\":\"<\",\"1\":0,\"2\":[\"<\",460,213,\"]\",\"x\",1.7976931348623157e+308,\";\",\"#7\"]}","{\"0\":460,\"1\":1,\"2\":[\"<\",460,213,\"]\",\"x\",1.7976931348623157e+308,\";\",\"#7\"]}","{\"0\":213,\"1\":2,\"2\":[\"<\",460,213,\"]\",\"x\",1.7976931348623157e+308,\";\",\"#7\"]}","{\"0\":\"]\",\"1\":3,\"2\":[\"<\",460,213,\"]\",\"x\",1.7976931348623157e+308,\";\",\"#7\"]}","{\"0\":\"x\",\"1\":4,\"2\":[\"<\",460,213,\"]\",\"x\",1.7976931348623157e+308,\";\",\"#7\"]}","{\"0\":1.7976931348623157e+308,\"1\":5,\"2\":[\"<\",460,213,\"]\",\"x\",1.7976931348623157e+308,\";\",\"#7\"]}","{\"0\":\";\",\"1\":6,\"2\":[\"<\",460,213,\"]\",\"x\",1.7976931348623157e+308,\";\",\"#7\"]}","{\"0\":\"#7\",\"1\":7,\"2\":[\"<\",460,213,\"]\",\"x\",1.7976931348623157e+308,\";\",\"#7\"]}","{\"0\":\"<\",\"1\":0,\"2\":[\"<\",460,213,\"]\",\"x\",1.7976931348623157e+308,\";\",\"#7\"]}","{\"0\":460,\"1\":1,\"2\":[\"<\",460,\"\",\"]\",\"x\",1.7976931348623157e+308,\";\",\"#7\"]}","{\"0\":\"\",\"1\":2,\"2\":[\"<\",460,\"\",\"]\",\"x\",1.7976931348623157e+308,\";\",\"#7\"]}","{\"0\":\"]\",\"1\":3,\"2\":[\"<\",460,\"\",\"]\",\"x\",1.7976931348623157e+308,\";\",\"#7\"]}","{\"0\":\"x\",\"1\":4,\"2\":[\"<\",460,\"\",\"]\",\"x\",1.7976931348623157e+308,\";\",\"#7\"]}","{\"0\":1.7976931348623157e+308,\"1\":5,\"2\":[\"<\",460,\"\",\"]\",\"x\",1.7976931348623157e+308,\";\",\"#7\"]}","{\"0\":\";\",\"1\":6,\"2\":[\"<\",460,\"\",\"]\",\"x\",1.7976931348623157e+308,\";\",\"#7\"]}","{\"0\":\"#7\",\"1\":7,\"2\":[\"<\",460,\"\",\"]\",\"x\",1.7976931348623157e+308,\";\",\"#7\"]}","{\"0\":null,\"1\":0,\"2\":[null,null,null,null,null,null,null,null]}"]}