{"baseObjects":["[5.562402309430079e+307,\"C\",\"lZ\"]","[\"m\",\"C\",\"lZ\"]","[\"a^1\",\"NaN5.562402309430079e+307,C,lZ\",\"NaN5.562402309430079e+307,C,lZ\"]","[\"NaN5.562402309430079e+307,C,lZNaN\",\"NaN5.562402309430079e+307,C,lZNaN\",\"NaN5.562402309430079e+307,C,lZNaN\",null,null,[\"A\",\"D\",{},\":\"]]"],"returnObjects":["[\"a^1\",\"NaN5.562402309430079e+307,C,lZ\",\"NaN5.562402309430079e+307,C,lZ\"]","\"Error\"","[\"NaN5.562402309430079e+307,C,lZNaN\",\"NaN5.562402309430079e+307,C,lZNaN\",\"NaN5.562402309430079e+307,C,lZNaN\",null,null,[\"A\",\"D\",{},\":\"]]","[null,null,null]"],"callbackArgs":["{\"0\":\"m\",\"1\":0,\"2\":[\"m\",\"C\",\"lZ\"]}","{\"0\":\"C\",\"1\":1,\"2\":[5.562402309430079e+307,\"C\",\"lZ\"]}","{\"0\":\"lZ\",\"1\":2,\"2\":[5.562402309430079e+307,\"C\",\"lZ\"]}","{\"0\":\"m\",\"1\":0,\"2\":[\"m\",\"C\",\"lZ\"]}","{\"0\":\"NaN5.562402309430079e+307,C,lZ\",\"1\":0,\"2\":[\"NaN5.562402309430079e+307,C,lZ\",\"NaN5.562402309430079e+307,C,lZ\",\"NaN5.562402309430079e+307,C,lZ\"]}","{\"0\":\"NaN5.562402309430079e+307,C,lZ\",\"1\":1,\"2\":[\"a^1\",\"NaN5.562402309430079e+307,C,lZ\",\"NaN5.562402309430079e+307,C,lZ\"]}","{\"0\":\"NaN5.562402309430079e+307,C,lZ\",\"1\":2,\"2\":[\"a^1\",\"NaN5.562402309430079e+307,C,lZ\",\"NaN5.562402309430079e+307,C,lZ\"]}","{\"0\":\"NaN5.562402309430079e+307,C,lZNaN\",\"1\":0,\"2\":[\"NaN5.562402309430079e+307,C,lZNaN\",\"NaN5.562402309430079e+307,C,lZNaN\",\"NaN5.562402309430079e+307,C,lZNaN\"]}","{\"0\":\"NaN5.562402309430079e+307,C,lZNaN\",\"1\":1,\"2\":[\"NaN5.562402309430079e+307,C,lZNaN\",\"NaN5.562402309430079e+307,C,lZNaN\",\"NaN5.562402309430079e+307,C,lZNaN\",null,null,[\"A\",\"D\",{},\":\"]]}","{\"0\":\"NaN5.562402309430079e+307,C,lZNaN\",\"1\":2,\"2\":[\"NaN5.562402309430079e+307,C,lZNaN\",\"NaN5.562402309430079e+307,C,lZNaN\",\"NaN5.562402309430079e+307,C,lZNaN\",null,null,[\"A\",\"D\",{},\":\"]]}"]}