{"baseObjects":["[25,82,{\"\":6.211970475563672e+307}]","[25,82,823]","[\"5E\",100,\"n\",59,\"]yt\",607]","[25,82,823,null,{\"607\":\"Q\",\"627\":1.4121401248545185e+308,\"1.5232366194565586e+308\":\"Qg\",\"Kt\":1.4799115380880334e+308,\"\":\"7:\",\"Wf\":1.0083141310803632e+308,\"1.6640215254899868e+308\":714}]"],"returnObjects":["[\"025,82,[object Object]\",\"8225,82,[object Object]\",\"NaN25,82,[object Object]\"]","\"Error\"","[\"025,82,[object Object]NaN\",\"8225,82,[object Object]NaN\",\"NaN25,82,[object Object]NaN\"]","[null,null,null]"],"callbackArgs":["{\"0\":25,\"1\":0,\"2\":[25,82,823]}","{\"0\":82,\"1\":1,\"2\":[25,82,{\"\":6.211970475563672e+307}]}","{\"0\":{\"\":6.211970475563672e+307},\"1\":2,\"2\":[25,82,{\"\":6.211970475563672e+307}]}","{\"0\":25,\"1\":0,\"2\":[25,82,823]}","{\"0\":\"025,82,[object Object]\",\"1\":0,\"2\":[\"025,82,[object Object]\",\"8225,82,[object Object]\",\"NaN25,82,[object Object]\"]}","{\"0\":\"8225,82,[object Object]\",\"1\":1,\"2\":[\"025,82,[object Object]\",\"8225,82,[object Object]\",\"NaN25,82,[object Object]\"]}","{\"0\":\"NaN25,82,[object Object]\",\"1\":2,\"2\":[\"025,82,[object Object]\",\"8225,82,[object Object]\",\"NaN25,82,[object Object]\"]}","{\"0\":25,\"1\":0,\"2\":[25,82,823]}","{\"0\":82,\"1\":1,\"2\":[25,82,823,null,{\"607\":\"Q\",\"627\":1.4121401248545185e+308,\"1.5232366194565586e+308\":\"Qg\",\"Kt\":1.4799115380880334e+308,\"\":\"7:\",\"Wf\":1.0083141310803632e+308,\"1.6640215254899868e+308\":714}]}","{\"0\":823,\"1\":2,\"2\":[25,82,823,null,{\"607\":\"Q\",\"627\":1.4121401248545185e+308,\"1.5232366194565586e+308\":\"Qg\",\"Kt\":1.4799115380880334e+308,\"\":\"7:\",\"Wf\":1.0083141310803632e+308,\"1.6640215254899868e+308\":714}]}"]}