{"baseObjects":["[823,705,-1,460,460,25]","[823,705,-1,460,460,{\"122\":\"\",\"242\":25,\"\":\"tq\",\"1.6171120991969966e+308\":9.844996932392917e+307}]","[823,705,-1,460,460,25]","[null,null,null,null,null,null]"],"returnObjects":["\"Error\"","[null,null,null,null,null,null]","\"Error\"","[null,null,null,null,null,null]"],"callbackArgs":["{\"0\":823,\"1\":0,\"2\":[823,705,-1,460,460,25]}","{\"0\":823,\"1\":0,\"2\":[823,705,-1,460,460,25]}","{\"0\":705,\"1\":1,\"2\":[823,705,-1,460,460,{\"122\":\"\",\"242\":25,\"\":\"tq\",\"1.6171120991969966e+308\":9.844996932392917e+307}]}","{\"0\":-1,\"1\":2,\"2\":[823,705,-1,460,460,{\"122\":\"\",\"242\":25,\"\":\"tq\",\"1.6171120991969966e+308\":9.844996932392917e+307}]}","{\"0\":460,\"1\":3,\"2\":[823,705,-1,460,460,{\"122\":\"\",\"242\":25,\"\":\"tq\",\"1.6171120991969966e+308\":9.844996932392917e+307}]}","{\"0\":460,\"1\":4,\"2\":[823,705,-1,460,460,{\"122\":\"\",\"242\":25,\"\":\"tq\",\"1.6171120991969966e+308\":9.844996932392917e+307}]}","{\"0\":{\"122\":\"\",\"242\":25,\"\":\"tq\",\"1.6171120991969966e+308\":9.844996932392917e+307},\"1\":5,\"2\":[823,705,-1,460,460,{\"122\":\"\",\"242\":25,\"\":\"tq\",\"1.6171120991969966e+308\":9.844996932392917e+307}]}","{\"0\":823,\"1\":0,\"2\":[823,705,-1,460,460,25]}","{\"0\":null,\"1\":0,\"2\":[null,null,null,null,null,null]}","{\"0\":null,\"1\":1,\"2\":[null,null,null,null,null,null]}","{\"0\":null,\"1\":2,\"2\":[null,null,null,null,null,null]}","{\"0\":null,\"1\":3,\"2\":[null,null,null,null,null,null]}","{\"0\":null,\"1\":4,\"2\":[null,null,null,null,null,null]}","{\"0\":null,\"1\":5,\"2\":[null,null,null,null,null,null]}"]}