{"baseObjects":["[\"v&\",\"pY\",122,714]","[\"v&\",\"pY\",122,714]","[\"v&\",\"pY\",122,714]","[1.1136290511487343e+308,\"NaNv&,pY,122,714\",\"61v&,pY,122,714\",\"238v&,pY,122,714\"]"],"returnObjects":["[1.1136290511487343e+308,\"NaNv&,pY,122,714\",\"61v&,pY,122,714\",\"238v&,pY,122,714\"]","\"Error\"","\"Error\"","\"Error\""],"callbackArgs":["{\"0\":\"v&\",\"1\":0,\"2\":[\"v&\",\"pY\",122,714]}","{\"0\":\"pY\",\"1\":1,\"2\":[\"v&\",\"pY\",122,714]}","{\"0\":122,\"1\":2,\"2\":[\"v&\",\"pY\",122,714]}","{\"0\":714,\"1\":3,\"2\":[\"v&\",\"pY\",122,714]}","{\"0\":\"v&\",\"1\":0,\"2\":[\"v&\",\"pY\",122,714]}","{\"0\":\"NaNv&,pY,122,714\",\"1\":0,\"2\":[\"NaNv&,pY,122,714\",\"NaNv&,pY,122,714\",\"61v&,pY,122,714\",\"238v&,pY,122,714\"]}"]}