{"baseObjects":["[595,627,627,122,\"{-+A\",705,59,100]","[595,627,627,122,157,705,59,100,1.4219448495140927e+308]","[null,null,null,null,null,null,null,null]","[595,627,627,122,157,705,59,100]"],"returnObjects":["[null,null,null,null,null,null,null,null]","[null,null,null,null,null,null,null,null]","[null,null,null,null,null,null,null,null]","[null,null,null,null,null,null,null,null]"],"callbackArgs":["{\"0\":595,\"1\":0,\"2\":[595,627,627,122,157,705,59,100]}","{\"0\":627,\"1\":1,\"2\":[595,627,627,122,\"{-+A\",705,59,100]}","{\"0\":627,\"1\":2,\"2\":[595,627,627,122,\"{-+A\",705,59,100]}","{\"0\":122,\"1\":3,\"2\":[595,627,627,122,\"{-+A\",705,59,100]}","{\"0\":\"{-+A\",\"1\":4,\"2\":[595,627,627,122,\"{-+A\",705,59,100]}","{\"0\":705,\"1\":5,\"2\":[595,627,627,122,\"{-+A\",705,59,100]}","{\"0\":59,\"1\":6,\"2\":[595,627,627,122,\"{-+A\",705,59,100]}","{\"0\":100,\"1\":7,\"2\":[595,627,627,122,\"{-+A\",705,59,100]}","{\"0\":595,\"1\":0,\"2\":[595,627,627,122,157,705,59,100]}","{\"0\":627,\"1\":1,\"2\":[595,627,627,122,157,705,59,100,1.4219448495140927e+308]}","{\"0\":627,\"1\":2,\"2\":[595,627,627,122,157,705,59,100,1.4219448495140927e+308]}","{\"0\":122,\"1\":3,\"2\":[595,627,627,122,157,705,59,100,1.4219448495140927e+308]}","{\"0\":157,\"1\":4,\"2\":[595,627,627,122,157,705,59,100,1.4219448495140927e+308]}","{\"0\":705,\"1\":5,\"2\":[595,627,627,122,157,705,59,100,1.4219448495140927e+308]}","{\"0\":59,\"1\":6,\"2\":[595,627,627,122,157,705,59,100,1.4219448495140927e+308]}","{\"0\":100,\"1\":7,\"2\":[595,627,627,122,157,705,59,100,1.4219448495140927e+308]}","{\"0\":null,\"1\":0,\"2\":[null,null,null,null,null,null,null,null]}","{\"0\":null,\"1\":1,\"2\":[null,null,null,null,null,null,null,null]}","{\"0\":null,\"1\":2,\"2\":[null,null,null,null,null,null,null,null]}","{\"0\":null,\"1\":3,\"2\":[null,null,null,null,null,null,null,null]}","{\"0\":null,\"1\":4,\"2\":[null,null,null,null,null,null,null,null]}","{\"0\":null,\"1\":5,\"2\":[null,null,null,null,null,null,null,null]}","{\"0\":null,\"1\":6,\"2\":[null,null,null,null,null,null,null,null]}","{\"0\":null,\"1\":7,\"2\":[null,null,null,null,null,null,null,null]}","{\"0\":595,\"1\":0,\"2\":[595,627,627,122,157,705,59,100]}","{\"0\":627,\"1\":1,\"2\":[595,627,627,122,157,705,59,100]}","{\"0\":627,\"1\":2,\"2\":[595,627,627,122,157,705,59,100]}","{\"0\":122,\"1\":3,\"2\":[595,627,627,122,157,705,59,100]}","{\"0\":157,\"1\":4,\"2\":[595,627,627,122,157,705,59,100]}","{\"0\":705,\"1\":5,\"2\":[595,627,627,122,157,705,59,100]}","{\"0\":59,\"1\":6,\"2\":[595,627,627,122,157,705,59,100]}","{\"0\":100,\"1\":7,\"2\":[595,627,627,122,157,705,59,100]}"]}