{"baseObjects":["[100,25,100,157]","[618]","[{\"49\":\"\",\"595\":1.2800771525840365e+308,\"\":\"\",\"Dr\":\"[\",\"7.14770173801727e+307\":\"\",\"jL\":1.0333197941352056e+308,\"1.589852756749253e+308\":0},null,null,{\"25\":\"V\",\"mM)\":460,\"\":4.063926819385979e+307,\"$+P\":705,\"u\":1.0693760843967886e+307,\"O\":7.863433587284906e+307,\"1.2752949752228228e+308\":\"w\",\"1.5106855979975905e+308\":\"{\",\"[{@Y\":\"\",\"l\":\"\"}]","[-618]"],"returnObjects":["[-618]","[{\"49\":\"\",\"595\":1.2800771525840365e+308,\"\":\"\",\"Dr\":\"[\",\"7.14770173801727e+307\":\"\",\"jL\":1.0333197941352056e+308,\"1.589852756749253e+308\":0},null,null,{\"25\":\"V\",\"mM)\":460,\"\":4.063926819385979e+307,\"$+P\":705,\"u\":1.0693760843967886e+307,\"O\":7.863433587284906e+307,\"1.2752949752228228e+308\":\"w\",\"1.5106855979975905e+308\":\"{\",\"[{@Y\":\"\",\"l\":\"\"}]","[null]","\"Error\""],"callbackArgs":["{\"0\":618,\"1\":0,\"2\":[618]}","{\"0\":618,\"1\":0,\"2\":[618]}","{\"0\":618,\"1\":0,\"2\":[618]}","{\"0\":-618,\"1\":0,\"2\":[-618]}"]}