{"baseObjects":["[607,213,705,823,157,783,460,59,\"ZyY\"]","[607,213,null,823,157,783,460,59,213]","[607,213,705,823,157,783,460,59,213,{\"\":1.1538466699389005e+308}]","[null,null,null,null,null,null,null,null,null]"],"returnObjects":["[null,null,null,null,null,null,null,null,\"ZyYNaN\"]","[\"Infinity607,213,,823,157,783,460,59,213\",\"213607,213,,823,157,783,460,59,213\",\"0607,213,,823,157,783,460,59,213\",\"274.3333333333333607,213,,823,157,783,460,59,213\",\"39.25607,213,,823,157,783,460,59,213\",\"156.6607,213,,823,157,783,460,59,213\",\"76.66666666666667607,213,,823,157,783,460,59,213\",\"8.428571428571429607,213,,823,157,783,460,59,213\",\"26.625607,213,,823,157,783,460,59,213\"]","[null,null,null,null,null,null,null,null,null]","\"Error\""],"callbackArgs":["{\"0\":607,\"1\":0,\"2\":[607,213,705,823,157,783,460,59,213]}","{\"0\":213,\"1\":1,\"2\":[607,213,705,823,157,783,460,59,\"ZyY\"]}","{\"0\":705,\"1\":2,\"2\":[607,213,705,823,157,783,460,59,\"ZyY\"]}","{\"0\":823,\"1\":3,\"2\":[607,213,705,823,157,783,460,59,\"ZyY\"]}","{\"0\":157,\"1\":4,\"2\":[607,213,705,823,157,783,460,59,\"ZyY\"]}","{\"0\":783,\"1\":5,\"2\":[607,213,705,823,157,783,460,59,\"ZyY\"]}","{\"0\":460,\"1\":6,\"2\":[607,213,705,823,157,783,460,59,\"ZyY\"]}","{\"0\":59,\"1\":7,\"2\":[607,213,705,823,157,783,460,59,\"ZyY\"]}","{\"0\":\"ZyY\",\"1\":8,\"2\":[607,213,705,823,157,783,460,59,\"ZyY\"]}","{\"0\":607,\"1\":0,\"2\":[607,213,705,823,157,783,460,59,213]}","{\"0\":213,\"1\":1,\"2\":[607,213,null,823,157,783,460,59,213]}","{\"0\":null,\"1\":2,\"2\":[607,213,null,823,157,783,460,59,213]}","{\"0\":823,\"1\":3,\"2\":[607,213,null,823,157,783,460,59,213]}","{\"0\":157,\"1\":4,\"2\":[607,213,null,823,157,783,460,59,213]}","{\"0\":783,\"1\":5,\"2\":[607,213,null,823,157,783,460,59,213]}","{\"0\":460,\"1\":6,\"2\":[607,213,null,823,157,783,460,59,213]}","{\"0\":59,\"1\":7,\"2\":[607,213,null,823,157,783,460,59,213]}","{\"0\":213,\"1\":8,\"2\":[607,213,null,823,157,783,460,59,213]}","{\"0\":607,\"1\":0,\"2\":[607,213,705,823,157,783,460,59,213]}","{\"0\":213,\"1\":1,\"2\":[607,213,705,823,157,783,460,59,213,{\"\":1.1538466699389005e+308}]}","{\"0\":705,\"1\":2,\"2\":[607,213,705,823,157,783,460,59,213,{\"\":1.1538466699389005e+308}]}","{\"0\":823,\"1\":3,\"2\":[607,213,705,823,157,783,460,59,213,{\"\":1.1538466699389005e+308}]}","{\"0\":157,\"1\":4,\"2\":[607,213,705,823,157,783,460,59,213,{\"\":1.1538466699389005e+308}]}","{\"0\":783,\"1\":5,\"2\":[607,213,705,823,157,783,460,59,213,{\"\":1.1538466699389005e+308}]}","{\"0\":460,\"1\":6,\"2\":[607,213,705,823,157,783,460,59,213,{\"\":1.1538466699389005e+308}]}","{\"0\":59,\"1\":7,\"2\":[607,213,705,823,157,783,460,59,213,{\"\":1.1538466699389005e+308}]}","{\"0\":213,\"1\":8,\"2\":[607,213,705,823,157,783,460,59,213,{\"\":1.1538466699389005e+308}]}","{\"0\":null,\"1\":0,\"2\":[null,null,null,null,null,null,null,null,null]}"]}