{"baseObjects":["[\"i`#\",607,\"O|pL\",1.7976931348623157e+308,\"%\"]","[\"i`#\",607,\"O|pL\",1.7976931348623157e+308,\"%\",null,null,null,null,false]","\"P\"","[\"i`#\",607,\"O|pL\",1.7976931348623157e+308,\"%\"]"],"returnObjects":["\"Error\"","[null,null,null,null,null]","[null,null,null,null,null]","[null,null,null,null,null]"],"callbackArgs":["{\"0\":\"i`#\",\"1\":0,\"2\":[\"i`#\",607,\"O|pL\",1.7976931348623157e+308,\"%\"]}","{\"0\":\"i`#\",\"1\":0,\"2\":[\"i`#\",607,\"O|pL\",1.7976931348623157e+308,\"%\"]}","{\"0\":607,\"1\":1,\"2\":[\"i`#\",607,\"O|pL\",1.7976931348623157e+308,\"%\",null,null,null,null,false]}","{\"0\":\"O|pL\",\"1\":2,\"2\":[\"i`#\",607,\"O|pL\",1.7976931348623157e+308,\"%\",null,null,null,null,false]}","{\"0\":1.7976931348623157e+308,\"1\":3,\"2\":[\"i`#\",607,\"O|pL\",1.7976931348623157e+308,\"%\",null,null,null,null,false]}","{\"0\":\"%\",\"1\":4,\"2\":[\"i`#\",607,\"O|pL\",1.7976931348623157e+308,\"%\",null,null,null,null,false]}","{\"0\":null,\"1\":0,\"2\":[null,null,null,null,null]}","{\"0\":null,\"1\":1,\"2\":[null,null,null,null,null]}","{\"0\":null,\"1\":2,\"2\":[null,null,null,null,null]}","{\"0\":null,\"1\":3,\"2\":[null,null,null,null,null]}","{\"0\":null,\"1\":4,\"2\":[null,null,null,null,null]}","{\"0\":\"i`#\",\"1\":0,\"2\":[\"i`#\",607,\"O|pL\",1.7976931348623157e+308,\"%\"]}","{\"0\":607,\"1\":1,\"2\":[\"i`#\",607,\"O|pL\",1.7976931348623157e+308,\"%\"]}","{\"0\":\"O|pL\",\"1\":2,\"2\":[\"i`#\",607,\"O|pL\",1.7976931348623157e+308,\"%\"]}","{\"0\":1.7976931348623157e+308,\"1\":3,\"2\":[\"i`#\",607,\"O|pL\",1.7976931348623157e+308,\"%\"]}","{\"0\":\"%\",\"1\":4,\"2\":[\"i`#\",607,\"O|pL\",1.7976931348623157e+308,\"%\"]}"]}