{"baseObjects":["[213,1.7976931348623157e+308,705,714]","[\"Infinity213,1.7976931348623157e+308,705,714\",\"1.7976931348623157e+308213,1.7976931348623157e+308,705,714\",\"352.5213,1.7976931348623157e+308,705,714\",\"238213,1.7976931348623157e+308,705,714\"]","[\"Infinity213,1.7976931348623157e+308,705,714\",\"1.7976931348623157e+308213,1.7976931348623157e+308,705,714\",\"352.5213,1.7976931348623157e+308,705,714\",\"238213,1.7976931348623157e+308,705,714\"]","[213,1.7976931348623157e+308,705,714]"],"returnObjects":["[\"Infinity213,1.7976931348623157e+308,705,714\",\"1.7976931348623157e+308213,1.7976931348623157e+308,705,714\",\"352.5213,1.7976931348623157e+308,705,714\",\"238213,1.7976931348623157e+308,705,714\"]","[null,null,null,null]","[null,null,null,null]","\"Error\""],"callbackArgs":["{\"0\":213,\"1\":0,\"2\":[213,1.7976931348623157e+308,705,714]}","{\"0\":1.7976931348623157e+308,\"1\":1,\"2\":[213,1.7976931348623157e+308,705,714]}","{\"0\":705,\"1\":2,\"2\":[213,1.7976931348623157e+308,705,714]}","{\"0\":714,\"1\":3,\"2\":[213,1.7976931348623157e+308,705,714]}","{\"0\":\"Infinity213,1.7976931348623157e+308,705,714\",\"1\":0,\"2\":[\"Infinity213,1.7976931348623157e+308,705,714\",\"1.7976931348623157e+308213,1.7976931348623157e+308,705,714\",\"352.5213,1.7976931348623157e+308,705,714\",\"238213,1.7976931348623157e+308,705,714\"]}","{\"0\":\"1.7976931348623157e+308213,1.7976931348623157e+308,705,714\",\"1\":1,\"2\":[\"Infinity213,1.7976931348623157e+308,705,714\",\"1.7976931348623157e+308213,1.7976931348623157e+308,705,714\",\"352.5213,1.7976931348623157e+308,705,714\",\"238213,1.7976931348623157e+308,705,714\"]}","{\"0\":\"352.5213,1.7976931348623157e+308,705,714\",\"1\":2,\"2\":[\"Infinity213,1.7976931348623157e+308,705,714\",\"1.7976931348623157e+308213,1.7976931348623157e+308,705,714\",\"352.5213,1.7976931348623157e+308,705,714\",\"238213,1.7976931348623157e+308,705,714\"]}","{\"0\":\"238213,1.7976931348623157e+308,705,714\",\"1\":3,\"2\":[\"Infinity213,1.7976931348623157e+308,705,714\",\"1.7976931348623157e+308213,1.7976931348623157e+308,705,714\",\"352.5213,1.7976931348623157e+308,705,714\",\"238213,1.7976931348623157e+308,705,714\"]}","{\"0\":\"Infinity213,1.7976931348623157e+308,705,714\",\"1\":0,\"2\":[\"Infinity213,1.7976931348623157e+308,705,714\",\"1.7976931348623157e+308213,1.7976931348623157e+308,705,714\",\"352.5213,1.7976931348623157e+308,705,714\",\"238213,1.7976931348623157e+308,705,714\"]}","{\"0\":\"1.7976931348623157e+308213,1.7976931348623157e+308,705,714\",\"1\":1,\"2\":[\"Infinity213,1.7976931348623157e+308,705,714\",\"1.7976931348623157e+308213,1.7976931348623157e+308,705,714\",\"352.5213,1.7976931348623157e+308,705,714\",\"238213,1.7976931348623157e+308,705,714\"]}","{\"0\":\"352.5213,1.7976931348623157e+308,705,714\",\"1\":2,\"2\":[\"Infinity213,1.7976931348623157e+308,705,714\",\"1.7976931348623157e+308213,1.7976931348623157e+308,705,714\",\"352.5213,1.7976931348623157e+308,705,714\",\"238213,1.7976931348623157e+308,705,714\"]}","{\"0\":\"238213,1.7976931348623157e+308,705,714\",\"1\":3,\"2\":[\"Infinity213,1.7976931348623157e+308,705,714\",\"1.7976931348623157e+308213,1.7976931348623157e+308,705,714\",\"352.5213,1.7976931348623157e+308,705,714\",\"238213,1.7976931348623157e+308,705,714\"]}","{\"0\":213,\"1\":0,\"2\":[213,1.7976931348623157e+308,705,714]}"]}