{"baseObjects":["[-100,100]","[-100,\"\",null,null,null,null,[714,0,100,1.7976931348623157e+308,655,403,618,627]]","[-100,100]","[\"0-100,,,,,,714,0,100,1.7976931348623157e+308,655,403,618,627\",\"0-100,,,,,,714,0,100,1.7976931348623157e+308,655,403,618,627\"]"],"returnObjects":["\"Error\"","[\"0-100,,,,,,714,0,100,1.7976931348623157e+308,655,403,618,627\",\"0-100,,,,,,714,0,100,1.7976931348623157e+308,655,403,618,627\"]","\"Error\"","\"Error\""],"callbackArgs":["{\"0\":-100,\"1\":0,\"2\":[-100,100]}","{\"0\":-100,\"1\":0,\"2\":[-100,100]}","{\"0\":\"\",\"1\":1,\"2\":[-100,\"\",null,null,null,null,[714,0,100,1.7976931348623157e+308,655,403,618,627]]}","{\"0\":-100,\"1\":0,\"2\":[-100,100]}","{\"0\":\"0-100,,,,,,714,0,100,1.7976931348623157e+308,655,403,618,627\",\"1\":0,\"2\":[\"0-100,,,,,,714,0,100,1.7976931348623157e+308,655,403,618,627\",\"0-100,,,,,,714,0,100,1.7976931348623157e+308,655,403,618,627\"]}"]}