{"baseObjects":["[157,49,823,843,618,25]","[157,49,823,843,618,25]","[157,49,823,843,618,25,null,{\"100\":\"\",\"1.5851807816255282e+308\":\"i0>\",\"5.772440650126427e+307\":783,\"\":5.28233942806119e+307,\"1.453429114424213e+308\":823,\"a'\":\"\",\"1.9349160088418642e+307\":-1}]","[157,49,823,843,618,25]"],"returnObjects":["\"Error\"","\"Error\"","[null,null,null,null,null,null]","[null,null,null,null,null,null]"],"callbackArgs":["{\"0\":157,\"1\":0,\"2\":[157,49,823,843,618,25]}","{\"0\":157,\"1\":0,\"2\":[157,49,823,843,618,25]}","{\"0\":157,\"1\":0,\"2\":[157,49,823,843,618,25]}","{\"0\":49,\"1\":1,\"2\":[157,49,823,843,618,25,null,{\"100\":\"\",\"1.5851807816255282e+308\":\"i0>\",\"5.772440650126427e+307\":783,\"\":5.28233942806119e+307,\"1.453429114424213e+308\":823,\"a'\":\"\",\"1.9349160088418642e+307\":-1}]}","{\"0\":823,\"1\":2,\"2\":[157,49,823,843,618,25,null,{\"100\":\"\",\"1.5851807816255282e+308\":\"i0>\",\"5.772440650126427e+307\":783,\"\":5.28233942806119e+307,\"1.453429114424213e+308\":823,\"a'\":\"\",\"1.9349160088418642e+307\":-1}]}","{\"0\":843,\"1\":3,\"2\":[157,49,823,843,618,25,null,{\"100\":\"\",\"1.5851807816255282e+308\":\"i0>\",\"5.772440650126427e+307\":783,\"\":5.28233942806119e+307,\"1.453429114424213e+308\":823,\"a'\":\"\",\"1.9349160088418642e+307\":-1}]}","{\"0\":618,\"1\":4,\"2\":[157,49,823,843,618,25,null,{\"100\":\"\",\"1.5851807816255282e+308\":\"i0>\",\"5.772440650126427e+307\":783,\"\":5.28233942806119e+307,\"1.453429114424213e+308\":823,\"a'\":\"\",\"1.9349160088418642e+307\":-1}]}","{\"0\":25,\"1\":5,\"2\":[157,49,823,843,618,25,null,{\"100\":\"\",\"1.5851807816255282e+308\":\"i0>\",\"5.772440650126427e+307\":783,\"\":5.28233942806119e+307,\"1.453429114424213e+308\":823,\"a'\":\"\",\"1.9349160088418642e+307\":-1}]}","{\"0\":157,\"1\":0,\"2\":[157,49,823,843,618,25]}","{\"0\":49,\"1\":1,\"2\":[157,49,823,843,618,25]}","{\"0\":823,\"1\":2,\"2\":[157,49,823,843,618,25]}","{\"0\":843,\"1\":3,\"2\":[157,49,823,843,618,25]}","{\"0\":618,\"1\":4,\"2\":[157,49,823,843,618,25]}","{\"0\":25,\"1\":5,\"2\":[157,49,823,843,618,25]}"]}