{"baseObjects":["[893,{\"100\":893,\"714\":\"5\",\"4.3827238711509515e+307\":1.2652230436260715e+308,\"\":893},122,607,-100,783,-100,1.7976931348623157e+308,100]","[893,655,122,607,-100,{\"5.531751439231227e+307\":49,\"\":\"\"},-100,1.7976931348623157e+308,100]","[893,{\"705\":1.5649461157878665e+308,\"U\":\"\",\"\":\":\",\"Z\":3.374378380047547e+307,\"1.010826875121943e+308\":\"l\"},122,607,-100,783,-100,1.7976931348623157e+308,100]","[null,null,{\"a\":1.2908498570980348e+308,\"z+7\":1.414936744240706e+308},null,null,null,null,null,null]"],"returnObjects":["[null,\"[object Object]NaN\",null,null,null,null,null,null,null]","[null,null,null,null,null,null,null,null,null]","[null,null,{\"a\":1.2908498570980348e+308,\"z+7\":1.414936744240706e+308},null,null,null,null,null,null]","[null,null,null,null,null,null,null,null,null]"],"callbackArgs":["{\"0\":893,\"1\":0,\"2\":[893,655,122,607,-100,783,-100,1.7976931348623157e+308,100]}","{\"0\":{\"100\":893,\"714\":\"5\",\"4.3827238711509515e+307\":1.2652230436260715e+308,\"\":893},\"1\":1,\"2\":[893,{\"100\":893,\"714\":\"5\",\"4.3827238711509515e+307\":1.2652230436260715e+308,\"\":893},122,607,-100,783,-100,1.7976931348623157e+308,100]}","{\"0\":122,\"1\":2,\"2\":[893,{\"100\":893,\"714\":\"5\",\"4.3827238711509515e+307\":1.2652230436260715e+308,\"\":893},122,607,-100,783,-100,1.7976931348623157e+308,100]}","{\"0\":607,\"1\":3,\"2\":[893,{\"100\":893,\"714\":\"5\",\"4.3827238711509515e+307\":1.2652230436260715e+308,\"\":893},122,607,-100,783,-100,1.7976931348623157e+308,100]}","{\"0\":-100,\"1\":4,\"2\":[893,{\"100\":893,\"714\":\"5\",\"4.3827238711509515e+307\":1.2652230436260715e+308,\"\":893},122,607,-100,783,-100,1.7976931348623157e+308,100]}","{\"0\":783,\"1\":5,\"2\":[893,{\"100\":893,\"714\":\"5\",\"4.3827238711509515e+307\":1.2652230436260715e+308,\"\":893},122,607,-100,783,-100,1.7976931348623157e+308,100]}","{\"0\":-100,\"1\":6,\"2\":[893,{\"100\":893,\"714\":\"5\",\"4.3827238711509515e+307\":1.2652230436260715e+308,\"\":893},122,607,-100,783,-100,1.7976931348623157e+308,100]}","{\"0\":1.7976931348623157e+308,\"1\":7,\"2\":[893,{\"100\":893,\"714\":\"5\",\"4.3827238711509515e+307\":1.2652230436260715e+308,\"\":893},122,607,-100,783,-100,1.7976931348623157e+308,100]}","{\"0\":100,\"1\":8,\"2\":[893,{\"100\":893,\"714\":\"5\",\"4.3827238711509515e+307\":1.2652230436260715e+308,\"\":893},122,607,-100,783,-100,1.7976931348623157e+308,100]}","{\"0\":893,\"1\":0,\"2\":[893,655,122,607,-100,783,-100,1.7976931348623157e+308,100]}","{\"0\":655,\"1\":1,\"2\":[893,655,122,607,-100,{\"5.531751439231227e+307\":49,\"\":\"\"},-100,1.7976931348623157e+308,100]}","{\"0\":122,\"1\":2,\"2\":[893,655,122,607,-100,{\"5.531751439231227e+307\":49,\"\":\"\"},-100,1.7976931348623157e+308,100]}","{\"0\":607,\"1\":3,\"2\":[893,655,122,607,-100,{\"5.531751439231227e+307\":49,\"\":\"\"},-100,1.7976931348623157e+308,100]}","{\"0\":-100,\"1\":4,\"2\":[893,655,122,607,-100,{\"5.531751439231227e+307\":49,\"\":\"\"},-100,1.7976931348623157e+308,100]}","{\"0\":{\"5.531751439231227e+307\":49,\"\":\"\"},\"1\":5,\"2\":[893,655,122,607,-100,{\"5.531751439231227e+307\":49,\"\":\"\"},-100,1.7976931348623157e+308,100]}","{\"0\":-100,\"1\":6,\"2\":[893,655,122,607,-100,{\"5.531751439231227e+307\":49,\"\":\"\"},-100,1.7976931348623157e+308,100]}","{\"0\":1.7976931348623157e+308,\"1\":7,\"2\":[893,655,122,607,-100,{\"5.531751439231227e+307\":49,\"\":\"\"},-100,1.7976931348623157e+308,100]}","{\"0\":100,\"1\":8,\"2\":[893,655,122,607,-100,{\"5.531751439231227e+307\":49,\"\":\"\"},-100,1.7976931348623157e+308,100]}","{\"0\":893,\"1\":0,\"2\":[893,655,122,607,-100,783,-100,1.7976931348623157e+308,100]}","{\"0\":{\"705\":1.5649461157878665e+308,\"U\":\"\",\"\":\":\",\"Z\":3.374378380047547e+307,\"1.010826875121943e+308\":\"l\"},\"1\":1,\"2\":[893,{\"705\":1.5649461157878665e+308,\"U\":\"\",\"\":\":\",\"Z\":3.374378380047547e+307,\"1.010826875121943e+308\":\"l\"},122,607,-100,783,-100,1.7976931348623157e+308,100]}","{\"0\":122,\"1\":2,\"2\":[893,{\"705\":1.5649461157878665e+308,\"U\":\"\",\"\":\":\",\"Z\":3.374378380047547e+307,\"1.010826875121943e+308\":\"l\"},122,607,-100,783,-100,1.7976931348623157e+308,100]}","{\"0\":607,\"1\":3,\"2\":[893,{\"705\":1.5649461157878665e+308,\"U\":\"\",\"\":\":\",\"Z\":3.374378380047547e+307,\"1.010826875121943e+308\":\"l\"},122,607,-100,783,-100,1.7976931348623157e+308,100]}","{\"0\":-100,\"1\":4,\"2\":[893,{\"705\":1.5649461157878665e+308,\"U\":\"\",\"\":\":\",\"Z\":3.374378380047547e+307,\"1.010826875121943e+308\":\"l\"},122,607,-100,783,-100,1.7976931348623157e+308,100]}","{\"0\":783,\"1\":5,\"2\":[893,{\"705\":1.5649461157878665e+308,\"U\":\"\",\"\":\":\",\"Z\":3.374378380047547e+307,\"1.010826875121943e+308\":\"l\"},122,607,-100,783,-100,1.7976931348623157e+308,100]}","{\"0\":-100,\"1\":6,\"2\":[893,{\"705\":1.5649461157878665e+308,\"U\":\"\",\"\":\":\",\"Z\":3.374378380047547e+307,\"1.010826875121943e+308\":\"l\"},122,607,-100,783,-100,1.7976931348623157e+308,100]}","{\"0\":1.7976931348623157e+308,\"1\":7,\"2\":[893,{\"705\":1.5649461157878665e+308,\"U\":\"\",\"\":\":\",\"Z\":3.374378380047547e+307,\"1.010826875121943e+308\":\"l\"},122,607,-100,783,-100,1.7976931348623157e+308,100]}","{\"0\":100,\"1\":8,\"2\":[893,{\"705\":1.5649461157878665e+308,\"U\":\"\",\"\":\":\",\"Z\":3.374378380047547e+307,\"1.010826875121943e+308\":\"l\"},122,607,-100,783,-100,1.7976931348623157e+308,100]}","{\"0\":null,\"1\":0,\"2\":[null,null,null,null,null,null,null,null,null]}","{\"0\":null,\"1\":1,\"2\":[null,null,{\"a\":1.2908498570980348e+308,\"z+7\":1.414936744240706e+308},null,null,null,null,null,null]}","{\"0\":{\"a\":1.2908498570980348e+308,\"z+7\":1.414936744240706e+308},\"1\":2,\"2\":[null,null,{\"a\":1.2908498570980348e+308,\"z+7\":1.414936744240706e+308},null,null,null,null,null,null]}","{\"0\":null,\"1\":3,\"2\":[null,null,{\"a\":1.2908498570980348e+308,\"z+7\":1.414936744240706e+308},null,null,null,null,null,null]}","{\"0\":null,\"1\":4,\"2\":[null,null,{\"a\":1.2908498570980348e+308,\"z+7\":1.414936744240706e+308},null,null,null,null,null,null]}","{\"0\":null,\"1\":5,\"2\":[null,null,{\"a\":1.2908498570980348e+308,\"z+7\":1.414936744240706e+308},null,null,null,null,null,null]}","{\"0\":null,\"1\":6,\"2\":[null,null,{\"a\":1.2908498570980348e+308,\"z+7\":1.414936744240706e+308},null,null,null,null,null,null]}","{\"0\":null,\"1\":7,\"2\":[null,null,{\"a\":1.2908498570980348e+308,\"z+7\":1.414936744240706e+308},null,null,null,null,null,null]}","{\"0\":null,\"1\":8,\"2\":[null,null,{\"a\":1.2908498570980348e+308,\"z+7\":1.414936744240706e+308},null,null,null,null,null,null]}"]}