{"baseObjects":["[\"CJO\",823,\"[n\",\"JE\",\"{\",null,{\"RQv\":\"<|Z\",\"\":6.288795987398774e+307,\"1.514578300169574e+306\":1.1039618384423967e+308,\"4.228317582149249e+307\":3.8768196110444365e+307}]","[true,823,\"[n\",\"JE\",\"{\"]","[null,null,null,null,null]","[null,null,null,null,null]"],"returnObjects":["[null,null,null,null,null]","[null,null,null,null,null]","[null,null,null,null,null]","[null,null,null,null,null]"],"callbackArgs":["{\"0\":\"CJO\",\"1\":0,\"2\":[\"CJO\",823,\"[n\",\"JE\",\"{\"]}","{\"0\":823,\"1\":1,\"2\":[\"CJO\",823,\"[n\",\"JE\",\"{\",null,{\"RQv\":\"<|Z\",\"\":6.288795987398774e+307,\"1.514578300169574e+306\":1.1039618384423967e+308,\"4.228317582149249e+307\":3.8768196110444365e+307}]}","{\"0\":\"[n\",\"1\":2,\"2\":[\"CJO\",823,\"[n\",\"JE\",\"{\",null,{\"RQv\":\"<|Z\",\"\":6.288795987398774e+307,\"1.514578300169574e+306\":1.1039618384423967e+308,\"4.228317582149249e+307\":3.8768196110444365e+307}]}","{\"0\":\"JE\",\"1\":3,\"2\":[\"CJO\",823,\"[n\",\"JE\",\"{\",null,{\"RQv\":\"<|Z\",\"\":6.288795987398774e+307,\"1.514578300169574e+306\":1.1039618384423967e+308,\"4.228317582149249e+307\":3.8768196110444365e+307}]}","{\"0\":\"{\",\"1\":4,\"2\":[\"CJO\",823,\"[n\",\"JE\",\"{\",null,{\"RQv\":\"<|Z\",\"\":6.288795987398774e+307,\"1.514578300169574e+306\":1.1039618384423967e+308,\"4.228317582149249e+307\":3.8768196110444365e+307}]}","{\"0\":\"CJO\",\"1\":0,\"2\":[\"CJO\",823,\"[n\",\"JE\",\"{\"]}","{\"0\":823,\"1\":1,\"2\":[true,823,\"[n\",\"JE\",\"{\"]}","{\"0\":\"[n\",\"1\":2,\"2\":[true,823,\"[n\",\"JE\",\"{\"]}","{\"0\":\"JE\",\"1\":3,\"2\":[true,823,\"[n\",\"JE\",\"{\"]}","{\"0\":\"{\",\"1\":4,\"2\":[true,823,\"[n\",\"JE\",\"{\"]}","{\"0\":null,\"1\":0,\"2\":[null,null,null,null,null]}","{\"0\":null,\"1\":1,\"2\":[null,null,null,null,null]}","{\"0\":null,\"1\":2,\"2\":[null,null,null,null,null]}","{\"0\":null,\"1\":3,\"2\":[null,null,null,null,null]}","{\"0\":null,\"1\":4,\"2\":[null,null,null,null,null]}","{\"0\":null,\"1\":0,\"2\":[null,null,null,null,null]}","{\"0\":null,\"1\":1,\"2\":[null,null,null,null,null]}","{\"0\":null,\"1\":2,\"2\":[null,null,null,null,null]}","{\"0\":null,\"1\":3,\"2\":[null,null,null,null,null]}","{\"0\":null,\"1\":4,\"2\":[null,null,null,null,null]}"]}