{"baseObjects":["[100,1.7976931348623157e+308,1.7976931348623157e+308,59,783]","[null,null,null,null,null,null,null,{\"25\":0,\"2.732070959848452e+307\":\"\"}]","[]","[]"],"returnObjects":["[null,null,null,null,null,null,null,{\"25\":0,\"2.732070959848452e+307\":\"\"}]","[]","[\"NaN\",null,null,null,null]","[]"],"callbackArgs":["{\"0\":100,\"1\":0,\"2\":[100,1.7976931348623157e+308,1.7976931348623157e+308,59,783]}","{\"0\":1.7976931348623157e+308,\"1\":1,\"2\":[100,1.7976931348623157e+308,1.7976931348623157e+308,59,783]}","{\"0\":1.7976931348623157e+308,\"1\":2,\"2\":[100,1.7976931348623157e+308,1.7976931348623157e+308,59,783]}","{\"0\":59,\"1\":3,\"2\":[100,1.7976931348623157e+308,1.7976931348623157e+308,59,783]}","{\"0\":783,\"1\":4,\"2\":[100,1.7976931348623157e+308,1.7976931348623157e+308,59,783]}","{\"0\":null,\"1\":0,\"2\":[null,null,null,null,null]}","{\"0\":null,\"1\":1,\"2\":[null,null,null,null,null,null,null,{\"25\":0,\"2.732070959848452e+307\":\"\"}]}","{\"0\":null,\"1\":2,\"2\":[null,null,null,null,null,null,null,{\"25\":0,\"2.732070959848452e+307\":\"\"}]}","{\"0\":null,\"1\":3,\"2\":[null,null,null,null,null,null,null,{\"25\":0,\"2.732070959848452e+307\":\"\"}]}","{\"0\":null,\"1\":4,\"2\":[null,null,null,null,null,null,null,{\"25\":0,\"2.732070959848452e+307\":\"\"}]}","{\"0\":\"NaNNaN,NaN,NaN,NaN,NaN,,,[object Object]\",\"1\":0,\"2\":[\"NaNNaN,NaN,NaN,NaN,NaN,,,[object Object]\",\"NaNNaN,NaN,NaN,NaN,NaN,,,[object Object]\",\"NaNNaN,NaN,NaN,NaN,NaN,,,[object Object]\",\"NaNNaN,NaN,NaN,NaN,NaN,,,[object Object]\",\"NaNNaN,NaN,NaN,NaN,NaN,,,[object Object]\"]}"]}