{"baseObjects":["[157,627,618,242,null,null,5.079713462813522e+307]","[157,627,618,242]","[null,null,null,null]","[null,null,null,null]"],"returnObjects":["[null,null,null,null]","[null,null,null,null]","[null,null,null,null]","\"Error\""],"callbackArgs":["{\"0\":157,\"1\":0,\"2\":[157,627,618,242]}","{\"0\":627,\"1\":1,\"2\":[157,627,618,242,null,null,5.079713462813522e+307]}","{\"0\":618,\"1\":2,\"2\":[157,627,618,242,null,null,5.079713462813522e+307]}","{\"0\":242,\"1\":3,\"2\":[157,627,618,242,null,null,5.079713462813522e+307]}","{\"0\":157,\"1\":0,\"2\":[157,627,618,242]}","{\"0\":627,\"1\":1,\"2\":[157,627,618,242]}","{\"0\":618,\"1\":2,\"2\":[157,627,618,242]}","{\"0\":242,\"1\":3,\"2\":[157,627,618,242]}","{\"0\":null,\"1\":0,\"2\":[null,null,null,null]}","{\"0\":null,\"1\":1,\"2\":[null,null,null,null]}","{\"0\":null,\"1\":2,\"2\":[null,null,null,null]}","{\"0\":null,\"1\":3,\"2\":[null,null,null,null]}","{\"0\":null,\"1\":0,\"2\":[null,null,null,null]}"]}