{"baseObjects":["[627,242,100,213,843]","{\"595\":618,\"893\":\"f\",\"\":\"\",\"5.009845743866708e+307\":\"\",\"wh\":\"W4x;\",\"6.914503957325654e+307\":\"\"}","[\"627627,242,100,213,843\",\"241627,242,100,213,843\",\"98627,242,100,213,843\",\"210627,242,100,213,843\",\"839627,242,100,213,843\"]","[\"627627,242,100,213,843\",\"241627,242,100,213,843\",\"98627,242,100,213,843\",\"210627,242,100,213,843\",\"839627,242,100,213,843\"]"],"returnObjects":["\"Error\"","[\"627627,242,100,213,843\",\"241627,242,100,213,843\",\"98627,242,100,213,843\",\"210627,242,100,213,843\",\"839627,242,100,213,843\"]","\"Error\"","\"Error\""],"callbackArgs":["{\"0\":627,\"1\":0,\"2\":[627,242,100,213,843]}","{\"0\":627,\"1\":0,\"2\":[627,242,100,213,843]}","{\"0\":242,\"1\":1,\"2\":[627,242,100,213,843]}","{\"0\":100,\"1\":2,\"2\":[627,242,100,213,843]}","{\"0\":213,\"1\":3,\"2\":[627,242,100,213,843]}","{\"0\":843,\"1\":4,\"2\":[627,242,100,213,843]}","{\"0\":\"627627,242,100,213,843\",\"1\":0,\"2\":[\"627627,242,100,213,843\",\"241627,242,100,213,843\",\"98627,242,100,213,843\",\"210627,242,100,213,843\",\"839627,242,100,213,843\"]}","{\"0\":\"627627,242,100,213,843\",\"1\":0,\"2\":[\"627627,242,100,213,843\",\"241627,242,100,213,843\",\"98627,242,100,213,843\",\"210627,242,100,213,843\",\"839627,242,100,213,843\"]}"]}