{"baseObjects":["[607,242]","[\"607607,242\",\"243607,242\"]","[[59,-1,242,893,783,1.7976931348623157e+308,5e-324],null]","[[59,-1,242,893,783,1.7976931348623157e+308,5e-324],null]"],"returnObjects":["[\"607607,242\",\"243607,242\"]","[[59,-1,242,893,783,1.7976931348623157e+308,5e-324],null]","\"Error\"","\"Error\""],"callbackArgs":["{\"0\":607,\"1\":0,\"2\":[607,242]}","{\"0\":242,\"1\":1,\"2\":[607,242]}","{\"0\":\"607607,242\",\"1\":0,\"2\":[\"607607,242\",\"243607,242\"]}","{\"0\":\"243607,242\",\"1\":1,\"2\":[\"607607,242\",\"243607,242\"]}","{\"0\":null,\"1\":0,\"2\":[null,null]}","{\"0\":[59,-1,242,893,783,1.7976931348623157e+308,5e-324],\"1\":0,\"2\":[[59,-1,242,893,783,1.7976931348623157e+308,5e-324],null]}"]}