{"baseObjects":["[]","[242,969,618,607,null,null,null,null,[\"}N |\",893,969,-100,\"j\",\"ldXL]:\",213,783,25]]","[242,969,618,607,null,null,null,6.605704619555755e+307]","[null,null,null,null]"],"returnObjects":["[null,null,null,null]","[null,null,null,null]","[null,null,null,null]","\"Error\""],"callbackArgs":["{\"0\":242,\"1\":0,\"2\":[242,969,618,607]}","{\"0\":242,\"1\":0,\"2\":[242,969,618,607]}","{\"0\":969,\"1\":1,\"2\":[242,969,618,607,null,null,null,null,[\"}N |\",893,969,-100,\"j\",\"ldXL]:\",213,783,25]]}","{\"0\":618,\"1\":2,\"2\":[242,969,618,607,null,null,null,null,[\"}N |\",893,969,-100,\"j\",\"ldXL]:\",213,783,25]]}","{\"0\":607,\"1\":3,\"2\":[242,969,618,607,null,null,null,null,[\"}N |\",893,969,-100,\"j\",\"ldXL]:\",213,783,25]]}","{\"0\":242,\"1\":0,\"2\":[242,969,618,607]}","{\"0\":969,\"1\":1,\"2\":[242,969,618,607,null,null,null,6.605704619555755e+307]}","{\"0\":618,\"1\":2,\"2\":[242,969,618,607,null,null,null,6.605704619555755e+307]}","{\"0\":607,\"1\":3,\"2\":[242,969,618,607,null,null,null,6.605704619555755e+307]}","{\"0\":null,\"1\":0,\"2\":[null,null,null,null]}"]}