{"baseObjects":["[0,714,25,627,0,59,1.7976931348623157e+308,242,1.7976931348623157e+308]","[\"00,714,25,627,0,59,1.7976931348623157e+308,242,1.7976931348623157e+308\",\"7130,714,25,627,0,59,1.7976931348623157e+308,242,1.7976931348623157e+308\",\"230,714,25,627,0,59,1.7976931348623157e+308,242,1.7976931348623157e+308\",\"6240,714,25,627,0,59,1.7976931348623157e+308,242,1.7976931348623157e+308\",\"-40,714,25,627,0,59,1.7976931348623157e+308,242,1.7976931348623157e+308\",\"540,714,25,627,0,59,1.7976931348623157e+308,242,1.7976931348623157e+308\",\"1.7976931348623157e+3080,714,25,627,0,59,1.7976931348623157e+308,242,1.7976931348623157e+308\",\"2350,714,25,627,0,59,1.7976931348623157e+308,242,1.7976931348623157e+308\",\"1.7976931348623157e+3080,714,25,627,0,59,1.7976931348623157e+308,242,1.7976931348623157e+308\"]","[null,null,null,null,null,null,null,null,null]","[null,null,null,null,null,null,null,null,null]"],"returnObjects":["[\"00,714,25,627,0,59,1.7976931348623157e+308,242,1.7976931348623157e+308\",\"7130,714,25,627,0,59,1.7976931348623157e+308,242,1.7976931348623157e+308\",\"230,714,25,627,0,59,1.7976931348623157e+308,242,1.7976931348623157e+308\",\"6240,714,25,627,0,59,1.7976931348623157e+308,242,1.7976931348623157e+308\",\"-40,714,25,627,0,59,1.7976931348623157e+308,242,1.7976931348623157e+308\",\"540,714,25,627,0,59,1.7976931348623157e+308,242,1.7976931348623157e+308\",\"1.7976931348623157e+3080,714,25,627,0,59,1.7976931348623157e+308,242,1.7976931348623157e+308\",\"2350,714,25,627,0,59,1.7976931348623157e+308,242,1.7976931348623157e+308\",\"1.7976931348623157e+3080,714,25,627,0,59,1.7976931348623157e+308,242,1.7976931348623157e+308\"]","[null,null,null,null,null,null,null,null,null]","[null,null,null,null,null,null,null,null,null]","[null,null,null,null,null,null,null,null,null]"],"callbackArgs":["{\"0\":0,\"1\":0,\"2\":[0,714,25,618,0,59,1.7976931348623157e+308,242,1.7976931348623157e+308]}","{\"0\":714,\"1\":1,\"2\":[0,714,25,627,0,59,1.7976931348623157e+308,242,1.7976931348623157e+308]}","{\"0\":25,\"1\":2,\"2\":[0,714,25,627,0,59,1.7976931348623157e+308,242,1.7976931348623157e+308]}","{\"0\":627,\"1\":3,\"2\":[0,714,25,627,0,59,1.7976931348623157e+308,242,1.7976931348623157e+308]}","{\"0\":0,\"1\":4,\"2\":[0,714,25,627,0,59,1.7976931348623157e+308,242,1.7976931348623157e+308]}","{\"0\":59,\"1\":5,\"2\":[0,714,25,627,0,59,1.7976931348623157e+308,242,1.7976931348623157e+308]}","{\"0\":1.7976931348623157e+308,\"1\":6,\"2\":[0,714,25,627,0,59,1.7976931348623157e+308,242,1.7976931348623157e+308]}","{\"0\":242,\"1\":7,\"2\":[0,714,25,627,0,59,1.7976931348623157e+308,242,1.7976931348623157e+308]}","{\"0\":1.7976931348623157e+308,\"1\":8,\"2\":[0,714,25,627,0,59,1.7976931348623157e+308,242,1.7976931348623157e+308]}","{\"0\":\"00,714,25,627,0,59,1.7976931348623157e+308,242,1.7976931348623157e+308\",\"1\":0,\"2\":[\"00,714,25,627,0,59,1.7976931348623157e+308,242,1.7976931348623157e+308\",\"7130,714,25,627,0,59,1.7976931348623157e+308,242,1.7976931348623157e+308\",\"230,714,25,627,0,59,1.7976931348623157e+308,242,1.7976931348623157e+308\",\"6240,714,25,627,0,59,1.7976931348623157e+308,242,1.7976931348623157e+308\",\"-40,714,25,627,0,59,1.7976931348623157e+308,242,1.7976931348623157e+308\",\"540,714,25,627,0,59,1.7976931348623157e+308,242,1.7976931348623157e+308\",\"1.7976931348623157e+3080,714,25,627,0,59,1.7976931348623157e+308,242,1.7976931348623157e+308\",\"2350,714,25,627,0,59,1.7976931348623157e+308,242,1.7976931348623157e+308\",\"1.7976931348623157e+3080,714,25,627,0,59,1.7976931348623157e+308,242,1.7976931348623157e+308\"]}","{\"0\":\"7130,714,25,627,0,59,1.7976931348623157e+308,242,1.7976931348623157e+308\",\"1\":1,\"2\":[\"00,714,25,627,0,59,1.7976931348623157e+308,242,1.7976931348623157e+308\",\"7130,714,25,627,0,59,1.7976931348623157e+308,242,1.7976931348623157e+308\",\"230,714,25,627,0,59,1.7976931348623157e+308,242,1.7976931348623157e+308\",\"6240,714,25,627,0,59,1.7976931348623157e+308,242,1.7976931348623157e+308\",\"-40,714,25,627,0,59,1.7976931348623157e+308,242,1.7976931348623157e+308\",\"540,714,25,627,0,59,1.7976931348623157e+308,242,1.7976931348623157e+308\",\"1.7976931348623157e+3080,714,25,627,0,59,1.7976931348623157e+308,242,1.7976931348623157e+308\",\"2350,714,25,627,0,59,1.7976931348623157e+308,242,1.7976931348623157e+308\",\"1.7976931348623157e+3080,714,25,627,0,59,1.7976931348623157e+308,242,1.7976931348623157e+308\"]}","{\"0\":\"230,714,25,627,0,59,1.7976931348623157e+308,242,1.7976931348623157e+308\",\"1\":2,\"2\":[\"00,714,25,627,0,59,1.7976931348623157e+308,242,1.7976931348623157e+308\",\"7130,714,25,627,0,59,1.7976931348623157e+308,242,1.7976931348623157e+308\",\"230,714,25,627,0,59,1.7976931348623157e+308,242,1.7976931348623157e+308\",\"6240,714,25,627,0,59,1.7976931348623157e+308,242,1.7976931348623157e+308\",\"-40,714,25,627,0,59,1.7976931348623157e+308,242,1.7976931348623157e+308\",\"540,714,25,627,0,59,1.7976931348623157e+308,242,1.7976931348623157e+308\",\"1.7976931348623157e+3080,714,25,627,0,59,1.7976931348623157e+308,242,1.7976931348623157e+308\",\"2350,714,25,627,0,59,1.7976931348623157e+308,242,1.7976931348623157e+308\",\"1.7976931348623157e+3080,714,25,627,0,59,1.7976931348623157e+308,242,1.7976931348623157e+308\"]}","{\"0\":\"6240,714,25,627,0,59,1.7976931348623157e+308,242,1.7976931348623157e+308\",\"1\":3,\"2\":[\"00,714,25,627,0,59,1.7976931348623157e+308,242,1.7976931348623157e+308\",\"7130,714,25,627,0,59,1.7976931348623157e+308,242,1.7976931348623157e+308\",\"230,714,25,627,0,59,1.7976931348623157e+308,242,1.7976931348623157e+308\",\"6240,714,25,627,0,59,1.7976931348623157e+308,242,1.7976931348623157e+308\",\"-40,714,25,627,0,59,1.7976931348623157e+308,242,1.7976931348623157e+308\",\"540,714,25,627,0,59,1.7976931348623157e+308,242,1.7976931348623157e+308\",\"1.7976931348623157e+3080,714,25,627,0,59,1.7976931348623157e+308,242,1.7976931348623157e+308\",\"2350,714,25,627,0,59,1.7976931348623157e+308,242,1.7976931348623157e+308\",\"1.7976931348623157e+3080,714,25,627,0,59,1.7976931348623157e+308,242,1.7976931348623157e+308\"]}","{\"0\":\"-40,714,25,627,0,59,1.7976931348623157e+308,242,1.7976931348623157e+308\",\"1\":4,\"2\":[\"00,714,25,627,0,59,1.7976931348623157e+308,242,1.7976931348623157e+308\",\"7130,714,25,627,0,59,1.7976931348623157e+308,242,1.7976931348623157e+308\",\"230,714,25,627,0,59,1.7976931348623157e+308,242,1.7976931348623157e+308\",\"6240,714,25,627,0,59,1.7976931348623157e+308,242,1.7976931348623157e+308\",\"-40,714,25,627,0,59,1.7976931348623157e+308,242,1.7976931348623157e+308\",\"540,714,25,627,0,59,1.7976931348623157e+308,242,1.7976931348623157e+308\",\"1.7976931348623157e+3080,714,25,627,0,59,1.7976931348623157e+308,242,1.7976931348623157e+308\",\"2350,714,25,627,0,59,1.7976931348623157e+308,242,1.7976931348623157e+308\",\"1.7976931348623157e+3080,714,25,627,0,59,1.7976931348623157e+308,242,1.7976931348623157e+308\"]}","{\"0\":\"540,714,25,627,0,59,1.7976931348623157e+308,242,1.7976931348623157e+308\",\"1\":5,\"2\":[\"00,714,25,627,0,59,1.7976931348623157e+308,242,1.7976931348623157e+308\",\"7130,714,25,627,0,59,1.7976931348623157e+308,242,1.7976931348623157e+308\",\"230,714,25,627,0,59,1.7976931348623157e+308,242,1.7976931348623157e+308\",\"6240,714,25,627,0,59,1.7976931348623157e+308,242,1.7976931348623157e+308\",\"-40,714,25,627,0,59,1.7976931348623157e+308,242,1.7976931348623157e+308\",\"540,714,25,627,0,59,1.7976931348623157e+308,242,1.7976931348623157e+308\",\"1.7976931348623157e+3080,714,25,627,0,59,1.7976931348623157e+308,242,1.7976931348623157e+308\",\"2350,714,25,627,0,59,1.7976931348623157e+308,242,1.7976931348623157e+308\",\"1.7976931348623157e+3080,714,25,627,0,59,1.7976931348623157e+308,242,1.7976931348623157e+308\"]}","{\"0\":\"1.7976931348623157e+3080,714,25,627,0,59,1.7976931348623157e+308,242,1.7976931348623157e+308\",\"1\":6,\"2\":[\"00,714,25,627,0,59,1.7976931348623157e+308,242,1.7976931348623157e+308\",\"7130,714,25,627,0,59,1.7976931348623157e+308,242,