{"baseObjects":["[\"I\",{\"403\":\"r\",\"595\":893,\"1.5715751892067498e+308\":\"\",\"<N0\":\"\",\"8.830621814489701e+307\":\"+\",\"1.6450802397680713e+308\":100,\"1.0187261457436787e+308\":\"w\",\"9.749840516947277e+307\":403},\"U\",\"oy\",\"Wp-\",\"E\",\"Rg\",\"e\"]","[\"I\",\"I\",\"U\",\"oy\",\"Wp-\",\"E\",\"Rg\",\"e\"]","[\"I\",\"I\",\"U\",\"oy\",\"Wp-\",\"E\",\"Rg\",[-100,714,213,-1,460,403]]","[\"I\",\"I\",\"U\",\"oy\",\"Wp-\",\"E\",\"Rg\",\"e\"]"],"returnObjects":["[\"NaNI,[object Object],U,oy,Wp-,E,Rg,e\",\"NaNI,[object Object],U,oy,Wp-,E,Rg,e\",\"NaNI,[object Object],U,oy,Wp-,E,Rg,e\",\"NaNI,[object Object],U,oy,Wp-,E,Rg,e\",\"NaNI,[object Object],U,oy,Wp-,E,Rg,e\",\"NaNI,[object Object],U,oy,Wp-,E,Rg,e\",\"NaNI,[object Object],U,oy,Wp-,E,Rg,e\",\"NaNI,[object Object],U,oy,Wp-,E,Rg,e\"]","\"Error\"","[null,null,null,null,null,null,null,null]","\"Error\""],"callbackArgs":["{\"0\":\"I\",\"1\":0,\"2\":[\"I\",\"I\",\"U\",\"oy\",\"Wp-\",\"E\",\"Rg\",\"e\"]}","{\"0\":{\"403\":\"r\",\"595\":893,\"1.5715751892067498e+308\":\"\",\"<N0\":\"\",\"8.830621814489701e+307\":\"+\",\"1.6450802397680713e+308\":100,\"1.0187261457436787e+308\":\"w\",\"9.749840516947277e+307\":403},\"1\":1,\"2\":[\"I\",{\"403\":\"r\",\"595\":893,\"1.5715751892067498e+308\":\"\",\"<N0\":\"\",\"8.830621814489701e+307\":\"+\",\"1.6450802397680713e+308\":100,\"1.0187261457436787e+308\":\"w\",\"9.749840516947277e+307\":403},\"U\",\"oy\",\"Wp-\",\"E\",\"Rg\",\"e\"]}","{\"0\":\"U\",\"1\":2,\"2\":[\"I\",{\"403\":\"r\",\"595\":893,\"1.5715751892067498e+308\":\"\",\"<N0\":\"\",\"8.830621814489701e+307\":\"+\",\"1.6450802397680713e+308\":100,\"1.0187261457436787e+308\":\"w\",\"9.749840516947277e+307\":403},\"U\",\"oy\",\"Wp-\",\"E\",\"Rg\",\"e\"]}","{\"0\":\"oy\",\"1\":3,\"2\":[\"I\",{\"403\":\"r\",\"595\":893,\"1.5715751892067498e+308\":\"\",\"<N0\":\"\",\"8.830621814489701e+307\":\"+\",\"1.6450802397680713e+308\":100,\"1.0187261457436787e+308\":\"w\",\"9.749840516947277e+307\":403},\"U\",\"oy\",\"Wp-\",\"E\",\"Rg\",\"e\"]}","{\"0\":\"Wp-\",\"1\":4,\"2\":[\"I\",{\"403\":\"r\",\"595\":893,\"1.5715751892067498e+308\":\"\",\"<N0\":\"\",\"8.830621814489701e+307\":\"+\",\"1.6450802397680713e+308\":100,\"1.0187261457436787e+308\":\"w\",\"9.749840516947277e+307\":403},\"U\",\"oy\",\"Wp-\",\"E\",\"Rg\",\"e\"]}","{\"0\":\"E\",\"1\":5,\"2\":[\"I\",{\"403\":\"r\",\"595\":893,\"1.5715751892067498e+308\":\"\",\"<N0\":\"\",\"8.830621814489701e+307\":\"+\",\"1.6450802397680713e+308\":100,\"1.0187261457436787e+308\":\"w\",\"9.749840516947277e+307\":403},\"U\",\"oy\",\"Wp-\",\"E\",\"Rg\",\"e\"]}","{\"0\":\"Rg\",\"1\":6,\"2\":[\"I\",{\"403\":\"r\",\"595\":893,\"1.5715751892067498e+308\":\"\",\"<N0\":\"\",\"8.830621814489701e+307\":\"+\",\"1.6450802397680713e+308\":100,\"1.0187261457436787e+308\":\"w\",\"9.749840516947277e+307\":403},\"U\",\"oy\",\"Wp-\",\"E\",\"Rg\",\"e\"]}","{\"0\":\"e\",\"1\":7,\"2\":[\"I\",{\"403\":\"r\",\"595\":893,\"1.5715751892067498e+308\":\"\",\"<N0\":\"\",\"8.830621814489701e+307\":\"+\",\"1.6450802397680713e+308\":100,\"1.0187261457436787e+308\":\"w\",\"9.749840516947277e+307\":403},\"U\",\"oy\",\"Wp-\",\"E\",\"Rg\",\"e\"]}","{\"0\":\"I\",\"1\":0,\"2\":[\"I\",\"I\",\"U\",\"oy\",\"Wp-\",\"E\",\"Rg\",\"e\"]}","{\"0\":\"I\",\"1\":1,\"2\":[\"I\",\"I\",\"U\",\"oy\",\"Wp-\",\"E\",\"Rg\",[-100,714,213,-1,460,403]]}","{\"0\":\"U\",\"1\":2,\"2\":[\"I\",\"I\",\"U\",\"oy\",\"Wp-\",\"E\",\"Rg\",[-100,714,213,-1,460,403]]}","{\"0\":\"oy\",\"1\":3,\"2\":[\"I\",\"I\",\"U\",\"oy\",\"Wp-\",\"E\",\"Rg\",[-100,714,213,-1,460,403]]}","{\"0\":\"Wp-\",\"1\":4,\"2\":[\"I\",\"I\",\"U\",\"oy\",\"Wp-\",\"E\",\"Rg\",[-100,714,213,-1,460,403]]}","{\"0\":\"E\",\"1\":5,\"2\":[\"I\",\"I\",\"U\",\"oy\",\"Wp-\",\"E\",\"Rg\",[-100,714,213,-1,460,403]]}","{\"0\":\"Rg\",\"1\":6,\"2\":[\"I\",\"I\",\"U\",\"oy\",\"Wp-\",\"E\",\"Rg\",[-100,714,213,-1,460,403]]}","{\"0\":[-100,714,213,-1,460,403],\"1\":7,\"2\":[\"I\",\"I\",\"U\",\"oy\",\"Wp-\",\"E\",\"Rg\",[-100,714,213,-1,460,403]]}"]}