{"baseObjects":["[893,1.7976931348623157e+308,\"r\",\"@\",607,\"6\",122,627]","[null,null,null,null,null,null,null,null]","[893,1.7976931348623157e+308,\"r\",\"@\",607,\"6\",122,627]","[893,1.7976931348623157e+308,\"r\",\"@\",607,\"6\",122,627]"],"returnObjects":["[null,null,null,null,null,null,null,null]","\"Error\"","\"Error\"","\"Error\""],"callbackArgs":["{\"0\":893,\"1\":0,\"2\":[893,1.7976931348623157e+308,\"r\",\"@\",607,\"6\",122,627]}","{\"0\":1.7976931348623157e+308,\"1\":1,\"2\":[893,1.7976931348623157e+308,\"r\",\"@\",607,\"6\",122,627]}","{\"0\":\"r\",\"1\":2,\"2\":[893,1.7976931348623157e+308,\"r\",\"@\",607,\"6\",122,627]}","{\"0\":\"@\",\"1\":3,\"2\":[893,1.7976931348623157e+308,\"r\",\"@\",607,\"6\",122,627]}","{\"0\":607,\"1\":4,\"2\":[893,1.7976931348623157e+308,\"r\",\"@\",607,\"6\",122,627]}","{\"0\":\"6\",\"1\":5,\"2\":[893,1.7976931348623157e+308,\"r\",\"@\",607,\"6\",122,627]}","{\"0\":122,\"1\":6,\"2\":[893,1.7976931348623157e+308,\"r\",\"@\",607,\"6\",122,627]}","{\"0\":627,\"1\":7,\"2\":[893,1.7976931348623157e+308,\"r\",\"@\",607,\"6\",122,627]}","{\"0\":null,\"1\":0,\"2\":[null,null,null,null,null,null,null,null]}","{\"0\":893,\"1\":0,\"2\":[893,1.7976931348623157e+308,\"r\",\"@\",607,\"6\",122,627]}"]}