{"baseObjects":["[\"P\",\"W\",126,\"ZH\",\"G!2$\",\"a\",\"R3\",{\"9\":0,\"49\":\"AJXi\",\"157\":7.772322302718488e+307,\"213\":126,\"U\":-100,\"\":\"t_kfAX\",\"3.890202496637786e+307\":1.7278878898460417e+308,\"TnS\":\"\"}]","[\"P\",\"W\",\"*\",\"ZH\",\"G!2$\",\"a\",\"R3\",\"N\"]","\"l\"","[\"P\",\"W\",\"*\",\"ZH\",\"G!2$\",\"a\",\"R3\",\"N\"]"],"returnObjects":["[\"P0P,W,126,ZH,G!2$,a,R3,[object Object]\",\"W1P,W,126,ZH,G!2$,a,R3,[object Object]\",\"128P,W,126,ZH,G!2$,a,R3,[object Object]\",\"ZH3P,W,126,ZH,G!2$,a,R3,[object Object]\",\"G!2$4P,W,126,ZH,G!2$,a,R3,[object Object]\",\"a5P,W,126,ZH,G!2$,a,R3,[object Object]\",\"R36P,W,126,ZH,G!2$,a,R3,[object Object]\",\"[object Object]7P,W,126,ZH,G!2$,a,R3,[object Object]\"]","[null,null,null,null,null,null,null,null]","[null,null,null,null,null,null,null,null]","\"Error\""],"callbackArgs":["{\"0\":\"P\",\"1\":0,\"2\":[\"P\",\"W\",\"*\",\"ZH\",\"G!2$\",\"a\",\"R3\",\"N\"]}","{\"0\":\"W\",\"1\":1,\"2\":[\"P\",\"W\",126,\"ZH\",\"G!2$\",\"a\",\"R3\",{\"9\":0,\"49\":\"AJXi\",\"157\":7.772322302718488e+307,\"213\":126,\"U\":-100,\"\":\"t_kfAX\",\"3.890202496637786e+307\":1.7278878898460417e+308,\"TnS\":\"\"}]}","{\"0\":126,\"1\":2,\"2\":[\"P\",\"W\",126,\"ZH\",\"G!2$\",\"a\",\"R3\",{\"9\":0,\"49\":\"AJXi\",\"157\":7.772322302718488e+307,\"213\":126,\"U\":-100,\"\":\"t_kfAX\",\"3.890202496637786e+307\":1.7278878898460417e+308,\"TnS\":\"\"}]}","{\"0\":\"ZH\",\"1\":3,\"2\":[\"P\",\"W\",126,\"ZH\",\"G!2$\",\"a\",\"R3\",{\"9\":0,\"49\":\"AJXi\",\"157\":7.772322302718488e+307,\"213\":126,\"U\":-100,\"\":\"t_kfAX\",\"3.890202496637786e+307\":1.7278878898460417e+308,\"TnS\":\"\"}]}","{\"0\":\"G!2$\",\"1\":4,\"2\":[\"P\",\"W\",126,\"ZH\",\"G!2$\",\"a\",\"R3\",{\"9\":0,\"49\":\"AJXi\",\"157\":7.772322302718488e+307,\"213\":126,\"U\":-100,\"\":\"t_kfAX\",\"3.890202496637786e+307\":1.7278878898460417e+308,\"TnS\":\"\"}]}","{\"0\":\"a\",\"1\":5,\"2\":[\"P\",\"W\",126,\"ZH\",\"G!2$\",\"a\",\"R3\",{\"9\":0,\"49\":\"AJXi\",\"157\":7.772322302718488e+307,\"213\":126,\"U\":-100,\"\":\"t_kfAX\",\"3.890202496637786e+307\":1.7278878898460417e+308,\"TnS\":\"\"}]}","{\"0\":\"R3\",\"1\":6,\"2\":[\"P\",\"W\",126,\"ZH\",\"G!2$\",\"a\",\"R3\",{\"9\":0,\"49\":\"AJXi\",\"157\":7.772322302718488e+307,\"213\":126,\"U\":-100,\"\":\"t_kfAX\",\"3.890202496637786e+307\":1.7278878898460417e+308,\"TnS\":\"\"}]}","{\"0\":{\"9\":0,\"49\":\"AJXi\",\"157\":7.772322302718488e+307,\"213\":126,\"U\":-100,\"\":\"t_kfAX\",\"3.890202496637786e+307\":1.7278878898460417e+308,\"TnS\":\"\"},\"1\":7,\"2\":[\"P\",\"W\",126,\"ZH\",\"G!2$\",\"a\",\"R3\",{\"9\":0,\"49\":\"AJXi\",\"157\":7.772322302718488e+307,\"213\":126,\"U\":-100,\"\":\"t_kfAX\",\"3.890202496637786e+307\":1.7278878898460417e+308,\"TnS\":\"\"}]}","{\"0\":\"P\",\"1\":0,\"2\":[\"P\",\"W\",\"*\",\"ZH\",\"G!2$\",\"a\",\"R3\",\"N\"]}","{\"0\":\"W\",\"1\":1,\"2\":[\"P\",\"W\",\"*\",\"ZH\",\"G!2$\",\"a\",\"R3\",\"N\"]}","{\"0\":\"*\",\"1\":2,\"2\":[\"P\",\"W\",\"*\",\"ZH\",\"G!2$\",\"a\",\"R3\",\"N\"]}","{\"0\":\"ZH\",\"1\":3,\"2\":[\"P\",\"W\",\"*\",\"ZH\",\"G!2$\",\"a\",\"R3\",\"N\"]}","{\"0\":\"G!2$\",\"1\":4,\"2\":[\"P\",\"W\",\"*\",\"ZH\",\"G!2$\",\"a\",\"R3\",\"N\"]}","{\"0\":\"a\",\"1\":5,\"2\":[\"P\",\"W\",\"*\",\"ZH\",\"G!2$\",\"a\",\"R3\",\"N\"]}","{\"0\":\"R3\",\"1\":6,\"2\":[\"P\",\"W\",\"*\",\"ZH\",\"G!2$\",\"a\",\"R3\",\"N\"]}","{\"0\":\"N\",\"1\":7,\"2\":[\"P\",\"W\",\"*\",\"ZH\",\"G!2$\",\"a\",\"R3\",\"N\"]}","{\"0\":\"P\",\"1\":0,\"2\":[\"P\",\"W\",\"*\",\"ZH\",\"G!2$\",\"a\",\"R3\",\"N\"]}","{\"0\":595,\"1\":1,\"2\":[\"P\",595,\"*\",\"ZH\",\"G!2$\",\"a\",\"R3\",\"N\"]}","{\"0\":\"*\",\"1\":2,\"2\":[\"P\",595,\"*\",\"ZH\",\"G!2$\",\"a\",\"R3\",\"N\"]}","{\"0\":\"ZH\",\"1\":3,\"2\":[\"P\",595,\"*\",\"ZH\",\"G!2$\",\"a\",\"R3\",\"N\"]}","{\"0\":\"G!2$\",\"1\":4,\"2\":[\"P\",595,\"*\",\"ZH\",\"G!2$\",\"a\",\"R3\",\"N\"]}","{\"0\":\"a\",\"1\":5,\"2\":[\"P\",595,\"*\",\"ZH\",\"G!2$\",\"a\",\"R3\",\"N\"]}","{\"0\":\"R3\",\"1\":6,\"2\":[\"P\",595,\"*\",\"ZH\",\"G!2$\",\"a\",\"R3\",\"N\"]}","{\"0\":\"N\",\"1\":7,\"2\":[\"P\",595,\"*\",\"ZH\",\"G!2$\",\"a\",\"R3\",\"N\"]}","{\"0\":\"P\",\"1\":0,\"2\":[\"P\",\"W\",\"*\",\"ZH\",\"G!2$\",\"a\",\"R3\",\"N\"]}"]}