{"baseObjects":["true","[-1,460,0,-100,0,1.7976931348623157e+308,783]","[-1,460,0,-100,0,1.7976931348623157e+308,783]","[-1,460,0,-100,0,1.7976931348623157e+308,783]"],"returnObjects":["[null,null,null,null,null,null,null]","\"Error\"","[null,null,null,null,null,null,null]","\"Error\""],"callbackArgs":["{\"0\":-1,\"1\":0,\"2\":[-1,460,0,-100,0,1.7976931348623157e+308,783]}","{\"0\":460,\"1\":1,\"2\":[-1,460,0,-100,0,1.7976931348623157e+308,783]}","{\"0\":0,\"1\":2,\"2\":[-1,460,0,-100,0,1.7976931348623157e+308,783]}","{\"0\":-100,\"1\":3,\"2\":[-1,460,0,-100,0,1.7976931348623157e+308,783]}","{\"0\":0,\"1\":4,\"2\":[-1,460,0,-100,0,1.7976931348623157e+308,783]}","{\"0\":1.7976931348623157e+308,\"1\":5,\"2\":[-1,460,0,-100,0,1.7976931348623157e+308,783]}","{\"0\":783,\"1\":6,\"2\":[-1,460,0,-100,0,1.7976931348623157e+308,783]}","{\"0\":-1,\"1\":0,\"2\":[-1,460,0,-100,0,1.7976931348623157e+308,783]}","{\"0\":-1,\"1\":0,\"2\":[-1,460,0,-100,0,1.7976931348623157e+308,783]}","{\"0\":460,\"1\":1,\"2\":[-1,460,0,-100,0,1.7976931348623157e+308,783]}","{\"0\":0,\"1\":2,\"2\":[-1,460,0,-100,0,1.7976931348623157e+308,783]}","{\"0\":-100,\"1\":3,\"2\":[-1,460,0,-100,0,1.7976931348623157e+308,783]}","{\"0\":0,\"1\":4,\"2\":[-1,460,0,-100,0,1.7976931348623157e+308,783]}","{\"0\":1.7976931348623157e+308,\"1\":5,\"2\":[-1,460,0,-100,0,1.7976931348623157e+308,783]}","{\"0\":783,\"1\":6,\"2\":[-1,460,0,-100,0,1.7976931348623157e+308,783]}","{\"0\":-1,\"1\":0,\"2\":[-1,460,0,-100,0,1.7976931348623157e+308,783]}"]}