{"baseObjects":["[49,59,122,460,157]","[49,59,122,{\"\":\"\",\"69!y\":1.663833015683432e+308,\"[\":\"\",\"1.0960672535087112e+308\":213},157]","[49,59,122,460,157]","[49,59,122,460,157,null,null,null,{\"969\":\"\",\"\":460,\"4.136096813160334e+307\":\"\",\"1.0663327992037551e+308\":\"u\",\"-100\":4.551003452793983e+306,\"1.3691035447286266e+308\":607}]"],"returnObjects":["[null,null,null,null,null]","[null,null,null,null,null]","\"Error\"","[null,null,null,null,null]"],"callbackArgs":["{\"0\":49,\"1\":0,\"2\":[49,59,122,460,157]}","{\"0\":59,\"1\":1,\"2\":[49,59,122,460,157]}","{\"0\":122,\"1\":2,\"2\":[49,59,122,460,157]}","{\"0\":460,\"1\":3,\"2\":[49,59,122,460,157]}","{\"0\":157,\"1\":4,\"2\":[49,59,122,460,157]}","{\"0\":49,\"1\":0,\"2\":[49,59,122,460,157]}","{\"0\":59,\"1\":1,\"2\":[49,59,122,{\"\":\"\",\"69!y\":1.663833015683432e+308,\"[\":\"\",\"1.0960672535087112e+308\":213},157]}","{\"0\":122,\"1\":2,\"2\":[49,59,122,{\"\":\"\",\"69!y\":1.663833015683432e+308,\"[\":\"\",\"1.0960672535087112e+308\":213},157]}","{\"0\":{\"\":\"\",\"69!y\":1.663833015683432e+308,\"[\":\"\",\"1.0960672535087112e+308\":213},\"1\":3,\"2\":[49,59,122,{\"\":\"\",\"69!y\":1.663833015683432e+308,\"[\":\"\",\"1.0960672535087112e+308\":213},157]}","{\"0\":157,\"1\":4,\"2\":[49,59,122,{\"\":\"\",\"69!y\":1.663833015683432e+308,\"[\":\"\",\"1.0960672535087112e+308\":213},157]}","{\"0\":49,\"1\":0,\"2\":[49,59,122,460,157]}","{\"0\":49,\"1\":0,\"2\":[49,59,122,460,157]}","{\"0\":59,\"1\":1,\"2\":[49,59,122,460,157,null,null,null,{\"969\":\"\",\"\":460,\"4.136096813160334e+307\":\"\",\"1.0663327992037551e+308\":\"u\",\"-100\":4.551003452793983e+306,\"1.3691035447286266e+308\":607}]}","{\"0\":122,\"1\":2,\"2\":[49,59,122,460,157,null,null,null,{\"969\":\"\",\"\":460,\"4.136096813160334e+307\":\"\",\"1.0663327992037551e+308\":\"u\",\"-100\":4.551003452793983e+306,\"1.3691035447286266e+308\":607}]}","{\"0\":460,\"1\":3,\"2\":[49,59,122,460,157,null,null,null,{\"969\":\"\",\"\":460,\"4.136096813160334e+307\":\"\",\"1.0663327992037551e+308\":\"u\",\"-100\":4.551003452793983e+306,\"1.3691035447286266e+308\":607}]}","{\"0\":157,\"1\":4,\"2\":[49,59,122,460,157,null,null,null,{\"969\":\"\",\"\":460,\"4.136096813160334e+307\":\"\",\"1.0663327992037551e+308\":\"u\",\"-100\":4.551003452793983e+306,\"1.3691035447286266e+308\":607}]}"]}