{"baseObjects":["[49,-1,607,25,893,242,1.7976931348623157e+308,893,100]","[49,-1,607,25,893,242,1.7976931348623157e+308,893,100]","[49,-1,607,25,893,242,1.7976931348623157e+308,893,100]","[49,-1,607,25,893,242,1.7976931348623157e+308,893,100]"],"returnObjects":["[\"Infinity49,-1,607,25,893,242,1.7976931348623157e+308,893,100\",\"-149,-1,607,25,893,242,1.7976931348623157e+308,893,100\",\"303.549,-1,607,25,893,242,1.7976931348623157e+308,893,100\",\"8.33333333333333449,-1,607,25,893,242,1.7976931348623157e+308,893,100\",\"223.2549,-1,607,25,893,242,1.7976931348623157e+308,893,100\",\"48.449,-1,607,25,893,242,1.7976931348623157e+308,893,100\",\"2.9961552247705263e+30749,-1,607,25,893,242,1.7976931348623157e+308,893,100\",\"127.5714285714285749,-1,607,25,893,242,1.7976931348623157e+308,893,100\",\"12.549,-1,607,25,893,242,1.7976931348623157e+308,893,100\"]","[null,null,null,null,null,null,null,null,null]","[null,null,null,null,null,null,null,null,null]","[null,null,null,null,null,null,null,null,null]"],"callbackArgs":["{\"0\":49,\"1\":0,\"2\":[49,-1,607,25,893,242,1.7976931348623157e+308,893,100]}","{\"0\":-1,\"1\":1,\"2\":[49,-1,607,25,893,242,1.7976931348623157e+308,893,100]}","{\"0\":607,\"1\":2,\"2\":[49,-1,607,25,893,242,1.7976931348623157e+308,893,100]}","{\"0\":25,\"1\":3,\"2\":[49,-1,607,25,893,242,1.7976931348623157e+308,893,100]}","{\"0\":893,\"1\":4,\"2\":[49,-1,607,25,893,242,1.7976931348623157e+308,893,100]}","{\"0\":242,\"1\":5,\"2\":[49,-1,607,25,893,242,1.7976931348623157e+308,893,100]}","{\"0\":1.7976931348623157e+308,\"1\":6,\"2\":[49,-1,607,25,893,242,1.7976931348623157e+308,893,100]}","{\"0\":893,\"1\":7,\"2\":[49,-1,607,25,893,242,1.7976931348623157e+308,893,100]}","{\"0\":100,\"1\":8,\"2\":[49,-1,607,25,893,242,1.7976931348623157e+308,893,100]}","{\"0\":49,\"1\":0,\"2\":[49,-1,607,25,893,242,1.7976931348623157e+308,893,100]}","{\"0\":-1,\"1\":1,\"2\":[49,-1,607,25,893,242,1.7976931348623157e+308,893,100]}","{\"0\":607,\"1\":2,\"2\":[49,-1,607,25,893,242,1.7976931348623157e+308,893,100]}","{\"0\":25,\"1\":3,\"2\":[49,-1,607,25,893,242,1.7976931348623157e+308,893,100]}","{\"0\":893,\"1\":4,\"2\":[49,-1,607,25,893,242,1.7976931348623157e+308,893,100]}","{\"0\":242,\"1\":5,\"2\":[49,-1,607,25,893,242,1.7976931348623157e+308,893,100]}","{\"0\":1.7976931348623157e+308,\"1\":6,\"2\":[49,-1,607,25,893,242,1.7976931348623157e+308,893,100]}","{\"0\":893,\"1\":7,\"2\":[49,-1,607,25,893,242,1.7976931348623157e+308,893,100]}","{\"0\":100,\"1\":8,\"2\":[49,-1,607,25,893,242,1.7976931348623157e+308,893,100]}","{\"0\":49,\"1\":0,\"2\":[49,-1,607,25,893,242,1.7976931348623157e+308,893,100]}","{\"0\":-1,\"1\":1,\"2\":[49,-1,607,25,893,242,1.7976931348623157e+308,893,100]}","{\"0\":607,\"1\":2,\"2\":[49,-1,607,25,893,242,1.7976931348623157e+308,893,100]}","{\"0\":25,\"1\":3,\"2\":[49,-1,607,25,893,242,1.7976931348623157e+308,893,100]}","{\"0\":893,\"1\":4,\"2\":[49,-1,607,25,893,242,1.7976931348623157e+308,893,100]}","{\"0\":242,\"1\":5,\"2\":[49,-1,607,25,893,242,1.7976931348623157e+308,893,100]}","{\"0\":1.7976931348623157e+308,\"1\":6,\"2\":[49,-1,607,25,893,242,1.7976931348623157e+308,893,100]}","{\"0\":893,\"1\":7,\"2\":[49,-1,607,25,893,242,1.7976931348623157e+308,893,100]}","{\"0\":100,\"1\":8,\"2\":[49,-1,607,25,893,242,1.7976931348623157e+308,893,100]}","{\"0\":49,\"1\":0,\"2\":[49,-1,607,25,893,242,1.7976931348623157e+308,893,100]}","{\"0\":-1,\"1\":1,\"2\":[49,-1,607,25,893,242,1.7976931348623157e+308,893,100]}","{\"0\":607,\"1\":2,\"2\":[49,-1,607,25,893,242,1.7976931348623157e+308,893,100]}","{\"0\":25,\"1\":3,\"2\":[49,-1,607,25,893,242,1.7976931348623157e+308,893,100]}","{\"0\":893,\"1\":4,\"2\":[49,-1,607,25,893,242,1.7976931348623157e+308,893,100]}","{\"0\":242,\"1\":5,\"2\":[49,-1,607,25,893,242,1.7976931348623157e+308,893,100]}","{\"0\":1.7976931348623157e+308,\"1\":6,\"2\":[49,-1,607,25,893,242,1.7976931348623157e+308,893,100]}","{\"0\":893,\"1\":7,\"2\":[49,-1,607,25,893,242,1.7976931348623157e+308,893,100]}","{\"0\":100,\"1\":8,\"2\":[49,-1,607,25,893,242,1.7976931348623157e+308,893,100]}"]}