{"baseObjects":["[\"^R\",\"%\",\"B\",\"l\",\"1\",\"=\",\"c\",\"x\"]","[\"^R\",\"%\",\"B\",\"l\",\"1\",\"=\",\"\",\"x\"]","[\"^R\",\"%\",\"B\",\"l\",\"1\",\"=\",{\"969\":7.075766590141289e+307,\"\":25,\"2.8951824678579554e+307\":\"-L\",\"1.3608823274823825e+308\":\"\"},\"x\"]","[null,null,null,null,null,null,null,null]"],"returnObjects":["\"Error\"","\"Error\"","[null,null,null,null,null,null,null,null]","\"Error\""],"callbackArgs":["{\"0\":\"^R\",\"1\":0,\"2\":[\"^R\",\"%\",\"B\",\"l\",\"1\",\"=\",\"c\",\"x\"]}","{\"0\":\"^R\",\"1\":0,\"2\":[\"^R\",\"%\",\"B\",\"l\",\"1\",\"=\",\"c\",\"x\"]}","{\"0\":\"^R\",\"1\":0,\"2\":[\"^R\",\"%\",\"B\",\"l\",\"1\",\"=\",\"c\",\"x\"]}","{\"0\":\"%\",\"1\":1,\"2\":[\"^R\",\"%\",\"B\",\"l\",\"1\",\"=\",{\"969\":7.075766590141289e+307,\"\":25,\"2.8951824678579554e+307\":\"-L\",\"1.3608823274823825e+308\":\"\"},\"x\"]}","{\"0\":\"B\",\"1\":2,\"2\":[\"^R\",\"%\",\"B\",\"l\",\"1\",\"=\",{\"969\":7.075766590141289e+307,\"\":25,\"2.8951824678579554e+307\":\"-L\",\"1.3608823274823825e+308\":\"\"},\"x\"]}","{\"0\":\"l\",\"1\":3,\"2\":[\"^R\",\"%\",\"B\",\"l\",\"1\",\"=\",{\"969\":7.075766590141289e+307,\"\":25,\"2.8951824678579554e+307\":\"-L\",\"1.3608823274823825e+308\":\"\"},\"x\"]}","{\"0\":\"1\",\"1\":4,\"2\":[\"^R\",\"%\",\"B\",\"l\",\"1\",\"=\",{\"969\":7.075766590141289e+307,\"\":25,\"2.8951824678579554e+307\":\"-L\",\"1.3608823274823825e+308\":\"\"},\"x\"]}","{\"0\":\"=\",\"1\":5,\"2\":[\"^R\",\"%\",\"B\",\"l\",\"1\",\"=\",{\"969\":7.075766590141289e+307,\"\":25,\"2.8951824678579554e+307\":\"-L\",\"1.3608823274823825e+308\":\"\"},\"x\"]}","{\"0\":{\"969\":7.075766590141289e+307,\"\":25,\"2.8951824678579554e+307\":\"-L\",\"1.3608823274823825e+308\":\"\"},\"1\":6,\"2\":[\"^R\",\"%\",\"B\",\"l\",\"1\",\"=\",{\"969\":7.075766590141289e+307,\"\":25,\"2.8951824678579554e+307\":\"-L\",\"1.3608823274823825e+308\":\"\"},\"x\"]}","{\"0\":\"x\",\"1\":7,\"2\":[\"^R\",\"%\",\"B\",\"l\",\"1\",\"=\",{\"969\":7.075766590141289e+307,\"\":25,\"2.8951824678579554e+307\":\"-L\",\"1.3608823274823825e+308\":\"\"},\"x\"]}","{\"0\":null,\"1\":0,\"2\":[null,null,null,null,null,null,null,null]}"]}