{"baseObjects":["[59,-100,-1,607,618,100,607,655,-1]","[null,-100,-1,607,618,100,607,{\"CC\":\"G&\"},-1]","[\"Infinity,-100,-1,607,618,100,607,[object Object],-1\",\"-100,-100,-1,607,618,100,607,[object Object],-1\",\"-0.5,-100,-1,607,618,100,607,[object Object],-1\",\"202.33333333333334,-100,-1,607,618,100,607,[object Object],-1\",\"154.5,-100,-1,607,618,100,607,[object Object],-1\",\"20,-100,-1,607,618,100,607,[object Object],-1\",\"101.16666666666667,-100,-1,607,618,100,607,[object Object],-1\",\"NaN,-100,-1,607,618,100,607,[object Object],-1\",\"-0.125,-100,-1,607,618,100,607,[object Object],-1\"]","[\"Infinity,-100,-1,607,618,100,607,[object Object],-1\",\"-100,-100,-1,607,618,100,607,[object Object],-1\",\"-0.5,-100,-1,607,618,100,607,[object Object],-1\",\"202.33333333333334,-100,-1,607,618,100,607,[object Object],-1\",\"154.5,-100,-1,607,618,100,607,[object Object],-1\",\"20,-100,-1,607,618,100,607,[object Object],-1\",\"101.16666666666667,-100,-1,607,618,100,607,[object Object],-1\",\"NaN,-100,-1,607,618,100,607,[object Object],-1\",\"-0.125,-100,-1,607,618,100,607,[object Object],-1\"]"],"returnObjects":["\"Error\"","[\"Infinity,-100,-1,607,618,100,607,[object Object],-1\",\"-100,-100,-1,607,618,100,607,[object Object],-1\",\"-0.5,-100,-1,607,618,100,607,[object Object],-1\",\"202.33333333333334,-100,-1,607,618,100,607,[object Object],-1\",\"154.5,-100,-1,607,618,100,607,[object Object],-1\",\"20,-100,-1,607,618,100,607,[object Object],-1\",\"101.16666666666667,-100,-1,607,618,100,607,[object Object],-1\",\"NaN,-100,-1,607,618,100,607,[object Object],-1\",\"-0.125,-100,-1,607,618,100,607,[object Object],-1\"]","\"Error\"","[null,null,null,null,null,null,null,null,null]"],"callbackArgs":["{\"0\":59,\"1\":0,\"2\":[59,-100,-1,607,618,100,607,655,-1]}","{\"0\":59,\"1\":0,\"2\":[59,-100,-1,607,618,100,607,655,-1]}","{\"0\":-100,\"1\":1,\"2\":[null,-100,-1,607,618,100,607,{\"CC\":\"G&\"},-1]}","{\"0\":-1,\"1\":2,\"2\":[null,-100,-1,607,618,100,607,{\"CC\":\"G&\"},-1]}","{\"0\":607,\"1\":3,\"2\":[null,-100,-1,607,618,100,607,{\"CC\":\"G&\"},-1]}","{\"0\":618,\"1\":4,\"2\":[null,-100,-1,607,618,100,607,{\"CC\":\"G&\"},-1]}","{\"0\":100,\"1\":5,\"2\":[null,-100,-1,607,618,100,607,{\"CC\":\"G&\"},-1]}","{\"0\":607,\"1\":6,\"2\":[null,-100,-1,607,618,100,607,{\"CC\":\"G&\"},-1]}","{\"0\":{\"CC\":\"G&\"},\"1\":7,\"2\":[null,-100,-1,607,618,100,607,{\"CC\":\"G&\"},-1]}","{\"0\":-1,\"1\":8,\"2\":[null,-100,-1,607,618,100,607,{\"CC\":\"G&\"},-1]}","{\"0\":\"Infinity,-100,-1,607,618,100,607,[object Object],-1\",\"1\":0,\"2\":[\"Infinity,-100,-1,607,618,100,607,[object Object],-1\",\"-100,-100,-1,607,618,100,607,[object Object],-1\",\"-0.5,-100,-1,607,618,100,607,[object Object],-1\",\"202.33333333333334,-100,-1,607,618,100,607,[object Object],-1\",\"154.5,-100,-1,607,618,100,607,[object Object],-1\",\"20,-100,-1,607,618,100,607,[object Object],-1\",\"101.16666666666667,-100,-1,607,618,100,607,[object Object],-1\",\"NaN,-100,-1,607,618,100,607,[object Object],-1\",\"-0.125,-100,-1,607,618,100,607,[object Object],-1\"]}","{\"0\":\"Infinity,-100,-1,607,618,100,607,[object Object],-1\",\"1\":0,\"2\":[\"Infinity,-100,-1,607,618,100,607,[object Object],-1\",\"-100,-100,-1,607,618,100,607,[object Object],-1\",\"-0.5,-100,-1,607,618,100,607,[object Object],-1\",\"202.33333333333334,-100,-1,607,618,100,607,[object Object],-1\",\"154.5,-100,-1,607,618,100,607,[object Object],-1\",\"20,-100,-1,607,618,100,607,[object Object],-1\",\"101.16666666666667,-100,-1,607,618,100,607,[object Object],-1\",\"NaN,-100,-1,607,618,100,607,[object Object],-1\",\"-0.125,-100,-1,607,618,100,607,[object Object],-1\"]}","{\"0\":\"-100,-100,-1,607,618,100,607,[object Object],-1\",\"1\":1,\"2\":[\"Infinity,-100,-1,607,618,100,607,[object Object],-1\",\"-100,-100,-1,607,618,100,607,[object Object],-1\",\"-0.5,-100,-1,607,618,100,607,[object Object],-1\",\"202.33333333333334,-100,-1,607,618,100,607,[object Object],-1\",\"154.5,-100,-1,607,618,100,607,[object Object],-1\",\"20,-100,-1,607,618,100,607,[object Object],-1\",\"101.16666666666667,-100,-1,607,618,100,607,[object Object],-1\",\"NaN,-100,-1,607,618,100,607,[object Object],-1\",\"-0.125,-100,-1,607,618,100,607,[object Object],-1\"]}","{\"0\":\"-0.5,-100,-1,607,618,100,607,[object Object],-1\",\"1\":2,\"2\":[\"Infinity,-100,-1,607,618,100,607,[object Object],-1\",\"-100,-100,-1,607,618,100,607,[object Object],-1\",\"-0.5,-100,-1,607,618,100,607,[object Object],-1\",\"202.33333333333334,-100,-1,607,618,100,607,[object Object],-1\",\"154.5,-100,-1,607,618,100,607,[object Object],-1\",\"20,-100,-1,607,618,100,607,[object Object],-1\",\"101.16666666666667,-100,-1,607,618,100,607,[object Object],-1\",\"NaN,-100,-1,607,618,100,607,[object Object],-1\",\"-0.125,-100,-1,607,618,100,607,[object Object],-1\"]}","{\"0\":\"202.33333333333334,-100,-1,607,618,100,607,[object Object],-1\",\"1\":3,\"2\":[\"Infinity,-100,-1,607,618,100,607,[object Object],-1\",\"-100,-100,-1,607,618,100,607,[object Object],-1\",\"-0.5,-100,-1,607,618,100,607,[object Object],-1\",\"202.33333333333334,-100,-1,607,618,100,607,[object Object],-1\",\"154.5,-100,-1,607,618,100,607,[object Object],-1\",\"20,-100,-1,607,618,100,607,[object Object],-1\",\"101.16666666666667,-100,-1,607,618,100,607,[object Object],-1\",\"NaN,-100,-1,607,618,100,607,[object Object],-1\",\"-0.125,-100,-1,607,618,100,607,[object Object],-1\"]}","{\"0\":\"154.5,-100,-1,607,618,100,607,[object Object],-1\",\"1\":4,\"2\":[\"Infinity,-100,-1,607,618,100,607,[object Object],-1\",\"-100,-100,-1,607,618,100,607,[object Object],-1\",\"-0.5,-100,-1,607,618,100,607,[object Object],-1\",\"202.33333333333334,-100,-1,607,618,100,607,[object Object],-1\",\"154.5,-100,-1,607,618,100,607,[object Object],-1\",\"20,-100,-1,607,618,100,607,[object Object],-1\",\"101.16666666666667,-100,-1,607,618,100,607,[object Object],-1\",\"NaN,-100,-1,607,618,100,607,[object Object],-1\",\"-0.125,-100,-1,607,618,100,607,[object Object],-1\"]}","{\"0\":\"20,-100,-1,607,618,100,607,[object Object],-1\",\"1\":5,\"2\":[\"Infinity,-100,-1,607,618,100,607,[object Object],-1\",\"-100,-100,-1,607,618,100,607,[object Object],-1\",\"-0.5,-100,-1,607,618,100,607,[object Object],-1\",\"202.33333333333334,-100,-1,607,618,100,607,[object Object],-1\",\"154.5,-100,-1,607,618,100,607,[object Object],-1\",\"20,-100,-1,607,618,100,607,[object Object],-1\",\"101.16666666666667,-100,-1,607,618,100,607,[object Object],-1\",\"NaN,-100,-1,607,618,100,607,[object Object],-1\",\"-0.125,-100,-1,607,618,100,607,[object Object],-1\"]}","{\"0\":\"101.16666666666667,-100,-1,607,618,100,607,[object Object],-1\",\"1\":6,\"2\":[\"Infinity,-100,-1,607,618,100,607,[object Object],-1\",\"-100,-100,-1,607,618,100,607,[object Object],-1\",\"-0.5,-100,-1,607,618,100,607,[object Object],-1\",\"202.33333333333334,-100,-1,607,618,100,607,[object Object],-1\",\"154.5,-100,-1,607,618,100,607,[object Object],-1\",\"20,-100,-1,607,618,100,607,[object Object],-1\",\"101.16666666666667,-100,-1,607,618,100,607,[object Object],-1\",\"NaN,-100,-1,607,618,100,607,[object Object],-1\",\"-0.125,-100,-1,607,618,100,607,[object Object],-1\"]}","{\"0\":\"NaN,-100,-1,607,618,100,607,[object Object],-1\",\"1\":7,\"2\":[\"Infinity,-100,-1,607,618,100,607,[object Object],-1\",\"-100,-100,-1,607,618,100,607,[object Object],-1\",\"-0.5,-100,-1,607,618,100,607,[object Object],-1\",\"202.33333333333334,-100,-1,607,618,100,607,[object Object],-1\",\"154.5,-100,-1,607,618,100,607,[object Object],-1\",\"20,-100,-1,607,618,100,607,[object Object],-1\",\"101.16666666666667,-100,-1,607,618,100,607,[object Object],-1\",\"NaN,-100,-1,607,618,100,607,[object Object],-1\",\"-0.125,-100,-1,607,618,100,607,[object Object],-1\"]}","{\"0\":\"-0.125,-100,-1,607,618,100,607,[object Object],-1\",\"1\":8,\"2\":[\"Infinity,-100,-1,607,618,100,607,[object Object],-1\",\"-100,-100,-1,607,618,100,607,[object Object],-1\",\"-0.5,-100,-1,607,618,100,607,[object Object],-1\",\"202.33333333333334,-100,-1,607,618,