{"baseObjects":["[\"4\",655,\"9\",3.1043167486091696e+307,\"l)W\",true]","[]","[]","[]"],"returnObjects":["[]","[]","[null,null,null,null,null,null]","[null,null,null,null,null,null,null,null,null,null]"],"callbackArgs":["{\"0\":\"4\",\"1\":0,\"2\":[\"4\",655,\"9\",126,\"l)W\",\"u\"]}","{\"0\":655,\"1\":1,\"2\":[\"4\",655,\"9\",3.1043167486091696e+307,\"l)W\",true]}","{\"0\":\"9\",\"1\":2,\"2\":[\"4\",655,\"9\",3.1043167486091696e+307,\"l)W\",true]}","{\"0\":3.1043167486091696e+307,\"1\":3,\"2\":[\"4\",655,\"9\",3.1043167486091696e+307,\"l)W\",true]}","{\"0\":\"l)W\",\"1\":4,\"2\":[\"4\",655,\"9\",3.1043167486091696e+307,\"l)W\",true]}","{\"0\":true,\"1\":5,\"2\":[\"4\",655,\"9\",3.1043167486091696e+307,\"l)W\",true]}","{\"0\":\"404,655,9,3.1043167486091696e+307,l)W,true\",\"1\":0,\"2\":[\"404,655,9,3.1043167486091696e+307,l)W,true\",\"6564,655,9,3.1043167486091696e+307,l)W,true\",\"924,655,9,3.1043167486091696e+307,l)W,true\",\"3.1043167486091696e+3074,655,9,3.1043167486091696e+307,l)W,true\",\"l)W44,655,9,3.1043167486091696e+307,l)W,true\",\"64,655,9,3.1043167486091696e+307,l)W,true\"]}","{\"0\":null,\"1\":0,\"2\":[null,null,null,null,null,null]}","{\"0\":null,\"1\":0,\"2\":[null,null,null,null,null,null,null,null,null,893]}"]}