{"baseObjects":["[59,1.7976931348623157e+308,714,122]","[59,1.7976931348623157e+308,714,122,null,null,null,null,false]","[null,null,null,null]","[59,1.7976931348623157e+308,714,122]"],"returnObjects":["[null,null,null,null]","[null,null,null,null]","\"Error\"","[null,null,null,null]"],"callbackArgs":["{\"0\":59,\"1\":0,\"2\":[59,1.7976931348623157e+308,714,122]}","{\"0\":1.7976931348623157e+308,\"1\":1,\"2\":[59,1.7976931348623157e+308,714,122]}","{\"0\":714,\"1\":2,\"2\":[59,1.7976931348623157e+308,714,122]}","{\"0\":122,\"1\":3,\"2\":[59,1.7976931348623157e+308,714,122]}","{\"0\":59,\"1\":0,\"2\":[59,1.7976931348623157e+308,714,122]}","{\"0\":1.7976931348623157e+308,\"1\":1,\"2\":[59,1.7976931348623157e+308,714,122,null,null,null,null,false]}","{\"0\":714,\"1\":2,\"2\":[59,1.7976931348623157e+308,714,122,null,null,null,null,false]}","{\"0\":122,\"1\":3,\"2\":[59,1.7976931348623157e+308,714,122,null,null,null,null,false]}","{\"0\":null,\"1\":0,\"2\":[null,null,null,null]}","{\"0\":59,\"1\":0,\"2\":[59,1.7976931348623157e+308,714,122]}","{\"0\":1.7976931348623157e+308,\"1\":1,\"2\":[59,1.7976931348623157e+308,714,122]}","{\"0\":714,\"1\":2,\"2\":[59,1.7976931348623157e+308,714,122]}","{\"0\":122,\"1\":3,\"2\":[59,1.7976931348623157e+308,714,122]}"]}