{"baseObjects":["705","[122,595,1.7976931348623157e+308,655,595,1.7976931348623157e+308,705,242,49]","[122]","[0,null,null,null,null,null,null,null,null]"],"returnObjects":["\"Error\"","\"Error\"","[0,null,null,null,null,null,null,null,null]","\"Error\""],"callbackArgs":["{\"0\":122,\"1\":0,\"2\":[122,595,1.7976931348623157e+308,655,595,1.7976931348623157e+308,705,242,49]}","{\"0\":122,\"1\":0,\"2\":[122,595,1.7976931348623157e+308,655,595,1.7976931348623157e+308,705,242,49]}","{\"0\":122,\"1\":0,\"2\":[122,595,1.7976931348623157e+308,655,595,1.7976931348623157e+308,705,242,49]}","{\"0\":0,\"1\":0,\"2\":[0,null,null,null,null,null,null,null,null]}"]}