{"baseObjects":["[59,969,0,82,969,-1]","[59,969,{\"969\":\"$\",\"\":\"\",\"f\":-1,\",v\":\"&\",\"8.287834436470298e+307\":2.518661154018992e+307},82,969,-1]",null,"[59,969,0,82,969,-1]"],"returnObjects":["[null,null,null,null,null,null]","[null,null,\"[object Object]NaN\",null,null,null]","\"Error\"","\"Error\""],"callbackArgs":["{\"0\":59,\"1\":0,\"2\":[59,969,0,82,969,-1]}","{\"0\":969,\"1\":1,\"2\":[59,969,0,82,969,-1]}","{\"0\":0,\"1\":2,\"2\":[59,969,0,82,969,-1]}","{\"0\":82,\"1\":3,\"2\":[59,969,0,82,969,-1]}","{\"0\":969,\"1\":4,\"2\":[59,969,0,82,969,-1]}","{\"0\":-1,\"1\":5,\"2\":[59,969,0,82,969,-1]}","{\"0\":59,\"1\":0,\"2\":[59,969,0,82,969,-1]}","{\"0\":969,\"1\":1,\"2\":[59,969,{\"969\":\"$\",\"\":\"\",\"f\":-1,\",v\":\"&\",\"8.287834436470298e+307\":2.518661154018992e+307},82,969,-1]}","{\"0\":{\"969\":\"$\",\"\":\"\",\"f\":-1,\",v\":\"&\",\"8.287834436470298e+307\":2.518661154018992e+307},\"1\":2,\"2\":[59,969,{\"969\":\"$\",\"\":\"\",\"f\":-1,\",v\":\"&\",\"8.287834436470298e+307\":2.518661154018992e+307},82,969,-1]}","{\"0\":82,\"1\":3,\"2\":[59,969,{\"969\":\"$\",\"\":\"\",\"f\":-1,\",v\":\"&\",\"8.287834436470298e+307\":2.518661154018992e+307},82,969,-1]}","{\"0\":969,\"1\":4,\"2\":[59,969,{\"969\":\"$\",\"\":\"\",\"f\":-1,\",v\":\"&\",\"8.287834436470298e+307\":2.518661154018992e+307},82,969,-1]}","{\"0\":-1,\"1\":5,\"2\":[59,969,{\"969\":\"$\",\"\":\"\",\"f\":-1,\",v\":\"&\",\"8.287834436470298e+307\":2.518661154018992e+307},82,969,-1]}","{\"0\":59,\"1\":0,\"2\":[59,969,0,82,969,-1]}","{\"0\":59,\"1\":0,\"2\":[59,969,0,82,969,-1]}"]}