{"baseObjects":["[\"6\",-100,null,null,null,null,\"\"]","[null,\"p\",null,false,null,null,null,{\"618\":3.745984832653487e+307,\"823\":3.53350244195999e+306,\"1.7402814230352073e+308\":595,\"S\":3.1085205457890194e+307,\"1.3071713990406172e+308\":1.2660471324148161e+308,\"7.877750127914576e+307\":25,\"\":1.4626662116401103e+307,\"]\":5.762533781061521e+307,\"V3\":\"|\"}]","[null,\"p\",null,false,null,null,null,{\"618\":3.745984832653487e+307,\"823\":3.53350244195999e+306,\"1.7402814230352073e+308\":595,\"S\":3.1085205457890194e+307,\"1.3071713990406172e+308\":1.2660471324148161e+308,\"7.877750127914576e+307\":25,\"\":1.4626662116401103e+307,\"]\":5.762533781061521e+307,\"V3\":\"|\"}]","[null,\"p\",null,false,null,null,null,{\"618\":3.745984832653487e+307,\"823\":3.53350244195999e+306,\"1.7402814230352073e+308\":595,\"S\":3.1085205457890194e+307,\"1.3071713990406172e+308\":1.2660471324148161e+308,\"7.877750127914576e+307\":25,\"\":1.4626662116401103e+307,\"]\":5.762533781061521e+307,\"V3\":\"|\"}]"],"returnObjects":["[null,\"p\",null,false,null,null,null,{\"618\":3.745984832653487e+307,\"823\":3.53350244195999e+306,\"1.7402814230352073e+308\":595,\"S\":3.1085205457890194e+307,\"1.3071713990406172e+308\":1.2660471324148161e+308,\"7.877750127914576e+307\":25,\"\":1.4626662116401103e+307,\"]\":5.762533781061521e+307,\"V3\":\"|\"}]","[null,null]","[null,null,null,null]","[\"NaNNaN,p,,false,,,,[object Object]\",\"p1NaN,p,,false,,,,[object Object]\",null,\"3NaN,p,,false,,,,[object Object]\"]"],"callbackArgs":["{\"0\":\"6\",\"1\":0,\"2\":[\"6\",-100]}","{\"0\":-100,\"1\":1,\"2\":[\"6\",-100,null,null,null,null,\"\"]}","{\"0\":null,\"1\":0,\"2\":[null,null]}","{\"0\":null,\"1\":1,\"2\":[null,null,null,false]}","{\"0\":null,\"1\":0,\"2\":[null,null,null,false]}","{\"0\":null,\"1\":1,\"2\":[null,null,null,false]}","{\"0\":false,\"1\":3,\"2\":[null,null,null,false]}","{\"0\":null,\"1\":0,\"2\":[null,null,null,false]}","{\"0\":\"p\",\"1\":1,\"2\":[null,\"p\",null,false,null,null,null,{\"618\":3.745984832653487e+307,\"823\":3.53350244195999e+306,\"1.7402814230352073e+308\":595,\"S\":3.1085205457890194e+307,\"1.3071713990406172e+308\":1.2660471324148161e+308,\"7.877750127914576e+307\":25,\"\":1.4626662116401103e+307,\"]\":5.762533781061521e+307,\"V3\":\"|\"}]}","{\"0\":false,\"1\":3,\"2\":[null,\"p\",null,false,null,null,null,{\"618\":3.745984832653487e+307,\"823\":3.53350244195999e+306,\"1.7402814230352073e+308\":595,\"S\":3.1085205457890194e+307,\"1.3071713990406172e+308\":1.2660471324148161e+308,\"7.877750127914576e+307\":25,\"\":1.4626662116401103e+307,\"]\":5.762533781061521e+307,\"V3\":\"|\"}]}"]}