{"baseObjects":[null,"[783,783,783,618,893,49,403,460,969]","[783,783,783,618,893,49,403,460,969]","[\"Infinity783,783,783,618,893,49,403,460,969\",\"783783,783,783,618,893,49,403,460,969\",\"391.5783,783,783,618,893,49,403,460,969\",\"206783,783,783,618,893,49,403,460,969\",\"223.25783,783,783,618,893,49,403,460,969\",\"9.8783,783,783,618,893,49,403,460,969\",\"67.16666666666667783,783,783,618,893,49,403,460,969\",\"65.71428571428571783,783,783,618,893,49,403,460,969\",\"121.125783,783,783,618,893,49,403,460,969\"]"],"returnObjects":["\"Error\"","[\"Infinity783,783,783,618,893,49,403,460,969\",\"783783,783,783,618,893,49,403,460,969\",\"391.5783,783,783,618,893,49,403,460,969\",\"206783,783,783,618,893,49,403,460,969\",\"223.25783,783,783,618,893,49,403,460,969\",\"9.8783,783,783,618,893,49,403,460,969\",\"67.16666666666667783,783,783,618,893,49,403,460,969\",\"65.71428571428571783,783,783,618,893,49,403,460,969\",\"121.125783,783,783,618,893,49,403,460,969\"]","[null,null,null,null,null,null,null,null,null]","\"Error\""],"callbackArgs":["{\"0\":783,\"1\":0,\"2\":[783,783,783,618,893,49,403,460,969]}","{\"0\":783,\"1\":1,\"2\":[783,783,783,618,893,49,403,460,969]}","{\"0\":783,\"1\":0,\"2\":[783,783,783,618,893,49,403,460,969]}","{\"0\":783,\"1\":1,\"2\":[783,783,783,618,893,49,403,460,969]}","{\"0\":783,\"1\":2,\"2\":[783,783,783,618,893,49,403,460,969]}","{\"0\":618,\"1\":3,\"2\":[783,783,783,618,893,49,403,460,969]}","{\"0\":893,\"1\":4,\"2\":[783,783,783,618,893,49,403,460,969]}","{\"0\":49,\"1\":5,\"2\":[783,783,783,618,893,49,403,460,969]}","{\"0\":403,\"1\":6,\"2\":[783,783,783,618,893,49,403,460,969]}","{\"0\":460,\"1\":7,\"2\":[783,783,783,618,893,49,403,460,969]}","{\"0\":969,\"1\":8,\"2\":[783,783,783,618,893,49,403,460,969]}","{\"0\":783,\"1\":0,\"2\":[783,783,783,618,893,49,403,460,969]}","{\"0\":783,\"1\":1,\"2\":[783,783,783,618,893,49,403,460,969]}","{\"0\":783,\"1\":2,\"2\":[783,783,783,618,893,49,403,460,969]}","{\"0\":618,\"1\":3,\"2\":[783,783,783,618,893,49,403,460,969]}","{\"0\":893,\"1\":4,\"2\":[783,783,783,618,893,49,403,460,969]}","{\"0\":49,\"1\":5,\"2\":[783,783,783,618,893,49,403,460,969]}","{\"0\":403,\"1\":6,\"2\":[783,783,783,618,893,49,403,460,969]}","{\"0\":460,\"1\":7,\"2\":[783,783,783,618,893,49,403,460,969]}","{\"0\":969,\"1\":8,\"2\":[783,783,783,618,893,49,403,460,969]}","{\"0\":\"Infinity783,783,783,618,893,49,403,460,969\",\"1\":0,\"2\":[\"Infinity783,783,783,618,893,49,403,460,969\",\"783783,783,783,618,893,49,403,460,969\",\"391.5783,783,783,618,893,49,403,460,969\",\"206783,783,783,618,893,49,403,460,969\",\"223.25783,783,783,618,893,49,403,460,969\",\"9.8783,783,783,618,893,49,403,460,969\",\"67.16666666666667783,783,783,618,893,49,403,460,969\",\"65.71428571428571783,783,783,618,893,49,403,460,969\",\"121.125783,783,783,618,893,49,403,460,969\"]}"]}