{"baseObjects":["[607,\"e,\",\"o\",969,618,655]","[607,\"e,\",\"o\",true,618,655,null,true]","[\"Infinity607,e,,o,true,618,655,,true\",\"NaN607,e,,o,true,618,655,,true\",\"NaN607,e,,o,true,618,655,,true\",\"0.3333333333333333607,e,,o,true,618,655,,true\",\"154.5607,e,,o,true,618,655,,true\",\"131607,e,,o,true,618,655,,true\",null]","[607,\"e,\",\"o\",969,618,655]"],"returnObjects":["\"Error\"","[\"Infinity607,e,,o,true,618,655,,true\",\"NaN607,e,,o,true,618,655,,true\",\"NaN607,e,,o,true,618,655,,true\",\"0.3333333333333333607,e,,o,true,618,655,,true\",\"154.5607,e,,o,true,618,655,,true\",\"131607,e,,o,true,618,655,,true\",null]","[\"Infinity607,e,,o,true,618,655,,trueNaN\",\"NaN607,e,,o,true,618,655,,trueNaN\",\"NaN607,e,,o,true,618,655,,trueNaN\",\"0.3333333333333333607,e,,o,true,618,655,,trueNaN\",\"154.5607,e,,o,true,618,655,,trueNaN\",\"131607,e,,o,true,618,655,,trueNaN\"]","\"Error\""],"callbackArgs":["{\"0\":607,\"1\":0,\"2\":[607,\"e,\",\"o\",969,618,655]}","{\"0\":607,\"1\":0,\"2\":[607,\"e,\",\"o\",969,618,655]}","{\"0\":\"e,\",\"1\":1,\"2\":[607,\"e,\",\"o\",true,618,655,null,true]}","{\"0\":\"o\",\"1\":2,\"2\":[607,\"e,\",\"o\",true,618,655,null,true]}","{\"0\":true,\"1\":3,\"2\":[607,\"e,\",\"o\",true,618,655,null,true]}","{\"0\":618,\"1\":4,\"2\":[607,\"e,\",\"o\",true,618,655,null,true]}","{\"0\":655,\"1\":5,\"2\":[607,\"e,\",\"o\",true,618,655,null,true]}","{\"0\":\"Infinity607,e,,o,true,618,655,,true\",\"1\":0,\"2\":[\"Infinity607,e,,o,true,618,655,,true\",\"NaN607,e,,o,true,618,655,,true\",\"NaN607,e,,o,true,618,655,,true\",\"0.3333333333333333607,e,,o,true,618,655,,true\",\"154.5607,e,,o,true,618,655,,true\",\"131607,e,,o,true,618,655,,true\"]}","{\"0\":\"NaN607,e,,o,true,618,655,,true\",\"1\":1,\"2\":[\"Infinity607,e,,o,true,618,655,,true\",\"NaN607,e,,o,true,618,655,,true\",\"NaN607,e,,o,true,618,655,,true\",\"0.3333333333333333607,e,,o,true,618,655,,true\",\"154.5607,e,,o,true,618,655,,true\",\"131607,e,,o,true,618,655,,true\",null]}","{\"0\":\"NaN607,e,,o,true,618,655,,true\",\"1\":2,\"2\":[\"Infinity607,e,,o,true,618,655,,true\",\"NaN607,e,,o,true,618,655,,true\",\"NaN607,e,,o,true,618,655,,true\",\"0.3333333333333333607,e,,o,true,618,655,,true\",\"154.5607,e,,o,true,618,655,,true\",\"131607,e,,o,true,618,655,,true\",null]}","{\"0\":\"0.3333333333333333607,e,,o,true,618,655,,true\",\"1\":3,\"2\":[\"Infinity607,e,,o,true,618,655,,true\",\"NaN607,e,,o,true,618,655,,true\",\"NaN607,e,,o,true,618,655,,true\",\"0.3333333333333333607,e,,o,true,618,655,,true\",\"154.5607,e,,o,true,618,655,,true\",\"131607,e,,o,true,618,655,,true\",null]}","{\"0\":\"154.5607,e,,o,true,618,655,,true\",\"1\":4,\"2\":[\"Infinity607,e,,o,true,618,655,,true\",\"NaN607,e,,o,true,618,655,,true\",\"NaN607,e,,o,true,618,655,,true\",\"0.3333333333333333607,e,,o,true,618,655,,true\",\"154.5607,e,,o,true,618,655,,true\",\"131607,e,,o,true,618,655,,true\",null]}","{\"0\":\"131607,e,,o,true,618,655,,true\",\"1\":5,\"2\":[\"Infinity607,e,,o,true,618,655,,true\",\"NaN607,e,,o,true,618,655,,true\",\"NaN607,e,,o,true,618,655,,true\",\"0.3333333333333333607,e,,o,true,618,655,,true\",\"154.5607,e,,o,true,618,655,,true\",\"131607,e,,o,true,618,655,,true\",null]}","{\"0\":607,\"1\":0,\"2\":[607,\"e,\",\"o\",969,618,655]}"]}