{"baseObjects":["[[\"kv\",\"M!y\",\"U+_\",82,-100,\"s\",100,714,157,\"2\"],\"6D\",823,\"m0\",[618,126,49,783,843,627,49,122,242,1.7976931348623157e+308]]","[\"IL\",\"6D\",823,\"m0\",595]","[\"IL\",\"6D\",823,\"m0\",595]","[\"NaNIL,6D,823,m0,595\",\"NaNIL,6D,823,m0,595\",\"411.5IL,6D,823,m0,595\",\"NaNIL,6D,823,m0,595\",\"148.75IL,6D,823,m0,595\"]"],"returnObjects":["[null,null,null,null,null]","[\"NaNIL,6D,823,m0,595\",\"NaNIL,6D,823,m0,595\",\"411.5IL,6D,823,m0,595\",\"NaNIL,6D,823,m0,595\",\"148.75IL,6D,823,m0,595\"]","[\"NaNIL,6D,823,m0,595\",\"NaNIL,6D,823,m0,595\",\"411.5IL,6D,823,m0,595\",\"NaNIL,6D,823,m0,595\",\"148.75IL,6D,823,m0,595\"]","\"Error\""],"callbackArgs":["{\"0\":\"IL\",\"1\":0,\"2\":[\"IL\",\"6D\",823,\"m0\",595]}","{\"0\":\"6D\",\"1\":1,\"2\":[[\"kv\",\"M!y\",\"U+_\",82,-100,\"s\",100,714,157,\"2\"],\"6D\",823,\"m0\",[618,126,49,783,843,627,49,122,242,1.7976931348623157e+308]]}","{\"0\":823,\"1\":2,\"2\":[[\"kv\",\"M!y\",\"U+_\",82,-100,\"s\",100,714,157,\"2\"],\"6D\",823,\"m0\",[618,126,49,783,843,627,49,122,242,1.7976931348623157e+308]]}","{\"0\":\"m0\",\"1\":3,\"2\":[[\"kv\",\"M!y\",\"U+_\",82,-100,\"s\",100,714,157,\"2\"],\"6D\",823,\"m0\",[618,126,49,783,843,627,49,122,242,1.7976931348623157e+308]]}","{\"0\":[618,126,49,783,843,627,49,122,242,1.7976931348623157e+308],\"1\":4,\"2\":[[\"kv\",\"M!y\",\"U+_\",82,-100,\"s\",100,714,157,\"2\"],\"6D\",823,\"m0\",[618,126,49,783,843,627,49,122,242,1.7976931348623157e+308]]}","{\"0\":\"IL\",\"1\":0,\"2\":[\"IL\",\"6D\",823,\"m0\",595]}","{\"0\":\"6D\",\"1\":1,\"2\":[\"IL\",\"6D\",823,\"m0\",595]}","{\"0\":823,\"1\":2,\"2\":[\"IL\",\"6D\",823,\"m0\",595]}","{\"0\":\"m0\",\"1\":3,\"2\":[\"IL\",\"6D\",823,\"m0\",595]}","{\"0\":595,\"1\":4,\"2\":[\"IL\",\"6D\",823,\"m0\",595]}","{\"0\":\"IL\",\"1\":0,\"2\":[\"IL\",\"6D\",823,\"m0\",595]}","{\"0\":\"6D\",\"1\":1,\"2\":[\"IL\",\"6D\",823,\"m0\",595]}","{\"0\":823,\"1\":2,\"2\":[\"IL\",\"6D\",823,\"m0\",595]}","{\"0\":\"m0\",\"1\":3,\"2\":[\"IL\",\"6D\",823,\"m0\",595]}","{\"0\":595,\"1\":4,\"2\":[\"IL\",\"6D\",823,\"m0\",595]}","{\"0\":\"NaNIL,6D,823,m0,595\",\"1\":0,\"2\":[\"NaNIL,6D,823,m0,595\",\"NaNIL,6D,823,m0,595\",\"411.5IL,6D,823,m0,595\",\"NaNIL,6D,823,m0,595\",\"148.75IL,6D,823,m0,595\"]}"]}