{"baseObjects":["[]","[403,0,\"j\",783,-100,242]","[[893,893,1.7976931348623157e+308,157,705,618,607,627],0,\"j\",783,-100,969]","[403,0,\"j\",783,-100,242]"],"returnObjects":["[null,null,null,null,null,null]","[null,null,null,null,null,null]","[\"0893,893,1.7976931348623157e+308,157,705,618,607,627,0,j,783,-100,969\",\"0893,893,1.7976931348623157e+308,157,705,618,607,627,0,j,783,-100,969\",\"NaN893,893,1.7976931348623157e+308,157,705,618,607,627,0,j,783,-100,969\",\"2349893,893,1.7976931348623157e+308,157,705,618,607,627,0,j,783,-100,969\",\"-400893,893,1.7976931348623157e+308,157,705,618,607,627,0,j,783,-100,969\",\"4845893,893,1.7976931348623157e+308,157,705,618,607,627,0,j,783,-100,969\"]","\"Error\""],"callbackArgs":["{\"0\":403,\"1\":0,\"2\":[403,0,\"j\",783,-100,242]}","{\"0\":403,\"1\":0,\"2\":[403,0,\"j\",783,-100,242]}","{\"0\":0,\"1\":1,\"2\":[403,0,\"j\",783,-100,242]}","{\"0\":\"j\",\"1\":2,\"2\":[403,0,\"j\",783,-100,242]}","{\"0\":783,\"1\":3,\"2\":[403,0,\"j\",783,-100,242]}","{\"0\":-100,\"1\":4,\"2\":[403,0,\"j\",783,-100,242]}","{\"0\":242,\"1\":5,\"2\":[403,0,\"j\",783,-100,242]}","{\"0\":403,\"1\":0,\"2\":[403,0,\"j\",783,-100,242]}","{\"0\":0,\"1\":1,\"2\":[[893,893,1.7976931348623157e+308,157,705,618,607,627],0,\"j\",783,-100,969]}","{\"0\":\"j\",\"1\":2,\"2\":[[893,893,1.7976931348623157e+308,157,705,618,607,627],0,\"j\",783,-100,969]}","{\"0\":783,\"1\":3,\"2\":[[893,893,1.7976931348623157e+308,157,705,618,607,627],0,\"j\",783,-100,969]}","{\"0\":-100,\"1\":4,\"2\":[[893,893,1.7976931348623157e+308,157,705,618,607,627],0,\"j\",783,-100,969]}","{\"0\":969,\"1\":5,\"2\":[[893,893,1.7976931348623157e+308,157,705,618,607,627],0,\"j\",783,-100,969]}","{\"0\":403,\"1\":0,\"2\":[403,0,\"j\",783,-100,242]}"]}