{"baseObjects":["[618,823,0,-100,{\"8\":\"B?\",\"157\":\"i\",\"1.518088985931684e+308\":-1,\"\":1.623160852570887e+308},714,49]","[[82,714,213],823,0,-100,{\"\":\"\",\"J\":\"8\",\"1.0720735441897305e+308\":\")\"},714,49]","[618,823,0,-100,82,714,49]","[\"0618,823,0,-100,[object Object],714,49\",\"823618,823,0,-100,[object Object],714,49\",\"0618,823,0,-100,[object Object],714,49\",\"-300618,823,0,-100,[object Object],714,49\",\"NaN618,823,0,-100,[object Object],714,49\",\"3570618,823,0,-100,[object Object],714,49\",\"294618,823,0,-100,[object Object],714,49\"]"],"returnObjects":["[\"0618,823,0,-100,[object Object],714,49\",\"823618,823,0,-100,[object Object],714,49\",\"0618,823,0,-100,[object Object],714,49\",\"-300618,823,0,-100,[object Object],714,49\",\"NaN618,823,0,-100,[object Object],714,49\",\"3570618,823,0,-100,[object Object],714,49\",\"294618,823,0,-100,[object Object],714,49\"]","[null,null,null,null,null,null,null]","\"Error\"","[null,null,null,null,null,null,null]"],"callbackArgs":["{\"0\":618,\"1\":0,\"2\":[618,823,0,-100,82,714,49]}","{\"0\":823,\"1\":1,\"2\":[618,823,0,-100,{\"8\":\"B?\",\"157\":\"i\",\"1.518088985931684e+308\":-1,\"\":1.623160852570887e+308},714,49]}","{\"0\":0,\"1\":2,\"2\":[618,823,0,-100,{\"8\":\"B?\",\"157\":\"i\",\"1.518088985931684e+308\":-1,\"\":1.623160852570887e+308},714,49]}","{\"0\":-100,\"1\":3,\"2\":[618,823,0,-100,{\"8\":\"B?\",\"157\":\"i\",\"1.518088985931684e+308\":-1,\"\":1.623160852570887e+308},714,49]}","{\"0\":{\"8\":\"B?\",\"157\":\"i\",\"1.518088985931684e+308\":-1,\"\":1.623160852570887e+308},\"1\":4,\"2\":[618,823,0,-100,{\"8\":\"B?\",\"157\":\"i\",\"1.518088985931684e+308\":-1,\"\":1.623160852570887e+308},714,49]}","{\"0\":714,\"1\":5,\"2\":[618,823,0,-100,{\"8\":\"B?\",\"157\":\"i\",\"1.518088985931684e+308\":-1,\"\":1.623160852570887e+308},714,49]}","{\"0\":49,\"1\":6,\"2\":[618,823,0,-100,{\"8\":\"B?\",\"157\":\"i\",\"1.518088985931684e+308\":-1,\"\":1.623160852570887e+308},714,49]}","{\"0\":618,\"1\":0,\"2\":[618,823,0,-100,82,714,49]}","{\"0\":823,\"1\":1,\"2\":[[82,714,213],823,0,-100,{\"\":\"\",\"J\":\"8\",\"1.0720735441897305e+308\":\")\"},714,49]}","{\"0\":0,\"1\":2,\"2\":[[82,714,213],823,0,-100,{\"\":\"\",\"J\":\"8\",\"1.0720735441897305e+308\":\")\"},714,49]}","{\"0\":-100,\"1\":3,\"2\":[[82,714,213],823,0,-100,{\"\":\"\",\"J\":\"8\",\"1.0720735441897305e+308\":\")\"},714,49]}","{\"0\":{\"\":\"\",\"J\":\"8\",\"1.0720735441897305e+308\":\")\"},\"1\":4,\"2\":[[82,714,213],823,0,-100,{\"\":\"\",\"J\":\"8\",\"1.0720735441897305e+308\":\")\"},714,49]}","{\"0\":714,\"1\":5,\"2\":[[82,714,213],823,0,-100,{\"\":\"\",\"J\":\"8\",\"1.0720735441897305e+308\":\")\"},714,49]}","{\"0\":49,\"1\":6,\"2\":[[82,714,213],823,0,-100,{\"\":\"\",\"J\":\"8\",\"1.0720735441897305e+308\":\")\"},714,49]}","{\"0\":618,\"1\":0,\"2\":[618,823,0,-100,82,714,49]}","{\"0\":\"0618,823,0,-100,[object Object],714,49\",\"1\":0,\"2\":[\"0618,823,0,-100,[object Object],714,49\",\"823618,823,0,-100,[object Object],714,49\",\"0618,823,0,-100,[object Object],714,49\",\"-300618,823,0,-100,[object Object],714,49\",\"NaN618,823,0,-100,[object Object],714,49\",\"3570618,823,0,-100,[object Object],714,49\",\"294618,823,0,-100,[object Object],714,49\"]}","{\"0\":\"823618,823,0,-100,[object Object],714,49\",\"1\":1,\"2\":[\"0618,823,0,-100,[object Object],714,49\",\"823618,823,0,-100,[object Object],714,49\",\"0618,823,0,-100,[object Object],714,49\",\"-300618,823,0,-100,[object Object],714,49\",\"NaN618,823,0,-100,[object Object],714,49\",\"3570618,823,0,-100,[object Object],714,49\",\"294618,823,0,-100,[object Object],714,49\"]}","{\"0\":\"0618,823,0,-100,[object Object],714,49\",\"1\":2,\"2\":[\"0618,823,0,-100,[object Object],714,49\",\"823618,823,0,-100,[object Object],714,49\",\"0618,823,0,-100,[object Object],714,49\",\"-300618,823,0,-100,[object Object],714,49\",\"NaN618,823,0,-100,[object Object],714,49\",\"3570618,823,0,-100,[object Object],714,49\",\"294618,823,0,-100,[object Object],714,49\"]}","{\"0\":\"-300618,823,0,-100,[object Object],714,49\",\"1\":3,\"2\":[\"0618,823,0,-100,[object Object],714,49\",\"823618,823,0,-100,[object Object],714,49\",\"0618,823,0,-100,[object Object],714,49\",\"-300618,823,0,-100,[object Object],714,49\",\"NaN618,823,0,-100,[object Object],714,49\",\"3570618,823,0,-100,[object Object],714,49\",\"294618,823,0,-100,[object Object],714,49\"]}","{\"0\":\"NaN618,823,0,-100,[object Object],714,49\",\"1\":4,\"2\":[\"0618,823,0,-100,[object Object],714,49\",\"823618,823,0,-100,[object Object],714,49\",\"0618,823,0,-100,[object Object],714,49\",\"-300618,823,0,-100,[object Object],714,49\",\"NaN618,823,0,-100,[object Object],714,49\",\"3570618,823,0,-100,[object Object],714,49\",\"294618,823,0,-100,[object Object],714,49\"]}","{\"0\":\"3570618,823,0,-100,[object Object],714,49\",\"1\":5,\"2\":[\"0618,823,0,-100,[object Object],714,49\",\"823618,823,0,-100,[object Object],714,49\",\"0618,823,0,-100,[object Object],714,49\",\"-300618,823,0,-100,[object Object],714,49\",\"NaN618,823,0,-100,[object Object],714,49\",\"3570618,823,0,-100,[object Object],714,49\",\"294618,823,0,-100,[object Object],714,49\"]}","{\"0\":\"294618,823,0,-100,[object Object],714,49\",\"1\":6,\"2\":[\"0618,823,0,-100,[object Object],714,49\",\"823618,823,0,-100,[object Object],714,49\",\"0618,823,0,-100,[object Object],714,49\",\"-300618,823,0,-100,[object Object],714,49\",\"NaN618,823,0,-100,[object Object],714,49\",\"3570618,823,0,-100,[object Object],714,49\",\"294618,823,0,-100,[object Object],714,49\"]}"]}