{"baseObjects":["[893,595,59,1.7976931348623157e+308,126,595,-100]","[null,null,null,null,null,null,null]","[893,595,59,1.7976931348623157e+308,126,595,-100]","[893,595,59,1.7976931348623157e+308,126,595,-100]"],"returnObjects":["[null,null,null,null,null,null,null]","\"Error\"","[null,null,null,null,null,null,null]","\"Error\""],"callbackArgs":["{\"0\":893,\"1\":0,\"2\":[893,595,59,1.7976931348623157e+308,126,595,-100]}","{\"0\":595,\"1\":1,\"2\":[893,595,59,1.7976931348623157e+308,126,595,-100]}","{\"0\":59,\"1\":2,\"2\":[893,595,59,1.7976931348623157e+308,126,595,-100]}","{\"0\":1.7976931348623157e+308,\"1\":3,\"2\":[893,595,59,1.7976931348623157e+308,126,595,-100]}","{\"0\":126,\"1\":4,\"2\":[893,595,59,1.7976931348623157e+308,126,595,-100]}","{\"0\":595,\"1\":5,\"2\":[893,595,59,1.7976931348623157e+308,126,595,-100]}","{\"0\":-100,\"1\":6,\"2\":[893,595,59,1.7976931348623157e+308,126,595,-100]}","{\"0\":893,\"1\":0,\"2\":[893,595,59,1.7976931348623157e+308,126,595,-100]}","{\"0\":595,\"1\":1,\"2\":[893,595,59,1.7976931348623157e+308,126,595,-100]}","{\"0\":59,\"1\":2,\"2\":[893,595,59,1.7976931348623157e+308,126,595,-100]}","{\"0\":1.7976931348623157e+308,\"1\":3,\"2\":[893,595,59,1.7976931348623157e+308,126,595,-100]}","{\"0\":126,\"1\":4,\"2\":[893,595,59,1.7976931348623157e+308,126,595,-100]}","{\"0\":595,\"1\":5,\"2\":[893,595,59,1.7976931348623157e+308,126,595,-100]}","{\"0\":-100,\"1\":6,\"2\":[893,595,59,1.7976931348623157e+308,126,595,-100]}","{\"0\":893,\"1\":0,\"2\":[893,595,59,1.7976931348623157e+308,126,595,-100]}"]}