{"baseObjects":["[82,1.7976931348623157e+308,100,126,25]","[82,1.7976931348623157e+308,100,126,25]","[\"Infinity82,1.7976931348623157e+308,100,126,25\",\"1.7976931348623157e+30882,1.7976931348623157e+308,100,126,25\",\"5082,1.7976931348623157e+308,100,126,25\",\"4282,1.7976931348623157e+308,100,126,25\",\"6.2582,1.7976931348623157e+308,100,126,25\"]","[82,1.7976931348623157e+308,100,126,25]"],"returnObjects":["[\"Infinity82,1.7976931348623157e+308,100,126,25\",\"1.7976931348623157e+30882,1.7976931348623157e+308,100,126,25\",\"5082,1.7976931348623157e+308,100,126,25\",\"4282,1.7976931348623157e+308,100,126,25\",\"6.2582,1.7976931348623157e+308,100,126,25\"]","\"Error\"","\"Error\"","[null,null,null,null,null]"],"callbackArgs":["{\"0\":82,\"1\":0,\"2\":[82,1.7976931348623157e+308,100,126,25]}","{\"0\":1.7976931348623157e+308,\"1\":1,\"2\":[82,1.7976931348623157e+308,100,126,25]}","{\"0\":100,\"1\":2,\"2\":[82,1.7976931348623157e+308,100,126,25]}","{\"0\":126,\"1\":3,\"2\":[82,1.7976931348623157e+308,100,126,25]}","{\"0\":25,\"1\":4,\"2\":[82,1.7976931348623157e+308,100,126,25]}","{\"0\":82,\"1\":0,\"2\":[82,1.7976931348623157e+308,100,126,25]}","{\"0\":\"Infinity82,1.7976931348623157e+308,100,126,25\",\"1\":0,\"2\":[\"Infinity82,1.7976931348623157e+308,100,126,25\",\"1.7976931348623157e+30882,1.7976931348623157e+308,100,126,25\",\"5082,1.7976931348623157e+308,100,126,25\",\"4282,1.7976931348623157e+308,100,126,25\",\"6.2582,1.7976931348623157e+308,100,126,25\"]}","{\"0\":82,\"1\":0,\"2\":[82,1.7976931348623157e+308,100,126,25]}","{\"0\":1.7976931348623157e+308,\"1\":1,\"2\":[82,1.7976931348623157e+308,100,126,25]}","{\"0\":100,\"1\":2,\"2\":[82,1.7976931348623157e+308,100,126,25]}","{\"0\":126,\"1\":3,\"2\":[82,1.7976931348623157e+308,100,126,25]}","{\"0\":25,\"1\":4,\"2\":[82,1.7976931348623157e+308,100,126,25]}"]}