{"baseObjects":["[-100,122,460,893,213,-1]","[\"\",\"122-100,122,460,893,213,-1\",\"920-100,122,460,893,213,-1\",59,\"852-100,122,460,893,213,-1\",\"-5-100,122,460,893,213,-1\"]","[\"\",\"122-100,122,460,893,213,-1\",\"920-100,122,460,893,213,-1\",59,\"852-100,122,460,893,213,-1\",\"-5-100,122,460,893,213,-1\"]","[\"\",\"122-100,122,460,893,213,-1\",\"920-100,122,460,893,213,-1\",59,\"852-100,122,460,893,213,-1\",\"-5-100,122,460,893,213,-1\"]"],"returnObjects":["[\"\",\"122-100,122,460,893,213,-1\",\"920-100,122,460,893,213,-1\",59,\"852-100,122,460,893,213,-1\",\"-5-100,122,460,893,213,-1\"]","\"Error\"","\"Error\"","[null,null,null,null,null,null]"],"callbackArgs":["{\"0\":-100,\"1\":0,\"2\":[-100,122,460,893,213,-1]}","{\"0\":122,\"1\":1,\"2\":[-100,122,460,893,213,-1]}","{\"0\":460,\"1\":2,\"2\":[-100,122,460,893,213,-1]}","{\"0\":893,\"1\":3,\"2\":[-100,122,460,893,213,-1]}","{\"0\":213,\"1\":4,\"2\":[-100,122,460,893,213,-1]}","{\"0\":-1,\"1\":5,\"2\":[-100,122,460,893,213,-1]}","{\"0\":\"0-100,122,460,893,213,-1\",\"1\":0,\"2\":[\"0-100,122,460,893,213,-1\",\"122-100,122,460,893,213,-1\",\"920-100,122,460,893,213,-1\",\"2679-100,122,460,893,213,-1\",\"852-100,122,460,893,213,-1\",\"-5-100,122,460,893,213,-1\"]}","{\"0\":\"0-100,122,460,893,213,-1\",\"1\":0,\"2\":[\"0-100,122,460,893,213,-1\",\"122-100,122,460,893,213,-1\",\"920-100,122,460,893,213,-1\",\"2679-100,122,460,893,213,-1\",\"852-100,122,460,893,213,-1\",\"-5-100,122,460,893,213,-1\"]}","{\"0\":\"\",\"1\":0,\"2\":[\"\",\"122-100,122,460,893,213,-1\",\"920-100,122,460,893,213,-1\",{\"25\":\"y,g8\",\"595\":1.4901185244855606e+308,\"1.7261030733891165e+308\":213,\"&B\":25,\"3b\":\"\",\"1.2685096701799995e+307\":\"\",\"6.247914655578504e+307\":\"\"},\"852-100,122,460,893,213,-1\",\"-5-100,122,460,893,213,-1\"]}","{\"0\":\"122-100,122,460,893,213,-1\",\"1\":1,\"2\":[\"\",\"122-100,122,460,893,213,-1\",\"920-100,122,460,893,213,-1\",59,\"852-100,122,460,893,213,-1\",\"-5-100,122,460,893,213,-1\"]}","{\"0\":\"920-100,122,460,893,213,-1\",\"1\":2,\"2\":[\"\",\"122-100,122,460,893,213,-1\",\"920-100,122,460,893,213,-1\",59,\"852-100,122,460,893,213,-1\",\"-5-100,122,460,893,213,-1\"]}","{\"0\":59,\"1\":3,\"2\":[\"\",\"122-100,122,460,893,213,-1\",\"920-100,122,460,893,213,-1\",59,\"852-100,122,460,893,213,-1\",\"-5-100,122,460,893,213,-1\"]}","{\"0\":\"852-100,122,460,893,213,-1\",\"1\":4,\"2\":[\"\",\"122-100,122,460,893,213,-1\",\"920-100,122,460,893,213,-1\",59,\"852-100,122,460,893,213,-1\",\"-5-100,122,460,893,213,-1\"]}","{\"0\":\"-5-100,122,460,893,213,-1\",\"1\":5,\"2\":[\"\",\"122-100,122,460,893,213,-1\",\"920-100,122,460,893,213,-1\",59,\"852-100,122,460,893,213,-1\",\"-5-100,122,460,893,213,-1\"]}"]}