{"baseObjects":["[null,823,157]","[null,null,null]","[25,893,157,null,null,null,{\"460\":\"k\",\"595\":1.6708541295117587e+308,\"823\":5.716074914486456e+307}]","[null,null,null]"],"returnObjects":["[null,null,null]","\"Error\"","[null,null,null]","\"Error\""],"callbackArgs":["{\"0\":25,\"1\":0,\"2\":[25,823,157]}","{\"0\":823,\"1\":1,\"2\":[null,823,157]}","{\"0\":157,\"1\":2,\"2\":[null,823,157]}","{\"0\":null,\"1\":0,\"2\":[null,null,null]}","{\"0\":25,\"1\":0,\"2\":[25,823,157]}","{\"0\":893,\"1\":1,\"2\":[25,893,157,null,null,null,{\"460\":\"k\",\"595\":1.6708541295117587e+308,\"823\":5.716074914486456e+307}]}","{\"0\":157,\"1\":2,\"2\":[25,893,157,null,null,null,{\"460\":\"k\",\"595\":1.6708541295117587e+308,\"823\":5.716074914486456e+307}]}","{\"0\":null,\"1\":0,\"2\":[null,null,null]}"]}