{"baseObjects":["[\"D=-q\",\"^\",213,59,595]","[\"D=-q\",{\"122\":2.847961530912833e+307,\"#\":\"f\",\"1.1166557477257628e+308\":\"%uS\",\"h\":\"\",\"\":\"B\",\"1.3147398988955642e+308\":\"\",\"{\":\"]\",\"q?!\":100},213,59,595,null,null,null,null,{\"242\":\"\",\"1.948549855209286e+307\":2.994748898277165e+307,\"\":\"\",\"1.3459144280551128e+308\":\"w>\"}]","[null,null,null,null,null]","[null,null,null,null,null]"],"returnObjects":["[null,null,null,null,null]","[null,null,null,null,null]","\"Error\"","\"Error\""],"callbackArgs":["{\"0\":\"D=-q\",\"1\":0,\"2\":[\"D=-q\",\"^\",213,59,595]}","{\"0\":\"^\",\"1\":1,\"2\":[\"D=-q\",\"^\",213,59,595]}","{\"0\":213,\"1\":2,\"2\":[\"D=-q\",\"^\",213,59,595]}","{\"0\":59,\"1\":3,\"2\":[\"D=-q\",\"^\",213,59,595]}","{\"0\":595,\"1\":4,\"2\":[\"D=-q\",\"^\",213,59,595]}","{\"0\":\"D=-q\",\"1\":0,\"2\":[\"D=-q\",\"^\",213,59,595]}","{\"0\":{\"122\":2.847961530912833e+307,\"#\":\"f\",\"1.1166557477257628e+308\":\"%uS\",\"h\":\"\",\"\":\"B\",\"1.3147398988955642e+308\":\"\",\"{\":\"]\",\"q?!\":100},\"1\":1,\"2\":[\"D=-q\",{\"122\":2.847961530912833e+307,\"#\":\"f\",\"1.1166557477257628e+308\":\"%uS\",\"h\":\"\",\"\":\"B\",\"1.3147398988955642e+308\":\"\",\"{\":\"]\",\"q?!\":100},213,59,595,null,null,null,null,{\"242\":\"\",\"1.948549855209286e+307\":2.994748898277165e+307,\"\":\"\",\"1.3459144280551128e+308\":\"w>\"}]}","{\"0\":213,\"1\":2,\"2\":[\"D=-q\",{\"122\":2.847961530912833e+307,\"#\":\"f\",\"1.1166557477257628e+308\":\"%uS\",\"h\":\"\",\"\":\"B\",\"1.3147398988955642e+308\":\"\",\"{\":\"]\",\"q?!\":100},213,59,595,null,null,null,null,{\"242\":\"\",\"1.948549855209286e+307\":2.994748898277165e+307,\"\":\"\",\"1.3459144280551128e+308\":\"w>\"}]}","{\"0\":59,\"1\":3,\"2\":[\"D=-q\",{\"122\":2.847961530912833e+307,\"#\":\"f\",\"1.1166557477257628e+308\":\"%uS\",\"h\":\"\",\"\":\"B\",\"1.3147398988955642e+308\":\"\",\"{\":\"]\",\"q?!\":100},213,59,595,null,null,null,null,{\"242\":\"\",\"1.948549855209286e+307\":2.994748898277165e+307,\"\":\"\",\"1.3459144280551128e+308\":\"w>\"}]}","{\"0\":595,\"1\":4,\"2\":[\"D=-q\",{\"122\":2.847961530912833e+307,\"#\":\"f\",\"1.1166557477257628e+308\":\"%uS\",\"h\":\"\",\"\":\"B\",\"1.3147398988955642e+308\":\"\",\"{\":\"]\",\"q?!\":100},213,59,595,null,null,null,null,{\"242\":\"\",\"1.948549855209286e+307\":2.994748898277165e+307,\"\":\"\",\"1.3459144280551128e+308\":\"w>\"}]}","{\"0\":null,\"1\":0,\"2\":[null,null,null,null,null]}","{\"0\":null,\"1\":0,\"2\":[null,null,null,null,null]}"]}