{"baseObjects":["[59,714,213,460]","[\"\",null,null,null]","[null,null,{\"0\":7.601630792837087e+307,\"595\":\"\",\"783\":126,\"1.588545342662476e+308\":\"\",\"a\":1.5374837878717174e+308,\"\":\"'\",\"-100\":\"\",\"1.5839152669485746e+307\":\"T\"},null]","[59,460,213,460]"],"returnObjects":["[\"\",null,null,null]","[null,null,{\"0\":7.601630792837087e+307,\"595\":\"\",\"783\":126,\"1.588545342662476e+308\":\"\",\"a\":1.5374837878717174e+308,\"\":\"'\",\"-100\":\"\",\"1.5839152669485746e+307\":\"T\"},null]","\"Error\"","[null,null,null,null]"],"callbackArgs":["{\"0\":59,\"1\":0,\"2\":[59,714,213,460]}","{\"0\":714,\"1\":1,\"2\":[59,714,213,460]}","{\"0\":213,\"1\":2,\"2\":[59,714,213,460]}","{\"0\":460,\"1\":3,\"2\":[59,714,213,460]}","{\"0\":null,\"1\":0,\"2\":[null,null,null,null]}","{\"0\":null,\"1\":1,\"2\":[\"\",null,null,null]}","{\"0\":null,\"1\":2,\"2\":[\"\",null,null,null]}","{\"0\":null,\"1\":3,\"2\":[\"\",null,null,null]}","{\"0\":null,\"1\":0,\"2\":[null,null,null,null]}","{\"0\":59,\"1\":0,\"2\":[59,714,213,460]}","{\"0\":460,\"1\":1,\"2\":[59,460,213,460]}","{\"0\":213,\"1\":2,\"2\":[59,460,213,460]}","{\"0\":460,\"1\":3,\"2\":[59,460,213,460]}"]}