{"baseObjects":["[\"t\",\"k\",\"#\",\"l\",\"5aD|s\",\"2\"]","true","[\"t\",\"k\",\"#\",\"l\",\"5aD|s\",\"2\",null,null,null,{\"893\":5.376678236543719e+307,\"1.0621302405959346e+308\":\"0%\",\"{w>a\":\"S\",\"\":\"6\",\"1.854849144318416e+307\":\"\",\"E\":1.4939453524645313e+308,\"fc\":0,\"1.744054870377412e+308\":\"\"}]","[\"t\",\"k\",\"#\",\"l\",\"5aD|s\",null]"],"returnObjects":["[null,null,null,null,null,null,714]","\"Error\"","[null,null,null,null,null,null]","[null,null,null,null,null,null]"],"callbackArgs":["{\"0\":\"t\",\"1\":0,\"2\":[\"t\",\"k\",\"#\",\"l\",\"5aD|s\",\"2\"]}","{\"0\":\"k\",\"1\":1,\"2\":[\"t\",\"k\",\"#\",\"l\",\"5aD|s\",\"2\"]}","{\"0\":\"#\",\"1\":2,\"2\":[\"t\",\"k\",\"#\",\"l\",\"5aD|s\",\"2\"]}","{\"0\":\"l\",\"1\":3,\"2\":[\"t\",\"k\",\"#\",\"l\",\"5aD|s\",\"2\"]}","{\"0\":\"5aD|s\",\"1\":4,\"2\":[\"t\",\"k\",\"#\",\"l\",\"5aD|s\",\"2\"]}","{\"0\":\"2\",\"1\":5,\"2\":[\"t\",\"k\",\"#\",\"l\",\"5aD|s\",\"2\"]}","{\"0\":null,\"1\":0,\"2\":[null,null,null,null,null,null]}","{\"0\":null,\"1\":1,\"2\":[null,null,null,null,null,null,714]}","{\"0\":\"t\",\"1\":0,\"2\":[\"t\",\"k\",\"#\",\"l\",\"5aD|s\",\"2\"]}","{\"0\":\"k\",\"1\":1,\"2\":[\"t\",\"k\",\"#\",\"l\",\"5aD|s\",\"2\",null,null,null,{\"893\":5.376678236543719e+307,\"1.0621302405959346e+308\":\"0%\",\"{w>a\":\"S\",\"\":\"6\",\"1.854849144318416e+307\":\"\",\"E\":1.4939453524645313e+308,\"fc\":0,\"1.744054870377412e+308\":\"\"}]}","{\"0\":\"#\",\"1\":2,\"2\":[\"t\",\"k\",\"#\",\"l\",\"5aD|s\",\"2\",null,null,null,{\"893\":5.376678236543719e+307,\"1.0621302405959346e+308\":\"0%\",\"{w>a\":\"S\",\"\":\"6\",\"1.854849144318416e+307\":\"\",\"E\":1.4939453524645313e+308,\"fc\":0,\"1.744054870377412e+308\":\"\"}]}","{\"0\":\"l\",\"1\":3,\"2\":[\"t\",\"k\",\"#\",\"l\",\"5aD|s\",\"2\",null,null,null,{\"893\":5.376678236543719e+307,\"1.0621302405959346e+308\":\"0%\",\"{w>a\":\"S\",\"\":\"6\",\"1.854849144318416e+307\":\"\",\"E\":1.4939453524645313e+308,\"fc\":0,\"1.744054870377412e+308\":\"\"}]}","{\"0\":\"5aD|s\",\"1\":4,\"2\":[\"t\",\"k\",\"#\",\"l\",\"5aD|s\",\"2\",null,null,null,{\"893\":5.376678236543719e+307,\"1.0621302405959346e+308\":\"0%\",\"{w>a\":\"S\",\"\":\"6\",\"1.854849144318416e+307\":\"\",\"E\":1.4939453524645313e+308,\"fc\":0,\"1.744054870377412e+308\":\"\"}]}","{\"0\":\"2\",\"1\":5,\"2\":[\"t\",\"k\",\"#\",\"l\",\"5aD|s\",\"2\",null,null,null,{\"893\":5.376678236543719e+307,\"1.0621302405959346e+308\":\"0%\",\"{w>a\":\"S\",\"\":\"6\",\"1.854849144318416e+307\":\"\",\"E\":1.4939453524645313e+308,\"fc\":0,\"1.744054870377412e+308\":\"\"}]}","{\"0\":\"t\",\"1\":0,\"2\":[\"t\",\"k\",\"#\",\"l\",\"5aD|s\",\"2\"]}","{\"0\":\"k\",\"1\":1,\"2\":[\"t\",\"k\",\"#\",\"l\",\"5aD|s\",null]}","{\"0\":\"#\",\"1\":2,\"2\":[\"t\",\"k\",\"#\",\"l\",\"5aD|s\",null]}","{\"0\":\"l\",\"1\":3,\"2\":[\"t\",\"k\",\"#\",\"l\",\"5aD|s\",null]}","{\"0\":\"5aD|s\",\"1\":4,\"2\":[\"t\",\"k\",\"#\",\"l\",\"5aD|s\",null]}","{\"0\":null,\"1\":5,\"2\":[\"t\",\"k\",\"#\",\"l\",\"5aD|s\",null]}"]}