{"baseObjects":["[213,null,1.7976931348623157e+308,-100,null,null,4.9390009151992e+307]","[null,null,[\"k\",\"pp`\",\"KX\"],null,false,[82,49,0,25]]","[null,null,null,null]","[null,null,[\"k\",\"pp`\",\"KX\"],null,false,[82,49,0,25]]"],"returnObjects":["[null,null,[\"k\",\"pp`\",\"KX\"],null,false,[82,49,0,25]]","[null,null,null,null]","\"Error\"","\"Error\""],"callbackArgs":["{\"0\":213,\"1\":0,\"2\":[213,59,1.7976931348623157e+308,-100]}","{\"0\":null,\"1\":1,\"2\":[213,null,1.7976931348623157e+308,-100,null,null,4.9390009151992e+307]}","{\"0\":1.7976931348623157e+308,\"1\":2,\"2\":[213,null,1.7976931348623157e+308,-100,null,null,4.9390009151992e+307]}","{\"0\":-100,\"1\":3,\"2\":[213,null,1.7976931348623157e+308,-100,null,null,4.9390009151992e+307]}","{\"0\":null,\"1\":0,\"2\":[null,null,null,null]}","{\"0\":null,\"1\":1,\"2\":[null,null,[\"k\",\"pp`\",\"KX\"],null,false,[82,49,0,25]]}","{\"0\":[\"k\",\"pp`\",\"KX\"],\"1\":2,\"2\":[null,null,[\"k\",\"pp`\",\"KX\"],null,false,[82,49,0,25]]}","{\"0\":null,\"1\":3,\"2\":[null,null,[\"k\",\"pp`\",\"KX\"],null,false,[82,49,0,25]]}","{\"0\":null,\"1\":0,\"2\":[null,null,null,null]}","{\"0\":null,\"1\":0,\"2\":[null,null,[\"k\",\"pp`\",\"KX\"],null,false,[82,49,0,25]]}"]}