{"baseObjects":["[783,0,618,655]","[\"Infinity783,0,618,655\",\"0783,0,618,655\",\"309783,0,618,655\",\"218.33333333333334783,0,618,655\",null,null,\"\"]","[\"Infinity783,0,618,655\",\"0783,0,618,655\",\"309783,0,618,655\",\"218.33333333333334783,0,618,655\",null,null,\"\"]","[null,null,null,null]"],"returnObjects":["[\"Infinity783,0,618,655\",\"0783,0,618,655\",\"309783,0,618,655\",\"218.33333333333334783,0,618,655\",null,null,\"\"]","\"Error\"","[null,null,null,null]","\"Error\""],"callbackArgs":["{\"0\":783,\"1\":0,\"2\":[783,0,618,655]}","{\"0\":0,\"1\":1,\"2\":[783,0,618,655]}","{\"0\":618,\"1\":2,\"2\":[783,0,618,655]}","{\"0\":655,\"1\":3,\"2\":[783,0,618,655]}","{\"0\":\"Infinity783,0,618,655\",\"1\":0,\"2\":[\"Infinity783,0,618,655\",\"0783,0,618,655\",\"309783,0,618,655\",\"218.33333333333334783,0,618,655\"]}","{\"0\":\"Infinity783,0,618,655\",\"1\":0,\"2\":[\"Infinity783,0,618,655\",\"0783,0,618,655\",\"309783,0,618,655\",\"218.33333333333334783,0,618,655\"]}","{\"0\":\"0783,0,618,655\",\"1\":1,\"2\":[\"Infinity783,0,618,655\",\"0783,0,618,655\",\"309783,0,618,655\",\"218.33333333333334783,0,618,655\",null,null,\"\"]}","{\"0\":\"309783,0,618,655\",\"1\":2,\"2\":[\"Infinity783,0,618,655\",\"0783,0,618,655\",\"309783,0,618,655\",\"218.33333333333334783,0,618,655\",null,null,\"\"]}","{\"0\":\"218.33333333333334783,0,618,655\",\"1\":3,\"2\":[\"Infinity783,0,618,655\",\"0783,0,618,655\",\"309783,0,618,655\",\"218.33333333333334783,0,618,655\",null,null,\"\"]}","{\"0\":null,\"1\":0,\"2\":[null,null,null,null]}"]}