{"baseObjects":["[true,607,25,607,893,460,705,1.7976931348623157e+308,126]","[\"25true,607,25,607,893,460,705,1.7976931348623157e+308,126\",\"606true,607,25,607,893,460,705,1.7976931348623157e+308,126\",\"23true,607,25,607,893,460,705,1.7976931348623157e+308,126\",\"604true,607,25,607,893,460,705,1.7976931348623157e+308,126\",\"889true,607,25,607,893,460,705,1.7976931348623157e+308,126\",\"455true,607,25,607,893,460,705,1.7976931348623157e+308,126\",\"699true,607,25,607,893,460,705,1.7976931348623157e+308,126\",\"1.7976931348623157e+308true,607,25,607,893,460,705,1.7976931348623157e+308,126\",\"118true,607,25,607,893,460,705,1.7976931348623157e+308,126\"]","[\"25true,607,25,607,893,460,705,1.7976931348623157e+308,126\",\"606true,607,25,607,893,460,705,1.7976931348623157e+308,126\",\"23true,607,25,607,893,460,705,1.7976931348623157e+308,126\",\"604true,607,25,607,893,460,705,1.7976931348623157e+308,126\",\"889true,607,25,607,893,460,705,1.7976931348623157e+308,126\",\"455true,607,25,607,893,460,705,1.7976931348623157e+308,126\",\"699true,607,25,607,893,460,705,1.7976931348623157e+308,126\",\"1.7976931348623157e+308true,607,25,607,893,460,705,1.7976931348623157e+308,126\",\"118true,607,25,607,893,460,705,1.7976931348623157e+308,126\"]","[25,false,25,607,893,460,705,1.7976931348623157e+308,126]"],"returnObjects":["[\"25true,607,25,607,893,460,705,1.7976931348623157e+308,126\",\"606true,607,25,607,893,460,705,1.7976931348623157e+308,126\",\"23true,607,25,607,893,460,705,1.7976931348623157e+308,126\",\"604true,607,25,607,893,460,705,1.7976931348623157e+308,126\",\"889true,607,25,607,893,460,705,1.7976931348623157e+308,126\",\"455true,607,25,607,893,460,705,1.7976931348623157e+308,126\",\"699true,607,25,607,893,460,705,1.7976931348623157e+308,126\",\"1.7976931348623157e+308true,607,25,607,893,460,705,1.7976931348623157e+308,126\",\"118true,607,25,607,893,460,705,1.7976931348623157e+308,126\"]","[null,null,null,null,null,null,null,null,null]","\"Error\"","\"Error\""],"callbackArgs":["{\"0\":25,\"1\":0,\"2\":[25,607,25,607,893,460,705,1.7976931348623157e+308,126]}","{\"0\":607,\"1\":1,\"2\":[true,607,25,607,893,460,705,1.7976931348623157e+308,126]}","{\"0\":25,\"1\":2,\"2\":[true,607,25,607,893,460,705,1.7976931348623157e+308,126]}","{\"0\":607,\"1\":3,\"2\":[true,607,25,607,893,460,705,1.7976931348623157e+308,126]}","{\"0\":893,\"1\":4,\"2\":[true,607,25,607,893,460,705,1.7976931348623157e+308,126]}","{\"0\":460,\"1\":5,\"2\":[true,607,25,607,893,460,705,1.7976931348623157e+308,126]}","{\"0\":705,\"1\":6,\"2\":[true,607,25,607,893,460,705,1.7976931348623157e+308,126]}","{\"0\":1.7976931348623157e+308,\"1\":7,\"2\":[true,607,25,607,893,460,705,1.7976931348623157e+308,126]}","{\"0\":126,\"1\":8,\"2\":[true,607,25,607,893,460,705,1.7976931348623157e+308,126]}","{\"0\":\"25true,607,25,607,893,460,705,1.7976931348623157e+308,126\",\"1\":0,\"2\":[\"25true,607,25,607,893,460,705,1.7976931348623157e+308,126\",\"606true,607,25,607,893,460,705,1.7976931348623157e+308,126\",\"23true,607,25,607,893,460,705,1.7976931348623157e+308,126\",\"604true,607,25,607,893,460,705,1.7976931348623157e+308,126\",\"889true,607,25,607,893,460,705,1.7976931348623157e+308,126\",\"455true,607,25,607,893,460,705,1.7976931348623157e+308,126\",\"699true,607,25,607,893,460,705,1.7976931348623157e+308,126\",\"1.7976931348623157e+308true,607,25,607,893,460,705,1.7976931348623157e+308,126\",\"118true,607,25,607,893,460,705,1.7976931348623157e+308,126\"]}","{\"0\":\"606true,607,25,607,893,460,705,1.7976931348623157e+308,126\",\"1\":1,\"2\":[\"25true,607,25,607,893,460,705,1.7976931348623157e+308,126\",\"606true,607,25,607,893,460,705,1.7976931348623157e+308,126\",\"23true,607,25,607,893,460,705,1.7976931348623157e+308,126\",\"604true,607,25,607,893,460,705,1.7976931348623157e+308,126\",\"889true,607,25,607,893,460,705,1.7976931348623157e+308,126\",\"455true,607,25,607,893,460,705,1.7976931348623157e+308,126\",\"699true,607,25,607,893,460,705,1.7976931348623157e+308,126\",\"1.7976931348623157e+308true,607,25,607,893,460,705,1.7976931348623157e+308,126\",\"118true,607,25,607,893,460,705,1.7976931348623157e+308,126\"]}","{\"0\":\"23true,607,25,607,893,460,705,1.7976931348623157e+308,126\",\"1\":2,\"2\":[\"25true,607,25,607,893,460,705,1.7976931348623157e+308,126\",\"606true,607,25,607,893,460,705,1.7976931348623157e+308,126\",\"23true,607,25,607,893,460,705,1.7976931348623157e+308,126\",\"604true,607,25,607,893,460,705,1.7976931348623157e+308,126\",\"889true,607,25,607,893,460,705,1.7976931348623157e+308,126\",\"455true,607,25,607,893,460,705,1.7976931348623157e+308,126\",\"699true,607,25,607,893,460,705,1.7976931348623157e+308,126\",\"1.7976931348623157e+308true,607,25,607,893,460,705,1.7976931348623157e+308,126\",\"118true,607,25,607,893,460,705,1.7976931348623157e+308,126\"]}","{\"0\":\"604true,607,25,607,893,460,705,1.7976931348623157e+308,126\",\"1\":3,\"2\":[\"25true,607,25,607,893,460,705,1.7976931348623157e+308,126\",\"606true,607,25,607,893,460,705,1.7976931348623157e+308,126\",\"23true,607,25,607,893,460,705,1.7976931348623157e+308,126\",\"604true,607,25,607,893,460,705,1.7976931348623157e+308,126\",\"889true,607,25,607,893,460,705,1.7976931348623157e+308,126\",\"455true,607,25,607,893,460,705,1.7976931348623157e+308,126\",\"699true,607,25,607,893,460,705,1.7976931348623157e+308,126\",\"1.7976931348623157e+308true,607,25,607,893,460,705,1.7976931348623157e+308,126\",\"118true,607,25,607,893,460,705,1.7976931348623157e+308,126\"]}","{\"0\":\"889true,607,25,607,893,460,705,1.7976931348623157e+308,126\",\"1\":4,\"2\":[\"25true,607,25,607,893,460,705,1.7976931348623157e+308,126\",\"606true,607,25,607,893,460,705,1.7976931348623157e+308,126\",\"23true,607,25,607,893,460,705,1.7976931348623157e+308,126\",\"604true,607,25,607,893,460,705,1.7976931348623157e+308,126\",\"889true,607,25,607,893,460,705,1.7976931348623157e+308,126\",\"455true,607,25,607,893,460,705,1.7976931348623157e+308,126\",\"699true,607,25,607,893,460,705,1.7976931348623157e+308,126\",\"1.7976931348623157e+308true,607,25,607,893,460,705,1.7976931348623157e+308,126\",\"118true,607,25,607,893,460,705,1.7976931348623157e+308,126\"]}","{\"0\":\"455true,607,25,607,893,460,705,1.7976931348623157e+308,126\",\"1\":5,\"2\":[\"25true,607,25,607,893,460,705,1.7976931348623157e+308,126\",\"606true,607,25,607,893,460,705,1.7976931348623157e+308,126\",\"23true,607,25,607,893,460,705,1.7976931348623157e+308,126\",\"604true,607,25,607,893,460,705,1.7976931348623157e+308,126\",\"889true,607,25,607,893,460,705,1.7976931348623157e+308,126\",\"455true,607,25,607,893,460,705,1.7976931348623157e+308,126\",\"699true,607,25,607,893,460,705,1.7976931348623157e+308,126\",\"1.7976931348623157e+308true,607,25,607,893,460,705,1.7976931348623157e+308,126\",\"118true,607,25,607,893,460,705,1.7976931348623157e+308,126\"]}","{\"0\":\"699true,607,25,607,893,460,705,1.7976931348623157e+308,126\",\"1\":6,\"2\":[\"25true,607,25,607,893,460,705,1.7976931348623157e+308,126\",\"606true,607,25,607,893,460,705,1.7976931348623157e+308,126\",\"23true,607,25,607,893,460,705,1.7976931348623157e+308,126\",\"604true,607,25,607,893,460,705,1.7976931348623157e+308,126\",\"889true,607,25,607,893,460,705,1.7976931348623157e+308,126\",\"455true,607,25,607,893,460,705,1.7976931348623157e+308,126\",\"699true,607,25,607,893,460,705,1.7976931348623157e+308,126\",\"1.7976931348623157e+308true,607,25,607,893,460,705,1.7976931348623157e+308,126\",\"118true,607,25,607,893,460,705,1.7976931348623157e+308,126\"]}","{\"0\":\"1.7976931348623157e+308true,607,25,607,893,460,705,1.7976931348623157e+308,126\",\"1\":7,\"2\":[\"25true,607,25,607,893,460,705,1.7976931348623157e+308,126\",\"606true,607,25,607,893,460,705,1.7976931348623157e+308,126\",\"23true,607,25,607,893,460,705,1.7976931348623157e+308,126\",\"604true,607,25,607,893,460,705,1.7976931348623157e+308,126\",\"889true,607,25,607,893,460,705,1.7976931348623157e+308,126\",\"455true,607,25,607,893,460,705,1.7976931348623157e+308,126\",