{"baseObjects":["[783]","[783,null,null,null,null,null,1.4858141192450375e+308,null,\"\"]","[783]","[783]"],"returnObjects":["\"Error\"","[\"Infinity783,,,,,,1.4858141192450375e+308,,\"]","\"Error\"","\"Error\""],"callbackArgs":["{\"0\":783,\"1\":0,\"2\":[783]}","{\"0\":783,\"1\":0,\"2\":[783]}","{\"0\":783,\"1\":0,\"2\":[783]}","{\"0\":783,\"1\":0,\"2\":[783]}"]}