{"baseObjects":["[823,823,-100,460,655,595,25,82]","[823,823,-100,460,655,595,25,82]","[\"Infinity823,823,-100,460,655,595,25,82\",\"823823,823,-100,460,655,595,25,82\",\"-50823,823,-100,460,655,595,25,82\",\"153.33333333333334823,823,-100,460,655,595,25,82\",\"163.75823,823,-100,460,655,595,25,82\",\"119823,823,-100,460,655,595,25,82\",\"4.166666666666667823,823,-100,460,655,595,25,82\",\"11.714285714285714823,823,-100,460,655,595,25,82\"]","[823,823,-100,460,655,595,25,82]"],"returnObjects":["[\"Infinity823,823,-100,460,655,595,25,82\",\"823823,823,-100,460,655,595,25,82\",\"-50823,823,-100,460,655,595,25,82\",\"153.33333333333334823,823,-100,460,655,595,25,82\",\"163.75823,823,-100,460,655,595,25,82\",\"119823,823,-100,460,655,595,25,82\",\"4.166666666666667823,823,-100,460,655,595,25,82\",\"11.714285714285714823,823,-100,460,655,595,25,82\"]","[null,null,null,null,null,null,null,null]","[null,null,null,null,null,null,null,null]","[null,null,null,null,null,null,null,null]"],"callbackArgs":["{\"0\":823,\"1\":0,\"2\":[823,823,-100,460,655,595,25,82]}","{\"0\":823,\"1\":1,\"2\":[823,823,-100,460,655,595,25,82]}","{\"0\":-100,\"1\":2,\"2\":[823,823,-100,460,655,595,25,82]}","{\"0\":460,\"1\":3,\"2\":[823,823,-100,460,655,595,25,82]}","{\"0\":655,\"1\":4,\"2\":[823,823,-100,460,655,595,25,82]}","{\"0\":595,\"1\":5,\"2\":[823,823,-100,460,655,595,25,82]}","{\"0\":25,\"1\":6,\"2\":[823,823,-100,460,655,595,25,82]}","{\"0\":82,\"1\":7,\"2\":[823,823,-100,460,655,595,25,82]}","{\"0\":823,\"1\":0,\"2\":[823,823,-100,460,655,595,25,82]}","{\"0\":823,\"1\":1,\"2\":[823,823,-100,460,655,595,25,82]}","{\"0\":-100,\"1\":2,\"2\":[823,823,-100,460,655,595,25,82]}","{\"0\":460,\"1\":3,\"2\":[823,823,-100,460,655,595,25,82]}","{\"0\":655,\"1\":4,\"2\":[823,823,-100,460,655,595,25,82]}","{\"0\":595,\"1\":5,\"2\":[823,823,-100,460,655,595,25,82]}","{\"0\":25,\"1\":6,\"2\":[823,823,-100,460,655,595,25,82]}","{\"0\":82,\"1\":7,\"2\":[823,823,-100,460,655,595,25,82]}","{\"0\":\"Infinity823,823,-100,460,655,595,25,82\",\"1\":0,\"2\":[\"Infinity823,823,-100,460,655,595,25,82\",\"823823,823,-100,460,655,595,25,82\",\"-50823,823,-100,460,655,595,25,82\",\"153.33333333333334823,823,-100,460,655,595,25,82\",\"163.75823,823,-100,460,655,595,25,82\",\"119823,823,-100,460,655,595,25,82\",\"4.166666666666667823,823,-100,460,655,595,25,82\",\"11.714285714285714823,823,-100,460,655,595,25,82\"]}","{\"0\":\"823823,823,-100,460,655,595,25,82\",\"1\":1,\"2\":[\"Infinity823,823,-100,460,655,595,25,82\",\"823823,823,-100,460,655,595,25,82\",\"-50823,823,-100,460,655,595,25,82\",\"153.33333333333334823,823,-100,460,655,595,25,82\",\"163.75823,823,-100,460,655,595,25,82\",\"119823,823,-100,460,655,595,25,82\",\"4.166666666666667823,823,-100,460,655,595,25,82\",\"11.714285714285714823,823,-100,460,655,595,25,82\"]}","{\"0\":\"-50823,823,-100,460,655,595,25,82\",\"1\":2,\"2\":[\"Infinity823,823,-100,460,655,595,25,82\",\"823823,823,-100,460,655,595,25,82\",\"-50823,823,-100,460,655,595,25,82\",\"153.33333333333334823,823,-100,460,655,595,25,82\",\"163.75823,823,-100,460,655,595,25,82\",\"119823,823,-100,460,655,595,25,82\",\"4.166666666666667823,823,-100,460,655,595,25,82\",\"11.714285714285714823,823,-100,460,655,595,25,82\"]}","{\"0\":\"153.33333333333334823,823,-100,460,655,595,25,82\",\"1\":3,\"2\":[\"Infinity823,823,-100,460,655,595,25,82\",\"823823,823,-100,460,655,595,25,82\",\"-50823,823,-100,460,655,595,25,82\",\"153.33333333333334823,823,-100,460,655,595,25,82\",\"163.75823,823,-100,460,655,595,25,82\",\"119823,823,-100,460,655,595,25,82\",\"4.166666666666667823,823,-100,460,655,595,25,82\",\"11.714285714285714823,823,-100,460,655,595,25,82\"]}","{\"0\":\"163.75823,823,-100,460,655,595,25,82\",\"1\":4,\"2\":[\"Infinity823,823,-100,460,655,595,25,82\",\"823823,823,-100,460,655,595,25,82\",\"-50823,823,-100,460,655,595,25,82\",\"153.33333333333334823,823,-100,460,655,595,25,82\",\"163.75823,823,-100,460,655,595,25,82\",\"119823,823,-100,460,655,595,25,82\",\"4.166666666666667823,823,-100,460,655,595,25,82\",\"11.714285714285714823,823,-100,460,655,595,25,82\"]}","{\"0\":\"119823,823,-100,460,655,595,25,82\",\"1\":5,\"2\":[\"Infinity823,823,-100,460,655,595,25,82\",\"823823,823,-100,460,655,595,25,82\",\"-50823,823,-100,460,655,595,25,82\",\"153.33333333333334823,823,-100,460,655,595,25,82\",\"163.75823,823,-100,460,655,595,25,82\",\"119823,823,-100,460,655,595,25,82\",\"4.166666666666667823,823,-100,460,655,595,25,82\",\"11.714285714285714823,823,-100,460,655,595,25,82\"]}","{\"0\":\"4.166666666666667823,823,-100,460,655,595,25,82\",\"1\":6,\"2\":[\"Infinity823,823,-100,460,655,595,25,82\",\"823823,823,-100,460,655,595,25,82\",\"-50823,823,-100,460,655,595,25,82\",\"153.33333333333334823,823,-100,460,655,595,25,82\",\"163.75823,823,-100,460,655,595,25,82\",\"119823,823,-100,460,655,595,25,82\",\"4.166666666666667823,823,-100,460,655,595,25,82\",\"11.714285714285714823,823,-100,460,655,595,25,82\"]}","{\"0\":\"11.714285714285714823,823,-100,460,655,595,25,82\",\"1\":7,\"2\":[\"Infinity823,823,-100,460,655,595,25,82\",\"823823,823,-100,460,655,595,25,82\",\"-50823,823,-100,460,655,595,25,82\",\"153.33333333333334823,823,-100,460,655,595,25,82\",\"163.75823,823,-100,460,655,595,25,82\",\"119823,823,-100,460,655,595,25,82\",\"4.166666666666667823,823,-100,460,655,595,25,82\",\"11.714285714285714823,823,-100,460,655,595,25,82\"]}","{\"0\":823,\"1\":0,\"2\":[823,823,-100,460,655,595,25,82]}","{\"0\":823,\"1\":1,\"2\":[823,823,-100,460,655,595,25,82]}","{\"0\":-100,\"1\":2,\"2\":[823,823,-100,460,655,595,25,82]}","{\"0\":460,\"1\":3,\"2\":[823,823,-100,460,655,595,25,82]}","{\"0\":655,\"1\":4,\"2\":[823,823,-100,460,655,595,25,82]}","{\"0\":595,\"1\":5,\"2\":[823,823,-100,460,655,595,25,82]}","{\"0\":25,\"1\":6,\"2\":[823,823,-100,460,655,595,25,82]}","{\"0\":82,\"1\":7,\"2\":[823,823,-100,460,655,595,25,82]}"]}