{"baseObjects":["[\"T\",\"|\",\"X\",\"j)\",null,null,\"G\"]","[\"T\",\"|\",\"X\",\"j)\"]","[null,null,null,null,null,null,null,null,-1,{\"1.3938372421675322e+308\":\"\",\"1.4100772830629433e+308\":7.589045934790494e+307,\"\":1.4921939711243124e+308,\"a\":\"UA\",\"R\":1.5466078922572574e+308}]","[\"T\",\"|\",\"X\",\"j)\",null,4.053781935009988e+307]"],"returnObjects":["[null,null,null,null,null,null,null,null,-1,{\"1.3938372421675322e+308\":\"\",\"1.4100772830629433e+308\":7.589045934790494e+307,\"\":1.4921939711243124e+308,\"a\":\"UA\",\"R\":1.5466078922572574e+308}]","[null,null,null,null]","[null,null,null,null]","[null,null,null,null]"],"callbackArgs":["{\"0\":\"T\",\"1\":0,\"2\":[\"T\",\"|\",\"X\",\"j)\"]}","{\"0\":\"|\",\"1\":1,\"2\":[\"T\",\"|\",\"X\",\"j)\",null,null,\"G\"]}","{\"0\":\"X\",\"1\":2,\"2\":[\"T\",\"|\",\"X\",\"j)\",null,null,\"G\"]}","{\"0\":\"j)\",\"1\":3,\"2\":[\"T\",\"|\",\"X\",\"j)\",null,null,\"G\"]}","{\"0\":\"T\",\"1\":0,\"2\":[\"T\",\"|\",\"X\",\"j)\"]}","{\"0\":\"|\",\"1\":1,\"2\":[\"T\",\"|\",\"X\",\"j)\"]}","{\"0\":\"X\",\"1\":2,\"2\":[\"T\",\"|\",\"X\",\"j)\"]}","{\"0\":\"j)\",\"1\":3,\"2\":[\"T\",\"|\",\"X\",\"j)\"]}","{\"0\":null,\"1\":0,\"2\":[null,null,null,null]}","{\"0\":null,\"1\":1,\"2\":[null,null,null,null,null,null,null,null,-1,{\"1.3938372421675322e+308\":\"\",\"1.4100772830629433e+308\":7.589045934790494e+307,\"\":1.4921939711243124e+308,\"a\":\"UA\",\"R\":1.5466078922572574e+308}]}","{\"0\":null,\"1\":2,\"2\":[null,null,null,null,null,null,null,null,-1,{\"1.3938372421675322e+308\":\"\",\"1.4100772830629433e+308\":7.589045934790494e+307,\"\":1.4921939711243124e+308,\"a\":\"UA\",\"R\":1.5466078922572574e+308}]}","{\"0\":null,\"1\":3,\"2\":[null,null,null,null,null,null,null,null,-1,{\"1.3938372421675322e+308\":\"\",\"1.4100772830629433e+308\":7.589045934790494e+307,\"\":1.4921939711243124e+308,\"a\":\"UA\",\"R\":1.5466078922572574e+308}]}","{\"0\":\"T\",\"1\":0,\"2\":[\"T\",\"|\",\"X\",\"j)\"]}","{\"0\":\"|\",\"1\":1,\"2\":[\"T\",\"|\",\"X\",\"j)\",null,4.053781935009988e+307]}","{\"0\":\"X\",\"1\":2,\"2\":[\"T\",\"|\",\"X\",\"j)\",null,4.053781935009988e+307]}","{\"0\":\"j)\",\"1\":3,\"2\":[\"T\",\"|\",\"X\",\"j)\",null,4.053781935009988e+307]}"]}