{"baseObjects":["[783,1.5018022368003685e+307,-100,893,null,null,null,null]","[null,49,{\"82\":1.2726462046693948e+308,\"8.654114738720045e+307\":\"0p\",\"5.343721425474771e+307\":9.035318497379853e+307},893]","[783,49,-100,893]","{\"0\":{\"\":\"M*\",\"1.5324439755283366e+308\":5.999259864016606e+307,\"aa\":\"\",\"5.615830258472743e+307\":25,\"1.1707740163161644e+308\":\"\"},\"5\":false,\"618\":\"Ytf\",\"705\":\"\",\"\":157,\";\":\"\",\"p\":\"s\",\"-100\":1.4025581202546616e+308,\"5.695019928134125e+306\":\"\"}"],"returnObjects":["\"Error\"","[\"783,49,[object Object],893\",\"50,49,[object Object],893\",\"[object Object]2,49,[object Object],893\",\"896,49,[object Object],893\"]","\"Error\"","[null,null,null,null]"],"callbackArgs":["{\"0\":783,\"1\":0,\"2\":[783,49,-100,893]}","{\"0\":783,\"1\":0,\"2\":[783,49,-100,893]}","{\"0\":49,\"1\":1,\"2\":[null,49,{\"82\":1.2726462046693948e+308,\"8.654114738720045e+307\":\"0p\",\"5.343721425474771e+307\":9.035318497379853e+307},893]}","{\"0\":{\"82\":1.2726462046693948e+308,\"8.654114738720045e+307\":\"0p\",\"5.343721425474771e+307\":9.035318497379853e+307},\"1\":2,\"2\":[null,49,{\"82\":1.2726462046693948e+308,\"8.654114738720045e+307\":\"0p\",\"5.343721425474771e+307\":9.035318497379853e+307},893]}","{\"0\":893,\"1\":3,\"2\":[null,49,{\"82\":1.2726462046693948e+308,\"8.654114738720045e+307\":\"0p\",\"5.343721425474771e+307\":9.035318497379853e+307},893]}","{\"0\":783,\"1\":0,\"2\":[783,49,-100,893]}","{\"0\":783,\"1\":0,\"2\":[783,49,-100,893]}","{\"0\":49,\"1\":1,\"2\":[783,49,-100,893]}","{\"0\":-100,\"1\":2,\"2\":[783,49,-100,893]}","{\"0\":893,\"1\":3,\"2\":[783,49,-100,893]}"]}