{"baseObjects":["[893,0,49,49,null,null,null,null,null,{\"126\":\"\",\"714\":\"jTw\",\"893\":1.793731861843511e+308,\"\":\"Ci`\",\"9.412621796727743e+307\":\"`\",\"(s-\":\"\",\"-1\":5.879268318203237e+307,\"u\":\"j\",\"1.7809131664114667e+308\":\"z\"}]","[null,null,null,null]","[null,null,null,null]","[null,null,null,null]"],"returnObjects":["[null,null,null,null]","[null,null,null,null]","\"Error\"","\"Error\""],"callbackArgs":["{\"0\":893,\"1\":0,\"2\":[893,0,49,49]}","{\"0\":0,\"1\":1,\"2\":[893,0,49,49,null,null,null,null,null,{\"126\":\"\",\"714\":\"jTw\",\"893\":1.793731861843511e+308,\"\":\"Ci`\",\"9.412621796727743e+307\":\"`\",\"(s-\":\"\",\"-1\":5.879268318203237e+307,\"u\":\"j\",\"1.7809131664114667e+308\":\"z\"}]}","{\"0\":49,\"1\":2,\"2\":[893,0,49,49,null,null,null,null,null,{\"126\":\"\",\"714\":\"jTw\",\"893\":1.793731861843511e+308,\"\":\"Ci`\",\"9.412621796727743e+307\":\"`\",\"(s-\":\"\",\"-1\":5.879268318203237e+307,\"u\":\"j\",\"1.7809131664114667e+308\":\"z\"}]}","{\"0\":49,\"1\":3,\"2\":[893,0,49,49,null,null,null,null,null,{\"126\":\"\",\"714\":\"jTw\",\"893\":1.793731861843511e+308,\"\":\"Ci`\",\"9.412621796727743e+307\":\"`\",\"(s-\":\"\",\"-1\":5.879268318203237e+307,\"u\":\"j\",\"1.7809131664114667e+308\":\"z\"}]}","{\"0\":null,\"1\":0,\"2\":[null,null,null,null]}","{\"0\":null,\"1\":1,\"2\":[null,null,null,null]}","{\"0\":null,\"1\":2,\"2\":[null,null,null,null]}","{\"0\":null,\"1\":3,\"2\":[null,null,null,null]}","{\"0\":null,\"1\":0,\"2\":[null,null,null,null]}"]}