{"baseObjects":["[5e-324,655,595]","[5e-324,655,595]","[5e-324,null,595]","[5e-324,655,595,{\"82\":5.452312816647337e+307,\"460\":4.860824284440036e+306,\"$\":\"\",\"\":157,\"1.675106134669796e+307\":1.498383096069384e+308,\"O\":\"\",\">*LN\":\"\",\"1.0129002939356324e+308\":618}]"],"returnObjects":["\"Error\"","\"Error\"","\"Error\"","[null,null,null]"],"callbackArgs":["{\"0\":5e-324,\"1\":0,\"2\":[5e-324,655,595]}","{\"0\":5e-324,\"1\":0,\"2\":[5e-324,655,595]}","{\"0\":5e-324,\"1\":0,\"2\":[5e-324,655,595]}","{\"0\":5e-324,\"1\":0,\"2\":[5e-324,655,595]}","{\"0\":655,\"1\":1,\"2\":[5e-324,655,595,{\"82\":5.452312816647337e+307,\"460\":4.860824284440036e+306,\"$\":\"\",\"\":157,\"1.675106134669796e+307\":1.498383096069384e+308,\"O\":\"\",\">*LN\":\"\",\"1.0129002939356324e+308\":618}]}","{\"0\":595,\"1\":2,\"2\":[5e-324,655,595,{\"82\":5.452312816647337e+307,\"460\":4.860824284440036e+306,\"$\":\"\",\"\":157,\"1.675106134669796e+307\":1.498383096069384e+308,\"O\":\"\",\">*LN\":\"\",\"1.0129002939356324e+308\":618}]}"]}