{"baseObjects":["[1.7976931348623157e+308,607,126,823,82,627]","[1.7976931348623157e+308,607,126,823,82,627]","[null,null,null,null,null,null]","[null,null,null,null,null,null]"],"returnObjects":["[null,null,null,null,null,null]","[null,null,null,null,null,null]","\"Error\"","\"Error\""],"callbackArgs":["{\"0\":1.7976931348623157e+308,\"1\":0,\"2\":[1.7976931348623157e+308,607,126,823,82,627]}","{\"0\":607,\"1\":1,\"2\":[1.7976931348623157e+308,607,126,823,82,627]}","{\"0\":126,\"1\":2,\"2\":[1.7976931348623157e+308,607,126,823,82,627]}","{\"0\":823,\"1\":3,\"2\":[1.7976931348623157e+308,607,126,823,82,627]}","{\"0\":82,\"1\":4,\"2\":[1.7976931348623157e+308,607,126,823,82,627]}","{\"0\":627,\"1\":5,\"2\":[1.7976931348623157e+308,607,126,823,82,627]}","{\"0\":1.7976931348623157e+308,\"1\":0,\"2\":[1.7976931348623157e+308,607,126,823,82,627]}","{\"0\":607,\"1\":1,\"2\":[1.7976931348623157e+308,607,126,823,82,627]}","{\"0\":126,\"1\":2,\"2\":[1.7976931348623157e+308,607,126,823,82,627]}","{\"0\":823,\"1\":3,\"2\":[1.7976931348623157e+308,607,126,823,82,627]}","{\"0\":82,\"1\":4,\"2\":[1.7976931348623157e+308,607,126,823,82,627]}","{\"0\":627,\"1\":5,\"2\":[1.7976931348623157e+308,607,126,823,82,627]}","{\"0\":null,\"1\":0,\"2\":[null,null,null,null,null,null]}","{\"0\":null,\"1\":0,\"2\":[null,null,null,null,null,null]}"]}