{"baseObjects":["[157,607,100,100]","[157,607,100,100,null,null,{\"49\":59,\"58\":242,\"126\":8.442227954767115e+306,\"I\":0,\"1.2818191948412552e+308\":1.1695113006728983e+308,\"Gg\":607,\"V\":\"[\",\"9.28536092995608e+307\":\"\",\"\":1.4816219957355284e+308,\"-100\":1.557463316082914e+308}]","[null,null,null,null]","[157,607,100,100]"],"returnObjects":["[null,null,null,null]","[null,null,null,null]","\"Error\"","\"Error\""],"callbackArgs":["{\"0\":157,\"1\":0,\"2\":[157,607,100,100]}","{\"0\":607,\"1\":1,\"2\":[157,607,100,100]}","{\"0\":100,\"1\":2,\"2\":[157,607,100,100]}","{\"0\":100,\"1\":3,\"2\":[157,607,100,100]}","{\"0\":157,\"1\":0,\"2\":[157,607,100,100]}","{\"0\":607,\"1\":1,\"2\":[157,607,100,100,null,null,{\"49\":59,\"58\":242,\"126\":8.442227954767115e+306,\"I\":0,\"1.2818191948412552e+308\":1.1695113006728983e+308,\"Gg\":607,\"V\":\"[\",\"9.28536092995608e+307\":\"\",\"\":1.4816219957355284e+308,\"-100\":1.557463316082914e+308}]}","{\"0\":100,\"1\":2,\"2\":[157,607,100,100,null,null,{\"49\":59,\"58\":242,\"126\":8.442227954767115e+306,\"I\":0,\"1.2818191948412552e+308\":1.1695113006728983e+308,\"Gg\":607,\"V\":\"[\",\"9.28536092995608e+307\":\"\",\"\":1.4816219957355284e+308,\"-100\":1.557463316082914e+308}]}","{\"0\":100,\"1\":3,\"2\":[157,607,100,100,null,null,{\"49\":59,\"58\":242,\"126\":8.442227954767115e+306,\"I\":0,\"1.2818191948412552e+308\":1.1695113006728983e+308,\"Gg\":607,\"V\":\"[\",\"9.28536092995608e+307\":\"\",\"\":1.4816219957355284e+308,\"-100\":1.557463316082914e+308}]}","{\"0\":null,\"1\":0,\"2\":[null,null,null,null]}","{\"0\":157,\"1\":0,\"2\":[157,607,100,100]}"]}