{"baseObjects":["[\"|\",\"::\",595,607,157,25,[242,705,1.7976931348623157e+308],\"b\",-100]","[\"|\",\"::\",595,607,157,25,\"@\",\"b\",-100]","[\"|\",\"::\",595,607,157,25,\"@\",\"b\",-100]","[null,null,null,null,null,null,null,null,null]"],"returnObjects":["[\"NaN|,::,595,607,157,25,242,705,1.7976931348623157e+308,b,-100\",\"NaN|,::,595,607,157,25,242,705,1.7976931348623157e+308,b,-100\",\"1190|,::,595,607,157,25,242,705,1.7976931348623157e+308,b,-100\",\"1821|,::,595,607,157,25,242,705,1.7976931348623157e+308,b,-100\",\"628|,::,595,607,157,25,242,705,1.7976931348623157e+308,b,-100\",\"125|,::,595,607,157,25,242,705,1.7976931348623157e+308,b,-100\",\"NaN|,::,595,607,157,25,242,705,1.7976931348623157e+308,b,-100\",\"NaN|,::,595,607,157,25,242,705,1.7976931348623157e+308,b,-100\",\"-800|,::,595,607,157,25,242,705,1.7976931348623157e+308,b,-100\"]","[null,null,null,null,null,null,null,null,null]","[null,null,null,null,null,null,null,null,null]","\"Error\""],"callbackArgs":["{\"0\":\"|\",\"1\":0,\"2\":[\"|\",\"::\",595,607,157,25,\"@\",\"b\",-100]}","{\"0\":\"::\",\"1\":1,\"2\":[\"|\",\"::\",595,607,157,25,[242,705,1.7976931348623157e+308],\"b\",-100]}","{\"0\":595,\"1\":2,\"2\":[\"|\",\"::\",595,607,157,25,[242,705,1.7976931348623157e+308],\"b\",-100]}","{\"0\":607,\"1\":3,\"2\":[\"|\",\"::\",595,607,157,25,[242,705,1.7976931348623157e+308],\"b\",-100]}","{\"0\":157,\"1\":4,\"2\":[\"|\",\"::\",595,607,157,25,[242,705,1.7976931348623157e+308],\"b\",-100]}","{\"0\":25,\"1\":5,\"2\":[\"|\",\"::\",595,607,157,25,[242,705,1.7976931348623157e+308],\"b\",-100]}","{\"0\":[242,705,1.7976931348623157e+308],\"1\":6,\"2\":[\"|\",\"::\",595,607,157,25,[242,705,1.7976931348623157e+308],\"b\",-100]}","{\"0\":\"b\",\"1\":7,\"2\":[\"|\",\"::\",595,607,157,25,[242,705,1.7976931348623157e+308],\"b\",-100]}","{\"0\":-100,\"1\":8,\"2\":[\"|\",\"::\",595,607,157,25,[242,705,1.7976931348623157e+308],\"b\",-100]}","{\"0\":\"|\",\"1\":0,\"2\":[\"|\",\"::\",595,607,157,25,\"@\",\"b\",-100]}","{\"0\":\"::\",\"1\":1,\"2\":[\"|\",\"::\",595,607,157,25,\"@\",\"b\",-100]}","{\"0\":595,\"1\":2,\"2\":[\"|\",\"::\",595,607,157,25,\"@\",\"b\",-100]}","{\"0\":607,\"1\":3,\"2\":[\"|\",\"::\",595,607,157,25,\"@\",\"b\",-100]}","{\"0\":157,\"1\":4,\"2\":[\"|\",\"::\",595,607,157,25,\"@\",\"b\",-100]}","{\"0\":25,\"1\":5,\"2\":[\"|\",\"::\",595,607,157,25,\"@\",\"b\",-100]}","{\"0\":\"@\",\"1\":6,\"2\":[\"|\",\"::\",595,607,157,25,\"@\",\"b\",-100]}","{\"0\":\"b\",\"1\":7,\"2\":[\"|\",\"::\",595,607,157,25,\"@\",\"b\",-100]}","{\"0\":-100,\"1\":8,\"2\":[\"|\",\"::\",595,607,157,25,\"@\",\"b\",-100]}","{\"0\":\"|\",\"1\":0,\"2\":[\"|\",\"::\",595,607,157,25,\"@\",\"b\",-100]}","{\"0\":\"::\",\"1\":1,\"2\":[\"|\",\"::\",595,607,157,25,\"@\",\"b\",-100]}","{\"0\":595,\"1\":2,\"2\":[\"|\",\"::\",595,607,157,25,\"@\",\"b\",-100]}","{\"0\":607,\"1\":3,\"2\":[\"|\",\"::\",595,607,157,25,\"@\",\"b\",-100]}","{\"0\":157,\"1\":4,\"2\":[\"|\",\"::\",595,607,157,25,\"@\",\"b\",-100]}","{\"0\":25,\"1\":5,\"2\":[\"|\",\"::\",595,607,157,25,\"@\",\"b\",-100]}","{\"0\":\"@\",\"1\":6,\"2\":[\"|\",\"::\",595,607,157,25,\"@\",\"b\",-100]}","{\"0\":\"b\",\"1\":7,\"2\":[\"|\",\"::\",595,607,157,25,\"@\",\"b\",-100]}","{\"0\":-100,\"1\":8,\"2\":[\"|\",\"::\",595,607,157,25,\"@\",\"b\",-100]}","{\"0\":null,\"1\":0,\"2\":[null,null,null,null,null,null,null,null,null]}"]}