{"baseObjects":["[823,59,122,126,655,-1,403,100,{\"0\":242,\"460\":-1,\"823\":100,\"893\":969,\"l\":843,\"A$g\":\"\",\"1.0461247221223948e+308\":\"\",\"\":2.1166173385847864e+307,\"U\":1.0388354276138344e+308}]","[823,59,122,126,655,-1,403,100]","[823,59,122,126,823,-1,403,100]","[823,{\"122\":1.4965721891250505e+308,\"595\":242,\"-1\":49,\"1.3321733982029657e+308\":\"\",\"1.507994807452453e+308\":\"\"},122,126,655,-1,403,100,[705,82,893,714,122]]"],"returnObjects":["\"Error\"","\"Error\"","[null,null,null,null,null,null,null,null]","[\"0823,[object Object],122,126,655,-1,403,100,705,82,893,714,122\",\"NaN823,[object Object],122,126,655,-1,403,100,705,82,893,714,122\",\"244823,[object Object],122,126,655,-1,403,100,705,82,893,714,122\",\"378823,[object Object],122,126,655,-1,403,100,705,82,893,714,122\",\"2620823,[object Object],122,126,655,-1,403,100,705,82,893,714,122\",\"-5823,[object Object],122,126,655,-1,403,100,705,82,893,714,122\",\"2418823,[object Object],122,126,655,-1,403,100,705,82,893,714,122\",\"700823,[object Object],122,126,655,-1,403,100,705,82,893,714,122\"]"],"callbackArgs":["{\"0\":823,\"1\":0,\"2\":[823,59,122,126,655,-1,403,100]}","{\"0\":823,\"1\":0,\"2\":[823,59,122,126,655,-1,403,100]}","{\"0\":823,\"1\":0,\"2\":[823,59,122,126,655,-1,403,100]}","{\"0\":59,\"1\":1,\"2\":[823,59,122,126,823,-1,403,100]}","{\"0\":122,\"1\":2,\"2\":[823,59,122,126,823,-1,403,100]}","{\"0\":126,\"1\":3,\"2\":[823,59,122,126,823,-1,403,100]}","{\"0\":823,\"1\":4,\"2\":[823,59,122,126,823,-1,403,100]}","{\"0\":-1,\"1\":5,\"2\":[823,59,122,126,823,-1,403,100]}","{\"0\":403,\"1\":6,\"2\":[823,59,122,126,823,-1,403,100]}","{\"0\":100,\"1\":7,\"2\":[823,59,122,126,823,-1,403,100]}","{\"0\":823,\"1\":0,\"2\":[823,59,122,126,655,-1,403,100]}","{\"0\":{\"122\":1.4965721891250505e+308,\"595\":242,\"-1\":49,\"1.3321733982029657e+308\":\"\",\"1.507994807452453e+308\":\"\"},\"1\":1,\"2\":[823,{\"122\":1.4965721891250505e+308,\"595\":242,\"-1\":49,\"1.3321733982029657e+308\":\"\",\"1.507994807452453e+308\":\"\"},122,126,655,-1,403,100,[705,82,893,714,122]]}","{\"0\":122,\"1\":2,\"2\":[823,{\"122\":1.4965721891250505e+308,\"595\":242,\"-1\":49,\"1.3321733982029657e+308\":\"\",\"1.507994807452453e+308\":\"\"},122,126,655,-1,403,100,[705,82,893,714,122]]}","{\"0\":126,\"1\":3,\"2\":[823,{\"122\":1.4965721891250505e+308,\"595\":242,\"-1\":49,\"1.3321733982029657e+308\":\"\",\"1.507994807452453e+308\":\"\"},122,126,655,-1,403,100,[705,82,893,714,122]]}","{\"0\":655,\"1\":4,\"2\":[823,{\"122\":1.4965721891250505e+308,\"595\":242,\"-1\":49,\"1.3321733982029657e+308\":\"\",\"1.507994807452453e+308\":\"\"},122,126,655,-1,403,100,[705,82,893,714,122]]}","{\"0\":-1,\"1\":5,\"2\":[823,{\"122\":1.4965721891250505e+308,\"595\":242,\"-1\":49,\"1.3321733982029657e+308\":\"\",\"1.507994807452453e+308\":\"\"},122,126,655,-1,403,100,[705,82,893,714,122]]}","{\"0\":403,\"1\":6,\"2\":[823,{\"122\":1.4965721891250505e+308,\"595\":242,\"-1\":49,\"1.3321733982029657e+308\":\"\",\"1.507994807452453e+308\":\"\"},122,126,655,-1,403,100,[705,82,893,714,122]]}","{\"0\":100,\"1\":7,\"2\":[823,{\"122\":1.4965721891250505e+308,\"595\":242,\"-1\":49,\"1.3321733982029657e+308\":\"\",\"1.507994807452453e+308\":\"\"},122,126,655,-1,403,100,[705,82,893,714,122]]}"]}