{"baseObjects":["[843,100,null,null,null,null,null,{\"\":595,\"A\":714,\"7.771442629080406e+307\":\"\",\"0b)\":\")|d\",\"-100\":\"\"}]","[843,100]","[843,100]","[843,100]"],"returnObjects":["[\"0843,100,,,,,,[object Object]\",\"100843,100,,,,,,[object Object]\"]","\"Error\"","\"Error\"","\"Error\""],"callbackArgs":["{\"0\":843,\"1\":0,\"2\":[843,100]}","{\"0\":100,\"1\":1,\"2\":[843,100,null,null,null,null,null,{\"\":595,\"A\":714,\"7.771442629080406e+307\":\"\",\"0b)\":\")|d\",\"-100\":\"\"}]}","{\"0\":843,\"1\":0,\"2\":[843,100]}","{\"0\":843,\"1\":0,\"2\":[843,100]}","{\"0\":843,\"1\":0,\"2\":[843,100]}"]}