{"baseObjects":[null,"[100,242,714,5e-324,59,59]","[100,true,714,5e-324,59,59]","[100,242,714,5e-324,59,59,null,null,{\"122\":\"V\",\"-100\":595,\"1.4714734742695353e+308\":122,\"1.7976931348623157e+308\":1.7976931348623157e+308,\"qY\":\"\"}]"],"returnObjects":["\"Error\"","\"Error\"","[null,null,null,null,null,null]","[null,null,null,null,null,null]"],"callbackArgs":["{\"0\":100,\"1\":0,\"2\":[100,242,714,5e-324,59,59]}","{\"0\":242,\"1\":1,\"2\":[100,242,714,5e-324,59,59]}","{\"0\":100,\"1\":0,\"2\":[100,242,714,5e-324,59,59]}","{\"0\":100,\"1\":0,\"2\":[100,242,714,5e-324,59,59]}","{\"0\":true,\"1\":1,\"2\":[100,true,714,5e-324,59,59]}","{\"0\":714,\"1\":2,\"2\":[100,true,714,5e-324,59,59]}","{\"0\":5e-324,\"1\":3,\"2\":[100,true,714,5e-324,59,59]}","{\"0\":59,\"1\":4,\"2\":[100,true,714,5e-324,59,59]}","{\"0\":59,\"1\":5,\"2\":[100,true,714,5e-324,59,59]}","{\"0\":100,\"1\":0,\"2\":[100,242,714,5e-324,59,59]}","{\"0\":242,\"1\":1,\"2\":[100,242,714,5e-324,59,59,null,null,{\"122\":\"V\",\"-100\":595,\"1.4714734742695353e+308\":122,\"1.7976931348623157e+308\":1.7976931348623157e+308,\"qY\":\"\"}]}","{\"0\":714,\"1\":2,\"2\":[100,242,714,5e-324,59,59,null,null,{\"122\":\"V\",\"-100\":595,\"1.4714734742695353e+308\":122,\"1.7976931348623157e+308\":1.7976931348623157e+308,\"qY\":\"\"}]}","{\"0\":5e-324,\"1\":3,\"2\":[100,242,714,5e-324,59,59,null,null,{\"122\":\"V\",\"-100\":595,\"1.4714734742695353e+308\":122,\"1.7976931348623157e+308\":1.7976931348623157e+308,\"qY\":\"\"}]}","{\"0\":59,\"1\":4,\"2\":[100,242,714,5e-324,59,59,null,null,{\"122\":\"V\",\"-100\":595,\"1.4714734742695353e+308\":122,\"1.7976931348623157e+308\":1.7976931348623157e+308,\"qY\":\"\"}]}","{\"0\":59,\"1\":5,\"2\":[100,242,714,5e-324,59,59,null,null,{\"122\":\"V\",\"-100\":595,\"1.4714734742695353e+308\":122,\"1.7976931348623157e+308\":1.7976931348623157e+308,\"qY\":\"\"}]}"]}