{"baseObjects":["[5e-324,\"GMM@\",705,1.7891286214874532e+308,\"cN\",242,25,\"`&\",49]","[5e-324,\"GMM@\",705,\"ed\",\"cN\",242,25,\"`&\",49]","[5e-324,true,705,\"ed\",\"cN\",242,25,\"`&\",49]","[5e-324,\"GMM@\",705,\"ed\",\"cN\",242,25,\"`&\",49]"],"returnObjects":["[null,null,null,null,null,null,null,null,null]","[null,\"GMM@NaN\",null,\"edNaN\",\"cNNaN\",null,null,\"`&NaN\",null]","[null,null,null,null,null,null,null,null,null]","\"Error\""],"callbackArgs":["{\"0\":5e-324,\"1\":0,\"2\":[5e-324,\"GMM@\",705,\"ed\",\"cN\",242,25,\"`&\",49]}","{\"0\":\"GMM@\",\"1\":1,\"2\":[5e-324,\"GMM@\",705,1.7891286214874532e+308,\"cN\",242,25,\"`&\",49]}","{\"0\":705,\"1\":2,\"2\":[5e-324,\"GMM@\",705,1.7891286214874532e+308,\"cN\",242,25,\"`&\",49]}","{\"0\":1.7891286214874532e+308,\"1\":3,\"2\":[5e-324,\"GMM@\",705,1.7891286214874532e+308,\"cN\",242,25,\"`&\",49]}","{\"0\":\"cN\",\"1\":4,\"2\":[5e-324,\"GMM@\",705,1.7891286214874532e+308,\"cN\",242,25,\"`&\",49]}","{\"0\":242,\"1\":5,\"2\":[5e-324,\"GMM@\",705,1.7891286214874532e+308,\"cN\",242,25,\"`&\",49]}","{\"0\":25,\"1\":6,\"2\":[5e-324,\"GMM@\",705,1.7891286214874532e+308,\"cN\",242,25,\"`&\",49]}","{\"0\":\"`&\",\"1\":7,\"2\":[5e-324,\"GMM@\",705,1.7891286214874532e+308,\"cN\",242,25,\"`&\",49]}","{\"0\":49,\"1\":8,\"2\":[5e-324,\"GMM@\",705,1.7891286214874532e+308,\"cN\",242,25,\"`&\",49]}","{\"0\":5e-324,\"1\":0,\"2\":[5e-324,\"GMM@\",705,\"ed\",\"cN\",242,25,\"`&\",49]}","{\"0\":\"GMM@\",\"1\":1,\"2\":[5e-324,\"GMM@\",705,\"ed\",\"cN\",242,25,\"`&\",49]}","{\"0\":705,\"1\":2,\"2\":[5e-324,\"GMM@\",705,\"ed\",\"cN\",242,25,\"`&\",49]}","{\"0\":\"ed\",\"1\":3,\"2\":[5e-324,\"GMM@\",705,\"ed\",\"cN\",242,25,\"`&\",49]}","{\"0\":\"cN\",\"1\":4,\"2\":[5e-324,\"GMM@\",705,\"ed\",\"cN\",242,25,\"`&\",49]}","{\"0\":242,\"1\":5,\"2\":[5e-324,\"GMM@\",705,\"ed\",\"cN\",242,25,\"`&\",49]}","{\"0\":25,\"1\":6,\"2\":[5e-324,\"GMM@\",705,\"ed\",\"cN\",242,25,\"`&\",49]}","{\"0\":\"`&\",\"1\":7,\"2\":[5e-324,\"GMM@\",705,\"ed\",\"cN\",242,25,\"`&\",49]}","{\"0\":49,\"1\":8,\"2\":[5e-324,\"GMM@\",705,\"ed\",\"cN\",242,25,\"`&\",49]}","{\"0\":5e-324,\"1\":0,\"2\":[5e-324,\"GMM@\",705,\"ed\",\"cN\",242,25,\"`&\",49]}","{\"0\":true,\"1\":1,\"2\":[5e-324,true,705,\"ed\",\"cN\",242,25,\"`&\",49]}","{\"0\":705,\"1\":2,\"2\":[5e-324,true,705,\"ed\",\"cN\",242,25,\"`&\",49]}","{\"0\":\"ed\",\"1\":3,\"2\":[5e-324,true,705,\"ed\",\"cN\",242,25,\"`&\",49]}","{\"0\":\"cN\",\"1\":4,\"2\":[5e-324,true,705,\"ed\",\"cN\",242,25,\"`&\",49]}","{\"0\":242,\"1\":5,\"2\":[5e-324,true,705,\"ed\",\"cN\",242,25,\"`&\",49]}","{\"0\":25,\"1\":6,\"2\":[5e-324,true,705,\"ed\",\"cN\",242,25,\"`&\",49]}","{\"0\":\"`&\",\"1\":7,\"2\":[5e-324,true,705,\"ed\",\"cN\",242,25,\"`&\",49]}","{\"0\":49,\"1\":8,\"2\":[5e-324,true,705,\"ed\",\"cN\",242,25,\"`&\",49]}","{\"0\":5e-324,\"1\":0,\"2\":[5e-324,\"GMM@\",705,\"ed\",\"cN\",242,25,\"`&\",49]}"]}