{"baseObjects":["[705,[655,1.7976931348623157e+308,460,122,0,783,82,823,714,403],213,242,823,213]","[705,126,213,242,823,213]","[null,null,null,null,null,false]",null],"returnObjects":["[null,null,null,null,null,null,null,null,null,false]","[null,null,null,null,null,false]","[null,null,null,null,null,null]","\"Error\""],"callbackArgs":["{\"0\":705,\"1\":0,\"2\":[705,126,213,242,823,213]}","{\"0\":[655,1.7976931348623157e+308,460,122,0,783,82,823,714,403],\"1\":1,\"2\":[705,[655,1.7976931348623157e+308,460,122,0,783,82,823,714,403],213,242,823,213]}","{\"0\":213,\"1\":2,\"2\":[705,[655,1.7976931348623157e+308,460,122,0,783,82,823,714,403],213,242,823,213]}","{\"0\":242,\"1\":3,\"2\":[705,[655,1.7976931348623157e+308,460,122,0,783,82,823,714,403],213,242,823,213]}","{\"0\":823,\"1\":4,\"2\":[705,[655,1.7976931348623157e+308,460,122,0,783,82,823,714,403],213,242,823,213]}","{\"0\":213,\"1\":5,\"2\":[705,[655,1.7976931348623157e+308,460,122,0,783,82,823,714,403],213,242,823,213]}","{\"0\":705,\"1\":0,\"2\":[705,126,213,242,823,213]}","{\"0\":126,\"1\":1,\"2\":[705,126,213,242,823,213]}","{\"0\":213,\"1\":2,\"2\":[705,126,213,242,823,213]}","{\"0\":242,\"1\":3,\"2\":[705,126,213,242,823,213]}","{\"0\":823,\"1\":4,\"2\":[705,126,213,242,823,213]}","{\"0\":213,\"1\":5,\"2\":[705,126,213,242,823,213]}","{\"0\":null,\"1\":0,\"2\":[null,null,null,null,null,null]}","{\"0\":false,\"1\":5,\"2\":[null,null,null,null,null,false]}","{\"0\":null,\"1\":0,\"2\":[null,null,null,null,null,null]}"]}