{"baseObjects":["[-100,607,157,0,213,705,969,0]","[-100,607,157,0,213,705,969,0]","[-100,607,157,0,213,705,969,0]","[-100,607,157,0,213,705,{\"82\":25,\"100\":\"\",\"4.454549565774764e+307\":\"\",\"\":\"N\",\"1.2234805913589142e+308\":8.509554360201476e+307,\"5<Kq\":\"\",\"1.0016959465200983e+308\":\"\"},0]"],"returnObjects":["\"Error\"","[null,null,null,null,null,null,null,null]","[null,null,null,null,null,null,null,null]","[\"0-100,607,157,0,213,705,[object Object],0\",\"607-100,607,157,0,213,705,[object Object],0\",\"314-100,607,157,0,213,705,[object Object],0\",\"0-100,607,157,0,213,705,[object Object],0\",\"852-100,607,157,0,213,705,[object Object],0\",\"3525-100,607,157,0,213,705,[object Object],0\",\"NaN-100,607,157,0,213,705,[object Object],0\",\"0-100,607,157,0,213,705,[object Object],0\"]"],"callbackArgs":["{\"0\":-100,\"1\":0,\"2\":[-100,607,157,0,213,705,969,0]}","{\"0\":-100,\"1\":0,\"2\":[-100,607,157,0,213,705,969,0]}","{\"0\":607,\"1\":1,\"2\":[-100,607,157,0,213,705,969,0]}","{\"0\":157,\"1\":2,\"2\":[-100,607,157,0,213,705,969,0]}","{\"0\":0,\"1\":3,\"2\":[-100,607,157,0,213,705,969,0]}","{\"0\":213,\"1\":4,\"2\":[-100,607,157,0,213,705,969,0]}","{\"0\":705,\"1\":5,\"2\":[-100,607,157,0,213,705,969,0]}","{\"0\":969,\"1\":6,\"2\":[-100,607,157,0,213,705,969,0]}","{\"0\":0,\"1\":7,\"2\":[-100,607,157,0,213,705,969,0]}","{\"0\":-100,\"1\":0,\"2\":[-100,607,157,0,213,705,969,0]}","{\"0\":607,\"1\":1,\"2\":[-100,607,157,0,213,705,969,0]}","{\"0\":157,\"1\":2,\"2\":[-100,607,157,0,213,705,969,0]}","{\"0\":0,\"1\":3,\"2\":[-100,607,157,0,213,705,969,0]}","{\"0\":213,\"1\":4,\"2\":[-100,607,157,0,213,705,969,0]}","{\"0\":705,\"1\":5,\"2\":[-100,607,157,0,213,705,969,0]}","{\"0\":969,\"1\":6,\"2\":[-100,607,157,0,213,705,969,0]}","{\"0\":0,\"1\":7,\"2\":[-100,607,157,0,213,705,969,0]}","{\"0\":-100,\"1\":0,\"2\":[-100,607,157,0,213,705,969,0]}","{\"0\":607,\"1\":1,\"2\":[-100,607,157,0,213,705,{\"82\":25,\"100\":\"\",\"4.454549565774764e+307\":\"\",\"\":\"N\",\"1.2234805913589142e+308\":8.509554360201476e+307,\"5<Kq\":\"\",\"1.0016959465200983e+308\":\"\"},0]}","{\"0\":157,\"1\":2,\"2\":[-100,607,157,0,213,705,{\"82\":25,\"100\":\"\",\"4.454549565774764e+307\":\"\",\"\":\"N\",\"1.2234805913589142e+308\":8.509554360201476e+307,\"5<Kq\":\"\",\"1.0016959465200983e+308\":\"\"},0]}","{\"0\":0,\"1\":3,\"2\":[-100,607,157,0,213,705,{\"82\":25,\"100\":\"\",\"4.454549565774764e+307\":\"\",\"\":\"N\",\"1.2234805913589142e+308\":8.509554360201476e+307,\"5<Kq\":\"\",\"1.0016959465200983e+308\":\"\"},0]}","{\"0\":213,\"1\":4,\"2\":[-100,607,157,0,213,705,{\"82\":25,\"100\":\"\",\"4.454549565774764e+307\":\"\",\"\":\"N\",\"1.2234805913589142e+308\":8.509554360201476e+307,\"5<Kq\":\"\",\"1.0016959465200983e+308\":\"\"},0]}","{\"0\":705,\"1\":5,\"2\":[-100,607,157,0,213,705,{\"82\":25,\"100\":\"\",\"4.454549565774764e+307\":\"\",\"\":\"N\",\"1.2234805913589142e+308\":8.509554360201476e+307,\"5<Kq\":\"\",\"1.0016959465200983e+308\":\"\"},0]}","{\"0\":{\"82\":25,\"100\":\"\",\"4.454549565774764e+307\":\"\",\"\":\"N\",\"1.2234805913589142e+308\":8.509554360201476e+307,\"5<Kq\":\"\",\"1.0016959465200983e+308\":\"\"},\"1\":6,\"2\":[-100,607,157,0,213,705,{\"82\":25,\"100\":\"\",\"4.454549565774764e+307\":\"\",\"\":\"N\",\"1.2234805913589142e+308\":8.509554360201476e+307,\"5<Kq\":\"\",\"1.0016959465200983e+308\":\"\"},0]}","{\"0\":0,\"1\":7,\"2\":[-100,607,157,0,213,705,{\"82\":25,\"100\":\"\",\"4.454549565774764e+307\":\"\",\"\":\"N\",\"1.2234805913589142e+308\":8.509554360201476e+307,\"5<Kq\":\"\",\"1.0016959465200983e+308\":\"\"},0]}"]}