{"baseObjects":["[{\"126\":\")\",\"893\":\"\",\"\":823,\"1.4677087964888306e+308\":618,\";\":\"-H\",\"1.5996664978435222e+308\":\"\",\"=XH\":655},213,705,82,213,618,5e-324,3.4058315223689796e+307]","[157,213,705,82,213,618,5e-324,{\"4\":\"\",\"82\":\"\",\"'$#\":\"UT\",\"O\":5.653978538287392e+307}]","[157,213,705,82,213,618,5e-324]","[[714,242,714,\"Wc\",705,\"j\",\"fw\",714],null,null,null,null,null,null]"],"returnObjects":["\"Error\"","[null,null,null,null,null,null,null]","[[714,242,714,\"Wc\",705,\"j\",\"fw\",714],null,null,null,null,null,null]","[null,null,null,null,null,null,null]"],"callbackArgs":["{\"0\":157,\"1\":0,\"2\":[157,213,705,82,213,618,5e-324]}","{\"0\":157,\"1\":0,\"2\":[157,213,705,82,213,618,5e-324]}","{\"0\":213,\"1\":1,\"2\":[157,213,705,82,213,618,5e-324,{\"4\":\"\",\"82\":\"\",\"'$#\":\"UT\",\"O\":5.653978538287392e+307}]}","{\"0\":705,\"1\":2,\"2\":[157,213,705,82,213,618,5e-324,{\"4\":\"\",\"82\":\"\",\"'$#\":\"UT\",\"O\":5.653978538287392e+307}]}","{\"0\":82,\"1\":3,\"2\":[157,213,705,82,213,618,5e-324,{\"4\":\"\",\"82\":\"\",\"'$#\":\"UT\",\"O\":5.653978538287392e+307}]}","{\"0\":213,\"1\":4,\"2\":[157,213,705,82,213,618,5e-324,{\"4\":\"\",\"82\":\"\",\"'$#\":\"UT\",\"O\":5.653978538287392e+307}]}","{\"0\":618,\"1\":5,\"2\":[157,213,705,82,213,618,5e-324,{\"4\":\"\",\"82\":\"\",\"'$#\":\"UT\",\"O\":5.653978538287392e+307}]}","{\"0\":5e-324,\"1\":6,\"2\":[157,213,705,82,213,618,5e-324,{\"4\":\"\",\"82\":\"\",\"'$#\":\"UT\",\"O\":5.653978538287392e+307}]}","{\"0\":157,\"1\":0,\"2\":[157,213,705,82,213,618,5e-324]}","{\"0\":213,\"1\":1,\"2\":[157,213,705,82,213,618,5e-324]}","{\"0\":705,\"1\":2,\"2\":[157,213,705,82,213,618,5e-324]}","{\"0\":82,\"1\":3,\"2\":[157,213,705,82,213,618,5e-324]}","{\"0\":213,\"1\":4,\"2\":[157,213,705,82,213,618,5e-324]}","{\"0\":618,\"1\":5,\"2\":[157,213,705,82,213,618,5e-324]}","{\"0\":5e-324,\"1\":6,\"2\":[157,213,705,82,213,618,5e-324]}","{\"0\":null,\"1\":0,\"2\":[null,null,null,null,null,null,null]}","{\"0\":null,\"1\":1,\"2\":[[714,242,714,\"Wc\",705,\"j\",\"fw\",714],null,null,null,null,null,null]}","{\"0\":null,\"1\":2,\"2\":[[714,242,714,\"Wc\",705,\"j\",\"fw\",714],null,null,null,null,null,null]}","{\"0\":null,\"1\":3,\"2\":[[714,242,714,\"Wc\",705,\"j\",\"fw\",714],null,null,null,null,null,null]}","{\"0\":null,\"1\":4,\"2\":[[714,242,714,\"Wc\",705,\"j\",\"fw\",714],null,null,null,null,null,null]}","{\"0\":null,\"1\":5,\"2\":[[714,242,714,\"Wc\",705,\"j\",\"fw\",714],null,null,null,null,null,null]}","{\"0\":null,\"1\":6,\"2\":[[714,242,714,\"Wc\",705,\"j\",\"fw\",714],null,null,null,null,null,null]}"]}