{"baseObjects":["[823,126,893,0,607,1.7976931348623157e+308,-100,714,126]","[[\"I\",\"4\"],126,893,0,607,1.7976931348623157e+308,-100,714,126]","[823,126,893,0,607,1.7976931348623157e+308,-100,714,126]","[1.5333245007713391e+308,null,null,null,null,null,null,null,null]"],"returnObjects":["[null,null,null,null,null,null,null,null,null]","\"Error\"","[1.5333245007713391e+308,null,null,null,null,null,null,null,null]","[\"NaN1.5333245007713391e+308,NaN,NaN,NaN,NaN,NaN,NaN,NaN,NaN\",\"NaN1.5333245007713391e+308,NaN,NaN,NaN,NaN,NaN,NaN,NaN,NaN\",\"NaN1.5333245007713391e+308,NaN,NaN,NaN,NaN,NaN,NaN,NaN,NaN\",\"NaN1.5333245007713391e+308,NaN,NaN,NaN,NaN,NaN,NaN,NaN,NaN\",\"NaN1.5333245007713391e+308,NaN,NaN,NaN,NaN,NaN,NaN,NaN,NaN\",\"NaN1.5333245007713391e+308,NaN,NaN,NaN,NaN,NaN,NaN,NaN,NaN\",\"NaN1.5333245007713391e+308,NaN,NaN,NaN,NaN,NaN,NaN,NaN,NaN\",\"NaN1.5333245007713391e+308,NaN,NaN,NaN,NaN,NaN,NaN,NaN,NaN\",\"NaN1.5333245007713391e+308,NaN,NaN,NaN,NaN,NaN,NaN,NaN,NaN\"]"],"callbackArgs":["{\"0\":823,\"1\":0,\"2\":[823,126,893,0,607,1.7976931348623157e+308,-100,714,126]}","{\"0\":126,\"1\":1,\"2\":[823,126,893,0,607,1.7976931348623157e+308,-100,714,126]}","{\"0\":893,\"1\":2,\"2\":[823,126,893,0,607,1.7976931348623157e+308,-100,714,126]}","{\"0\":0,\"1\":3,\"2\":[823,126,893,0,607,1.7976931348623157e+308,-100,714,126]}","{\"0\":607,\"1\":4,\"2\":[823,126,893,0,607,1.7976931348623157e+308,-100,714,126]}","{\"0\":1.7976931348623157e+308,\"1\":5,\"2\":[823,126,893,0,607,1.7976931348623157e+308,-100,714,126]}","{\"0\":-100,\"1\":6,\"2\":[823,126,893,0,607,1.7976931348623157e+308,-100,714,126]}","{\"0\":714,\"1\":7,\"2\":[823,126,893,0,607,1.7976931348623157e+308,-100,714,126]}","{\"0\":126,\"1\":8,\"2\":[823,126,893,0,607,1.7976931348623157e+308,-100,714,126]}","{\"0\":823,\"1\":0,\"2\":[823,126,893,0,607,1.7976931348623157e+308,-100,714,126]}","{\"0\":823,\"1\":0,\"2\":[823,126,893,0,607,1.7976931348623157e+308,-100,714,126]}","{\"0\":126,\"1\":1,\"2\":[823,126,893,0,607,1.7976931348623157e+308,-100,714,126]}","{\"0\":893,\"1\":2,\"2\":[823,126,893,0,607,1.7976931348623157e+308,-100,714,126]}","{\"0\":0,\"1\":3,\"2\":[823,126,893,0,607,1.7976931348623157e+308,-100,714,126]}","{\"0\":607,\"1\":4,\"2\":[823,126,893,0,607,1.7976931348623157e+308,-100,714,126]}","{\"0\":1.7976931348623157e+308,\"1\":5,\"2\":[823,126,893,0,607,1.7976931348623157e+308,-100,714,126]}","{\"0\":-100,\"1\":6,\"2\":[823,126,893,0,607,1.7976931348623157e+308,-100,714,126]}","{\"0\":714,\"1\":7,\"2\":[823,126,893,0,607,1.7976931348623157e+308,-100,714,126]}","{\"0\":126,\"1\":8,\"2\":[823,126,893,0,607,1.7976931348623157e+308,-100,714,126]}","{\"0\":null,\"1\":0,\"2\":[null,null,null,null,null,null,null,null,null]}","{\"0\":null,\"1\":1,\"2\":[1.5333245007713391e+308,null,null,null,null,null,null,null,null]}","{\"0\":null,\"1\":2,\"2\":[1.5333245007713391e+308,null,null,null,null,null,null,null,null]}","{\"0\":null,\"1\":3,\"2\":[1.5333245007713391e+308,null,null,null,null,null,null,null,null]}","{\"0\":null,\"1\":4,\"2\":[1.5333245007713391e+308,null,null,null,null,null,null,null,null]}","{\"0\":null,\"1\":5,\"2\":[1.5333245007713391e+308,null,null,null,null,null,null,null,null]}","{\"0\":null,\"1\":6,\"2\":[1.5333245007713391e+308,null,null,null,null,null,null,null,null]}","{\"0\":null,\"1\":7,\"2\":[1.5333245007713391e+308,null,null,null,null,null,null,null,null]}","{\"0\":null,\"1\":8,\"2\":[1.5333245007713391e+308,null,null,null,null,null,null,null,null]}"]}