{"baseObjects":["[1.7976931348623157e+308,242,893,82,714,0,122]","[1.7976931348623157e+308,242,893,82,714,0,122]","[1.7976931348623157e+308,242,893,82,714,0,122]","[1.7976931348623157e+308,242,893,82,714,0,122]"],"returnObjects":["[null,null,null,null,null,null,null]","\"Error\"","\"Error\"","\"Error\""],"callbackArgs":["{\"0\":1.7976931348623157e+308,\"1\":0,\"2\":[1.7976931348623157e+308,242,893,82,714,0,122]}","{\"0\":242,\"1\":1,\"2\":[1.7976931348623157e+308,242,893,82,714,0,122]}","{\"0\":893,\"1\":2,\"2\":[1.7976931348623157e+308,242,893,82,714,0,122]}","{\"0\":82,\"1\":3,\"2\":[1.7976931348623157e+308,242,893,82,714,0,122]}","{\"0\":714,\"1\":4,\"2\":[1.7976931348623157e+308,242,893,82,714,0,122]}","{\"0\":0,\"1\":5,\"2\":[1.7976931348623157e+308,242,893,82,714,0,122]}","{\"0\":122,\"1\":6,\"2\":[1.7976931348623157e+308,242,893,82,714,0,122]}","{\"0\":1.7976931348623157e+308,\"1\":0,\"2\":[1.7976931348623157e+308,242,893,82,714,0,122]}","{\"0\":1.7976931348623157e+308,\"1\":0,\"2\":[1.7976931348623157e+308,242,893,82,714,0,122]}","{\"0\":1.7976931348623157e+308,\"1\":0,\"2\":[1.7976931348623157e+308,242,893,82,714,0,122]}"]}