{"baseObjects":["[25,403,627,843,627,1.7976931348623157e+308]","[25,403,627,843,627,1.7976931348623157e+308]","[25,403,627,843,627,1.7976931348623157e+308,null,null,null,false]","[\"2525,403,627,843,627,1.7976931348623157e+308\",\"40425,403,627,843,627,1.7976931348623157e+308\",\"62925,403,627,843,627,1.7976931348623157e+308\",\"84625,403,627,843,627,1.7976931348623157e+308\",\"63125,403,627,843,627,1.7976931348623157e+308\",\"1.7976931348623157e+30825,403,627,843,627,1.7976931348623157e+308\"]"],"returnObjects":["[null,null,null,null,null,null]","[\"2525,403,627,843,627,1.7976931348623157e+308\",\"40425,403,627,843,627,1.7976931348623157e+308\",\"62925,403,627,843,627,1.7976931348623157e+308\",\"84625,403,627,843,627,1.7976931348623157e+308\",\"63125,403,627,843,627,1.7976931348623157e+308\",\"1.7976931348623157e+30825,403,627,843,627,1.7976931348623157e+308\"]","\"Error\"","[null,null,null,null,null,null]"],"callbackArgs":["{\"0\":25,\"1\":0,\"2\":[25,403,627,843,627,1.7976931348623157e+308]}","{\"0\":403,\"1\":1,\"2\":[25,403,627,843,627,1.7976931348623157e+308]}","{\"0\":627,\"1\":2,\"2\":[25,403,627,843,627,1.7976931348623157e+308]}","{\"0\":843,\"1\":3,\"2\":[25,403,627,843,627,1.7976931348623157e+308]}","{\"0\":627,\"1\":4,\"2\":[25,403,627,843,627,1.7976931348623157e+308]}","{\"0\":1.7976931348623157e+308,\"1\":5,\"2\":[25,403,627,843,627,1.7976931348623157e+308]}","{\"0\":25,\"1\":0,\"2\":[25,403,627,843,627,1.7976931348623157e+308]}","{\"0\":403,\"1\":1,\"2\":[25,403,627,843,627,1.7976931348623157e+308]}","{\"0\":627,\"1\":2,\"2\":[25,403,627,843,627,1.7976931348623157e+308]}","{\"0\":843,\"1\":3,\"2\":[25,403,627,843,627,1.7976931348623157e+308]}","{\"0\":627,\"1\":4,\"2\":[25,403,627,843,627,1.7976931348623157e+308]}","{\"0\":1.7976931348623157e+308,\"1\":5,\"2\":[25,403,627,843,627,1.7976931348623157e+308]}","{\"0\":25,\"1\":0,\"2\":[25,403,627,843,627,1.7976931348623157e+308]}","{\"0\":\"2525,403,627,843,627,1.7976931348623157e+308\",\"1\":0,\"2\":[\"2525,403,627,843,627,1.7976931348623157e+308\",\"40425,403,627,843,627,1.7976931348623157e+308\",\"62925,403,627,843,627,1.7976931348623157e+308\",\"84625,403,627,843,627,1.7976931348623157e+308\",\"63125,403,627,843,627,1.7976931348623157e+308\",\"1.7976931348623157e+30825,403,627,843,627,1.7976931348623157e+308\"]}","{\"0\":\"40425,403,627,843,627,1.7976931348623157e+308\",\"1\":1,\"2\":[\"2525,403,627,843,627,1.7976931348623157e+308\",\"40425,403,627,843,627,1.7976931348623157e+308\",\"62925,403,627,843,627,1.7976931348623157e+308\",\"84625,403,627,843,627,1.7976931348623157e+308\",\"63125,403,627,843,627,1.7976931348623157e+308\",\"1.7976931348623157e+30825,403,627,843,627,1.7976931348623157e+308\"]}","{\"0\":\"62925,403,627,843,627,1.7976931348623157e+308\",\"1\":2,\"2\":[\"2525,403,627,843,627,1.7976931348623157e+308\",\"40425,403,627,843,627,1.7976931348623157e+308\",\"62925,403,627,843,627,1.7976931348623157e+308\",\"84625,403,627,843,627,1.7976931348623157e+308\",\"63125,403,627,843,627,1.7976931348623157e+308\",\"1.7976931348623157e+30825,403,627,843,627,1.7976931348623157e+308\"]}","{\"0\":\"84625,403,627,843,627,1.7976931348623157e+308\",\"1\":3,\"2\":[\"2525,403,627,843,627,1.7976931348623157e+308\",\"40425,403,627,843,627,1.7976931348623157e+308\",\"62925,403,627,843,627,1.7976931348623157e+308\",\"84625,403,627,843,627,1.7976931348623157e+308\",\"63125,403,627,843,627,1.7976931348623157e+308\",\"1.7976931348623157e+30825,403,627,843,627,1.7976931348623157e+308\"]}","{\"0\":\"63125,403,627,843,627,1.7976931348623157e+308\",\"1\":4,\"2\":[\"2525,403,627,843,627,1.7976931348623157e+308\",\"40425,403,627,843,627,1.7976931348623157e+308\",\"62925,403,627,843,627,1.7976931348623157e+308\",\"84625,403,627,843,627,1.7976931348623157e+308\",\"63125,403,627,843,627,1.7976931348623157e+308\",\"1.7976931348623157e+30825,403,627,843,627,1.7976931348623157e+308\"]}","{\"0\":\"1.7976931348623157e+30825,403,627,843,627,1.7976931348623157e+308\",\"1\":5,\"2\":[\"2525,403,627,843,627,1.7976931348623157e+308\",\"40425,403,627,843,627,1.7976931348623157e+308\",\"62925,403,627,843,627,1.7976931348623157e+308\",\"84625,403,627,843,627,1.7976931348623157e+308\",\"63125,403,627,843,627,1.7976931348623157e+308\",\"1.7976931348623157e+30825,403,627,843,627,1.7976931348623157e+308\"]}"]}