{"baseObjects":["[122,213,783,0]","[122,213,\"\",0,null,null,null,null,null,{\"^\":\"I\",\"-1\":618,\"6.715345579221288e+305\":\"m$\"}]","[122,213,1.7976931348623157e+308,0]","[122,213,783,0]"],"returnObjects":["\"Error\"","[null,null,null,null]","[\"Infinity122,213,1.7976931348623157e+308,0\",\"213122,213,1.7976931348623157e+308,0\",\"8.988465674311579e+307122,213,1.7976931348623157e+308,0\",\"0122,213,1.7976931348623157e+308,0\"]","[\"0122,213,783,0\",\"213122,213,783,0\",\"1566122,213,783,0\",\"0122,213,783,0\"]"],"callbackArgs":["{\"0\":122,\"1\":0,\"2\":[122,213,783,0]}","{\"0\":122,\"1\":0,\"2\":[122,213,783,0]}","{\"0\":213,\"1\":1,\"2\":[122,213,\"\",0,null,null,null,null,null,{\"^\":\"I\",\"-1\":618,\"6.715345579221288e+305\":\"m$\"}]}","{\"0\":\"\",\"1\":2,\"2\":[122,213,\"\",0,null,null,null,null,null,{\"^\":\"I\",\"-1\":618,\"6.715345579221288e+305\":\"m$\"}]}","{\"0\":0,\"1\":3,\"2\":[122,213,\"\",0,null,null,null,null,null,{\"^\":\"I\",\"-1\":618,\"6.715345579221288e+305\":\"m$\"}]}","{\"0\":122,\"1\":0,\"2\":[122,213,783,0]}","{\"0\":213,\"1\":1,\"2\":[122,213,1.7976931348623157e+308,0]}","{\"0\":1.7976931348623157e+308,\"1\":2,\"2\":[122,213,1.7976931348623157e+308,0]}","{\"0\":0,\"1\":3,\"2\":[122,213,1.7976931348623157e+308,0]}","{\"0\":122,\"1\":0,\"2\":[122,213,783,0]}","{\"0\":213,\"1\":1,\"2\":[122,213,783,0]}","{\"0\":783,\"1\":2,\"2\":[122,213,783,0]}","{\"0\":0,\"1\":3,\"2\":[122,213,783,0]}"]}