{"baseObjects":["[157,126,49,595,49,655,1.7976931348623157e+308,595,969]","[157,126,49,595,49,655,1.7976931348623157e+308,595,969]","[157,126,49,595,49,655,1.7976931348623157e+308,595,969]","[null,null,null,null,null,null,[403,0,705,\"g\"],null,null]"],"returnObjects":["[null,null,null,null,null,null,[403,0,705,\"g\"],null,null]","\"Error\"","[null,null,null,null,null,null,null,null,null]","[null,null,null,null,null,null,null,null,null]"],"callbackArgs":["{\"0\":157,\"1\":0,\"2\":[157,126,49,595,49,655,1.7976931348623157e+308,595,969]}","{\"0\":126,\"1\":1,\"2\":[157,126,49,595,49,655,1.7976931348623157e+308,595,969]}","{\"0\":49,\"1\":2,\"2\":[157,126,49,595,49,655,1.7976931348623157e+308,595,969]}","{\"0\":595,\"1\":3,\"2\":[157,126,49,595,49,655,1.7976931348623157e+308,595,969]}","{\"0\":49,\"1\":4,\"2\":[157,126,49,595,49,655,1.7976931348623157e+308,595,969]}","{\"0\":655,\"1\":5,\"2\":[157,126,49,595,49,655,1.7976931348623157e+308,595,969]}","{\"0\":1.7976931348623157e+308,\"1\":6,\"2\":[157,126,49,595,49,655,1.7976931348623157e+308,595,969]}","{\"0\":595,\"1\":7,\"2\":[157,126,49,595,49,655,1.7976931348623157e+308,595,969]}","{\"0\":969,\"1\":8,\"2\":[157,126,49,595,49,655,1.7976931348623157e+308,595,969]}","{\"0\":157,\"1\":0,\"2\":[157,126,49,595,49,655,1.7976931348623157e+308,595,969]}","{\"0\":157,\"1\":0,\"2\":[157,126,49,595,49,655,1.7976931348623157e+308,595,969]}","{\"0\":126,\"1\":1,\"2\":[157,126,49,595,49,655,1.7976931348623157e+308,595,969]}","{\"0\":49,\"1\":2,\"2\":[157,126,49,595,49,655,1.7976931348623157e+308,595,969]}","{\"0\":595,\"1\":3,\"2\":[157,126,49,595,49,655,1.7976931348623157e+308,595,969]}","{\"0\":49,\"1\":4,\"2\":[157,126,49,595,49,655,1.7976931348623157e+308,595,969]}","{\"0\":655,\"1\":5,\"2\":[157,126,49,595,49,655,1.7976931348623157e+308,595,969]}","{\"0\":1.7976931348623157e+308,\"1\":6,\"2\":[157,126,49,595,49,655,1.7976931348623157e+308,595,969]}","{\"0\":595,\"1\":7,\"2\":[157,126,49,595,49,655,1.7976931348623157e+308,595,969]}","{\"0\":969,\"1\":8,\"2\":[157,126,49,595,49,655,1.7976931348623157e+308,595,969]}","{\"0\":null,\"1\":0,\"2\":[null,null,null,null,null,null,null,null,null]}","{\"0\":null,\"1\":1,\"2\":[null,null,null,null,null,null,[403,0,705,\"g\"],null,null]}","{\"0\":null,\"1\":2,\"2\":[null,null,null,null,null,null,[403,0,705,\"g\"],null,null]}","{\"0\":null,\"1\":3,\"2\":[null,null,null,null,null,null,[403,0,705,\"g\"],null,null]}","{\"0\":null,\"1\":4,\"2\":[null,null,null,null,null,null,[403,0,705,\"g\"],null,null]}","{\"0\":null,\"1\":5,\"2\":[null,null,null,null,null,null,[403,0,705,\"g\"],null,null]}","{\"0\":[403,0,705,\"g\"],\"1\":6,\"2\":[null,null,null,null,null,null,[403,0,705,\"g\"],null,null]}","{\"0\":null,\"1\":7,\"2\":[null,null,null,null,null,null,[403,0,705,\"g\"],null,null]}","{\"0\":null,\"1\":8,\"2\":[null,null,null,null,null,null,[403,0,705,\"g\"],null,null]}"]}