{"baseObjects":["[\"<\",{\"242\":823,\"2.804265737191254e+307\":\"59\",\"5.162114455244765e+307\":5.606983361578471e+307,\"I#\":1.3668538126991564e+308,\"|>9yj\":\"\",\"k\":\"\"},49]","[\"<\",\"!Sx\",49]","[\"<\",\"!Sx\",49,null,null]","[null,null,null]"],"returnObjects":["[null,null,null]","\"Error\"","[null,null,null]","\"Error\""],"callbackArgs":["{\"0\":\"<\",\"1\":0,\"2\":[\"<\",\"!Sx\",49]}","{\"0\":{\"242\":823,\"2.804265737191254e+307\":\"59\",\"5.162114455244765e+307\":5.606983361578471e+307,\"I#\":1.3668538126991564e+308,\"|>9yj\":\"\",\"k\":\"\"},\"1\":1,\"2\":[\"<\",{\"242\":823,\"2.804265737191254e+307\":\"59\",\"5.162114455244765e+307\":5.606983361578471e+307,\"I#\":1.3668538126991564e+308,\"|>9yj\":\"\",\"k\":\"\"},49]}","{\"0\":49,\"1\":2,\"2\":[\"<\",{\"242\":823,\"2.804265737191254e+307\":\"59\",\"5.162114455244765e+307\":5.606983361578471e+307,\"I#\":1.3668538126991564e+308,\"|>9yj\":\"\",\"k\":\"\"},49]}","{\"0\":\"<\",\"1\":0,\"2\":[\"<\",\"!Sx\",49]}","{\"0\":\"<\",\"1\":0,\"2\":[\"<\",\"!Sx\",49]}","{\"0\":\"!Sx\",\"1\":1,\"2\":[\"<\",\"!Sx\",49,null,null]}","{\"0\":49,\"1\":2,\"2\":[\"<\",\"!Sx\",49,null,null]}","{\"0\":null,\"1\":0,\"2\":[null,null,null]}"]}