{"baseObjects":["[460,null,705,595,893,969,595,403,1.0645982250786947e+308,59]","[460,157,705,595,893,969,595,403,893,59]","[460,157,705,595,893,969,595,403,893,59]","[null,null,null,null,null,null,null,null,null,null]"],"returnObjects":["[\"Infinity460,,705,595,893,969,595,403,1.0645982250786947e+308,59\",\"0460,,705,595,893,969,595,403,1.0645982250786947e+308,59\",\"352.5460,,705,595,893,969,595,403,1.0645982250786947e+308,59\",\"198.33333333333334460,,705,595,893,969,595,403,1.0645982250786947e+308,59\",\"223.25460,,705,595,893,969,595,403,1.0645982250786947e+308,59\",\"193.8460,,705,595,893,969,595,403,1.0645982250786947e+308,59\",\"99.16666666666667460,,705,595,893,969,595,403,1.0645982250786947e+308,59\",\"57.57142857142857460,,705,595,893,969,595,403,1.0645982250786947e+308,59\",\"1.3307477813483684e+307460,,705,595,893,969,595,403,1.0645982250786947e+308,59\",\"6.555555555555555460,,705,595,893,969,595,403,1.0645982250786947e+308,59\"]","[null,null,null,null,null,null,null,null,null,null]","[null,null,null,null,null,null,null,null,null,null]","[null,null,null,null,null,null,null,null,null,null]"],"callbackArgs":["{\"0\":460,\"1\":0,\"2\":[460,157,705,595,893,969,595,403,893,59]}","{\"0\":null,\"1\":1,\"2\":[460,null,705,595,893,969,595,403,1.0645982250786947e+308,59]}","{\"0\":705,\"1\":2,\"2\":[460,null,705,595,893,969,595,403,1.0645982250786947e+308,59]}","{\"0\":595,\"1\":3,\"2\":[460,null,705,595,893,969,595,403,1.0645982250786947e+308,59]}","{\"0\":893,\"1\":4,\"2\":[460,null,705,595,893,969,595,403,1.0645982250786947e+308,59]}","{\"0\":969,\"1\":5,\"2\":[460,null,705,595,893,969,595,403,1.0645982250786947e+308,59]}","{\"0\":595,\"1\":6,\"2\":[460,null,705,595,893,969,595,403,1.0645982250786947e+308,59]}","{\"0\":403,\"1\":7,\"2\":[460,null,705,595,893,969,595,403,1.0645982250786947e+308,59]}","{\"0\":1.0645982250786947e+308,\"1\":8,\"2\":[460,null,705,595,893,969,595,403,1.0645982250786947e+308,59]}","{\"0\":59,\"1\":9,\"2\":[460,null,705,595,893,969,595,403,1.0645982250786947e+308,59]}","{\"0\":460,\"1\":0,\"2\":[460,157,705,595,893,969,595,403,893,59]}","{\"0\":157,\"1\":1,\"2\":[460,157,705,595,893,969,595,403,893,59]}","{\"0\":705,\"1\":2,\"2\":[460,157,705,595,893,969,595,403,893,59]}","{\"0\":595,\"1\":3,\"2\":[460,157,705,595,893,969,595,403,893,59]}","{\"0\":893,\"1\":4,\"2\":[460,157,705,595,893,969,595,403,893,59]}","{\"0\":969,\"1\":5,\"2\":[460,157,705,595,893,969,595,403,893,59]}","{\"0\":595,\"1\":6,\"2\":[460,157,705,595,893,969,595,403,893,59]}","{\"0\":403,\"1\":7,\"2\":[460,157,705,595,893,969,595,403,893,59]}","{\"0\":893,\"1\":8,\"2\":[460,157,705,595,893,969,595,403,893,59]}","{\"0\":59,\"1\":9,\"2\":[460,157,705,595,893,969,595,403,893,59]}","{\"0\":460,\"1\":0,\"2\":[460,157,705,595,893,969,595,403,893,59]}","{\"0\":157,\"1\":1,\"2\":[460,157,705,595,893,969,595,403,893,59]}","{\"0\":705,\"1\":2,\"2\":[460,157,705,595,893,969,595,403,893,59]}","{\"0\":595,\"1\":3,\"2\":[460,157,705,595,893,969,595,403,893,59]}","{\"0\":893,\"1\":4,\"2\":[460,157,705,595,893,969,595,403,893,59]}","{\"0\":969,\"1\":5,\"2\":[460,157,705,595,893,969,595,403,893,59]}","{\"0\":595,\"1\":6,\"2\":[460,157,705,595,893,969,595,403,893,59]}","{\"0\":403,\"1\":7,\"2\":[460,157,705,595,893,969,595,403,893,59]}","{\"0\":893,\"1\":8,\"2\":[460,157,705,595,893,969,595,403,893,59]}","{\"0\":59,\"1\":9,\"2\":[460,157,705,595,893,969,595,403,893,59]}","{\"0\":null,\"1\":0,\"2\":[null,null,null,null,null,null,null,null,null,null]}","{\"0\":null,\"1\":1,\"2\":[null,null,null,null,null,null,null,null,null,null]}","{\"0\":null,\"1\":2,\"2\":[null,null,null,null,null,null,null,null,null,null]}","{\"0\":null,\"1\":3,\"2\":[null,null,null,null,null,null,null,null,null,null]}","{\"0\":null,\"1\":4,\"2\":[null,null,null,null,null,null,null,null,null,null]}","{\"0\":null,\"1\":5,\"2\":[null,null,null,null,null,null,null,null,null,null]}","{\"0\":null,\"1\":6,\"2\":[null,null,null,null,null,null,null,null,null,null]}","{\"0\":null,\"1\":7,\"2\":[null,null,null,null,null,null,null,null,null,null]}","{\"0\":null,\"1\":8,\"2\":[null,null,null,null,null,null,null,null,null,null]}","{\"0\":null,\"1\":9,\"2\":[null,null,null,null,null,null,null,null,null,null]}"]}