{"baseObjects":["[714,25,\"_\",618,\"Lq4#Ns\",843,655,705]","[714,25,\"_\",618,\"Lq4#Ns\",843,655,705,{\"25\":\"\",\"3.7829128828161406e+307\":\"\",\"U8^-\":\"T\",\"1.0621979833367949e+308\":3.3215391156210527e+307,\"5.524571520506323e+307\":403,\"1.0028058742483738e+308\":1.2401846461225833e+306,\"1.4608139937481083e+308\":1.1507331341026996e+308}]","[714,25,\"_\",618,\"Lq4#Ns\",843,655,705]","[714,25,\"_\",618,\"Lq4#Ns\",843,655,705,null,2.4264602803157305e+307]"],"returnObjects":["[\"714714,25,_,618,Lq4#Ns,843,655,705\",\"24714,25,_,618,Lq4#Ns,843,655,705\",\"NaN714,25,_,618,Lq4#Ns,843,655,705\",\"615714,25,_,618,Lq4#Ns,843,655,705\",\"NaN714,25,_,618,Lq4#Ns,843,655,705\",\"838714,25,_,618,Lq4#Ns,843,655,705\",\"649714,25,_,618,Lq4#Ns,843,655,705\",\"698714,25,_,618,Lq4#Ns,843,655,705\"]","[null,null,null,null,null,null,null,null]","[null,null,null,null,null,null,null,null]","[null,null,null,null,null,null,null,null]"],"callbackArgs":["{\"0\":714,\"1\":0,\"2\":[714,25,\"_\",618,\"Lq4#Ns\",843,655,705]}","{\"0\":25,\"1\":1,\"2\":[714,25,\"_\",618,\"Lq4#Ns\",843,655,705]}","{\"0\":\"_\",\"1\":2,\"2\":[714,25,\"_\",618,\"Lq4#Ns\",843,655,705]}","{\"0\":618,\"1\":3,\"2\":[714,25,\"_\",618,\"Lq4#Ns\",843,655,705]}","{\"0\":\"Lq4#Ns\",\"1\":4,\"2\":[714,25,\"_\",618,\"Lq4#Ns\",843,655,705]}","{\"0\":843,\"1\":5,\"2\":[714,25,\"_\",618,\"Lq4#Ns\",843,655,705]}","{\"0\":655,\"1\":6,\"2\":[714,25,\"_\",618,\"Lq4#Ns\",843,655,705]}","{\"0\":705,\"1\":7,\"2\":[714,25,\"_\",618,\"Lq4#Ns\",843,655,705]}","{\"0\":714,\"1\":0,\"2\":[714,25,\"_\",618,\"Lq4#Ns\",843,655,705]}","{\"0\":25,\"1\":1,\"2\":[714,25,\"_\",618,\"Lq4#Ns\",843,655,705,{\"25\":\"\",\"3.7829128828161406e+307\":\"\",\"U8^-\":\"T\",\"1.0621979833367949e+308\":3.3215391156210527e+307,\"5.524571520506323e+307\":403,\"1.0028058742483738e+308\":1.2401846461225833e+306,\"1.4608139937481083e+308\":1.1507331341026996e+308}]}","{\"0\":\"_\",\"1\":2,\"2\":[714,25,\"_\",618,\"Lq4#Ns\",843,655,705,{\"25\":\"\",\"3.7829128828161406e+307\":\"\",\"U8^-\":\"T\",\"1.0621979833367949e+308\":3.3215391156210527e+307,\"5.524571520506323e+307\":403,\"1.0028058742483738e+308\":1.2401846461225833e+306,\"1.4608139937481083e+308\":1.1507331341026996e+308}]}","{\"0\":618,\"1\":3,\"2\":[714,25,\"_\",618,\"Lq4#Ns\",843,655,705,{\"25\":\"\",\"3.7829128828161406e+307\":\"\",\"U8^-\":\"T\",\"1.0621979833367949e+308\":3.3215391156210527e+307,\"5.524571520506323e+307\":403,\"1.0028058742483738e+308\":1.2401846461225833e+306,\"1.4608139937481083e+308\":1.1507331341026996e+308}]}","{\"0\":\"Lq4#Ns\",\"1\":4,\"2\":[714,25,\"_\",618,\"Lq4#Ns\",843,655,705,{\"25\":\"\",\"3.7829128828161406e+307\":\"\",\"U8^-\":\"T\",\"1.0621979833367949e+308\":3.3215391156210527e+307,\"5.524571520506323e+307\":403,\"1.0028058742483738e+308\":1.2401846461225833e+306,\"1.4608139937481083e+308\":1.1507331341026996e+308}]}","{\"0\":843,\"1\":5,\"2\":[714,25,\"_\",618,\"Lq4#Ns\",843,655,705,{\"25\":\"\",\"3.7829128828161406e+307\":\"\",\"U8^-\":\"T\",\"1.0621979833367949e+308\":3.3215391156210527e+307,\"5.524571520506323e+307\":403,\"1.0028058742483738e+308\":1.2401846461225833e+306,\"1.4608139937481083e+308\":1.1507331341026996e+308}]}","{\"0\":655,\"1\":6,\"2\":[714,25,\"_\",618,\"Lq4#Ns\",843,655,705,{\"25\":\"\",\"3.7829128828161406e+307\":\"\",\"U8^-\":\"T\",\"1.0621979833367949e+308\":3.3215391156210527e+307,\"5.524571520506323e+307\":403,\"1.0028058742483738e+308\":1.2401846461225833e+306,\"1.4608139937481083e+308\":1.1507331341026996e+308}]}","{\"0\":705,\"1\":7,\"2\":[714,25,\"_\",618,\"Lq4#Ns\",843,655,705,{\"25\":\"\",\"3.7829128828161406e+307\":\"\",\"U8^-\":\"T\",\"1.0621979833367949e+308\":3.3215391156210527e+307,\"5.524571520506323e+307\":403,\"1.0028058742483738e+308\":1.2401846461225833e+306,\"1.4608139937481083e+308\":1.1507331341026996e+308}]}","{\"0\":714,\"1\":0,\"2\":[714,25,\"_\",618,\"Lq4#Ns\",843,655,705]}","{\"0\":25,\"1\":1,\"2\":[714,25,\"_\",618,\"Lq4#Ns\",843,655,705]}","{\"0\":\"_\",\"1\":2,\"2\":[714,25,\"_\",618,\"Lq4#Ns\",843,655,705]}","{\"0\":618,\"1\":3,\"2\":[714,25,\"_\",618,\"Lq4#Ns\",843,655,705]}","{\"0\":\"Lq4#Ns\",\"1\":4,\"2\":[714,25,\"_\",618,\"Lq4#Ns\",843,655,705]}","{\"0\":843,\"1\":5,\"2\":[714,25,\"_\",618,\"Lq4#Ns\",843,655,705]}","{\"0\":655,\"1\":6,\"2\":[714,25,\"_\",618,\"Lq4#Ns\",843,655,705]}","{\"0\":705,\"1\":7,\"2\":[714,25,\"_\",618,\"Lq4#Ns\",843,655,705]}","{\"0\":714,\"1\":0,\"2\":[714,25,\"_\",618,\"Lq4#Ns\",843,655,705]}","{\"0\":25,\"1\":1,\"2\":[714,25,\"_\",618,\"Lq4#Ns\",843,655,705,null,2.4264602803157305e+307]}","{\"0\":\"_\",\"1\":2,\"2\":[714,25,\"_\",618,\"Lq4#Ns\",843,655,705,null,2.4264602803157305e+307]}","{\"0\":618,\"1\":3,\"2\":[714,25,\"_\",618,\"Lq4#Ns\",843,655,705,null,2.4264602803157305e+307]}","{\"0\":\"Lq4#Ns\",\"1\":4,\"2\":[714,25,\"_\",618,\"Lq4#Ns\",843,655,705,null,2.4264602803157305e+307]}","{\"0\":843,\"1\":5,\"2\":[714,25,\"_\",618,\"Lq4#Ns\",843,655,705,null,2.4264602803157305e+307]}","{\"0\":655,\"1\":6,\"2\":[714,25,\"_\",618,\"Lq4#Ns\",843,655,705,null,2.4264602803157305e+307]}","{\"0\":705,\"1\":7,\"2\":[714,25,\"_\",618,\"Lq4#Ns\",843,655,705,null,2.4264602803157305e+307]}"]}