{"baseObjects":["[-100,618,1.7976931348623157e+308,213,705,595,969,157,null]","[-100,618,1.7976931348623157e+308,213,705,595,969,157,655]","[-100,618,{\"-1\":-1},213,705,595,969,157,655]","[-100,618,1.7976931348623157e+308,213,705,595,969,157,655]"],"returnObjects":["[null,null,null,null,null,null,null,null,null]","\"Error\"","\"Error\"","[null,null,null,null,null,null,null,null,null]"],"callbackArgs":["{\"0\":-100,\"1\":0,\"2\":[-100,618,1.7976931348623157e+308,213,705,595,969,157,655]}","{\"0\":618,\"1\":1,\"2\":[-100,618,1.7976931348623157e+308,213,705,595,969,157,null]}","{\"0\":1.7976931348623157e+308,\"1\":2,\"2\":[-100,618,1.7976931348623157e+308,213,705,595,969,157,null]}","{\"0\":213,\"1\":3,\"2\":[-100,618,1.7976931348623157e+308,213,705,595,969,157,null]}","{\"0\":705,\"1\":4,\"2\":[-100,618,1.7976931348623157e+308,213,705,595,969,157,null]}","{\"0\":595,\"1\":5,\"2\":[-100,618,1.7976931348623157e+308,213,705,595,969,157,null]}","{\"0\":969,\"1\":6,\"2\":[-100,618,1.7976931348623157e+308,213,705,595,969,157,null]}","{\"0\":157,\"1\":7,\"2\":[-100,618,1.7976931348623157e+308,213,705,595,969,157,null]}","{\"0\":null,\"1\":8,\"2\":[-100,618,1.7976931348623157e+308,213,705,595,969,157,null]}","{\"0\":-100,\"1\":0,\"2\":[-100,618,1.7976931348623157e+308,213,705,595,969,157,655]}","{\"0\":-100,\"1\":0,\"2\":[-100,618,1.7976931348623157e+308,213,705,595,969,157,655]}","{\"0\":-100,\"1\":0,\"2\":[-100,618,1.7976931348623157e+308,213,705,595,969,157,655]}","{\"0\":618,\"1\":1,\"2\":[-100,618,1.7976931348623157e+308,213,705,595,969,157,655]}","{\"0\":1.7976931348623157e+308,\"1\":2,\"2\":[-100,618,1.7976931348623157e+308,213,705,595,969,157,655]}","{\"0\":213,\"1\":3,\"2\":[-100,618,1.7976931348623157e+308,213,705,595,969,157,655]}","{\"0\":705,\"1\":4,\"2\":[-100,618,1.7976931348623157e+308,213,705,595,969,157,655]}","{\"0\":595,\"1\":5,\"2\":[-100,618,1.7976931348623157e+308,213,705,595,969,157,655]}","{\"0\":969,\"1\":6,\"2\":[-100,618,1.7976931348623157e+308,213,705,595,969,157,655]}","{\"0\":157,\"1\":7,\"2\":[-100,618,1.7976931348623157e+308,213,705,595,969,157,655]}","{\"0\":655,\"1\":8,\"2\":[-100,618,1.7976931348623157e+308,213,705,595,969,157,655]}"]}