{"baseObjects":["[0,126,705,783,607,607,0,705]","[0,126,705,783,{\"2\":\"P\",\"25\":\"\",\"1.0967751118209976e+308\":4.3522916372310253e+307,\"\":1.0194783461492355e+308,\"2.2581230352960783e+307\":\"\"},607,0,82]","[\"00,126,705,783,[object Object],607,0,82\",\"1270,126,705,783,[object Object],607,0,82\",\"7070,126,705,783,[object Object],607,0,82\",\"7860,126,705,783,[object Object],607,0,82\",\"[object Object]40,126,705,783,[object Object],607,0,82\",\"6120,126,705,783,[object Object],607,0,82\",[\"af3\"],\"890,126,705,783,[object Object],607,0,82\",null,\"J\"]","[\"00,126,705,783,[object Object],607,0,82\",\"1270,126,705,783,[object Object],607,0,82\",\"7070,126,705,783,[object Object],607,0,82\",\"7860,126,705,783,[object Object],607,0,82\",\"[object Object]40,126,705,783,[object Object],607,0,82\",\"6120,126,705,783,[object Object],607,0,82\",[\"af3\"],\"890,126,705,783,[object Object],607,0,82\",null,\"J\"]"],"returnObjects":["[null,null,null,null,null,null,null,null]","[\"00,126,705,783,[object Object],607,0,82\",\"1270,126,705,783,[object Object],607,0,82\",\"7070,126,705,783,[object Object],607,0,82\",\"7860,126,705,783,[object Object],607,0,82\",\"[object Object]40,126,705,783,[object Object],607,0,82\",\"6120,126,705,783,[object Object],607,0,82\",[\"af3\"],\"890,126,705,783,[object Object],607,0,82\",null,\"J\"]","\"Error\"","[null,null,null,null,null,null,null,null,null,null]"],"callbackArgs":["{\"0\":0,\"1\":0,\"2\":[0,126,705,783,607,607,0,705]}","{\"0\":126,\"1\":1,\"2\":[0,126,705,783,607,607,0,705]}","{\"0\":705,\"1\":2,\"2\":[0,126,705,783,607,607,0,705]}","{\"0\":783,\"1\":3,\"2\":[0,126,705,783,607,607,0,705]}","{\"0\":607,\"1\":4,\"2\":[0,126,705,783,607,607,0,705]}","{\"0\":607,\"1\":5,\"2\":[0,126,705,783,607,607,0,705]}","{\"0\":0,\"1\":6,\"2\":[0,126,705,783,607,607,0,705]}","{\"0\":705,\"1\":7,\"2\":[0,126,705,783,607,607,0,705]}","{\"0\":0,\"1\":0,\"2\":[0,126,705,783,607,607,0,705]}","{\"0\":126,\"1\":1,\"2\":[0,126,705,783,{\"2\":\"P\",\"25\":\"\",\"1.0967751118209976e+308\":4.3522916372310253e+307,\"\":1.0194783461492355e+308,\"2.2581230352960783e+307\":\"\"},607,0,82]}","{\"0\":705,\"1\":2,\"2\":[0,126,705,783,{\"2\":\"P\",\"25\":\"\",\"1.0967751118209976e+308\":4.3522916372310253e+307,\"\":1.0194783461492355e+308,\"2.2581230352960783e+307\":\"\"},607,0,82]}","{\"0\":783,\"1\":3,\"2\":[0,126,705,783,{\"2\":\"P\",\"25\":\"\",\"1.0967751118209976e+308\":4.3522916372310253e+307,\"\":1.0194783461492355e+308,\"2.2581230352960783e+307\":\"\"},607,0,82]}","{\"0\":{\"2\":\"P\",\"25\":\"\",\"1.0967751118209976e+308\":4.3522916372310253e+307,\"\":1.0194783461492355e+308,\"2.2581230352960783e+307\":\"\"},\"1\":4,\"2\":[0,126,705,783,{\"2\":\"P\",\"25\":\"\",\"1.0967751118209976e+308\":4.3522916372310253e+307,\"\":1.0194783461492355e+308,\"2.2581230352960783e+307\":\"\"},607,0,82]}","{\"0\":607,\"1\":5,\"2\":[0,126,705,783,{\"2\":\"P\",\"25\":\"\",\"1.0967751118209976e+308\":4.3522916372310253e+307,\"\":1.0194783461492355e+308,\"2.2581230352960783e+307\":\"\"},607,0,82]}","{\"0\":0,\"1\":6,\"2\":[0,126,705,783,{\"2\":\"P\",\"25\":\"\",\"1.0967751118209976e+308\":4.3522916372310253e+307,\"\":1.0194783461492355e+308,\"2.2581230352960783e+307\":\"\"},607,0,82]}","{\"0\":82,\"1\":7,\"2\":[0,126,705,783,{\"2\":\"P\",\"25\":\"\",\"1.0967751118209976e+308\":4.3522916372310253e+307,\"\":1.0194783461492355e+308,\"2.2581230352960783e+307\":\"\"},607,0,82]}","{\"0\":\"00,126,705,783,[object Object],607,0,82\",\"1\":0,\"2\":[\"00,126,705,783,[object Object],607,0,82\",\"1270,126,705,783,[object Object],607,0,82\",\"7070,126,705,783,[object Object],607,0,82\",\"7860,126,705,783,[object Object],607,0,82\",\"[object Object]40,126,705,783,[object Object],607,0,82\",\"6120,126,705,783,[object Object],607,0,82\",\"60,126,705,783,[object Object],607,0,82\",\"890,126,705,783,[object Object],607,0,82\"]}","{\"0\":\"00,126,705,783,[object Object],607,0,82\",\"1\":0,\"2\":[\"00,126,705,783,[object Object],607,0,82\",\"1270,126,705,783,[object Object],607,0,82\",\"7070,126,705,783,[object Object],607,0,82\",\"7860,126,705,783,[object Object],607,0,82\",\"[object Object]40,126,705,783,[object Object],607,0,82\",\"6120,126,705,783,[object Object],607,0,82\",\"60,126,705,783,[object Object],607,0,82\",\"890,126,705,783,[object Object],607,0,82\",null,\"J\"]}","{\"0\":\"1270,126,705,783,[object Object],607,0,82\",\"1\":1,\"2\":[\"00,126,705,783,[object Object],607,0,82\",\"1270,126,705,783,[object Object],607,0,82\",\"7070,126,705,783,[object Object],607,0,82\",\"7860,126,705,783,[object Object],607,0,82\",\"[object Object]40,126,705,783,[object Object],607,0,82\",\"6120,126,705,783,[object Object],607,0,82\",[\"af3\"],\"890,126,705,783,[object Object],607,0,82\",null,\"J\"]}","{\"0\":\"7070,126,705,783,[object Object],607,0,82\",\"1\":2,\"2\":[\"00,126,705,783,[object Object],607,0,82\",\"1270,126,705,783,[object Object],607,0,82\",\"7070,126,705,783,[object Object],607,0,82\",\"7860,126,705,783,[object Object],607,0,82\",\"[object Object]40,126,705,783,[object Object],607,0,82\",\"6120,126,705,783,[object Object],607,0,82\",[\"af3\"],\"890,126,705,783,[object Object],607,0,82\",null,\"J\"]}","{\"0\":\"7860,126,705,783,[object Object],607,0,82\",\"1\":3,\"2\":[\"00,126,705,783,[object Object],607,0,82\",\"1270,126,705,783,[object Object],607,0,82\",\"7070,126,705,783,[object Object],607,0,82\",\"7860,126,705,783,[object Object],607,0,82\",\"[object Object]40,126,705,783,[object Object],607,0,82\",\"6120,126,705,783,[object Object],607,0,82\",[\"af3\"],\"890,126,705,783,[object Object],607,0,82\",null,\"J\"]}","{\"0\":\"[object Object]40,126,705,783,[object Object],607,0,82\",\"1\":4,\"2\":[\"00,126,705,783,[object Object],607,0,82\",\"1270,126,705,783,[object Object],607,0,82\",\"7070,126,705,783,[object Object],607,0,82\",\"7860,126,705,783,[object Object],607,0,82\",\"[object Object]40,126,705,783,[object Object],607,0,82\",\"6120,126,705,783,[object Object],607,0,82\",[\"af3\"],\"890,126,705,783,[object Object],607,0,82\",null,\"J\"]}","{\"0\":\"6120,126,705,783,[object Object],607,0,82\",\"1\":5,\"2\":[\"00,126,705,783,[object Object],607,0,82\",\"1270,126,705,783,[object Object],607,0,82\",\"7070,126,705,783,[object Object],607,0,82\",\"7860,126,705,783,[object Object],607,0,82\",\"[object Object]40,126,705,783,[object Object],607,0,82\",\"6120,126,705,783,[object Object],607,0,82\",[\"af3\"],\"890,126,705,783,[object Object],607,0,82\",null,\"J\"]}","{\"0\":[\"af3\"],\"1\":6,\"2\":[\"00,126,705,783,[object Object],607,0,82\",\"1270,126,705,783,[object Object],607,0,82\",\"7070,126,705,783,[object Object],607,0,82\",\"7860,126,705,783,[object Object],607,0,82\",\"[object Object]40,126,705,783,[object Object],607,0,82\",\"6120,126,705,783,[object Object],607,0,82\",[\"af3\"],\"890,126,705,783,[object Object],607,0,82\",null,\"J\"]}","{\"0\":\"890,126,705,783,[object Object],607,0,82\",\"1\":7,\"2\":[\"00,126,705,783,[object Object],607,0,82\",\"1270,126,705,783,[object Object],607,0,82\",\"7070,126,705,783,[object Object],607,0,82\",\"7860,126,705,783,[object Object],607,0,82\",\"[object Object]40,126,705,783,[object Object],607,0,82\",\"6120,126,705,783,[object Object],607,0,82\",[\"af3\"],\"890,126,705,783,[object Object],607,0,82\",null,\"J\"]}","{\"0\":\"J\",\"1\":9,\"2\":[\"00,126,705,783,[object Object],607,0,82\",\"1270,126,705,783,[object Object],607,0,82\",\"7070,126,705,783,[object Object],607,0,82\",\"7860,126,705,783,[object Object],607,0,82\",\"[object Object]40,126,705,783,[object Object],607,0,82\",\"6120,126,705,783,[object Object],607,0,82\",[\"af3\"],\"890,126,705,783,[object Object],607,0,82\",null,\"J\"]}"]}