{"baseObjects":["[\"D\",\"e\",\"@HAn\",null,null,null,\"T6\"]","[{\"157\":\"$T\",\"1.6096776352281925e+307\":595,\"^d\":1.1849046978427019e+308,\"\":1.6485224137699464e+308,\"L\":\"\",\"1.6237154286427e+308\":1.3713121263365243e+308},\"e1D,e,@HAn,,,,T6\",\"@HAn2D,e,@HAn,,,,T6\"]","[\"D\",\"e\",\"@HAn\",null,null,null,null,false]","[null,null,null]"],"returnObjects":["[{\"157\":\"$T\",\"1.6096776352281925e+307\":595,\"^d\":1.1849046978427019e+308,\"\":1.6485224137699464e+308,\"L\":\"\",\"1.6237154286427e+308\":1.3713121263365243e+308},\"e1D,e,@HAn,,,,T6\",\"@HAn2D,e,@HAn,,,,T6\"]","[null,null,null]","[\"DNaN\",\"eNaN\",\"@HAnNaN\"]","\"Error\""],"callbackArgs":["{\"0\":\"D\",\"1\":0,\"2\":[\"D\",\"e\",\"@HAn\"]}","{\"0\":\"e\",\"1\":1,\"2\":[\"D\",\"e\",\"@HAn\",null,null,null,\"T6\"]}","{\"0\":\"@HAn\",\"1\":2,\"2\":[\"D\",\"e\",\"@HAn\",null,null,null,\"T6\"]}","{\"0\":\"D0D,e,@HAn,,,,T6\",\"1\":0,\"2\":[\"D0D,e,@HAn,,,,T6\",\"e1D,e,@HAn,,,,T6\",\"@HAn2D,e,@HAn,,,,T6\"]}","{\"0\":\"e1D,e,@HAn,,,,T6\",\"1\":1,\"2\":[{\"157\":\"$T\",\"1.6096776352281925e+307\":595,\"^d\":1.1849046978427019e+308,\"\":1.6485224137699464e+308,\"L\":\"\",\"1.6237154286427e+308\":1.3713121263365243e+308},\"e1D,e,@HAn,,,,T6\",\"@HAn2D,e,@HAn,,,,T6\"]}","{\"0\":\"@HAn2D,e,@HAn,,,,T6\",\"1\":2,\"2\":[{\"157\":\"$T\",\"1.6096776352281925e+307\":595,\"^d\":1.1849046978427019e+308,\"\":1.6485224137699464e+308,\"L\":\"\",\"1.6237154286427e+308\":1.3713121263365243e+308},\"e1D,e,@HAn,,,,T6\",\"@HAn2D,e,@HAn,,,,T6\"]}","{\"0\":\"D\",\"1\":0,\"2\":[\"D\",\"e\",\"@HAn\"]}","{\"0\":\"e\",\"1\":1,\"2\":[\"D\",\"e\",\"@HAn\",null,null,null,null,false]}","{\"0\":\"@HAn\",\"1\":2,\"2\":[\"D\",\"e\",\"@HAn\",null,null,null,null,false]}","{\"0\":null,\"1\":0,\"2\":[null,null,null]}"]}