{"baseObjects":["[969,100,843,82,969]","[null,null,null,null,null,\"\",null,{\"1.4236567315554802e+308\":\"\",\"6.400636066171919e+306\":5e-324,\"\":-100,\"1.7204307644345393e+308\":1.3436300650759763e+308,\"1.4182475265053882e+308\":\"}J\",\"1.7976931348623157e+308\":\"_|(\",\"5e-324\":\"G\",\"1.4857893653207388e+308\":\"\"}]","[null,null,null,null,null,\"\",null,{\"1.4236567315554802e+308\":\"\",\"6.400636066171919e+306\":5e-324,\"\":-100,\"1.7204307644345393e+308\":1.3436300650759763e+308,\"1.4182475265053882e+308\":\"}J\",\"1.7976931348623157e+308\":\"_|(\",\"5e-324\":\"G\",\"1.4857893653207388e+308\":\"\"}]","[null,null,null,null,null,\"\",null,{\"1.4236567315554802e+308\":\"\",\"6.400636066171919e+306\":5e-324,\"\":-100,\"1.7204307644345393e+308\":1.3436300650759763e+308,\"1.4182475265053882e+308\":\"}J\",\"1.7976931348623157e+308\":\"_|(\",\"5e-324\":\"G\",\"1.4857893653207388e+308\":\"\"}]"],"returnObjects":["[null,null,null,null,null,\"\",null,{\"1.4236567315554802e+308\":\"\",\"6.400636066171919e+306\":5e-324,\"\":-100,\"1.7204307644345393e+308\":1.3436300650759763e+308,\"1.4182475265053882e+308\":\"}J\",\"1.7976931348623157e+308\":\"_|(\",\"5e-324\":\"G\",\"1.4857893653207388e+308\":\"\"}]","[null,null,null,null,null]","[\"NaNNaN,NaN,NaN,NaN,NaN,,,[object Object]\",\"NaNNaN,NaN,NaN,NaN,NaN,,,[object Object]\",\"NaNNaN,NaN,NaN,NaN,NaN,,,[object Object]\",\"NaNNaN,NaN,NaN,NaN,NaN,,,[object Object]\",\"NaNNaN,NaN,NaN,NaN,NaN,,,[object Object]\",\"-5NaN,NaN,NaN,NaN,NaN,,,[object Object]\",null,\"NaNNaN,NaN,NaN,NaN,NaN,,,[object Object]\"]","\"Error\""],"callbackArgs":["{\"0\":969,\"1\":0,\"2\":[969,100,843,82,969]}","{\"0\":100,\"1\":1,\"2\":[969,100,843,82,969]}","{\"0\":843,\"1\":2,\"2\":[969,100,843,82,969]}","{\"0\":82,\"1\":3,\"2\":[969,100,843,82,969]}","{\"0\":969,\"1\":4,\"2\":[969,100,843,82,969]}","{\"0\":null,\"1\":0,\"2\":[null,null,null,null,null]}","{\"0\":null,\"1\":1,\"2\":[null,null,null,null,null,\"\",null,{\"1.4236567315554802e+308\":\"\",\"6.400636066171919e+306\":5e-324,\"\":-100,\"1.7204307644345393e+308\":1.3436300650759763e+308,\"1.4182475265053882e+308\":\"}J\",\"1.7976931348623157e+308\":\"_|(\",\"5e-324\":\"G\",\"1.4857893653207388e+308\":\"\"}]}","{\"0\":null,\"1\":2,\"2\":[null,null,null,null,null,\"\",null,{\"1.4236567315554802e+308\":\"\",\"6.400636066171919e+306\":5e-324,\"\":-100,\"1.7204307644345393e+308\":1.3436300650759763e+308,\"1.4182475265053882e+308\":\"}J\",\"1.7976931348623157e+308\":\"_|(\",\"5e-324\":\"G\",\"1.4857893653207388e+308\":\"\"}]}","{\"0\":null,\"1\":3,\"2\":[null,null,null,null,null,\"\",null,{\"1.4236567315554802e+308\":\"\",\"6.400636066171919e+306\":5e-324,\"\":-100,\"1.7204307644345393e+308\":1.3436300650759763e+308,\"1.4182475265053882e+308\":\"}J\",\"1.7976931348623157e+308\":\"_|(\",\"5e-324\":\"G\",\"1.4857893653207388e+308\":\"\"}]}","{\"0\":null,\"1\":4,\"2\":[null,null,null,null,null,\"\",null,{\"1.4236567315554802e+308\":\"\",\"6.400636066171919e+306\":5e-324,\"\":-100,\"1.7204307644345393e+308\":1.3436300650759763e+308,\"1.4182475265053882e+308\":\"}J\",\"1.7976931348623157e+308\":\"_|(\",\"5e-324\":\"G\",\"1.4857893653207388e+308\":\"\"}]}","{\"0\":null,\"1\":0,\"2\":[null,null,null,null,null,\"\",null,{\"1.4236567315554802e+308\":\"\",\"6.400636066171919e+306\":5e-324,\"\":-100,\"1.7204307644345393e+308\":1.3436300650759763e+308,\"1.4182475265053882e+308\":\"}J\",\"1.7976931348623157e+308\":\"_|(\",\"5e-324\":\"G\",\"1.4857893653207388e+308\":\"\"}]}","{\"0\":null,\"1\":1,\"2\":[null,null,null,null,null,\"\",null,{\"1.4236567315554802e+308\":\"\",\"6.400636066171919e+306\":5e-324,\"\":-100,\"1.7204307644345393e+308\":1.3436300650759763e+308,\"1.4182475265053882e+308\":\"}J\",\"1.7976931348623157e+308\":\"_|(\",\"5e-324\":\"G\",\"1.4857893653207388e+308\":\"\"}]}","{\"0\":null,\"1\":2,\"2\":[null,null,null,null,null,\"\",null,{\"1.4236567315554802e+308\":\"\",\"6.400636066171919e+306\":5e-324,\"\":-100,\"1.7204307644345393e+308\":1.3436300650759763e+308,\"1.4182475265053882e+308\":\"}J\",\"1.7976931348623157e+308\":\"_|(\",\"5e-324\":\"G\",\"1.4857893653207388e+308\":\"\"}]}","{\"0\":null,\"1\":3,\"2\":[null,null,null,null,null,\"\",null,{\"1.4236567315554802e+308\":\"\",\"6.400636066171919e+306\":5e-324,\"\":-100,\"1.7204307644345393e+308\":1.3436300650759763e+308,\"1.4182475265053882e+308\":\"}J\",\"1.7976931348623157e+308\":\"_|(\",\"5e-324\":\"G\",\"1.4857893653207388e+308\":\"\"}]}","{\"0\":null,\"1\":4,\"2\":[null,null,null,null,null,\"\",null,{\"1.4236567315554802e+308\":\"\",\"6.400636066171919e+306\":5e-324,\"\":-100,\"1.7204307644345393e+308\":1.3436300650759763e+308,\"1.4182475265053882e+308\":\"}J\",\"1.7976931348623157e+308\":\"_|(\",\"5e-324\":\"G\",\"1.4857893653207388e+308\":\"\"}]}","{\"0\":\"\",\"1\":5,\"2\":[null,null,null,null,null,\"\",null,{\"1.4236567315554802e+308\":\"\",\"6.400636066171919e+306\":5e-324,\"\":-100,\"1.7204307644345393e+308\":1.3436300650759763e+308,\"1.4182475265053882e+308\":\"}J\",\"1.7976931348623157e+308\":\"_|(\",\"5e-324\":\"G\",\"1.4857893653207388e+308\":\"\"}]}","{\"0\":{\"1.4236567315554802e+308\":\"\",\"6.400636066171919e+306\":5e-324,\"\":-100,\"1.7204307644345393e+308\":1.3436300650759763e+308,\"1.4182475265053882e+308\":\"}J\",\"1.7976931348623157e+308\":\"_|(\",\"5e-324\":\"G\",\"1.4857893653207388e+308\":\"\"},\"1\":7,\"2\":[null,null,null,null,null,\"\",null,{\"1.4236567315554802e+308\":\"\",\"6.400636066171919e+306\":5e-324,\"\":-100,\"1.7204307644345393e+308\":1.3436300650759763e+308,\"1.4182475265053882e+308\":\"}J\",\"1.7976931348623157e+308\":\"_|(\",\"5e-324\":\"G\",\"1.4857893653207388e+308\":\"\"}]}","{\"0\":null,\"1\":0,\"2\":[null,null,null,null,null,\"\",null,{\"1.4236567315554802e+308\":\"\",\"6.400636066171919e+306\":5e-324,\"\":-100,\"1.7204307644345393e+308\":1.3436300650759763e+308,\"1.4182475265053882e+308\":\"}J\",\"1.7976931348623157e+308\":\"_|(\",\"5e-324\":\"G\",\"1.4857893653207388e+308\":\"\"}]}"]}