{"baseObjects":["[0,100,null,\"#\",627,\"cR\",\"l\"]","[0,100,627,\"#\",627,\"cR\",\"l\"]","[0,100,627,\"#\",627,\"cR\",\"l\"]","[0,100,627,{\"969\":705,\"1.0894435191447907e+308\":7.471712409319735e+307,\"P\":\"\",\"{\":3.2768122113772786e+307,\"7.199462034830367e+307\":460,\"1.3382251933623215e+308\":\"GA\"},627,\"cR\",\"l\"]"],"returnObjects":["[\"00,100,,#,627,cR,l\",\"990,100,,#,627,cR,l\",\"-20,100,,#,627,cR,l\",\"NaN0,100,,#,627,cR,l\",\"6230,100,,#,627,cR,l\",\"NaN0,100,,#,627,cR,l\",\"NaN0,100,,#,627,cR,l\"]","[null,null,null,null,null,null,null]","\"Error\"","[null,null,null,null,null,null,null]"],"callbackArgs":["{\"0\":0,\"1\":0,\"2\":[0,100,627,\"#\",627,\"cR\",\"l\"]}","{\"0\":100,\"1\":1,\"2\":[0,100,null,\"#\",627,\"cR\",\"l\"]}","{\"0\":null,\"1\":2,\"2\":[0,100,null,\"#\",627,\"cR\",\"l\"]}","{\"0\":\"#\",\"1\":3,\"2\":[0,100,null,\"#\",627,\"cR\",\"l\"]}","{\"0\":627,\"1\":4,\"2\":[0,100,null,\"#\",627,\"cR\",\"l\"]}","{\"0\":\"cR\",\"1\":5,\"2\":[0,100,null,\"#\",627,\"cR\",\"l\"]}","{\"0\":\"l\",\"1\":6,\"2\":[0,100,null,\"#\",627,\"cR\",\"l\"]}","{\"0\":0,\"1\":0,\"2\":[0,100,627,\"#\",627,\"cR\",\"l\"]}","{\"0\":100,\"1\":1,\"2\":[0,100,627,\"#\",627,\"cR\",\"l\"]}","{\"0\":627,\"1\":2,\"2\":[0,100,627,\"#\",627,\"cR\",\"l\"]}","{\"0\":\"#\",\"1\":3,\"2\":[0,100,627,\"#\",627,\"cR\",\"l\"]}","{\"0\":627,\"1\":4,\"2\":[0,100,627,\"#\",627,\"cR\",\"l\"]}","{\"0\":\"cR\",\"1\":5,\"2\":[0,100,627,\"#\",627,\"cR\",\"l\"]}","{\"0\":\"l\",\"1\":6,\"2\":[0,100,627,\"#\",627,\"cR\",\"l\"]}","{\"0\":0,\"1\":0,\"2\":[0,100,627,\"#\",627,\"cR\",\"l\"]}","{\"0\":0,\"1\":0,\"2\":[0,100,627,\"#\",627,\"cR\",\"l\"]}","{\"0\":100,\"1\":1,\"2\":[0,100,627,{\"969\":705,\"1.0894435191447907e+308\":7.471712409319735e+307,\"P\":\"\",\"{\":3.2768122113772786e+307,\"7.199462034830367e+307\":460,\"1.3382251933623215e+308\":\"GA\"},627,\"cR\",\"l\"]}","{\"0\":627,\"1\":2,\"2\":[0,100,627,{\"969\":705,\"1.0894435191447907e+308\":7.471712409319735e+307,\"P\":\"\",\"{\":3.2768122113772786e+307,\"7.199462034830367e+307\":460,\"1.3382251933623215e+308\":\"GA\"},627,\"cR\",\"l\"]}","{\"0\":{\"969\":705,\"1.0894435191447907e+308\":7.471712409319735e+307,\"P\":\"\",\"{\":3.2768122113772786e+307,\"7.199462034830367e+307\":460,\"1.3382251933623215e+308\":\"GA\"},\"1\":3,\"2\":[0,100,627,{\"969\":705,\"1.0894435191447907e+308\":7.471712409319735e+307,\"P\":\"\",\"{\":3.2768122113772786e+307,\"7.199462034830367e+307\":460,\"1.3382251933623215e+308\":\"GA\"},627,\"cR\",\"l\"]}","{\"0\":627,\"1\":4,\"2\":[0,100,627,{\"969\":705,\"1.0894435191447907e+308\":7.471712409319735e+307,\"P\":\"\",\"{\":3.2768122113772786e+307,\"7.199462034830367e+307\":460,\"1.3382251933623215e+308\":\"GA\"},627,\"cR\",\"l\"]}","{\"0\":\"cR\",\"1\":5,\"2\":[0,100,627,{\"969\":705,\"1.0894435191447907e+308\":7.471712409319735e+307,\"P\":\"\",\"{\":3.2768122113772786e+307,\"7.199462034830367e+307\":460,\"1.3382251933623215e+308\":\"GA\"},627,\"cR\",\"l\"]}","{\"0\":\"l\",\"1\":6,\"2\":[0,100,627,{\"969\":705,\"1.0894435191447907e+308\":7.471712409319735e+307,\"P\":\"\",\"{\":3.2768122113772786e+307,\"7.199462034830367e+307\":460,\"1.3382251933623215e+308\":\"GA\"},627,\"cR\",\"l\"]}"]}