{"baseObjects":["[607,1.7976931348623157e+308,-100,\"5\",\"^q1\"]","[607,1.7976931348623157e+308,-100,\"5\",\"^q1\"]","[607,1.7976931348623157e+308,-100,\"5\",\"^q1\"]","[null,null,null,\"5NaN\",\"^q1NaN\"]"],"returnObjects":["[null,null,null,null,null]","[null,null,null,null,null]","[null,null,null,\"5NaN\",\"^q1NaN\"]","\"Error\""],"callbackArgs":["{\"0\":607,\"1\":0,\"2\":[607,1.7976931348623157e+308,-100,\"5\",\"^q1\"]}","{\"0\":1.7976931348623157e+308,\"1\":1,\"2\":[607,1.7976931348623157e+308,-100,\"5\",\"^q1\"]}","{\"0\":-100,\"1\":2,\"2\":[607,1.7976931348623157e+308,-100,\"5\",\"^q1\"]}","{\"0\":\"5\",\"1\":3,\"2\":[607,1.7976931348623157e+308,-100,\"5\",\"^q1\"]}","{\"0\":\"^q1\",\"1\":4,\"2\":[607,1.7976931348623157e+308,-100,\"5\",\"^q1\"]}","{\"0\":607,\"1\":0,\"2\":[607,1.7976931348623157e+308,-100,\"5\",\"^q1\"]}","{\"0\":1.7976931348623157e+308,\"1\":1,\"2\":[607,1.7976931348623157e+308,-100,\"5\",\"^q1\"]}","{\"0\":-100,\"1\":2,\"2\":[607,1.7976931348623157e+308,-100,\"5\",\"^q1\"]}","{\"0\":\"5\",\"1\":3,\"2\":[607,1.7976931348623157e+308,-100,\"5\",\"^q1\"]}","{\"0\":\"^q1\",\"1\":4,\"2\":[607,1.7976931348623157e+308,-100,\"5\",\"^q1\"]}","{\"0\":607,\"1\":0,\"2\":[607,1.7976931348623157e+308,-100,\"5\",\"^q1\"]}","{\"0\":1.7976931348623157e+308,\"1\":1,\"2\":[607,1.7976931348623157e+308,-100,\"5\",\"^q1\"]}","{\"0\":-100,\"1\":2,\"2\":[607,1.7976931348623157e+308,-100,\"5\",\"^q1\"]}","{\"0\":\"5\",\"1\":3,\"2\":[607,1.7976931348623157e+308,-100,\"5\",\"^q1\"]}","{\"0\":\"^q1\",\"1\":4,\"2\":[607,1.7976931348623157e+308,-100,\"5\",\"^q1\"]}","{\"0\":null,\"1\":0,\"2\":[null,null,null,\"5NaN\",\"^q1NaN\"]}"]}