{"baseObjects":["[157,82,460,1.7976931348623157e+308,1.1188112898035011e+308,100]","[157,82,460,1.7976931348623157e+308,49,100]","[157,82,460,1.7976931348623157e+308,49,100]","[157,82,460,1.7976931348623157e+308,49,100]"],"returnObjects":["[null,null,null,null,null,null]","[null,null,null,null,null,null]","\"Error\"","\"Error\""],"callbackArgs":["{\"0\":157,\"1\":0,\"2\":[157,82,460,1.7976931348623157e+308,49,100]}","{\"0\":82,\"1\":1,\"2\":[157,82,460,1.7976931348623157e+308,1.1188112898035011e+308,100]}","{\"0\":460,\"1\":2,\"2\":[157,82,460,1.7976931348623157e+308,1.1188112898035011e+308,100]}","{\"0\":1.7976931348623157e+308,\"1\":3,\"2\":[157,82,460,1.7976931348623157e+308,1.1188112898035011e+308,100]}","{\"0\":1.1188112898035011e+308,\"1\":4,\"2\":[157,82,460,1.7976931348623157e+308,1.1188112898035011e+308,100]}","{\"0\":100,\"1\":5,\"2\":[157,82,460,1.7976931348623157e+308,1.1188112898035011e+308,100]}","{\"0\":157,\"1\":0,\"2\":[157,82,460,1.7976931348623157e+308,49,100]}","{\"0\":82,\"1\":1,\"2\":[157,82,460,1.7976931348623157e+308,49,100]}","{\"0\":460,\"1\":2,\"2\":[157,82,460,1.7976931348623157e+308,49,100]}","{\"0\":1.7976931348623157e+308,\"1\":3,\"2\":[157,82,460,1.7976931348623157e+308,49,100]}","{\"0\":49,\"1\":4,\"2\":[157,82,460,1.7976931348623157e+308,49,100]}","{\"0\":100,\"1\":5,\"2\":[157,82,460,1.7976931348623157e+308,49,100]}","{\"0\":157,\"1\":0,\"2\":[157,82,460,1.7976931348623157e+308,49,100]}"]}