{"baseObjects":["[618,5e-324,0,1.7976931348623157e+308]","[618,5e-324,0,1.7976931348623157e+308]","[618,5e-324,0,1.7976931348623157e+308]","[[100,\"V1\",122,595,607,823],null,null,null]"],"returnObjects":["[null,null,null,null]","\"Error\"","[[100,\"V1\",122,595,607,823],null,null,null]","\"Error\""],"callbackArgs":["{\"0\":618,\"1\":0,\"2\":[618,5e-324,0,1.7976931348623157e+308]}","{\"0\":5e-324,\"1\":1,\"2\":[618,5e-324,0,1.7976931348623157e+308]}","{\"0\":0,\"1\":2,\"2\":[618,5e-324,0,1.7976931348623157e+308]}","{\"0\":1.7976931348623157e+308,\"1\":3,\"2\":[618,5e-324,0,1.7976931348623157e+308]}","{\"0\":618,\"1\":0,\"2\":[618,5e-324,0,1.7976931348623157e+308]}","{\"0\":618,\"1\":0,\"2\":[618,5e-324,0,1.7976931348623157e+308]}","{\"0\":5e-324,\"1\":1,\"2\":[618,5e-324,0,1.7976931348623157e+308]}","{\"0\":0,\"1\":2,\"2\":[618,5e-324,0,1.7976931348623157e+308]}","{\"0\":1.7976931348623157e+308,\"1\":3,\"2\":[618,5e-324,0,1.7976931348623157e+308]}","{\"0\":null,\"1\":0,\"2\":[null,null,null,null]}"]}