{"baseObjects":["[\"z\",\"[\",460,460,\"N\",\"(BA\",\"g\",403]","[\"z\",\"[\",460,460,\"N\",\"(BA\",\"g\",403]","[\"NaNz,[,460,460,N,(BA,g,403\",\"NaNz,[,460,460,N,(BA,g,403\",\"230z,[,460,460,N,(BA,g,403\",\"153.33333333333334z,[,460,460,N,(BA,g,403\",\"NaNz,[,460,460,N,(BA,g,403\",\"NaNz,[,460,460,N,(BA,g,403\",\"NaNz,[,460,460,N,(BA,g,403\",\"57.57142857142857z,[,460,460,N,(BA,g,403\"]","[\"NaNz,[,460,460,N,(BA,g,403\",\"NaNz,[,460,460,N,(BA,g,403\",\"230z,[,460,460,N,(BA,g,403\",\"153.33333333333334z,[,460,460,N,(BA,g,403\",\"NaNz,[,460,460,N,(BA,g,403\",\"NaNz,[,460,460,N,(BA,g,403\",\"NaNz,[,460,460,N,(BA,g,403\",\"57.57142857142857z,[,460,460,N,(BA,g,403\"]"],"returnObjects":["[\"NaNz,[,460,460,N,(BA,g,403\",\"NaNz,[,460,460,N,(BA,g,403\",\"230z,[,460,460,N,(BA,g,403\",\"153.33333333333334z,[,460,460,N,(BA,g,403\",\"NaNz,[,460,460,N,(BA,g,403\",\"NaNz,[,460,460,N,(BA,g,403\",\"NaNz,[,460,460,N,(BA,g,403\",\"57.57142857142857z,[,460,460,N,(BA,g,403\"]","[\"NaNz,[,460,460,N,(BA,g,403\",\"NaNz,[,460,460,N,(BA,g,403\",\"458z,[,460,460,N,(BA,g,403\",\"457z,[,460,460,N,(BA,g,403\",\"NaNz,[,460,460,N,(BA,g,403\",\"NaNz,[,460,460,N,(BA,g,403\",\"NaNz,[,460,460,N,(BA,g,403\",\"396z,[,460,460,N,(BA,g,403\"]","\"Error\"","[null,null,null,null,null,null,null,null]"],"callbackArgs":["{\"0\":\"z\",\"1\":0,\"2\":[\"z\",\"[\",460,460,\"N\",\"(BA\",\"g\",403]}","{\"0\":\"[\",\"1\":1,\"2\":[\"z\",\"[\",460,460,\"N\",\"(BA\",\"g\",403]}","{\"0\":460,\"1\":2,\"2\":[\"z\",\"[\",460,460,\"N\",\"(BA\",\"g\",403]}","{\"0\":460,\"1\":3,\"2\":[\"z\",\"[\",460,460,\"N\",\"(BA\",\"g\",403]}","{\"0\":\"N\",\"1\":4,\"2\":[\"z\",\"[\",460,460,\"N\",\"(BA\",\"g\",403]}","{\"0\":\"(BA\",\"1\":5,\"2\":[\"z\",\"[\",460,460,\"N\",\"(BA\",\"g\",403]}","{\"0\":\"g\",\"1\":6,\"2\":[\"z\",\"[\",460,460,\"N\",\"(BA\",\"g\",403]}","{\"0\":403,\"1\":7,\"2\":[\"z\",\"[\",460,460,\"N\",\"(BA\",\"g\",403]}","{\"0\":\"z\",\"1\":0,\"2\":[\"z\",\"[\",460,460,\"N\",\"(BA\",\"g\",403]}","{\"0\":\"[\",\"1\":1,\"2\":[\"z\",\"[\",460,460,\"N\",\"(BA\",\"g\",403]}","{\"0\":460,\"1\":2,\"2\":[\"z\",\"[\",460,460,\"N\",\"(BA\",\"g\",403]}","{\"0\":460,\"1\":3,\"2\":[\"z\",\"[\",460,460,\"N\",\"(BA\",\"g\",403]}","{\"0\":\"N\",\"1\":4,\"2\":[\"z\",\"[\",460,460,\"N\",\"(BA\",\"g\",403]}","{\"0\":\"(BA\",\"1\":5,\"2\":[\"z\",\"[\",460,460,\"N\",\"(BA\",\"g\",403]}","{\"0\":\"g\",\"1\":6,\"2\":[\"z\",\"[\",460,460,\"N\",\"(BA\",\"g\",403]}","{\"0\":403,\"1\":7,\"2\":[\"z\",\"[\",460,460,\"N\",\"(BA\",\"g\",403]}","{\"0\":\"NaNz,[,460,460,N,(BA,g,403\",\"1\":0,\"2\":[\"NaNz,[,460,460,N,(BA,g,403\",\"NaNz,[,460,460,N,(BA,g,403\",\"230z,[,460,460,N,(BA,g,403\",\"153.33333333333334z,[,460,460,N,(BA,g,403\",\"NaNz,[,460,460,N,(BA,g,403\",\"NaNz,[,460,460,N,(BA,g,403\",\"NaNz,[,460,460,N,(BA,g,403\",\"57.57142857142857z,[,460,460,N,(BA,g,403\"]}","{\"0\":\"NaNz,[,460,460,N,(BA,g,403\",\"1\":0,\"2\":[\"NaNz,[,460,460,N,(BA,g,403\",\"NaNz,[,460,460,N,(BA,g,403\",\"230z,[,460,460,N,(BA,g,403\",\"153.33333333333334z,[,460,460,N,(BA,g,403\",\"NaNz,[,460,460,N,(BA,g,403\",\"NaNz,[,460,460,N,(BA,g,403\",\"NaNz,[,460,460,N,(BA,g,403\",\"57.57142857142857z,[,460,460,N,(BA,g,403\"]}","{\"0\":\"NaNz,[,460,460,N,(BA,g,403\",\"1\":1,\"2\":[\"NaNz,[,460,460,N,(BA,g,403\",\"NaNz,[,460,460,N,(BA,g,403\",\"230z,[,460,460,N,(BA,g,403\",\"153.33333333333334z,[,460,460,N,(BA,g,403\",\"NaNz,[,460,460,N,(BA,g,403\",\"NaNz,[,460,460,N,(BA,g,403\",\"NaNz,[,460,460,N,(BA,g,403\",\"57.57142857142857z,[,460,460,N,(BA,g,403\"]}","{\"0\":\"230z,[,460,460,N,(BA,g,403\",\"1\":2,\"2\":[\"NaNz,[,460,460,N,(BA,g,403\",\"NaNz,[,460,460,N,(BA,g,403\",\"230z,[,460,460,N,(BA,g,403\",\"153.33333333333334z,[,460,460,N,(BA,g,403\",\"NaNz,[,460,460,N,(BA,g,403\",\"NaNz,[,460,460,N,(BA,g,403\",\"NaNz,[,460,460,N,(BA,g,403\",\"57.57142857142857z,[,460,460,N,(BA,g,403\"]}","{\"0\":\"153.33333333333334z,[,460,460,N,(BA,g,403\",\"1\":3,\"2\":[\"NaNz,[,460,460,N,(BA,g,403\",\"NaNz,[,460,460,N,(BA,g,403\",\"230z,[,460,460,N,(BA,g,403\",\"153.33333333333334z,[,460,460,N,(BA,g,403\",\"NaNz,[,460,460,N,(BA,g,403\",\"NaNz,[,460,460,N,(BA,g,403\",\"NaNz,[,460,460,N,(BA,g,403\",\"57.57142857142857z,[,460,460,N,(BA,g,403\"]}","{\"0\":\"NaNz,[,460,460,N,(BA,g,403\",\"1\":4,\"2\":[\"NaNz,[,460,460,N,(BA,g,403\",\"NaNz,[,460,460,N,(BA,g,403\",\"230z,[,460,460,N,(BA,g,403\",\"153.33333333333334z,[,460,460,N,(BA,g,403\",\"NaNz,[,460,460,N,(BA,g,403\",\"NaNz,[,460,460,N,(BA,g,403\",\"NaNz,[,460,460,N,(BA,g,403\",\"57.57142857142857z,[,460,460,N,(BA,g,403\"]}","{\"0\":\"NaNz,[,460,460,N,(BA,g,403\",\"1\":5,\"2\":[\"NaNz,[,460,460,N,(BA,g,403\",\"NaNz,[,460,460,N,(BA,g,403\",\"230z,[,460,460,N,(BA,g,403\",\"153.33333333333334z,[,460,460,N,(BA,g,403\",\"NaNz,[,460,460,N,(BA,g,403\",\"NaNz,[,460,460,N,(BA,g,403\",\"NaNz,[,460,460,N,(BA,g,403\",\"57.57142857142857z,[,460,460,N,(BA,g,403\"]}","{\"0\":\"NaNz,[,460,460,N,(BA,g,403\",\"1\":6,\"2\":[\"NaNz,[,460,460,N,(BA,g,403\",\"NaNz,[,460,460,N,(BA,g,403\",\"230z,[,460,460,N,(BA,g,403\",\"153.33333333333334z,[,460,460,N,(BA,g,403\",\"NaNz,[,460,460,N,(BA,g,403\",\"NaNz,[,460,460,N,(BA,g,403\",\"NaNz,[,460,460,N,(BA,g,403\",\"57.57142857142857z,[,460,460,N,(BA,g,403\"]}","{\"0\":\"57.57142857142857z,[,460,460,N,(BA,g,403\",\"1\":7,\"2\":[\"NaNz,[,460,460,N,(BA,g,403\",\"NaNz,[,460,460,N,(BA,g,403\",\"230z,[,460,460,N,(BA,g,403\",\"153.33333333333334z,[,460,460,N,(BA,g,403\",\"NaNz,[,460,460,N,(BA,g,403\",\"NaNz,[,460,460,N,(BA,g,403\",\"NaNz,[,460,460,N,(BA,g,403\",\"57.57142857142857z,[,460,460,N,(BA,g,403\"]}"]}