{"baseObjects":["[100,783,5e-324,25,49,-100,460]","[9.43278060930765e+307,783,5e-324,25,null,-100,460,null,null,[607,627,-100]]","[100,783,5e-324,25,49,-100,460]","[\"1009.43278060930765e+307,783,5e-324,25,,-100,460,,,607,627,-100\",\"7829.43278060930765e+307,783,5e-324,25,,-100,460,,,607,627,-100\",\"-29.43278060930765e+307,783,5e-324,25,,-100,460,,,607,627,-100\",\"229.43278060930765e+307,783,5e-324,25,,-100,460,,,607,627,-100\",\"-49.43278060930765e+307,783,5e-324,25,,-100,460,,,607,627,-100\",\"-1059.43278060930765e+307,783,5e-324,25,,-100,460,,,607,627,-100\",\"4549.43278060930765e+307,783,5e-324,25,,-100,460,,,607,627,-100\"]"],"returnObjects":["[null,null,null,null,null,null,null]","[\"1009.43278060930765e+307,783,5e-324,25,,-100,460,,,607,627,-100\",\"7829.43278060930765e+307,783,5e-324,25,,-100,460,,,607,627,-100\",\"-29.43278060930765e+307,783,5e-324,25,,-100,460,,,607,627,-100\",\"229.43278060930765e+307,783,5e-324,25,,-100,460,,,607,627,-100\",\"-49.43278060930765e+307,783,5e-324,25,,-100,460,,,607,627,-100\",\"-1059.43278060930765e+307,783,5e-324,25,,-100,460,,,607,627,-100\",\"4549.43278060930765e+307,783,5e-324,25,,-100,460,,,607,627,-100\"]","\"Error\"","[\"1009.43278060930765e+307,783,5e-324,25,,-100,460,,,607,627,-100NaN\",\"7829.43278060930765e+307,783,5e-324,25,,-100,460,,,607,627,-100NaN\",\"-29.43278060930765e+307,783,5e-324,25,,-100,460,,,607,627,-100NaN\",\"229.43278060930765e+307,783,5e-324,25,,-100,460,,,607,627,-100NaN\",\"-49.43278060930765e+307,783,5e-324,25,,-100,460,,,607,627,-100NaN\",\"-1059.43278060930765e+307,783,5e-324,25,,-100,460,,,607,627,-100NaN\",\"4549.43278060930765e+307,783,5e-324,25,,-100,460,,,607,627,-100NaN\"]"],"callbackArgs":["{\"0\":100,\"1\":0,\"2\":[100,783,5e-324,25,49,-100,460]}","{\"0\":783,\"1\":1,\"2\":[100,783,5e-324,25,49,-100,460]}","{\"0\":5e-324,\"1\":2,\"2\":[100,783,5e-324,25,49,-100,460]}","{\"0\":25,\"1\":3,\"2\":[100,783,5e-324,25,49,-100,460]}","{\"0\":49,\"1\":4,\"2\":[100,783,5e-324,25,49,-100,460]}","{\"0\":-100,\"1\":5,\"2\":[100,783,5e-324,25,49,-100,460]}","{\"0\":460,\"1\":6,\"2\":[100,783,5e-324,25,49,-100,460]}","{\"0\":100,\"1\":0,\"2\":[100,783,5e-324,25,49,-100,460]}","{\"0\":783,\"1\":1,\"2\":[9.43278060930765e+307,783,5e-324,25,null,-100,460,null,null,[607,627,-100]]}","{\"0\":5e-324,\"1\":2,\"2\":[9.43278060930765e+307,783,5e-324,25,null,-100,460,null,null,[607,627,-100]]}","{\"0\":25,\"1\":3,\"2\":[9.43278060930765e+307,783,5e-324,25,null,-100,460,null,null,[607,627,-100]]}","{\"0\":null,\"1\":4,\"2\":[9.43278060930765e+307,783,5e-324,25,null,-100,460,null,null,[607,627,-100]]}","{\"0\":-100,\"1\":5,\"2\":[9.43278060930765e+307,783,5e-324,25,null,-100,460,null,null,[607,627,-100]]}","{\"0\":460,\"1\":6,\"2\":[9.43278060930765e+307,783,5e-324,25,null,-100,460,null,null,[607,627,-100]]}","{\"0\":100,\"1\":0,\"2\":[100,783,5e-324,25,49,-100,460]}","{\"0\":\"1009.43278060930765e+307,783,5e-324,25,,-100,460,,,607,627,-100\",\"1\":0,\"2\":[\"1009.43278060930765e+307,783,5e-324,25,,-100,460,,,607,627,-100\",\"7829.43278060930765e+307,783,5e-324,25,,-100,460,,,607,627,-100\",\"-29.43278060930765e+307,783,5e-324,25,,-100,460,,,607,627,-100\",\"229.43278060930765e+307,783,5e-324,25,,-100,460,,,607,627,-100\",\"-49.43278060930765e+307,783,5e-324,25,,-100,460,,,607,627,-100\",\"-1059.43278060930765e+307,783,5e-324,25,,-100,460,,,607,627,-100\",\"4549.43278060930765e+307,783,5e-324,25,,-100,460,,,607,627,-100\"]}","{\"0\":\"7829.43278060930765e+307,783,5e-324,25,,-100,460,,,607,627,-100\",\"1\":1,\"2\":[\"1009.43278060930765e+307,783,5e-324,25,,-100,460,,,607,627,-100\",\"7829.43278060930765e+307,783,5e-324,25,,-100,460,,,607,627,-100\",\"-29.43278060930765e+307,783,5e-324,25,,-100,460,,,607,627,-100\",\"229.43278060930765e+307,783,5e-324,25,,-100,460,,,607,627,-100\",\"-49.43278060930765e+307,783,5e-324,25,,-100,460,,,607,627,-100\",\"-1059.43278060930765e+307,783,5e-324,25,,-100,460,,,607,627,-100\",\"4549.43278060930765e+307,783,5e-324,25,,-100,460,,,607,627,-100\"]}","{\"0\":\"-29.43278060930765e+307,783,5e-324,25,,-100,460,,,607,627,-100\",\"1\":2,\"2\":[\"1009.43278060930765e+307,783,5e-324,25,,-100,460,,,607,627,-100\",\"7829.43278060930765e+307,783,5e-324,25,,-100,460,,,607,627,-100\",\"-29.43278060930765e+307,783,5e-324,25,,-100,460,,,607,627,-100\",\"229.43278060930765e+307,783,5e-324,25,,-100,460,,,607,627,-100\",\"-49.43278060930765e+307,783,5e-324,25,,-100,460,,,607,627,-100\",\"-1059.43278060930765e+307,783,5e-324,25,,-100,460,,,607,627,-100\",\"4549.43278060930765e+307,783,5e-324,25,,-100,460,,,607,627,-100\"]}","{\"0\":\"229.43278060930765e+307,783,5e-324,25,,-100,460,,,607,627,-100\",\"1\":3,\"2\":[\"1009.43278060930765e+307,783,5e-324,25,,-100,460,,,607,627,-100\",\"7829.43278060930765e+307,783,5e-324,25,,-100,460,,,607,627,-100\",\"-29.43278060930765e+307,783,5e-324,25,,-100,460,,,607,627,-100\",\"229.43278060930765e+307,783,5e-324,25,,-100,460,,,607,627,-100\",\"-49.43278060930765e+307,783,5e-324,25,,-100,460,,,607,627,-100\",\"-1059.43278060930765e+307,783,5e-324,25,,-100,460,,,607,627,-100\",\"4549.43278060930765e+307,783,5e-324,25,,-100,460,,,607,627,-100\"]}","{\"0\":\"-49.43278060930765e+307,783,5e-324,25,,-100,460,,,607,627,-100\",\"1\":4,\"2\":[\"1009.43278060930765e+307,783,5e-324,25,,-100,460,,,607,627,-100\",\"7829.43278060930765e+307,783,5e-324,25,,-100,460,,,607,627,-100\",\"-29.43278060930765e+307,783,5e-324,25,,-100,460,,,607,627,-100\",\"229.43278060930765e+307,783,5e-324,25,,-100,460,,,607,627,-100\",\"-49.43278060930765e+307,783,5e-324,25,,-100,460,,,607,627,-100\",\"-1059.43278060930765e+307,783,5e-324,25,,-100,460,,,607,627,-100\",\"4549.43278060930765e+307,783,5e-324,25,,-100,460,,,607,627,-100\"]}","{\"0\":\"-1059.43278060930765e+307,783,5e-324,25,,-100,460,,,607,627,-100\",\"1\":5,\"2\":[\"1009.43278060930765e+307,783,5e-324,25,,-100,460,,,607,627,-100\",\"7829.43278060930765e+307,783,5e-324,25,,-100,460,,,607,627,-100\",\"-29.43278060930765e+307,783,5e-324,25,,-100,460,,,607,627,-100\",\"229.43278060930765e+307,783,5e-324,25,,-100,460,,,607,627,-100\",\"-49.43278060930765e+307,783,5e-324,25,,-100,460,,,607,627,-100\",\"-1059.43278060930765e+307,783,5e-324,25,,-100,460,,,607,627,-100\",\"4549.43278060930765e+307,783,5e-324,25,,-100,460,,,607,627,-100\"]}","{\"0\":\"4549.43278060930765e+307,783,5e-324,25,,-100,460,,,607,627,-100\",\"1\":6,\"2\":[\"1009.43278060930765e+307,783,5e-324,25,,-100,460,,,607,627,-100\",\"7829.43278060930765e+307,783,5e-324,25,,-100,460,,,607,627,-100\",\"-29.43278060930765e+307,783,5e-324,25,,-100,460,,,607,627,-100\",\"229.43278060930765e+307,783,5e-324,25,,-100,460,,,607,627,-100\",\"-49.43278060930765e+307,783,5e-324,25,,-100,460,,,607,627,-100\",\"-1059.43278060930765e+307,783,5e-324,25,,-100,460,,,607,627,-100\",\"4549.43278060930765e+307,783,5e-324,25,,-100,460,,,607,627,-100\"]}"]}