{"baseObjects":["[0,242,1.7976931348623157e+308,714,122,242,618,-1,607]","[0,242,1.7976931348623157e+308,714,122,242,null,-1,607]","[0,242,1.7976931348623157e+308,714,122,242,618,-1,607]","[0,242,1.7976931348623157e+308,714,122,242,618,-1,607]"],"returnObjects":["[null,null,null,null,null,null,null,null,null]","[\"NaN0,242,1.7976931348623157e+308,714,122,242,,-1,607\",\"2420,242,1.7976931348623157e+308,714,122,242,,-1,607\",\"8.988465674311579e+3070,242,1.7976931348623157e+308,714,122,242,,-1,607\",\"2380,242,1.7976931348623157e+308,714,122,242,,-1,607\",\"30.50,242,1.7976931348623157e+308,714,122,242,,-1,607\",\"48.40,242,1.7976931348623157e+308,714,122,242,,-1,607\",\"00,242,1.7976931348623157e+308,714,122,242,,-1,607\",\"-0.142857142857142850,242,1.7976931348623157e+308,714,122,242,,-1,607\",\"75.8750,242,1.7976931348623157e+308,714,122,242,,-1,607\"]","[null,null,null,null,null,null,null,null,null]","\"Error\""],"callbackArgs":["{\"0\":0,\"1\":0,\"2\":[0,242,1.7976931348623157e+308,714,122,242,618,-1,607]}","{\"0\":242,\"1\":1,\"2\":[0,242,1.7976931348623157e+308,714,122,242,618,-1,607]}","{\"0\":1.7976931348623157e+308,\"1\":2,\"2\":[0,242,1.7976931348623157e+308,714,122,242,618,-1,607]}","{\"0\":714,\"1\":3,\"2\":[0,242,1.7976931348623157e+308,714,122,242,618,-1,607]}","{\"0\":122,\"1\":4,\"2\":[0,242,1.7976931348623157e+308,714,122,242,618,-1,607]}","{\"0\":242,\"1\":5,\"2\":[0,242,1.7976931348623157e+308,714,122,242,618,-1,607]}","{\"0\":618,\"1\":6,\"2\":[0,242,1.7976931348623157e+308,714,122,242,618,-1,607]}","{\"0\":-1,\"1\":7,\"2\":[0,242,1.7976931348623157e+308,714,122,242,618,-1,607]}","{\"0\":607,\"1\":8,\"2\":[0,242,1.7976931348623157e+308,714,122,242,618,-1,607]}","{\"0\":0,\"1\":0,\"2\":[0,242,1.7976931348623157e+308,714,122,242,618,-1,607]}","{\"0\":242,\"1\":1,\"2\":[0,242,1.7976931348623157e+308,714,122,242,null,-1,607]}","{\"0\":1.7976931348623157e+308,\"1\":2,\"2\":[0,242,1.7976931348623157e+308,714,122,242,null,-1,607]}","{\"0\":714,\"1\":3,\"2\":[0,242,1.7976931348623157e+308,714,122,242,null,-1,607]}","{\"0\":122,\"1\":4,\"2\":[0,242,1.7976931348623157e+308,714,122,242,null,-1,607]}","{\"0\":242,\"1\":5,\"2\":[0,242,1.7976931348623157e+308,714,122,242,null,-1,607]}","{\"0\":null,\"1\":6,\"2\":[0,242,1.7976931348623157e+308,714,122,242,null,-1,607]}","{\"0\":-1,\"1\":7,\"2\":[0,242,1.7976931348623157e+308,714,122,242,null,-1,607]}","{\"0\":607,\"1\":8,\"2\":[0,242,1.7976931348623157e+308,714,122,242,null,-1,607]}","{\"0\":0,\"1\":0,\"2\":[0,242,1.7976931348623157e+308,714,122,242,618,-1,607]}","{\"0\":242,\"1\":1,\"2\":[0,242,1.7976931348623157e+308,714,122,242,618,-1,607]}","{\"0\":1.7976931348623157e+308,\"1\":2,\"2\":[0,242,1.7976931348623157e+308,714,122,242,618,-1,607]}","{\"0\":714,\"1\":3,\"2\":[0,242,1.7976931348623157e+308,714,122,242,618,-1,607]}","{\"0\":122,\"1\":4,\"2\":[0,242,1.7976931348623157e+308,714,122,242,618,-1,607]}","{\"0\":242,\"1\":5,\"2\":[0,242,1.7976931348623157e+308,714,122,242,618,-1,607]}","{\"0\":618,\"1\":6,\"2\":[0,242,1.7976931348623157e+308,714,122,242,618,-1,607]}","{\"0\":-1,\"1\":7,\"2\":[0,242,1.7976931348623157e+308,714,122,242,618,-1,607]}","{\"0\":607,\"1\":8,\"2\":[0,242,1.7976931348623157e+308,714,122,242,618,-1,607]}","{\"0\":0,\"1\":0,\"2\":[0,242,1.7976931348623157e+308,714,122,242,618,-1,607]}"]}