{"baseObjects":["[\"Yo{\",false,\"a(X%9\",\"+jy\",\"T\",\"q\",403,783,\"M\"]","[\"Yo{\",{\"1.366334416165349e+306\":2.009102217549682e+307,\"\":1.6764228253170638e+308,\"ue\":\"z\",\"PU\":4.892554244500728e+307,\"1.5862572188417347e+308\":\"MU2[\",\"3.3836652946329284e+306\":5.374082215271783e+307,\"VE=\":\"j$\"},\"a(X%9\",\"+jy\",\"T\",\"q\",403,783,\"M\"]","[null,null,null,null,null,null,null,null,null]","[null,null,false,null,null,null,6.552156780757791e+307,705,null]"],"returnObjects":["[null,null,null,null,null,null,null,null,null]","[null,null,null,null,null,null,null,null,null]","[null,null,false,null,null,null,6.552156780757791e+307,705,null]","[null,null,null,null,null,null,null,null,null]"],"callbackArgs":["{\"0\":\"Yo{\",\"1\":0,\"2\":[\"Yo{\",\"Z\",\"a(X%9\",\"+jy\",\"T\",\"q\",403,783,\"M\"]}","{\"0\":false,\"1\":1,\"2\":[\"Yo{\",false,\"a(X%9\",\"+jy\",\"T\",\"q\",403,783,\"M\"]}","{\"0\":\"a(X%9\",\"1\":2,\"2\":[\"Yo{\",false,\"a(X%9\",\"+jy\",\"T\",\"q\",403,783,\"M\"]}","{\"0\":\"+jy\",\"1\":3,\"2\":[\"Yo{\",false,\"a(X%9\",\"+jy\",\"T\",\"q\",403,783,\"M\"]}","{\"0\":\"T\",\"1\":4,\"2\":[\"Yo{\",false,\"a(X%9\",\"+jy\",\"T\",\"q\",403,783,\"M\"]}","{\"0\":\"q\",\"1\":5,\"2\":[\"Yo{\",false,\"a(X%9\",\"+jy\",\"T\",\"q\",403,783,\"M\"]}","{\"0\":403,\"1\":6,\"2\":[\"Yo{\",false,\"a(X%9\",\"+jy\",\"T\",\"q\",403,783,\"M\"]}","{\"0\":783,\"1\":7,\"2\":[\"Yo{\",false,\"a(X%9\",\"+jy\",\"T\",\"q\",403,783,\"M\"]}","{\"0\":\"M\",\"1\":8,\"2\":[\"Yo{\",false,\"a(X%9\",\"+jy\",\"T\",\"q\",403,783,\"M\"]}","{\"0\":\"Yo{\",\"1\":0,\"2\":[\"Yo{\",\"Z\",\"a(X%9\",\"+jy\",\"T\",\"q\",403,783,\"M\"]}","{\"0\":{\"1.366334416165349e+306\":2.009102217549682e+307,\"\":1.6764228253170638e+308,\"ue\":\"z\",\"PU\":4.892554244500728e+307,\"1.5862572188417347e+308\":\"MU2[\",\"3.3836652946329284e+306\":5.374082215271783e+307,\"VE=\":\"j$\"},\"1\":1,\"2\":[\"Yo{\",{\"1.366334416165349e+306\":2.009102217549682e+307,\"\":1.6764228253170638e+308,\"ue\":\"z\",\"PU\":4.892554244500728e+307,\"1.5862572188417347e+308\":\"MU2[\",\"3.3836652946329284e+306\":5.374082215271783e+307,\"VE=\":\"j$\"},\"a(X%9\",\"+jy\",\"T\",\"q\",403,783,\"M\"]}","{\"0\":\"a(X%9\",\"1\":2,\"2\":[\"Yo{\",{\"1.366334416165349e+306\":2.009102217549682e+307,\"\":1.6764228253170638e+308,\"ue\":\"z\",\"PU\":4.892554244500728e+307,\"1.5862572188417347e+308\":\"MU2[\",\"3.3836652946329284e+306\":5.374082215271783e+307,\"VE=\":\"j$\"},\"a(X%9\",\"+jy\",\"T\",\"q\",403,783,\"M\"]}","{\"0\":\"+jy\",\"1\":3,\"2\":[\"Yo{\",{\"1.366334416165349e+306\":2.009102217549682e+307,\"\":1.6764228253170638e+308,\"ue\":\"z\",\"PU\":4.892554244500728e+307,\"1.5862572188417347e+308\":\"MU2[\",\"3.3836652946329284e+306\":5.374082215271783e+307,\"VE=\":\"j$\"},\"a(X%9\",\"+jy\",\"T\",\"q\",403,783,\"M\"]}","{\"0\":\"T\",\"1\":4,\"2\":[\"Yo{\",{\"1.366334416165349e+306\":2.009102217549682e+307,\"\":1.6764228253170638e+308,\"ue\":\"z\",\"PU\":4.892554244500728e+307,\"1.5862572188417347e+308\":\"MU2[\",\"3.3836652946329284e+306\":5.374082215271783e+307,\"VE=\":\"j$\"},\"a(X%9\",\"+jy\",\"T\",\"q\",403,783,\"M\"]}","{\"0\":\"q\",\"1\":5,\"2\":[\"Yo{\",{\"1.366334416165349e+306\":2.009102217549682e+307,\"\":1.6764228253170638e+308,\"ue\":\"z\",\"PU\":4.892554244500728e+307,\"1.5862572188417347e+308\":\"MU2[\",\"3.3836652946329284e+306\":5.374082215271783e+307,\"VE=\":\"j$\"},\"a(X%9\",\"+jy\",\"T\",\"q\",403,783,\"M\"]}","{\"0\":403,\"1\":6,\"2\":[\"Yo{\",{\"1.366334416165349e+306\":2.009102217549682e+307,\"\":1.6764228253170638e+308,\"ue\":\"z\",\"PU\":4.892554244500728e+307,\"1.5862572188417347e+308\":\"MU2[\",\"3.3836652946329284e+306\":5.374082215271783e+307,\"VE=\":\"j$\"},\"a(X%9\",\"+jy\",\"T\",\"q\",403,783,\"M\"]}","{\"0\":783,\"1\":7,\"2\":[\"Yo{\",{\"1.366334416165349e+306\":2.009102217549682e+307,\"\":1.6764228253170638e+308,\"ue\":\"z\",\"PU\":4.892554244500728e+307,\"1.5862572188417347e+308\":\"MU2[\",\"3.3836652946329284e+306\":5.374082215271783e+307,\"VE=\":\"j$\"},\"a(X%9\",\"+jy\",\"T\",\"q\",403,783,\"M\"]}","{\"0\":\"M\",\"1\":8,\"2\":[\"Yo{\",{\"1.366334416165349e+306\":2.009102217549682e+307,\"\":1.6764228253170638e+308,\"ue\":\"z\",\"PU\":4.892554244500728e+307,\"1.5862572188417347e+308\":\"MU2[\",\"3.3836652946329284e+306\":5.374082215271783e+307,\"VE=\":\"j$\"},\"a(X%9\",\"+jy\",\"T\",\"q\",403,783,\"M\"]}","{\"0\":null,\"1\":0,\"2\":[null,null,null,null,null,null,null,null,null]}","{\"0\":null,\"1\":1,\"2\":[null,null,null,null,null,null,null,null,null]}","{\"0\":null,\"1\":2,\"2\":[null,null,null,null,null,null,null,null,null]}","{\"0\":null,\"1\":3,\"2\":[null,null,null,null,null,null,null,null,null]}","{\"0\":null,\"1\":4,\"2\":[null,null,null,null,null,null,null,null,null]}","{\"0\":null,\"1\":5,\"2\":[null,null,null,null,null,null,null,null,null]}","{\"0\":null,\"1\":6,\"2\":[null,null,null,null,null,null,null,null,null]}","{\"0\":null,\"1\":7,\"2\":[null,null,null,null,null,null,null,null,null]}","{\"0\":null,\"1\":8,\"2\":[null,null,null,null,null,null,null,null,null]}","{\"0\":null,\"1\":0,\"2\":[null,null,null,null,null,null,null,null,null]}","{\"0\":null,\"1\":1,\"2\":[null,null,false,null,null,null,6.552156780757791e+307,705,null]}","{\"0\":false,\"1\":2,\"2\":[null,null,false,null,null,null,6.552156780757791e+307,705,null]}","{\"0\":null,\"1\":3,\"2\":[null,null,false,null,null,null,6.552156780757791e+307,705,null]}","{\"0\":null,\"1\":4,\"2\":[null,null,false,null,null,null,6.552156780757791e+307,705,null]}","{\"0\":null,\"1\":5,\"2\":[null,null,false,null,null,null,6.552156780757791e+307,705,null]}","{\"0\":6.552156780757791e+307,\"1\":6,\"2\":[null,null,false,null,null,null,6.552156780757791e+307,705,null]}","{\"0\":705,\"1\":7,\"2\":[null,null,false,null,null,null,6.552156780757791e+307,705,null]}","{\"0\":null,\"1\":8,\"2\":[null,null,false,null,null,null,6.552156780757791e+307,705,null]}"]}