{"baseObjects":["[242,\":8\",1.7976931348623157e+308,242,126,\"Y\",126,\"rK(\"]","8.022635303903496e+307","[242,\":8\",1.7976931348623157e+308,242,126,\"Y\",126,\"rK(\"]","[242,\":8\",1.7976931348623157e+308,242,126,\"Y\",126,\"rK(\"]"],"returnObjects":["[null,null,null,null,null,null,null,null]","[null,null,null,null,null,null,null,null]","[null,\":8NaN\",null,null,null,\"YNaN\",null,\"rK(NaN\"]","[null,null,null,null,null,null,null,null]"],"callbackArgs":["{\"0\":242,\"1\":0,\"2\":[242,\":8\",1.7976931348623157e+308,242,126,\"Y\",126,\"rK(\"]}","{\"0\":\":8\",\"1\":1,\"2\":[242,\":8\",1.7976931348623157e+308,242,126,\"Y\",126,\"rK(\"]}","{\"0\":1.7976931348623157e+308,\"1\":2,\"2\":[242,\":8\",1.7976931348623157e+308,242,126,\"Y\",126,\"rK(\"]}","{\"0\":242,\"1\":3,\"2\":[242,\":8\",1.7976931348623157e+308,242,126,\"Y\",126,\"rK(\"]}","{\"0\":126,\"1\":4,\"2\":[242,\":8\",1.7976931348623157e+308,242,126,\"Y\",126,\"rK(\"]}","{\"0\":\"Y\",\"1\":5,\"2\":[242,\":8\",1.7976931348623157e+308,242,126,\"Y\",126,\"rK(\"]}","{\"0\":126,\"1\":6,\"2\":[242,\":8\",1.7976931348623157e+308,242,126,\"Y\",126,\"rK(\"]}","{\"0\":\"rK(\",\"1\":7,\"2\":[242,\":8\",1.7976931348623157e+308,242,126,\"Y\",126,\"rK(\"]}","{\"0\":242,\"1\":0,\"2\":[242,\":8\",1.7976931348623157e+308,242,126,\"Y\",126,\"rK(\"]}","{\"0\":\":8\",\"1\":1,\"2\":[242,\":8\",1.7976931348623157e+308,242,126,\"Y\",126,\"rK(\"]}","{\"0\":1.7976931348623157e+308,\"1\":2,\"2\":[242,\":8\",1.7976931348623157e+308,242,126,\"Y\",126,\"rK(\"]}","{\"0\":242,\"1\":3,\"2\":[242,\":8\",1.7976931348623157e+308,242,126,\"Y\",126,\"rK(\"]}","{\"0\":126,\"1\":4,\"2\":[242,\":8\",1.7976931348623157e+308,242,126,\"Y\",126,\"rK(\"]}","{\"0\":\"Y\",\"1\":5,\"2\":[242,\":8\",1.7976931348623157e+308,242,126,\"Y\",126,\"rK(\"]}","{\"0\":126,\"1\":6,\"2\":[242,\":8\",1.7976931348623157e+308,242,126,\"Y\",126,\"rK(\"]}","{\"0\":\"rK(\",\"1\":7,\"2\":[242,\":8\",1.7976931348623157e+308,242,126,\"Y\",126,\"rK(\"]}","{\"0\":242,\"1\":0,\"2\":[242,\":8\",1.7976931348623157e+308,242,126,\"Y\",126,\"rK(\"]}","{\"0\":\":8\",\"1\":1,\"2\":[242,\":8\",1.7976931348623157e+308,242,126,\"Y\",126,\"rK(\"]}","{\"0\":1.7976931348623157e+308,\"1\":2,\"2\":[242,\":8\",1.7976931348623157e+308,242,126,\"Y\",126,\"rK(\"]}","{\"0\":242,\"1\":3,\"2\":[242,\":8\",1.7976931348623157e+308,242,126,\"Y\",126,\"rK(\"]}","{\"0\":126,\"1\":4,\"2\":[242,\":8\",1.7976931348623157e+308,242,126,\"Y\",126,\"rK(\"]}","{\"0\":\"Y\",\"1\":5,\"2\":[242,\":8\",1.7976931348623157e+308,242,126,\"Y\",126,\"rK(\"]}","{\"0\":126,\"1\":6,\"2\":[242,\":8\",1.7976931348623157e+308,242,126,\"Y\",126,\"rK(\"]}","{\"0\":\"rK(\",\"1\":7,\"2\":[242,\":8\",1.7976931348623157e+308,242,126,\"Y\",126,\"rK(\"]}","{\"0\":242,\"1\":0,\"2\":[242,\":8\",1.7976931348623157e+308,242,126,\"Y\",126,\"rK(\"]}","{\"0\":\":8\",\"1\":1,\"2\":[242,\":8\",1.7976931348623157e+308,242,126,\"Y\",126,\"rK(\"]}","{\"0\":1.7976931348623157e+308,\"1\":2,\"2\":[242,\":8\",1.7976931348623157e+308,242,126,\"Y\",126,\"rK(\"]}","{\"0\":242,\"1\":3,\"2\":[242,\":8\",1.7976931348623157e+308,242,126,\"Y\",126,\"rK(\"]}","{\"0\":126,\"1\":4,\"2\":[242,\":8\",1.7976931348623157e+308,242,126,\"Y\",126,\"rK(\"]}","{\"0\":\"Y\",\"1\":5,\"2\":[242,\":8\",1.7976931348623157e+308,242,126,\"Y\",126,\"rK(\"]}","{\"0\":126,\"1\":6,\"2\":[242,\":8\",1.7976931348623157e+308,242,126,\"Y\",126,\"rK(\"]}","{\"0\":\"rK(\",\"1\":7,\"2\":[242,\":8\",1.7976931348623157e+308,242,126,\"Y\",126,\"rK(\"]}"]}