{"baseObjects":["[59,-100,783,705,-1,627,82,242]","[59,-100,783,705,-1,627,82,242]","[59,-100,783,705,-1,627,82,242]","[59,-100,783,705,{\"122\":213,\"1.5970005951521065e+308\":7.220495507530661e+307,\"9.583401025027396e+307\":\"\",\"_[bSW\":\"\",\"Z\":\"\",\"-100\":969,\"5.827469939524817e+306\":\"-N\"},627,82,242]"],"returnObjects":["[\"5959,-100,783,705,-1,627,82,242\",\"-10159,-100,783,705,-1,627,82,242\",\"78159,-100,783,705,-1,627,82,242\",\"70259,-100,783,705,-1,627,82,242\",\"-559,-100,783,705,-1,627,82,242\",\"62259,-100,783,705,-1,627,82,242\",\"7659,-100,783,705,-1,627,82,242\",\"23559,-100,783,705,-1,627,82,242\"]","[null,null,null,null,null,null,null,null]","\"Error\"","[\"5959,-100,783,705,[object Object],627,82,242\",\"-9959,-100,783,705,[object Object],627,82,242\",\"78559,-100,783,705,[object Object],627,82,242\",\"70859,-100,783,705,[object Object],627,82,242\",\"[object Object]459,-100,783,705,[object Object],627,82,242\",\"63259,-100,783,705,[object Object],627,82,242\",\"8859,-100,783,705,[object Object],627,82,242\",\"24959,-100,783,705,[object Object],627,82,242\"]"],"callbackArgs":["{\"0\":59,\"1\":0,\"2\":[59,-100,783,705,-1,627,82,242]}","{\"0\":-100,\"1\":1,\"2\":[59,-100,783,705,-1,627,82,242]}","{\"0\":783,\"1\":2,\"2\":[59,-100,783,705,-1,627,82,242]}","{\"0\":705,\"1\":3,\"2\":[59,-100,783,705,-1,627,82,242]}","{\"0\":-1,\"1\":4,\"2\":[59,-100,783,705,-1,627,82,242]}","{\"0\":627,\"1\":5,\"2\":[59,-100,783,705,-1,627,82,242]}","{\"0\":82,\"1\":6,\"2\":[59,-100,783,705,-1,627,82,242]}","{\"0\":242,\"1\":7,\"2\":[59,-100,783,705,-1,627,82,242]}","{\"0\":59,\"1\":0,\"2\":[59,-100,783,705,-1,627,82,242]}","{\"0\":-100,\"1\":1,\"2\":[59,-100,783,705,-1,627,82,242]}","{\"0\":783,\"1\":2,\"2\":[59,-100,783,705,-1,627,82,242]}","{\"0\":705,\"1\":3,\"2\":[59,-100,783,705,-1,627,82,242]}","{\"0\":-1,\"1\":4,\"2\":[59,-100,783,705,-1,627,82,242]}","{\"0\":627,\"1\":5,\"2\":[59,-100,783,705,-1,627,82,242]}","{\"0\":82,\"1\":6,\"2\":[59,-100,783,705,-1,627,82,242]}","{\"0\":242,\"1\":7,\"2\":[59,-100,783,705,-1,627,82,242]}","{\"0\":59,\"1\":0,\"2\":[59,-100,783,705,-1,627,82,242]}","{\"0\":59,\"1\":0,\"2\":[59,-100,783,705,-1,627,82,242]}","{\"0\":-100,\"1\":1,\"2\":[59,-100,783,705,{\"122\":213,\"1.5970005951521065e+308\":7.220495507530661e+307,\"9.583401025027396e+307\":\"\",\"_[bSW\":\"\",\"Z\":\"\",\"-100\":969,\"5.827469939524817e+306\":\"-N\"},627,82,242]}","{\"0\":783,\"1\":2,\"2\":[59,-100,783,705,{\"122\":213,\"1.5970005951521065e+308\":7.220495507530661e+307,\"9.583401025027396e+307\":\"\",\"_[bSW\":\"\",\"Z\":\"\",\"-100\":969,\"5.827469939524817e+306\":\"-N\"},627,82,242]}","{\"0\":705,\"1\":3,\"2\":[59,-100,783,705,{\"122\":213,\"1.5970005951521065e+308\":7.220495507530661e+307,\"9.583401025027396e+307\":\"\",\"_[bSW\":\"\",\"Z\":\"\",\"-100\":969,\"5.827469939524817e+306\":\"-N\"},627,82,242]}","{\"0\":{\"122\":213,\"1.5970005951521065e+308\":7.220495507530661e+307,\"9.583401025027396e+307\":\"\",\"_[bSW\":\"\",\"Z\":\"\",\"-100\":969,\"5.827469939524817e+306\":\"-N\"},\"1\":4,\"2\":[59,-100,783,705,{\"122\":213,\"1.5970005951521065e+308\":7.220495507530661e+307,\"9.583401025027396e+307\":\"\",\"_[bSW\":\"\",\"Z\":\"\",\"-100\":969,\"5.827469939524817e+306\":\"-N\"},627,82,242]}","{\"0\":627,\"1\":5,\"2\":[59,-100,783,705,{\"122\":213,\"1.5970005951521065e+308\":7.220495507530661e+307,\"9.583401025027396e+307\":\"\",\"_[bSW\":\"\",\"Z\":\"\",\"-100\":969,\"5.827469939524817e+306\":\"-N\"},627,82,242]}","{\"0\":82,\"1\":6,\"2\":[59,-100,783,705,{\"122\":213,\"1.5970005951521065e+308\":7.220495507530661e+307,\"9.583401025027396e+307\":\"\",\"_[bSW\":\"\",\"Z\":\"\",\"-100\":969,\"5.827469939524817e+306\":\"-N\"},627,82,242]}","{\"0\":242,\"1\":7,\"2\":[59,-100,783,705,{\"122\":213,\"1.5970005951521065e+308\":7.220495507530661e+307,\"9.583401025027396e+307\":\"\",\"_[bSW\":\"\",\"Z\":\"\",\"-100\":969,\"5.827469939524817e+306\":\"-N\"},627,82,242]}"]}