{"baseObjects":["[25]","[0]","[25,{\"126\":\"B\",\"595\":126,\"\":\"wW@M\",\"-100\":100}]","[null,null,null,{\"403\":1.7899113801170001e+308,\"460\":1.2247455337047988e+308,\"627\":\"\",\"%!8`un\":1.3248537938549578e+307}]"],"returnObjects":["[0]","[null,null,null,{\"403\":1.7899113801170001e+308,\"460\":1.2247455337047988e+308,\"627\":\"\",\"%!8`un\":1.3248537938549578e+307}]","[\"Infinity25,[object Object]\"]","[null]"],"callbackArgs":["{\"0\":25,\"1\":0,\"2\":[25]}","{\"0\":0,\"1\":0,\"2\":[0]}","{\"0\":25,\"1\":0,\"2\":[25]}","{\"0\":null,\"1\":0,\"2\":[null]}"]}