{"baseObjects":[null,"[403,403,242,823,893,122,843,893]","[403,403,242,823,893,122,843,893,null,9.308416947318026e+307]","[null,null,null,null,null,null,null,null]"],"returnObjects":["[null,null,null,null,null,null,null,null]","[null,null,null,null,null,null,null,null]","[null,null,null,null,null,null,null,null]","\"Error\""],"callbackArgs":["{\"0\":403,\"1\":0,\"2\":[403,403,242,823,893,122,843,893]}","{\"0\":403,\"1\":1,\"2\":[403,403,242,823,893,122,843,893]}","{\"0\":242,\"1\":2,\"2\":[403,403,242,823,893,122,843,893]}","{\"0\":823,\"1\":3,\"2\":[403,403,242,823,893,122,843,893]}","{\"0\":893,\"1\":4,\"2\":[403,403,242,823,893,122,843,893]}","{\"0\":122,\"1\":5,\"2\":[403,403,242,823,893,122,843,893]}","{\"0\":843,\"1\":6,\"2\":[403,403,242,823,893,122,843,893]}","{\"0\":893,\"1\":7,\"2\":[403,403,242,823,893,122,843,893]}","{\"0\":403,\"1\":0,\"2\":[403,403,242,823,893,122,843,893]}","{\"0\":403,\"1\":1,\"2\":[403,403,242,823,893,122,843,893]}","{\"0\":242,\"1\":2,\"2\":[403,403,242,823,893,122,843,893]}","{\"0\":823,\"1\":3,\"2\":[403,403,242,823,893,122,843,893]}","{\"0\":893,\"1\":4,\"2\":[403,403,242,823,893,122,843,893]}","{\"0\":122,\"1\":5,\"2\":[403,403,242,823,893,122,843,893]}","{\"0\":843,\"1\":6,\"2\":[403,403,242,823,893,122,843,893]}","{\"0\":893,\"1\":7,\"2\":[403,403,242,823,893,122,843,893]}","{\"0\":403,\"1\":0,\"2\":[403,403,242,823,893,122,843,893]}","{\"0\":403,\"1\":1,\"2\":[403,403,242,823,893,122,843,893,null,9.308416947318026e+307]}","{\"0\":242,\"1\":2,\"2\":[403,403,242,823,893,122,843,893,null,9.308416947318026e+307]}","{\"0\":823,\"1\":3,\"2\":[403,403,242,823,893,122,843,893,null,9.308416947318026e+307]}","{\"0\":893,\"1\":4,\"2\":[403,403,242,823,893,122,843,893,null,9.308416947318026e+307]}","{\"0\":122,\"1\":5,\"2\":[403,403,242,823,893,122,843,893,null,9.308416947318026e+307]}","{\"0\":843,\"1\":6,\"2\":[403,403,242,823,893,122,843,893,null,9.308416947318026e+307]}","{\"0\":893,\"1\":7,\"2\":[403,403,242,823,893,122,843,893,null,9.308416947318026e+307]}","{\"0\":null,\"1\":0,\"2\":[null,null,null,null,null,null,null,null]}"]}