{"baseObjects":["\">\"","[\"F\",126,969,\"l\",100,1.7976931348623157e+308,\"%\",595]","[\"F\",126,969,\"l\",100,1.7976931348623157e+308,\"%\",595]","[null,null,null,null,null,null,null,[\"=\",\"g\"]]"],"returnObjects":["[null,null,null,null,null,null,null,null]","\"Error\"","[null,null,null,null,null,null,null,[\"=\",\"g\"]]","\"Error\""],"callbackArgs":["{\"0\":\"F\",\"1\":0,\"2\":[\"F\",126,969,\"l\",100,1.7976931348623157e+308,\"%\",595]}","{\"0\":126,\"1\":1,\"2\":[\"F\",126,969,\"l\",100,1.7976931348623157e+308,\"%\",595]}","{\"0\":969,\"1\":2,\"2\":[\"F\",126,969,\"l\",100,1.7976931348623157e+308,\"%\",595]}","{\"0\":\"l\",\"1\":3,\"2\":[\"F\",126,969,\"l\",100,1.7976931348623157e+308,\"%\",595]}","{\"0\":100,\"1\":4,\"2\":[\"F\",126,969,\"l\",100,1.7976931348623157e+308,\"%\",595]}","{\"0\":1.7976931348623157e+308,\"1\":5,\"2\":[\"F\",126,969,\"l\",100,1.7976931348623157e+308,\"%\",595]}","{\"0\":\"%\",\"1\":6,\"2\":[\"F\",126,969,\"l\",100,1.7976931348623157e+308,\"%\",595]}","{\"0\":595,\"1\":7,\"2\":[\"F\",126,969,\"l\",100,1.7976931348623157e+308,\"%\",595]}","{\"0\":\"F\",\"1\":0,\"2\":[\"F\",126,969,\"l\",100,1.7976931348623157e+308,\"%\",595]}","{\"0\":\"F\",\"1\":0,\"2\":[\"F\",126,969,\"l\",100,1.7976931348623157e+308,\"%\",595]}","{\"0\":126,\"1\":1,\"2\":[\"F\",126,969,\"l\",100,1.7976931348623157e+308,\"%\",595]}","{\"0\":969,\"1\":2,\"2\":[\"F\",126,969,\"l\",100,1.7976931348623157e+308,\"%\",595]}","{\"0\":\"l\",\"1\":3,\"2\":[\"F\",126,969,\"l\",100,1.7976931348623157e+308,\"%\",595]}","{\"0\":100,\"1\":4,\"2\":[\"F\",126,969,\"l\",100,1.7976931348623157e+308,\"%\",595]}","{\"0\":1.7976931348623157e+308,\"1\":5,\"2\":[\"F\",126,969,\"l\",100,1.7976931348623157e+308,\"%\",595]}","{\"0\":\"%\",\"1\":6,\"2\":[\"F\",126,969,\"l\",100,1.7976931348623157e+308,\"%\",595]}","{\"0\":595,\"1\":7,\"2\":[\"F\",126,969,\"l\",100,1.7976931348623157e+308,\"%\",595]}","{\"0\":null,\"1\":0,\"2\":[null,null,null,null,null,null,null,null]}"]}