{"baseObjects":["[618,823,893,893,122,25,607,5e-324]","[null,null,null,null,null,null,null,null]","[618,823,893,893,122,25,607,5e-324]","[618,823,\"\",[714,893,627,0,122,126,783,1.7976931348623157e+308],122,25,607,5e-324]"],"returnObjects":["[null,null,null,null,null,null,null,null]","\"Error\"","\"Error\"","[null,null,null,null,null,null,null,null]"],"callbackArgs":["{\"0\":618,\"1\":0,\"2\":[618,823,893,893,122,25,607,5e-324]}","{\"0\":823,\"1\":1,\"2\":[618,823,893,893,122,25,607,5e-324]}","{\"0\":893,\"1\":2,\"2\":[618,823,893,893,122,25,607,5e-324]}","{\"0\":893,\"1\":3,\"2\":[618,823,893,893,122,25,607,5e-324]}","{\"0\":122,\"1\":4,\"2\":[618,823,893,893,122,25,607,5e-324]}","{\"0\":25,\"1\":5,\"2\":[618,823,893,893,122,25,607,5e-324]}","{\"0\":607,\"1\":6,\"2\":[618,823,893,893,122,25,607,5e-324]}","{\"0\":5e-324,\"1\":7,\"2\":[618,823,893,893,122,25,607,5e-324]}","{\"0\":null,\"1\":0,\"2\":[null,null,null,null,null,null,null,null]}","{\"0\":618,\"1\":0,\"2\":[618,823,893,893,122,25,607,5e-324]}","{\"0\":618,\"1\":0,\"2\":[618,823,893,893,122,25,607,5e-324]}","{\"0\":823,\"1\":1,\"2\":[618,823,\"\",[714,893,627,0,122,126,783,1.7976931348623157e+308],122,25,607,5e-324]}","{\"0\":\"\",\"1\":2,\"2\":[618,823,\"\",[714,893,627,0,122,126,783,1.7976931348623157e+308],122,25,607,5e-324]}","{\"0\":[714,893,627,0,122,126,783,1.7976931348623157e+308],\"1\":3,\"2\":[618,823,\"\",[714,893,627,0,122,126,783,1.7976931348623157e+308],122,25,607,5e-324]}","{\"0\":122,\"1\":4,\"2\":[618,823,\"\",[714,893,627,0,122,126,783,1.7976931348623157e+308],122,25,607,5e-324]}","{\"0\":25,\"1\":5,\"2\":[618,823,\"\",[714,893,627,0,122,126,783,1.7976931348623157e+308],122,25,607,5e-324]}","{\"0\":607,\"1\":6,\"2\":[618,823,\"\",[714,893,627,0,122,126,783,1.7976931348623157e+308],122,25,607,5e-324]}","{\"0\":5e-324,\"1\":7,\"2\":[618,823,\"\",[714,893,627,0,122,126,783,1.7976931348623157e+308],122,25,607,5e-324]}"]}