{"baseObjects":["[\"4\",\"n\",\"H\",\"^2o\",\"6\",\"4\"]","[null,{\"460\":1.248696891836384e+308,\"\":\"\",\"1.7018527294435368e+308\":1.6810309921699507e+308,\"1.3137948998595314e+308\":1.7765705077828418e+308},null,null,null,null]","[\"4\",null,\"H\",\"^2o\",\"6\",\"4\"]","[\"44,,H,^2o,6,4\",\"-14,,H,^2o,6,4\",\"NaN4,,H,^2o,6,4\",\"NaN4,,H,^2o,6,4\",\"24,,H,^2o,6,4\",\"-14,,H,^2o,6,4\"]"],"returnObjects":["[null,{\"460\":1.248696891836384e+308,\"\":\"\",\"1.7018527294435368e+308\":1.6810309921699507e+308,\"1.3137948998595314e+308\":1.7765705077828418e+308},null,null,null,null]","[null,null,null,null,null,null]","[\"44,,H,^2o,6,4\",\"-14,,H,^2o,6,4\",\"NaN4,,H,^2o,6,4\",\"NaN4,,H,^2o,6,4\",\"24,,H,^2o,6,4\",\"-14,,H,^2o,6,4\"]","\"Error\""],"callbackArgs":["{\"0\":\"4\",\"1\":0,\"2\":[\"4\",\"n\",\"H\",\"^2o\",\"6\",\"4\"]}","{\"0\":\"n\",\"1\":1,\"2\":[\"4\",\"n\",\"H\",\"^2o\",\"6\",\"4\"]}","{\"0\":\"H\",\"1\":2,\"2\":[\"4\",\"n\",\"H\",\"^2o\",\"6\",\"4\"]}","{\"0\":\"^2o\",\"1\":3,\"2\":[\"4\",\"n\",\"H\",\"^2o\",\"6\",\"4\"]}","{\"0\":\"6\",\"1\":4,\"2\":[\"4\",\"n\",\"H\",\"^2o\",\"6\",\"4\"]}","{\"0\":\"4\",\"1\":5,\"2\":[\"4\",\"n\",\"H\",\"^2o\",\"6\",\"4\"]}","{\"0\":null,\"1\":0,\"2\":[null,null,null,null,null,null]}","{\"0\":{\"460\":1.248696891836384e+308,\"\":\"\",\"1.7018527294435368e+308\":1.6810309921699507e+308,\"1.3137948998595314e+308\":1.7765705077828418e+308},\"1\":1,\"2\":[null,{\"460\":1.248696891836384e+308,\"\":\"\",\"1.7018527294435368e+308\":1.6810309921699507e+308,\"1.3137948998595314e+308\":1.7765705077828418e+308},null,null,null,null]}","{\"0\":null,\"1\":2,\"2\":[null,{\"460\":1.248696891836384e+308,\"\":\"\",\"1.7018527294435368e+308\":1.6810309921699507e+308,\"1.3137948998595314e+308\":1.7765705077828418e+308},null,null,null,null]}","{\"0\":null,\"1\":3,\"2\":[null,{\"460\":1.248696891836384e+308,\"\":\"\",\"1.7018527294435368e+308\":1.6810309921699507e+308,\"1.3137948998595314e+308\":1.7765705077828418e+308},null,null,null,null]}","{\"0\":null,\"1\":4,\"2\":[null,{\"460\":1.248696891836384e+308,\"\":\"\",\"1.7018527294435368e+308\":1.6810309921699507e+308,\"1.3137948998595314e+308\":1.7765705077828418e+308},null,null,null,null]}","{\"0\":null,\"1\":5,\"2\":[null,{\"460\":1.248696891836384e+308,\"\":\"\",\"1.7018527294435368e+308\":1.6810309921699507e+308,\"1.3137948998595314e+308\":1.7765705077828418e+308},null,null,null,null]}","{\"0\":\"4\",\"1\":0,\"2\":[\"4\",\"n\",\"H\",\"^2o\",\"6\",\"4\"]}","{\"0\":null,\"1\":1,\"2\":[\"4\",null,\"H\",\"^2o\",\"6\",\"4\"]}","{\"0\":\"H\",\"1\":2,\"2\":[\"4\",null,\"H\",\"^2o\",\"6\",\"4\"]}","{\"0\":\"^2o\",\"1\":3,\"2\":[\"4\",null,\"H\",\"^2o\",\"6\",\"4\"]}","{\"0\":\"6\",\"1\":4,\"2\":[\"4\",null,\"H\",\"^2o\",\"6\",\"4\"]}","{\"0\":\"4\",\"1\":5,\"2\":[\"4\",null,\"H\",\"^2o\",\"6\",\"4\"]}","{\"0\":\"44,,H,^2o,6,4\",\"1\":0,\"2\":[\"44,,H,^2o,6,4\",\"-14,,H,^2o,6,4\",\"NaN4,,H,^2o,6,4\",\"NaN4,,H,^2o,6,4\",\"24,,H,^2o,6,4\",\"-14,,H,^2o,6,4\"]}"]}