{"baseObjects":["[893,\"zz\",\"S\",969,null,null,null,{\"893\":\"h\",\"7.657106213318868e+307\":1.7976931348623157e+308,\"Q\":705}]","[893,\"zz\",\"S\",969]","[893,\"zz\",\"S\",969]","[893,\"zz\",\"S\",969]"],"returnObjects":["[null,null,null,null]","\"Error\"","\"Error\"","\"Error\""],"callbackArgs":["{\"0\":893,\"1\":0,\"2\":[893,\"zz\",\"S\",969]}","{\"0\":\"zz\",\"1\":1,\"2\":[893,\"zz\",\"S\",969,null,null,null,{\"893\":\"h\",\"7.657106213318868e+307\":1.7976931348623157e+308,\"Q\":705}]}","{\"0\":\"S\",\"1\":2,\"2\":[893,\"zz\",\"S\",969,null,null,null,{\"893\":\"h\",\"7.657106213318868e+307\":1.7976931348623157e+308,\"Q\":705}]}","{\"0\":969,\"1\":3,\"2\":[893,\"zz\",\"S\",969,null,null,null,{\"893\":\"h\",\"7.657106213318868e+307\":1.7976931348623157e+308,\"Q\":705}]}","{\"0\":893,\"1\":0,\"2\":[893,\"zz\",\"S\",969]}","{\"0\":893,\"1\":0,\"2\":[893,\"zz\",\"S\",969]}","{\"0\":893,\"1\":0,\"2\":[893,\"zz\",\"S\",969]}"]}