{"baseObjects":["[460,969,59,-1,null,null,{\"94!x&\":\"S\",\"\":7.775650504133382e+307,\"Nd!(\":\"<:m\"}]","[460,969,59,-1]","[460,969,59,[618,403,\"5\",618]]","[\"Infinity460,969,59,618,403,5,618\",\"969460,969,59,618,403,5,618\",\"29.5460,969,59,618,403,5,618\",\"NaN460,969,59,618,403,5,618\"]"],"returnObjects":["[\"460460,969,59,-1,,,[object Object]\",\"968460,969,59,-1,,,[object Object]\",\"57460,969,59,-1,,,[object Object]\",\"-4460,969,59,-1,,,[object Object]\"]","\"Error\"","[\"Infinity460,969,59,618,403,5,618\",\"969460,969,59,618,403,5,618\",\"29.5460,969,59,618,403,5,618\",\"NaN460,969,59,618,403,5,618\"]","\"Error\""],"callbackArgs":["{\"0\":460,\"1\":0,\"2\":[460,969,59,-1]}","{\"0\":969,\"1\":1,\"2\":[460,969,59,-1,null,null,{\"94!x&\":\"S\",\"\":7.775650504133382e+307,\"Nd!(\":\"<:m\"}]}","{\"0\":59,\"1\":2,\"2\":[460,969,59,-1,null,null,{\"94!x&\":\"S\",\"\":7.775650504133382e+307,\"Nd!(\":\"<:m\"}]}","{\"0\":-1,\"1\":3,\"2\":[460,969,59,-1,null,null,{\"94!x&\":\"S\",\"\":7.775650504133382e+307,\"Nd!(\":\"<:m\"}]}","{\"0\":460,\"1\":0,\"2\":[460,969,59,-1]}","{\"0\":460,\"1\":0,\"2\":[460,969,59,-1]}","{\"0\":969,\"1\":1,\"2\":[460,969,59,[618,403,\"5\",618]]}","{\"0\":59,\"1\":2,\"2\":[460,969,59,[618,403,\"5\",618]]}","{\"0\":[618,403,\"5\",618],\"1\":3,\"2\":[460,969,59,[618,403,\"5\",618]]}","{\"0\":\"Infinity460,969,59,618,403,5,618\",\"1\":0,\"2\":[\"Infinity460,969,59,618,403,5,618\",\"969460,969,59,618,403,5,618\",\"29.5460,969,59,618,403,5,618\",\"NaN460,969,59,618,403,5,618\"]}"]}