{"baseObjects":["[\"x\",\"@x\",969,126]","[\"x\",\"@x\",969,126]","[null,{\"618\":893,\"\":1.7976931348623157e+308,\"5.102066046362274e+307\":\"a\",\"1.323941668752984e+307\":\"j{ZU+hbjY\",\"&8\":\"\",\"Kv\":618,\"-1\":\"tF\"},null,null]","[\"x\",\"@x\",969,126]"],"returnObjects":["\"Error\"","[null,{\"618\":893,\"\":1.7976931348623157e+308,\"5.102066046362274e+307\":\"a\",\"1.323941668752984e+307\":\"j{ZU+hbjY\",\"&8\":\"\",\"Kv\":618,\"-1\":\"tF\"},null,null]","[null,null,null,null]","\"Error\""],"callbackArgs":["{\"0\":\"x\",\"1\":0,\"2\":[\"x\",\"@x\",969,126]}","{\"0\":\"x\",\"1\":0,\"2\":[\"x\",\"@x\",969,126]}","{\"0\":\"@x\",\"1\":1,\"2\":[\"x\",\"@x\",969,126]}","{\"0\":969,\"1\":2,\"2\":[\"x\",\"@x\",969,126]}","{\"0\":126,\"1\":3,\"2\":[\"x\",\"@x\",969,126]}","{\"0\":null,\"1\":0,\"2\":[null,null,null,null]}","{\"0\":{\"618\":893,\"\":1.7976931348623157e+308,\"5.102066046362274e+307\":\"a\",\"1.323941668752984e+307\":\"j{ZU+hbjY\",\"&8\":\"\",\"Kv\":618,\"-1\":\"tF\"},\"1\":1,\"2\":[null,{\"618\":893,\"\":1.7976931348623157e+308,\"5.102066046362274e+307\":\"a\",\"1.323941668752984e+307\":\"j{ZU+hbjY\",\"&8\":\"\",\"Kv\":618,\"-1\":\"tF\"},null,null]}","{\"0\":null,\"1\":2,\"2\":[null,{\"618\":893,\"\":1.7976931348623157e+308,\"5.102066046362274e+307\":\"a\",\"1.323941668752984e+307\":\"j{ZU+hbjY\",\"&8\":\"\",\"Kv\":618,\"-1\":\"tF\"},null,null]}","{\"0\":null,\"1\":3,\"2\":[null,{\"618\":893,\"\":1.7976931348623157e+308,\"5.102066046362274e+307\":\"a\",\"1.323941668752984e+307\":\"j{ZU+hbjY\",\"&8\":\"\",\"Kv\":618,\"-1\":\"tF\"},null,null]}","{\"0\":\"x\",\"1\":0,\"2\":[\"x\",\"@x\",969,126]}"]}