{"baseObjects":["[59,627,595,122,618,[823,823,783,0,1.7976931348623157e+308,460,705,823,213,969],-100]","[59,{\"157\":7.643332544836358e+307,\"403\":\"\",\"843\":9.828483357200503e+307,\"\":\"\",\"3.5329845145600404e+307\":122,\"y\":\"#5\"},595,122,618,595,-100]","[59,627,595,122,618,595,-100]","[null,null,null,null,null,null,null]"],"returnObjects":["[null,null,null,null,null,null,null]","[null,null,null,null,null,null,null]","\"Error\"","\"Error\""],"callbackArgs":["{\"0\":59,\"1\":0,\"2\":[59,627,595,122,618,595,-100]}","{\"0\":627,\"1\":1,\"2\":[59,627,595,122,618,[823,823,783,0,1.7976931348623157e+308,460,705,823,213,969],-100]}","{\"0\":595,\"1\":2,\"2\":[59,627,595,122,618,[823,823,783,0,1.7976931348623157e+308,460,705,823,213,969],-100]}","{\"0\":122,\"1\":3,\"2\":[59,627,595,122,618,[823,823,783,0,1.7976931348623157e+308,460,705,823,213,969],-100]}","{\"0\":618,\"1\":4,\"2\":[59,627,595,122,618,[823,823,783,0,1.7976931348623157e+308,460,705,823,213,969],-100]}","{\"0\":[823,823,783,0,1.7976931348623157e+308,460,705,823,213,969],\"1\":5,\"2\":[59,627,595,122,618,[823,823,783,0,1.7976931348623157e+308,460,705,823,213,969],-100]}","{\"0\":-100,\"1\":6,\"2\":[59,627,595,122,618,[823,823,783,0,1.7976931348623157e+308,460,705,823,213,969],-100]}","{\"0\":59,\"1\":0,\"2\":[59,627,595,122,618,595,-100]}","{\"0\":{\"157\":7.643332544836358e+307,\"403\":\"\",\"843\":9.828483357200503e+307,\"\":\"\",\"3.5329845145600404e+307\":122,\"y\":\"#5\"},\"1\":1,\"2\":[59,{\"157\":7.643332544836358e+307,\"403\":\"\",\"843\":9.828483357200503e+307,\"\":\"\",\"3.5329845145600404e+307\":122,\"y\":\"#5\"},595,122,618,595,-100]}","{\"0\":595,\"1\":2,\"2\":[59,{\"157\":7.643332544836358e+307,\"403\":\"\",\"843\":9.828483357200503e+307,\"\":\"\",\"3.5329845145600404e+307\":122,\"y\":\"#5\"},595,122,618,595,-100]}","{\"0\":122,\"1\":3,\"2\":[59,{\"157\":7.643332544836358e+307,\"403\":\"\",\"843\":9.828483357200503e+307,\"\":\"\",\"3.5329845145600404e+307\":122,\"y\":\"#5\"},595,122,618,595,-100]}","{\"0\":618,\"1\":4,\"2\":[59,{\"157\":7.643332544836358e+307,\"403\":\"\",\"843\":9.828483357200503e+307,\"\":\"\",\"3.5329845145600404e+307\":122,\"y\":\"#5\"},595,122,618,595,-100]}","{\"0\":595,\"1\":5,\"2\":[59,{\"157\":7.643332544836358e+307,\"403\":\"\",\"843\":9.828483357200503e+307,\"\":\"\",\"3.5329845145600404e+307\":122,\"y\":\"#5\"},595,122,618,595,-100]}","{\"0\":-100,\"1\":6,\"2\":[59,{\"157\":7.643332544836358e+307,\"403\":\"\",\"843\":9.828483357200503e+307,\"\":\"\",\"3.5329845145600404e+307\":122,\"y\":\"#5\"},595,122,618,595,-100]}","{\"0\":59,\"1\":0,\"2\":[59,627,595,122,618,595,-100]}","{\"0\":null,\"1\":0,\"2\":[null,null,null,null,null,null,null]}"]}