{"baseObjects":["[\"mway$\",\"p&\",\"8\",{\"25\":\"j\",\"59\":969,\";d)(\":\"\",\"\":1.7150906483740117e+308}]","[null,null,null,null,null,{\"59\":\"\",\"d,\":\"Wps\",\"9.304615598281424e+307\":\"n(\",\"1.469361293611305e+308\":\"\",\"<\":\"\",\"\":5e-324,\"L \":\"P5\",\"2.8658677598373907e+307\":1.7976931348623157e+308}]","403","[null,null,null,null,null,{\"59\":\"\",\"d,\":\"Wps\",\"9.304615598281424e+307\":\"n(\",\"1.469361293611305e+308\":\"\",\"<\":\"\",\"\":5e-324,\"L \":\"P5\",\"2.8658677598373907e+307\":1.7976931348623157e+308}]"],"returnObjects":["[null,null,null,null,null,{\"59\":\"\",\"d,\":\"Wps\",\"9.304615598281424e+307\":\"n(\",\"1.469361293611305e+308\":\"\",\"<\":\"\",\"\":5e-324,\"L \":\"P5\",\"2.8658677598373907e+307\":1.7976931348623157e+308}]","[null,null,null,null]","[null,null,null,null,null,null]","[\"NaNNaN,NaN,NaN,NaN,,[object Object]\",\"NaNNaN,NaN,NaN,NaN,,[object Object]\",\"NaNNaN,NaN,NaN,NaN,,[object Object]\",\"NaNNaN,NaN,NaN,NaN,,[object Object]\",null,\"NaNNaN,NaN,NaN,NaN,,[object Object]\"]"],"callbackArgs":["{\"0\":\"mway$\",\"1\":0,\"2\":[\"mway$\",\"p&\",\"8\",\"t\"]}","{\"0\":\"p&\",\"1\":1,\"2\":[\"mway$\",\"p&\",\"8\",{\"25\":\"j\",\"59\":969,\";d)(\":\"\",\"\":1.7150906483740117e+308}]}","{\"0\":\"8\",\"1\":2,\"2\":[\"mway$\",\"p&\",\"8\",{\"25\":\"j\",\"59\":969,\";d)(\":\"\",\"\":1.7150906483740117e+308}]}","{\"0\":{\"25\":\"j\",\"59\":969,\";d)(\":\"\",\"\":1.7150906483740117e+308},\"1\":3,\"2\":[\"mway$\",\"p&\",\"8\",{\"25\":\"j\",\"59\":969,\";d)(\":\"\",\"\":1.7150906483740117e+308}]}","{\"0\":null,\"1\":0,\"2\":[null,null,null,null]}","{\"0\":null,\"1\":1,\"2\":[null,null,null,null,null,{\"59\":\"\",\"d,\":\"Wps\",\"9.304615598281424e+307\":\"n(\",\"1.469361293611305e+308\":\"\",\"<\":\"\",\"\":5e-324,\"L \":\"P5\",\"2.8658677598373907e+307\":1.7976931348623157e+308}]}","{\"0\":null,\"1\":2,\"2\":[null,null,null,null,null,{\"59\":\"\",\"d,\":\"Wps\",\"9.304615598281424e+307\":\"n(\",\"1.469361293611305e+308\":\"\",\"<\":\"\",\"\":5e-324,\"L \":\"P5\",\"2.8658677598373907e+307\":1.7976931348623157e+308}]}","{\"0\":null,\"1\":3,\"2\":[null,null,null,null,null,{\"59\":\"\",\"d,\":\"Wps\",\"9.304615598281424e+307\":\"n(\",\"1.469361293611305e+308\":\"\",\"<\":\"\",\"\":5e-324,\"L \":\"P5\",\"2.8658677598373907e+307\":1.7976931348623157e+308}]}","{\"0\":null,\"1\":0,\"2\":[null,null,null,null,null,{\"59\":\"\",\"d,\":\"Wps\",\"9.304615598281424e+307\":\"n(\",\"1.469361293611305e+308\":\"\",\"<\":\"\",\"\":5e-324,\"L \":\"P5\",\"2.8658677598373907e+307\":1.7976931348623157e+308}]}","{\"0\":null,\"1\":1,\"2\":[null,null,null,null,null,{\"59\":\"\",\"d,\":\"Wps\",\"9.304615598281424e+307\":\"n(\",\"1.469361293611305e+308\":\"\",\"<\":\"\",\"\":5e-324,\"L \":\"P5\",\"2.8658677598373907e+307\":1.7976931348623157e+308}]}","{\"0\":null,\"1\":2,\"2\":[null,null,null,null,null,{\"59\":\"\",\"d,\":\"Wps\",\"9.304615598281424e+307\":\"n(\",\"1.469361293611305e+308\":\"\",\"<\":\"\",\"\":5e-324,\"L \":\"P5\",\"2.8658677598373907e+307\":1.7976931348623157e+308}]}","{\"0\":null,\"1\":3,\"2\":[null,null,null,null,null,{\"59\":\"\",\"d,\":\"Wps\",\"9.304615598281424e+307\":\"n(\",\"1.469361293611305e+308\":\"\",\"<\":\"\",\"\":5e-324,\"L \":\"P5\",\"2.8658677598373907e+307\":1.7976931348623157e+308}]}","{\"0\":{\"59\":\"\",\"d,\":\"Wps\",\"9.304615598281424e+307\":\"n(\",\"1.469361293611305e+308\":\"\",\"<\":\"\",\"\":5e-324,\"L \":\"P5\",\"2.8658677598373907e+307\":1.7976931348623157e+308},\"1\":5,\"2\":[null,null,null,null,null,{\"59\":\"\",\"d,\":\"Wps\",\"9.304615598281424e+307\":\"n(\",\"1.469361293611305e+308\":\"\",\"<\":\"\",\"\":5e-324,\"L \":\"P5\",\"2.8658677598373907e+307\":1.7976931348623157e+308}]}","{\"0\":null,\"1\":0,\"2\":[null,null,null,null,null,{\"59\":\"\",\"d,\":\"Wps\",\"9.304615598281424e+307\":\"n(\",\"1.469361293611305e+308\":\"\",\"<\":\"\",\"\":5e-324,\"L \":\"P5\",\"2.8658677598373907e+307\":1.7976931348623157e+308}]}","{\"0\":null,\"1\":1,\"2\":[null,null,null,null,null,{\"59\":\"\",\"d,\":\"Wps\",\"9.304615598281424e+307\":\"n(\",\"1.469361293611305e+308\":\"\",\"<\":\"\",\"\":5e-324,\"L \":\"P5\",\"2.8658677598373907e+307\":1.7976931348623157e+308}]}","{\"0\":null,\"1\":2,\"2\":[null,null,null,null,null,{\"59\":\"\",\"d,\":\"Wps\",\"9.304615598281424e+307\":\"n(\",\"1.469361293611305e+308\":\"\",\"<\":\"\",\"\":5e-324,\"L \":\"P5\",\"2.8658677598373907e+307\":1.7976931348623157e+308}]}","{\"0\":null,\"1\":3,\"2\":[null,null,null,null,null,{\"59\":\"\",\"d,\":\"Wps\",\"9.304615598281424e+307\":\"n(\",\"1.469361293611305e+308\":\"\",\"<\":\"\",\"\":5e-324,\"L \":\"P5\",\"2.8658677598373907e+307\":1.7976931348623157e+308}]}","{\"0\":{\"59\":\"\",\"d,\":\"Wps\",\"9.304615598281424e+307\":\"n(\",\"1.469361293611305e+308\":\"\",\"<\":\"\",\"\":5e-324,\"L \":\"P5\",\"2.8658677598373907e+307\":1.7976931348623157e+308},\"1\":5,\"2\":[null,null,null,null,null,{\"59\":\"\",\"d,\":\"Wps\",\"9.304615598281424e+307\":\"n(\",\"1.469361293611305e+308\":\"\",\"<\":\"\",\"\":5e-324,\"L \":\"P5\",\"2.8658677598373907e+307\":1.7976931348623157e+308}]}"]}