{"baseObjects":["[969,-100,0,595,25,655,595]","[969,-100,0,595,1.5358533621546972e+308,655,595]","[null,null,null,null,null,null,null]","[969,-100,0,595,25,655,595]"],"returnObjects":["[null,null,null,null,null,null,null]","[null,null,null,null,null,null,null]","[null,null,null,null,null,null,null]","\"Error\""],"callbackArgs":["{\"0\":969,\"1\":0,\"2\":[969,-100,0,595,25,655,595]}","{\"0\":-100,\"1\":1,\"2\":[969,-100,0,595,25,655,595]}","{\"0\":0,\"1\":2,\"2\":[969,-100,0,595,25,655,595]}","{\"0\":595,\"1\":3,\"2\":[969,-100,0,595,25,655,595]}","{\"0\":25,\"1\":4,\"2\":[969,-100,0,595,25,655,595]}","{\"0\":655,\"1\":5,\"2\":[969,-100,0,595,25,655,595]}","{\"0\":595,\"1\":6,\"2\":[969,-100,0,595,25,655,595]}","{\"0\":969,\"1\":0,\"2\":[969,-100,0,595,25,655,595]}","{\"0\":-100,\"1\":1,\"2\":[969,-100,0,595,1.5358533621546972e+308,655,595]}","{\"0\":0,\"1\":2,\"2\":[969,-100,0,595,1.5358533621546972e+308,655,595]}","{\"0\":595,\"1\":3,\"2\":[969,-100,0,595,1.5358533621546972e+308,655,595]}","{\"0\":1.5358533621546972e+308,\"1\":4,\"2\":[969,-100,0,595,1.5358533621546972e+308,655,595]}","{\"0\":655,\"1\":5,\"2\":[969,-100,0,595,1.5358533621546972e+308,655,595]}","{\"0\":595,\"1\":6,\"2\":[969,-100,0,595,1.5358533621546972e+308,655,595]}","{\"0\":null,\"1\":0,\"2\":[null,null,null,null,null,null,null]}","{\"0\":null,\"1\":1,\"2\":[null,null,null,null,null,null,null]}","{\"0\":null,\"1\":2,\"2\":[null,null,null,null,null,null,null]}","{\"0\":null,\"1\":3,\"2\":[null,null,null,null,null,null,null]}","{\"0\":null,\"1\":4,\"2\":[null,null,null,null,null,null,null]}","{\"0\":null,\"1\":5,\"2\":[null,null,null,null,null,null,null]}","{\"0\":null,\"1\":6,\"2\":[null,null,null,null,null,null,null]}","{\"0\":969,\"1\":0,\"2\":[969,-100,0,595,25,655,595]}"]}