{"baseObjects":["[{\"25\":1.7199590779047816e+308,\"6.760932060247693e+307\":\"\",\"1.740371718760232e+307\":\"8E\"},126,49]","[627,126,49]","[null,null,null]","[627,126,49]"],"returnObjects":["[\"627[object Object],126,49\",\"127[object Object],126,49\",\"51[object Object],126,49\"]","[null,null,null]","[null,null,null]","\"Error\""],"callbackArgs":["{\"0\":627,\"1\":0,\"2\":[627,126,49]}","{\"0\":126,\"1\":1,\"2\":[{\"25\":1.7199590779047816e+308,\"6.760932060247693e+307\":\"\",\"1.740371718760232e+307\":\"8E\"},126,49]}","{\"0\":49,\"1\":2,\"2\":[{\"25\":1.7199590779047816e+308,\"6.760932060247693e+307\":\"\",\"1.740371718760232e+307\":\"8E\"},126,49]}","{\"0\":627,\"1\":0,\"2\":[627,126,49]}","{\"0\":126,\"1\":1,\"2\":[627,126,49]}","{\"0\":49,\"1\":2,\"2\":[627,126,49]}","{\"0\":null,\"1\":0,\"2\":[null,null,null]}","{\"0\":null,\"1\":1,\"2\":[null,null,null]}","{\"0\":null,\"1\":2,\"2\":[null,null,null]}","{\"0\":627,\"1\":0,\"2\":[627,126,49]}"]}