{"baseObjects":["[595,843,1.7976931348623157e+308,595,893]","[595,843,1.7976931348623157e+308,595,893]","[595,843,1.7976931348623157e+308,595,893,null,null,{\"49\":\"|\",\"783\":\"\",\"823\":6.731062239147249e+307,\"893\":843,\"969\":\"\",\"utT8?\":122,\"\":\"^h\",\"-1\":\"7(rJ8\",\"1.5757376492799887e+308\":\"\"}]","[595,843,1.7976931348623157e+308,595,893,null]"],"returnObjects":["[null,null,null,null,null]","[null,null,null,null,null]","[null,null,null,null,null]","[\"595595,843,1.7976931348623157e+308,595,893,\",\"844595,843,1.7976931348623157e+308,595,893,\",\"1.7976931348623157e+308595,843,1.7976931348623157e+308,595,893,\",\"598595,843,1.7976931348623157e+308,595,893,\",\"897595,843,1.7976931348623157e+308,595,893,\"]"],"callbackArgs":["{\"0\":595,\"1\":0,\"2\":[595,843,1.7976931348623157e+308,595,893]}","{\"0\":843,\"1\":1,\"2\":[595,843,1.7976931348623157e+308,595,893]}","{\"0\":1.7976931348623157e+308,\"1\":2,\"2\":[595,843,1.7976931348623157e+308,595,893]}","{\"0\":595,\"1\":3,\"2\":[595,843,1.7976931348623157e+308,595,893]}","{\"0\":893,\"1\":4,\"2\":[595,843,1.7976931348623157e+308,595,893]}","{\"0\":595,\"1\":0,\"2\":[595,843,1.7976931348623157e+308,595,893]}","{\"0\":843,\"1\":1,\"2\":[595,843,1.7976931348623157e+308,595,893]}","{\"0\":1.7976931348623157e+308,\"1\":2,\"2\":[595,843,1.7976931348623157e+308,595,893]}","{\"0\":595,\"1\":3,\"2\":[595,843,1.7976931348623157e+308,595,893]}","{\"0\":893,\"1\":4,\"2\":[595,843,1.7976931348623157e+308,595,893]}","{\"0\":595,\"1\":0,\"2\":[595,843,1.7976931348623157e+308,595,893]}","{\"0\":843,\"1\":1,\"2\":[595,843,1.7976931348623157e+308,595,893,null,null,{\"49\":\"|\",\"783\":\"\",\"823\":6.731062239147249e+307,\"893\":843,\"969\":\"\",\"utT8?\":122,\"\":\"^h\",\"-1\":\"7(rJ8\",\"1.5757376492799887e+308\":\"\"}]}","{\"0\":1.7976931348623157e+308,\"1\":2,\"2\":[595,843,1.7976931348623157e+308,595,893,null,null,{\"49\":\"|\",\"783\":\"\",\"823\":6.731062239147249e+307,\"893\":843,\"969\":\"\",\"utT8?\":122,\"\":\"^h\",\"-1\":\"7(rJ8\",\"1.5757376492799887e+308\":\"\"}]}","{\"0\":595,\"1\":3,\"2\":[595,843,1.7976931348623157e+308,595,893,null,null,{\"49\":\"|\",\"783\":\"\",\"823\":6.731062239147249e+307,\"893\":843,\"969\":\"\",\"utT8?\":122,\"\":\"^h\",\"-1\":\"7(rJ8\",\"1.5757376492799887e+308\":\"\"}]}","{\"0\":893,\"1\":4,\"2\":[595,843,1.7976931348623157e+308,595,893,null,null,{\"49\":\"|\",\"783\":\"\",\"823\":6.731062239147249e+307,\"893\":843,\"969\":\"\",\"utT8?\":122,\"\":\"^h\",\"-1\":\"7(rJ8\",\"1.5757376492799887e+308\":\"\"}]}","{\"0\":595,\"1\":0,\"2\":[595,843,1.7976931348623157e+308,595,893]}","{\"0\":843,\"1\":1,\"2\":[595,843,1.7976931348623157e+308,595,893,null]}","{\"0\":1.7976931348623157e+308,\"1\":2,\"2\":[595,843,1.7976931348623157e+308,595,893,null]}","{\"0\":595,\"1\":3,\"2\":[595,843,1.7976931348623157e+308,595,893,null]}","{\"0\":893,\"1\":4,\"2\":[595,843,1.7976931348623157e+308,595,893,null]}"]}