{"baseObjects":["[\"`\",\"U>\",\"X%_d\"]","[\"`\",\"U>\",\"X%_d\"]","[\"`\",\"U>\",\"X%_d\"]","[\"`\",\"U>\",\"X%_d\",null,null,{\"9\":-100,\"403\":3.901642302392306e+307,\"1.0660403973628339e+308\":\"a(\",\"1.7976931348623157e+308\":\"={\",\"`\":\"\",\"x^\":\":t\",\"KRQ#Ii\":1.325389531132594e+308}]"],"returnObjects":["\"Error\"","\"Error\"","\"Error\"","[null,null,null]"],"callbackArgs":["{\"0\":\"`\",\"1\":0,\"2\":[\"`\",\"U>\",\"X%_d\"]}","{\"0\":\"`\",\"1\":0,\"2\":[\"`\",\"U>\",\"X%_d\"]}","{\"0\":\"`\",\"1\":0,\"2\":[\"`\",\"U>\",\"X%_d\"]}","{\"0\":\"`\",\"1\":0,\"2\":[\"`\",\"U>\",\"X%_d\"]}","{\"0\":\"U>\",\"1\":1,\"2\":[\"`\",\"U>\",\"X%_d\",null,null,{\"9\":-100,\"403\":3.901642302392306e+307,\"1.0660403973628339e+308\":\"a(\",\"1.7976931348623157e+308\":\"={\",\"`\":\"\",\"x^\":\":t\",\"KRQ#Ii\":1.325389531132594e+308}]}","{\"0\":\"X%_d\",\"1\":2,\"2\":[\"`\",\"U>\",\"X%_d\",null,null,{\"9\":-100,\"403\":3.901642302392306e+307,\"1.0660403973628339e+308\":\"a(\",\"1.7976931348623157e+308\":\"={\",\"`\":\"\",\"x^\":\":t\",\"KRQ#Ii\":1.325389531132594e+308}]}"]}