{"baseObjects":["[25,0,-100]","[25,0,-100,null,null,null,null,null,false]","[25,0,-100,null,null,{\"25\":\"fB{&\",\"714\":2.4044352599181386e+307,\"m S\":7.743037486916942e+307,\"6.473123347753847e+307\":6.891395815610235e+307,\"\":6.819737698366247e+307,\"|eMN\":82,\"Ya^\":-100}]","[\"025,0,-100,,,[object Object]\",\"025,0,-100,,,[object Object]\",\"-20025,0,-100,,,[object Object]\"]"],"returnObjects":["\"Error\"","[null,null,null]","[\"025,0,-100,,,[object Object]\",\"025,0,-100,,,[object Object]\",\"-20025,0,-100,,,[object Object]\"]","[null,null,null]"],"callbackArgs":["{\"0\":25,\"1\":0,\"2\":[25,0,-100]}","{\"0\":25,\"1\":0,\"2\":[25,0,-100]}","{\"0\":0,\"1\":1,\"2\":[25,0,-100,null,null,null,null,null,false]}","{\"0\":-100,\"1\":2,\"2\":[25,0,-100,null,null,null,null,null,false]}","{\"0\":25,\"1\":0,\"2\":[25,0,-100]}","{\"0\":0,\"1\":1,\"2\":[25,0,-100,null,null,{\"25\":\"fB{&\",\"714\":2.4044352599181386e+307,\"m S\":7.743037486916942e+307,\"6.473123347753847e+307\":6.891395815610235e+307,\"\":6.819737698366247e+307,\"|eMN\":82,\"Ya^\":-100}]}","{\"0\":-100,\"1\":2,\"2\":[25,0,-100,null,null,{\"25\":\"fB{&\",\"714\":2.4044352599181386e+307,\"m S\":7.743037486916942e+307,\"6.473123347753847e+307\":6.891395815610235e+307,\"\":6.819737698366247e+307,\"|eMN\":82,\"Ya^\":-100}]}","{\"0\":\"025,0,-100,,,[object Object]\",\"1\":0,\"2\":[\"025,0,-100,,,[object Object]\",\"025,0,-100,,,[object Object]\",\"-20025,0,-100,,,[object Object]\"]}","{\"0\":\"025,0,-100,,,[object Object]\",\"1\":1,\"2\":[\"025,0,-100,,,[object Object]\",\"025,0,-100,,,[object Object]\",\"-20025,0,-100,,,[object Object]\"]}","{\"0\":\"-20025,0,-100,,,[object Object]\",\"1\":2,\"2\":[\"025,0,-100,,,[object Object]\",\"025,0,-100,,,[object Object]\",\"-20025,0,-100,,,[object Object]\"]}"]}