{"baseObjects":["[242,213,null]","[242,213]","[242,213]","[[213,893],null,null,null,null,null,null,null,{\"157\":\"\",\"2.871405314893555e+307\":4.1816062642591825e+307,\"\":\"KqV\"}]"],"returnObjects":["[[213,893],null,null,null,null,null,null,null,{\"157\":\"\",\"2.871405314893555e+307\":4.1816062642591825e+307,\"\":\"KqV\"}]","\"Error\"","[null,null]","\"Error\""],"callbackArgs":["{\"0\":242,\"1\":0,\"2\":[242,213]}","{\"0\":213,\"1\":1,\"2\":[242,213,null]}","{\"0\":242,\"1\":0,\"2\":[242,213]}","{\"0\":242,\"1\":0,\"2\":[242,213]}","{\"0\":213,\"1\":1,\"2\":[242,213]}","{\"0\":null,\"1\":0,\"2\":[null,null]}"]}