{"baseObjects":["[-1,null,null,null,null,[403,843,59,618,783]]","[-1]","[-1,null,null,null,null,null,null,null,null,null]","[null,null,null,null,null,null,{\"460\":\";A\",\"\":1.7976931348623157e+308,\"1.610586605747804e+308\":\"\",\"4.895171725194226e+307\":705,\"8.725890038471144e+307\":\"\",\"<d\":\"nB\",\"7|fW\":\"\",\"4.032469270042293e+307\":213}]"],"returnObjects":["[null,null,null,null,null,null,{\"460\":\";A\",\"\":1.7976931348623157e+308,\"1.610586605747804e+308\":\"\",\"4.895171725194226e+307\":705,\"8.725890038471144e+307\":\"\",\"<d\":\"nB\",\"7|fW\":\"\",\"4.032469270042293e+307\":213}]","\"Error\"","[null]","\"Error\""],"callbackArgs":["{\"0\":-1,\"1\":0,\"2\":[-1]}","{\"0\":-1,\"1\":0,\"2\":[-1]}","{\"0\":-1,\"1\":0,\"2\":[-1]}","{\"0\":null,\"1\":0,\"2\":[null]}"]}