{"baseObjects":["[969,843,157,213,1.7976931348623157e+308,403,1.7976931348623157e+308,59,783]","[969,843,157,213,1.7976931348623157e+308,403,1.7976931348623157e+308,59,783]","[969,843,157,213,true,403,1.7976931348623157e+308,59,783]","[969,843,157,213,1.7976931348623157e+308,403,1.7976931348623157e+308,59,783]"],"returnObjects":["\"Error\"","null","null","null"],"callbackArgs":["{\"0\":null,\"1\":783,\"2\":8,\"3\":[969,843,157,213,1.7976931348623157e+308,403,1.7976931348623157e+308,59,783]}","{\"0\":783,\"1\":59,\"2\":7,\"3\":[969,843,157,213,1.7976931348623157e+308,403,1.7976931348623157e+308,59,783]}","{\"0\":null,\"1\":1.7976931348623157e+308,\"2\":6,\"3\":[969,843,157,213,1.7976931348623157e+308,403,1.7976931348623157e+308,59,783]}","{\"0\":null,\"1\":403,\"2\":5,\"3\":[969,843,157,213,1.7976931348623157e+308,403,1.7976931348623157e+308,59,783]}","{\"0\":null,\"1\":1.7976931348623157e+308,\"2\":4,\"3\":[969,843,157,213,1.7976931348623157e+308,403,1.7976931348623157e+308,59,783]}","{\"0\":null,\"1\":213,\"2\":3,\"3\":[969,843,157,213,1.7976931348623157e+308,403,1.7976931348623157e+308,59,783]}","{\"0\":null,\"1\":157,\"2\":2,\"3\":[969,843,157,213,1.7976931348623157e+308,403,1.7976931348623157e+308,59,783]}","{\"0\":null,\"1\":843,\"2\":1,\"3\":[969,843,157,213,1.7976931348623157e+308,403,1.7976931348623157e+308,59,783]}","{\"0\":null,\"1\":969,\"2\":0,\"3\":[969,843,157,213,1.7976931348623157e+308,403,1.7976931348623157e+308,59,783]}","{\"0\":null,\"1\":783,\"2\":8,\"3\":[969,843,157,213,1.7976931348623157e+308,403,1.7976931348623157e+308,59,783]}","{\"0\":null,\"1\":59,\"2\":7,\"3\":[969,843,157,213,true,403,1.7976931348623157e+308,59,783]}","{\"0\":null,\"1\":1.7976931348623157e+308,\"2\":6,\"3\":[969,843,157,213,true,403,1.7976931348623157e+308,59,783]}","{\"0\":null,\"1\":403,\"2\":5,\"3\":[969,843,157,213,true,403,1.7976931348623157e+308,59,783]}","{\"0\":null,\"1\":true,\"2\":4,\"3\":[969,843,157,213,true,403,1.7976931348623157e+308,59,783]}","{\"0\":null,\"1\":213,\"2\":3,\"3\":[969,843,157,213,true,403,1.7976931348623157e+308,59,783]}","{\"0\":null,\"1\":157,\"2\":2,\"3\":[969,843,157,213,true,403,1.7976931348623157e+308,59,783]}","{\"0\":null,\"1\":843,\"2\":1,\"3\":[969,843,157,213,true,403,1.7976931348623157e+308,59,783]}","{\"0\":null,\"1\":969,\"2\":0,\"3\":[969,843,157,213,true,403,1.7976931348623157e+308,59,783]}","{\"0\":783,\"1\":59,\"2\":7,\"3\":[969,843,157,213,1.7976931348623157e+308,403,1.7976931348623157e+308,59,783]}","{\"0\":null,\"1\":1.7976931348623157e+308,\"2\":6,\"3\":[969,843,157,213,1.7976931348623157e+308,403,1.7976931348623157e+308,59,783]}","{\"0\":null,\"1\":403,\"2\":5,\"3\":[969,843,157,213,1.7976931348623157e+308,403,1.7976931348623157e+308,59,783]}","{\"0\":null,\"1\":1.7976931348623157e+308,\"2\":4,\"3\":[969,843,157,213,1.7976931348623157e+308,403,1.7976931348623157e+308,59,783]}","{\"0\":null,\"1\":213,\"2\":3,\"3\":[969,843,157,213,1.7976931348623157e+308,403,1.7976931348623157e+308,59,783]}","{\"0\":null,\"1\":157,\"2\":2,\"3\":[969,843,157,213,1.7976931348623157e+308,403,1.7976931348623157e+308,59,783]}","{\"0\":null,\"1\":843,\"2\":1,\"3\":[969,843,157,213,1.7976931348623157e+308,403,1.7976931348623157e+308,59,783]}","{\"0\":null,\"1\":969,\"2\":0,\"3\":[969,843,157,213,1.7976931348623157e+308,403,1.7976931348623157e+308,59,783]}"]}