{"baseObjects":["[126,893,460,242,59,\"\"]","[126,893,460,242,59,595]","[126,[1.7976931348623157e+308,705,843,823,100],460,242,59,595]","[126,893,460,242,59,595]"],"returnObjects":["null","\"Error\"","null","\"Error\""],"callbackArgs":["{\"0\":460,\"1\":595,\"2\":5,\"3\":[126,893,460,242,59,595]}","{\"0\":null,\"1\":59,\"2\":4,\"3\":[126,893,460,242,59,\"\"]}","{\"0\":null,\"1\":242,\"2\":3,\"3\":[126,893,460,242,59,\"\"]}","{\"0\":null,\"1\":460,\"2\":2,\"3\":[126,893,460,242,59,\"\"]}","{\"0\":null,\"1\":893,\"2\":1,\"3\":[126,893,460,242,59,\"\"]}","{\"0\":null,\"1\":126,\"2\":0,\"3\":[126,893,460,242,59,\"\"]}","{\"0\":595,\"1\":59,\"2\":4,\"3\":[126,893,460,242,59,595]}","{\"0\":595,\"1\":59,\"2\":4,\"3\":[126,893,460,242,59,595]}","{\"0\":null,\"1\":242,\"2\":3,\"3\":[126,[1.7976931348623157e+308,705,843,823,100],460,242,59,595]}","{\"0\":null,\"1\":460,\"2\":2,\"3\":[126,[1.7976931348623157e+308,705,843,823,100],460,242,59,595]}","{\"0\":null,\"1\":[1.7976931348623157e+308,705,843,823,100],\"2\":1,\"3\":[126,[1.7976931348623157e+308,705,843,823,100],460,242,59,595]}","{\"0\":null,\"1\":126,\"2\":0,\"3\":[126,[1.7976931348623157e+308,705,843,823,100],460,242,59,595]}"]}