{"baseObjects":["[82,607,460,-1,[460,969,122,618,595],607,157,618,627,893]","\"r\"","[{\"\":4.469488603519275e+306,\"D\":\"}s\"},607,460,893,893,607,157,618,627,893]","[82,607,460,-1,8.273250036193886e+307,607,157,618,627,893]"],"returnObjects":["null","null","null","\"Error\""],"callbackArgs":["{\"0\":893,\"1\":627,\"2\":8,\"3\":[82,607,460,-1,893,607,157,618,627,893]}","{\"0\":null,\"1\":618,\"2\":7,\"3\":[82,607,460,-1,[460,969,122,618,595],607,157,618,627,893]}","{\"0\":null,\"1\":157,\"2\":6,\"3\":[82,607,460,-1,[460,969,122,618,595],607,157,618,627,893]}","{\"0\":null,\"1\":607,\"2\":5,\"3\":[82,607,460,-1,[460,969,122,618,595],607,157,618,627,893]}","{\"0\":null,\"1\":[460,969,122,618,595],\"2\":4,\"3\":[82,607,460,-1,[460,969,122,618,595],607,157,618,627,893]}","{\"0\":null,\"1\":-1,\"2\":3,\"3\":[82,607,460,-1,[460,969,122,618,595],607,157,618,627,893]}","{\"0\":null,\"1\":460,\"2\":2,\"3\":[82,607,460,-1,[460,969,122,618,595],607,157,618,627,893]}","{\"0\":null,\"1\":607,\"2\":1,\"3\":[82,607,460,-1,[460,969,122,618,595],607,157,618,627,893]}","{\"0\":null,\"1\":82,\"2\":0,\"3\":[82,607,460,-1,[460,969,122,618,595],607,157,618,627,893]}","{\"0\":893,\"1\":627,\"2\":8,\"3\":[82,607,460,-1,893,607,157,618,627,893]}","{\"0\":null,\"1\":618,\"2\":7,\"3\":[82,607,460,-1,893,607,157,618,627,893]}","{\"0\":null,\"1\":157,\"2\":6,\"3\":[82,607,460,-1,893,607,157,618,627,893]}","{\"0\":null,\"1\":607,\"2\":5,\"3\":[82,607,460,-1,893,607,157,618,627,893]}","{\"0\":null,\"1\":893,\"2\":4,\"3\":[82,607,460,-1,893,607,157,618,627,893]}","{\"0\":null,\"1\":-1,\"2\":3,\"3\":[82,607,460,-1,893,607,157,618,627,893]}","{\"0\":null,\"1\":460,\"2\":2,\"3\":[82,607,460,-1,893,607,157,618,627,893]}","{\"0\":null,\"1\":607,\"2\":1,\"3\":[82,607,460,-1,893,607,157,618,627,893]}","{\"0\":null,\"1\":82,\"2\":0,\"3\":[82,607,460,-1,893,607,157,618,627,893]}","{\"0\":\"N\",\"1\":893,\"2\":9,\"3\":[82,607,460,-1,893,607,157,618,627,893]}","{\"0\":null,\"1\":627,\"2\":8,\"3\":[{\"\":4.469488603519275e+306,\"D\":\"}s\"},607,460,893,893,607,157,618,627,893]}","{\"0\":null,\"1\":618,\"2\":7,\"3\":[{\"\":4.469488603519275e+306,\"D\":\"}s\"},607,460,893,893,607,157,618,627,893]}","{\"0\":null,\"1\":157,\"2\":6,\"3\":[{\"\":4.469488603519275e+306,\"D\":\"}s\"},607,460,893,893,607,157,618,627,893]}","{\"0\":null,\"1\":607,\"2\":5,\"3\":[{\"\":4.469488603519275e+306,\"D\":\"}s\"},607,460,893,893,607,157,618,627,893]}","{\"0\":null,\"1\":893,\"2\":4,\"3\":[{\"\":4.469488603519275e+306,\"D\":\"}s\"},607,460,893,893,607,157,618,627,893]}","{\"0\":null,\"1\":893,\"2\":3,\"3\":[{\"\":4.469488603519275e+306,\"D\":\"}s\"},607,460,893,893,607,157,618,627,893]}","{\"0\":null,\"1\":460,\"2\":2,\"3\":[{\"\":4.469488603519275e+306,\"D\":\"}s\"},607,460,893,893,607,157,618,627,893]}","{\"0\":null,\"1\":607,\"2\":1,\"3\":[{\"\":4.469488603519275e+306,\"D\":\"}s\"},607,460,893,893,607,157,618,627,893]}","{\"0\":null,\"1\":{\"\":4.469488603519275e+306,\"D\":\"}s\"},\"2\":0,\"3\":[{\"\":4.469488603519275e+306,\"D\":\"}s\"},607,460,893,893,607,157,618,627,893]}","{\"0\":893,\"1\":627,\"2\":8,\"3\":[82,607,460,-1,893,607,157,618,627,893]}"]}