{"baseObjects":["[126,\"6\",\"gpLu\",618,\"U\",893,783,783,\"s\"]","[126,\"6\",\"gpLu\",618,\"U\",{\"460\":\"!\",\"b\":4.936943739330788e+307},783,783,\"s\"]","[126,\"6\",\"gpLu\",618,\"U\",893,783,783,\"s\"]","[126,\"6\",\"gpLu\",618,\"U\",893,\"=\",783,\"s\"]"],"returnObjects":["\"s783NaN783NaN893NaNUNaN618NaNgpLuNaN6NaN126NaN\"","null","\"NaN126,6,gpLu,618,U,893,783,783,s\"","null"],"callbackArgs":["{\"0\":\"s\",\"1\":783,\"2\":7,\"3\":[126,\"6\",\"gpLu\",618,\"U\",893,783,783,\"s\"]}","{\"0\":\"s783NaN\",\"1\":783,\"2\":6,\"3\":[126,\"6\",\"gpLu\",618,\"U\",893,783,783,\"s\"]}","{\"0\":\"s783NaN783NaN\",\"1\":893,\"2\":5,\"3\":[126,\"6\",\"gpLu\",618,\"U\",893,783,783,\"s\"]}","{\"0\":\"s783NaN783NaN893NaN\",\"1\":\"U\",\"2\":4,\"3\":[126,\"6\",\"gpLu\",618,\"U\",893,783,783,\"s\"]}","{\"0\":\"s783NaN783NaN893NaNUNaN\",\"1\":618,\"2\":3,\"3\":[126,\"6\",\"gpLu\",618,\"U\",893,783,783,\"s\"]}","{\"0\":\"s783NaN783NaN893NaNUNaN618NaN\",\"1\":\"gpLu\",\"2\":2,\"3\":[126,\"6\",\"gpLu\",618,\"U\",893,783,783,\"s\"]}","{\"0\":\"s783NaN783NaN893NaNUNaN618NaNgpLuNaN\",\"1\":\"6\",\"2\":1,\"3\":[126,\"6\",\"gpLu\",618,\"U\",893,783,783,\"s\"]}","{\"0\":\"s783NaN783NaN893NaNUNaN618NaNgpLuNaN6NaN\",\"1\":126,\"2\":0,\"3\":[126,\"6\",\"gpLu\",618,\"U\",893,783,783,\"s\"]}","{\"0\":\"s\",\"1\":783,\"2\":7,\"3\":[126,\"6\",\"gpLu\",618,\"U\",893,783,783,\"s\"]}","{\"0\":null,\"1\":783,\"2\":6,\"3\":[126,\"6\",\"gpLu\",618,\"U\",{\"460\":\"!\",\"b\":4.936943739330788e+307},783,783,\"s\"]}","{\"0\":null,\"1\":{\"460\":\"!\",\"b\":4.936943739330788e+307},\"2\":5,\"3\":[126,\"6\",\"gpLu\",618,\"U\",{\"460\":\"!\",\"b\":4.936943739330788e+307},783,783,\"s\"]}","{\"0\":null,\"1\":\"U\",\"2\":4,\"3\":[126,\"6\",\"gpLu\",618,\"U\",{\"460\":\"!\",\"b\":4.936943739330788e+307},783,783,\"s\"]}","{\"0\":null,\"1\":618,\"2\":3,\"3\":[126,\"6\",\"gpLu\",618,\"U\",{\"460\":\"!\",\"b\":4.936943739330788e+307},783,783,\"s\"]}","{\"0\":null,\"1\":\"gpLu\",\"2\":2,\"3\":[126,\"6\",\"gpLu\",618,\"U\",{\"460\":\"!\",\"b\":4.936943739330788e+307},783,783,\"s\"]}","{\"0\":null,\"1\":\"6\",\"2\":1,\"3\":[126,\"6\",\"gpLu\",618,\"U\",{\"460\":\"!\",\"b\":4.936943739330788e+307},783,783,\"s\"]}","{\"0\":null,\"1\":126,\"2\":0,\"3\":[126,\"6\",\"gpLu\",618,\"U\",{\"460\":\"!\",\"b\":4.936943739330788e+307},783,783,\"s\"]}","{\"0\":627,\"1\":\"s\",\"2\":8,\"3\":[126,\"6\",\"gpLu\",618,\"U\",893,783,783,\"s\"]}","{\"0\":\"NaN126,6,gpLu,618,U,893,783,783,s\",\"1\":783,\"2\":7,\"3\":[126,\"6\",\"gpLu\",618,\"U\",893,783,783,\"s\"]}","{\"0\":\"NaN126,6,gpLu,618,U,893,783,783,s\",\"1\":783,\"2\":6,\"3\":[126,\"6\",\"gpLu\",618,\"U\",893,783,783,\"s\"]}","{\"0\":\"NaN126,6,gpLu,618,U,893,783,783,s\",\"1\":893,\"2\":5,\"3\":[126,\"6\",\"gpLu\",618,\"U\",893,783,783,\"s\"]}","{\"0\":\"NaN126,6,gpLu,618,U,893,783,783,s\",\"1\":\"U\",\"2\":4,\"3\":[126,\"6\",\"gpLu\",618,\"U\",893,783,783,\"s\"]}","{\"0\":\"NaN126,6,gpLu,618,U,893,783,783,s\",\"1\":618,\"2\":3,\"3\":[126,\"6\",\"gpLu\",618,\"U\",893,783,783,\"s\"]}","{\"0\":\"NaN126,6,gpLu,618,U,893,783,783,s\",\"1\":\"gpLu\",\"2\":2,\"3\":[126,\"6\",\"gpLu\",618,\"U\",893,783,783,\"s\"]}","{\"0\":\"NaN126,6,gpLu,618,U,893,783,783,s\",\"1\":\"6\",\"2\":1,\"3\":[126,\"6\",\"gpLu\",618,\"U\",893,783,783,\"s\"]}","{\"0\":\"NaN126,6,gpLu,618,U,893,783,783,s\",\"1\":126,\"2\":0,\"3\":[126,\"6\",\"gpLu\",618,\"U\",893,783,783,\"s\"]}","{\"0\":1.35022416163272e+308,\"1\":\"s\",\"2\":8,\"3\":[126,\"6\",\"gpLu\",618,\"U\",893,783,783,\"s\"]}","{\"0\":null,\"1\":783,\"2\":7,\"3\":[126,\"6\",\"gpLu\",618,\"U\",893,\"=\",783,\"s\"]}","{\"0\":null,\"1\":\"=\",\"2\":6,\"3\":[126,\"6\",\"gpLu\",618,\"U\",893,\"=\",783,\"s\"]}","{\"0\":null,\"1\":893,\"2\":5,\"3\":[126,\"6\",\"gpLu\",618,\"U\",893,\"=\",783,\"s\"]}","{\"0\":null,\"1\":\"U\",\"2\":4,\"3\":[126,\"6\",\"gpLu\",618,\"U\",893,\"=\",783,\"s\"]}","{\"0\":null,\"1\":618,\"2\":3,\"3\":[126,\"6\",\"gpLu\",618,\"U\",893,\"=\",783,\"s\"]}","{\"0\":null,\"1\":\"gpLu\",\"2\":2,\"3\":[126,\"6\",\"gpLu\",618,\"U\",893,\"=\",783,\"s\"]}","{\"0\":null,\"1\":\"6\",\"2\":1,\"3\":[126,\"6\",\"gpLu\",618,\"U\",893,\"=\",783,\"s\"]}","{\"0\":null,\"1\":126,\"2\":0,\"3\":[126,\"6\",\"gpLu\",618,\"U\",893,\"=\",783,\"s\"]}"]}