{"baseObjects":["[893,242,157,122,157,627]","[893,242,157,122,157,627]","[893,242,157,122,157,627]","[893,242,157,122,157,627]"],"returnObjects":["null","\"1.7976931348623157e+308,607,783,82,460,783,242,0,-1NaNNaNNaNNaNNaNNaN\"","\"NaN893,242,157,122,157,627\"","\"Error\""],"callbackArgs":["{\"0\":{\"8.322690696505326e+307\":\"_D:8:\"},\"1\":627,\"2\":5,\"3\":[893,242,157,122,157,627]}","{\"0\":null,\"1\":157,\"2\":4,\"3\":[893,242,157,122,157,627]}","{\"0\":null,\"1\":122,\"2\":3,\"3\":[893,242,157,122,157,627]}","{\"0\":null,\"1\":157,\"2\":2,\"3\":[893,242,157,122,157,627]}","{\"0\":null,\"1\":242,\"2\":1,\"3\":[893,242,157,122,157,627]}","{\"0\":null,\"1\":893,\"2\":0,\"3\":[893,242,157,122,157,627]}","{\"0\":[1.7976931348623157e+308,607,783,82,460,783,242,0,-1],\"1\":627,\"2\":5,\"3\":[893,242,157,122,157,627]}","{\"0\":\"1.7976931348623157e+308,607,783,82,460,783,242,0,-1NaN\",\"1\":157,\"2\":4,\"3\":[893,242,157,122,157,627]}","{\"0\":\"1.7976931348623157e+308,607,783,82,460,783,242,0,-1NaNNaN\",\"1\":122,\"2\":3,\"3\":[893,242,157,122,157,627]}","{\"0\":\"1.7976931348623157e+308,607,783,82,460,783,242,0,-1NaNNaNNaN\",\"1\":157,\"2\":2,\"3\":[893,242,157,122,157,627]}","{\"0\":\"1.7976931348623157e+308,607,783,82,460,783,242,0,-1NaNNaNNaNNaN\",\"1\":242,\"2\":1,\"3\":[893,242,157,122,157,627]}","{\"0\":\"1.7976931348623157e+308,607,783,82,460,783,242,0,-1NaNNaNNaNNaNNaN\",\"1\":893,\"2\":0,\"3\":[893,242,157,122,157,627]}","{\"0\":false,\"1\":627,\"2\":5,\"3\":[893,242,157,122,157,627]}","{\"0\":\"-3135893,242,157,122,157,627\",\"1\":157,\"2\":4,\"3\":[893,242,157,122,157,627]}","{\"0\":\"NaN893,242,157,122,157,627\",\"1\":122,\"2\":3,\"3\":[893,242,157,122,157,627]}","{\"0\":\"NaN893,242,157,122,157,627\",\"1\":157,\"2\":2,\"3\":[893,242,157,122,157,627]}","{\"0\":\"NaN893,242,157,122,157,627\",\"1\":242,\"2\":1,\"3\":[893,242,157,122,157,627]}","{\"0\":\"NaN893,242,157,122,157,627\",\"1\":893,\"2\":0,\"3\":[893,242,157,122,157,627]}","{\"0\":627,\"1\":157,\"2\":4,\"3\":[893,242,157,122,157,627]}"]}