{"baseObjects":["[213,705,242,893,607,null,null,null,null,[157,\"1\",\"=*\",\"j\"]]","[213,705,242,893,607]","[213,705,242,893,607]","[213,705,242,893,607]"],"returnObjects":["\"Error\"","\"Error\"","\"Error\"","\"Error\""],"callbackArgs":["{\"0\":{\"25\":1.6722127532894108e+307,\"157\":\"P\",\"655\":1.1423123559644919e+308,\"893\":893,\"-1\":\"\",\"1.3019676993571718e+308\":100,\"G\":\"oJX>\",\"\":100,\"YzE\":0,\"1.1615145340102533e+308\":1.3686935097489005e+307},\"1\":607,\"2\":4,\"3\":[213,705,242,893,607]}","{\"0\":null,\"1\":607,\"2\":4,\"3\":[213,705,242,893,607]}","{\"0\":null,\"1\":607,\"2\":4,\"3\":[213,705,242,893,607]}","{\"1\":607,\"2\":4,\"3\":[213,705,242,893,607]}"]}