{"baseObjects":["[9.09047325128025e+307,49,618,213]","true","[705,49,618,213]","[705,49,618,213]"],"returnObjects":["null","\"Error\"","\"Error\"","\"Error\""],"callbackArgs":["{\"1\":213,\"2\":3,\"3\":[705,49,618,213]}","{\"0\":null,\"1\":618,\"2\":2,\"3\":[9.09047325128025e+307,49,618,213]}","{\"0\":null,\"1\":49,\"2\":1,\"3\":[9.09047325128025e+307,49,618,213]}","{\"0\":null,\"1\":9.09047325128025e+307,\"2\":0,\"3\":[9.09047325128025e+307,49,618,213]}","{\"0\":{\"213\":8.113482701092997e+307,\"1.5396725983839716e+306\":1.0393592151769284e+308,\"\":\"\"},\"1\":213,\"2\":3,\"3\":[705,49,618,213]}","{\"1\":213,\"2\":3,\"3\":[705,49,618,213]}","{\"0\":null,\"1\":213,\"2\":3,\"3\":[705,49,618,213]}"]}