{"baseObjects":["[126,213,49,627,969]","[126,213,49,627,969]","[126,213,49,627,969]","[126,213,49,627,969]"],"returnObjects":["\"[object Object]NaNNaNNaNNaNNaN\"","null","\"NaNNaNNaNNaNNaN\"","\"Error\""],"callbackArgs":["{\"0\":{\"100\":595,\"655\":122,\"1.7831652344145014e+308\":618,\"{\":1.7976931348623157e+308,\"\":213,\"3.7615811230065293e+307\":1.5929404443336713e+308,\"1.0050602206045617e+308\":\"\",\"5.809037757140014e+306\":\"\"},\"1\":969,\"2\":4,\"3\":[126,213,49,627,969]}","{\"0\":\"[object Object]NaN\",\"1\":627,\"2\":3,\"3\":[126,213,49,627,969]}","{\"0\":\"[object Object]NaNNaN\",\"1\":49,\"2\":2,\"3\":[126,213,49,627,969]}","{\"0\":\"[object Object]NaNNaNNaN\",\"1\":213,\"2\":1,\"3\":[126,213,49,627,969]}","{\"0\":\"[object Object]NaNNaNNaNNaN\",\"1\":126,\"2\":0,\"3\":[126,213,49,627,969]}","{\"0\":true,\"1\":969,\"2\":4,\"3\":[126,213,49,627,969]}","{\"0\":null,\"1\":627,\"2\":3,\"3\":[126,213,49,627,969]}","{\"0\":null,\"1\":49,\"2\":2,\"3\":[126,213,49,627,969]}","{\"0\":null,\"1\":213,\"2\":1,\"3\":[126,213,49,627,969]}","{\"0\":null,\"1\":126,\"2\":0,\"3\":[126,213,49,627,969]}","{\"0\":\"\",\"1\":969,\"2\":4,\"3\":[126,213,49,627,969]}","{\"0\":\"NaN\",\"1\":627,\"2\":3,\"3\":[126,213,49,627,969]}","{\"0\":\"NaNNaN\",\"1\":49,\"2\":2,\"3\":[126,213,49,627,969]}","{\"0\":\"NaNNaNNaN\",\"1\":213,\"2\":1,\"3\":[126,213,49,627,969]}","{\"0\":\"NaNNaNNaNNaN\",\"1\":126,\"2\":0,\"3\":[126,213,49,627,969]}","{\"0\":969,\"1\":627,\"2\":3,\"3\":[126,213,49,627,969]}"]}