{"baseObjects":["[1.7976931348623157e+308,893,213,null,false]","[1.7976931348623157e+308,893,213]","[1.7976931348623157e+308,893,213,null,null,null,100]","[1.7976931348623157e+308,893,213]"],"returnObjects":["null","null","null","null"],"callbackArgs":["{\"0\":213,\"1\":893,\"2\":1,\"3\":[1.7976931348623157e+308,893,213]}","{\"0\":null,\"1\":1.7976931348623157e+308,\"2\":0,\"3\":[1.7976931348623157e+308,893,213,null,false]}","{\"0\":213,\"1\":893,\"2\":1,\"3\":[1.7976931348623157e+308,893,213]}","{\"0\":null,\"1\":1.7976931348623157e+308,\"2\":0,\"3\":[1.7976931348623157e+308,893,213]}","{\"0\":true,\"1\":213,\"2\":2,\"3\":[1.7976931348623157e+308,893,213]}","{\"0\":null,\"1\":893,\"2\":1,\"3\":[1.7976931348623157e+308,893,213,null,null,null,100]}","{\"0\":null,\"1\":1.7976931348623157e+308,\"2\":0,\"3\":[1.7976931348623157e+308,893,213,null,null,null,100]}","{\"0\":1.3489300722515617e+308,\"1\":213,\"2\":2,\"3\":[1.7976931348623157e+308,893,213]}","{\"0\":null,\"1\":893,\"2\":1,\"3\":[1.7976931348623157e+308,893,213]}","{\"0\":null,\"1\":1.7976931348623157e+308,\"2\":0,\"3\":[1.7976931348623157e+308,893,213]}"]}