{"baseObjects":["[59,714,126]","[59,714,126,{\"783\":6.308864418227777e+306,\"7.62241784439409e+306\":8.964412382354262e+307,\"\":1.7352872966023471e+308,\"7.758874326316483e+307\":\"\"}]","[59,714,126]","[59,714,126]"],"returnObjects":["null","\"Error\"","\"Error\"","null"],"callbackArgs":["{\"0\":893,\"1\":126,\"2\":2,\"3\":[59,714,126]}","{\"0\":null,\"1\":714,\"2\":1,\"3\":[59,714,126]}","{\"0\":null,\"1\":59,\"2\":0,\"3\":[59,714,126]}","{\"0\":null,\"1\":126,\"2\":2,\"3\":[59,714,126]}","{\"0\":null,\"1\":126,\"2\":2,\"3\":[59,714,126]}","{\"0\":\"\",\"1\":126,\"2\":2,\"3\":[59,714,126]}","{\"0\":null,\"1\":714,\"2\":1,\"3\":[59,714,126]}","{\"0\":null,\"1\":59,\"2\":0,\"3\":[59,714,126]}"]}