{"baseObjects":["[]","[\"\",-100,-100,false,\"B_\",null,969,\"*:V\",\"@\"]","[\"2Nd!(\",-100,-100,1.7976931348623157e+308,\"B_\",893,969,\"*:V\",\"@\"]","[\"2Nd!(\",-100,-100,1.7976931348623157e+308,\"B_\",893,969,\"*:V\",\"@\"]"],"returnObjects":["null","null","null","\"Error\""],"callbackArgs":["{\"0\":\"@\",\"1\":\"*:V\",\"2\":7,\"3\":[\"2Nd!(\",-100,-100,1.7976931348623157e+308,\"B_\",893,969,\"*:V\",\"@\"]}","{\"1\":\"@\",\"2\":8,\"3\":[\"2Nd!(\",-100,-100,1.7976931348623157e+308,\"B_\",893,969,\"*:V\",\"@\"]}","{\"0\":null,\"1\":\"*:V\",\"2\":7,\"3\":[\"\",-100,-100,false,\"B_\",null,969,\"*:V\",\"@\"]}","{\"0\":null,\"1\":969,\"2\":6,\"3\":[\"\",-100,-100,false,\"B_\",null,969,\"*:V\",\"@\"]}","{\"0\":null,\"1\":null,\"2\":5,\"3\":[\"\",-100,-100,false,\"B_\",null,969,\"*:V\",\"@\"]}","{\"0\":null,\"1\":\"B_\",\"2\":4,\"3\":[\"\",-100,-100,false,\"B_\",null,969,\"*:V\",\"@\"]}","{\"0\":null,\"1\":false,\"2\":3,\"3\":[\"\",-100,-100,false,\"B_\",null,969,\"*:V\",\"@\"]}","{\"0\":null,\"1\":-100,\"2\":2,\"3\":[\"\",-100,-100,false,\"B_\",null,969,\"*:V\",\"@\"]}","{\"0\":null,\"1\":-100,\"2\":1,\"3\":[\"\",-100,-100,false,\"B_\",null,969,\"*:V\",\"@\"]}","{\"0\":null,\"1\":\"\",\"2\":0,\"3\":[\"\",-100,-100,false,\"B_\",null,969,\"*:V\",\"@\"]}","{\"1\":\"@\",\"2\":8,\"3\":[\"2Nd!(\",-100,-100,1.7976931348623157e+308,\"B_\",893,969,\"*:V\",\"@\"]}","{\"0\":null,\"1\":\"*:V\",\"2\":7,\"3\":[\"2Nd!(\",-100,-100,1.7976931348623157e+308,\"B_\",893,969,\"*:V\",\"@\"]}","{\"0\":null,\"1\":969,\"2\":6,\"3\":[\"2Nd!(\",-100,-100,1.7976931348623157e+308,\"B_\",893,969,\"*:V\",\"@\"]}","{\"0\":null,\"1\":893,\"2\":5,\"3\":[\"2Nd!(\",-100,-100,1.7976931348623157e+308,\"B_\",893,969,\"*:V\",\"@\"]}","{\"0\":null,\"1\":\"B_\",\"2\":4,\"3\":[\"2Nd!(\",-100,-100,1.7976931348623157e+308,\"B_\",893,969,\"*:V\",\"@\"]}","{\"0\":null,\"1\":1.7976931348623157e+308,\"2\":3,\"3\":[\"2Nd!(\",-100,-100,1.7976931348623157e+308,\"B_\",893,969,\"*:V\",\"@\"]}","{\"0\":null,\"1\":-100,\"2\":2,\"3\":[\"2Nd!(\",-100,-100,1.7976931348623157e+308,\"B_\",893,969,\"*:V\",\"@\"]}","{\"0\":null,\"1\":-100,\"2\":1,\"3\":[\"2Nd!(\",-100,-100,1.7976931348623157e+308,\"B_\",893,969,\"*:V\",\"@\"]}","{\"0\":null,\"1\":\"2Nd!(\",\"2\":0,\"3\":[\"2Nd!(\",-100,-100,1.7976931348623157e+308,\"B_\",893,969,\"*:V\",\"@\"]}","{\"0\":\"@\",\"1\":\"*:V\",\"2\":7,\"3\":[\"2Nd!(\",-100,-100,1.7976931348623157e+308,\"B_\",893,969,\"*:V\",\"@\"]}"]}