{"baseObjects":["[5e-324,\"k(!\",\" vQ<\",null,null,1.5758547503976747e+308]","[5e-324,\"k(!\",\" vQ<\"]","[5e-324,\"k(!\",\" vQ<\"]","[5e-324,\"k(!\",\" vQ<\"]"],"returnObjects":["null","\"NaN5e-324,k(!, vQ<\"","\"Error\"","\"Error\""],"callbackArgs":["{\"1\":\" vQ<\",\"2\":2,\"3\":[5e-324,\"k(!\",\" vQ<\"]}","{\"0\":null,\"1\":\"k(!\",\"2\":1,\"3\":[5e-324,\"k(!\",\" vQ<\",null,null,1.5758547503976747e+308]}","{\"0\":null,\"1\":5e-324,\"2\":0,\"3\":[5e-324,\"k(!\",\" vQ<\",null,null,1.5758547503976747e+308]}","{\"0\":{\"0\":\"\",\"213\":4.273959636589443e+307,\"893\":\"\",\"}\":\"\",\"1.0757779751393317e+308\":\"\",\"2.400324396028558e+307\":714,\"1.832060785626497e+307\":1.1945329604829922e+308,\"\":1.370369415709412e+306,\"2.6323744499367724e+307\":\"\"},\"1\":\" vQ<\",\"2\":2,\"3\":[5e-324,\"k(!\",\" vQ<\"]}","{\"0\":\"NaN5e-324,k(!, vQ<\",\"1\":\"k(!\",\"2\":1,\"3\":[5e-324,\"k(!\",\" vQ<\"]}","{\"0\":\"NaN5e-324,k(!, vQ<\",\"1\":5e-324,\"2\":0,\"3\":[5e-324,\"k(!\",\" vQ<\"]}","{\"0\":\"1\",\"1\":\" vQ<\",\"2\":2,\"3\":[5e-324,\"k(!\",\" vQ<\"]}","{\"0\":\" vQ<\",\"1\":\"k(!\",\"2\":1,\"3\":[5e-324,\"k(!\",\" vQ<\"]}"]}