{"baseObjects":["[607,969,893]","[607,{\"126\":\"K\",\"vH:L\":\"7O\",\"\":0,\"l\":1.410835664519377e+308,\"1.1517178039168974e+308\":4.2001182345950573e+307,\"R\":\"sZu1\",\"=Vy\":-1},893]","[607,969,893]","[607,969,893]"],"returnObjects":["\"NaN607,969,893\"","\"NaN607,[object Object],893\"","\"Error\"","\"Error\""],"callbackArgs":["{\"0\":893,\"1\":969,\"2\":1,\"3\":[607,969,893]}","{\"0\":\"1.9215686274509802607,969,893\",\"1\":607,\"2\":0,\"3\":[607,969,893]}","{\"0\":893,\"1\":969,\"2\":1,\"3\":[607,969,893]}","{\"0\":\"0.9215686274509803607,[object Object],893\",\"1\":607,\"2\":0,\"3\":[607,{\"126\":\"K\",\"vH:L\":\"7O\",\"\":0,\"l\":1.410835664519377e+308,\"1.1517178039168974e+308\":4.2001182345950573e+307,\"R\":\"sZu1\",\"=Vy\":-1},893]}","{\"1\":893,\"2\":2,\"3\":[607,969,893]}","{\"0\":893,\"1\":969,\"2\":1,\"3\":[607,969,893]}"]}