{"baseObjects":["[403,[49,893,242,893,49,-1,126,460,100],242,0,823,25,242,823]","[403,843,242,0,823,25,242,823]","[403,843,242,0,823,25,242,823]","[403,843,242,0,823,25,242,823]"],"returnObjects":["\"Error\"","null","null","\"Error\""],"callbackArgs":["{\"0\":true,\"1\":823,\"2\":7,\"3\":[403,843,242,0,823,25,242,823]}","{\"0\":823,\"1\":242,\"2\":6,\"3\":[403,843,242,0,823,25,242,823]}","{\"0\":null,\"1\":25,\"2\":5,\"3\":[403,843,242,0,823,25,242,823]}","{\"0\":null,\"1\":823,\"2\":4,\"3\":[403,843,242,0,823,25,242,823]}","{\"0\":null,\"1\":0,\"2\":3,\"3\":[403,843,242,0,823,25,242,823]}","{\"0\":null,\"1\":242,\"2\":2,\"3\":[403,843,242,0,823,25,242,823]}","{\"0\":null,\"1\":843,\"2\":1,\"3\":[403,843,242,0,823,25,242,823]}","{\"0\":null,\"1\":403,\"2\":0,\"3\":[403,843,242,0,823,25,242,823]}","{\"0\":7.911549049446629e+307,\"1\":823,\"2\":7,\"3\":[403,843,242,0,823,25,242,823]}","{\"0\":null,\"1\":242,\"2\":6,\"3\":[403,843,242,0,823,25,242,823]}","{\"0\":null,\"1\":25,\"2\":5,\"3\":[403,843,242,0,823,25,242,823]}","{\"0\":null,\"1\":823,\"2\":4,\"3\":[403,843,242,0,823,25,242,823]}","{\"0\":null,\"1\":0,\"2\":3,\"3\":[403,843,242,0,823,25,242,823]}","{\"0\":null,\"1\":242,\"2\":2,\"3\":[403,843,242,0,823,25,242,823]}","{\"0\":null,\"1\":843,\"2\":1,\"3\":[403,843,242,0,823,25,242,823]}","{\"0\":null,\"1\":403,\"2\":0,\"3\":[403,843,242,0,823,25,242,823]}","{\"0\":[969,1.7976931348623157e+308],\"1\":823,\"2\":7,\"3\":[403,843,242,0,823,25,242,823]}"]}