{"baseObjects":["[607,843,714,122,607,1.7976931348623157e+308,59]","[607,843,714,122,607,1.7976931348623157e+308,true]","[607,843,714,122,607,1.7976931348623157e+308,59]","[607,843,714,122,607,1.7976931348623157e+308,59]"],"returnObjects":["\"Error\"","null","null","\"Error\""],"callbackArgs":["{\"0\":59,\"1\":1.7976931348623157e+308,\"2\":5,\"3\":[607,843,714,122,607,1.7976931348623157e+308,59]}","{\"0\":true,\"1\":59,\"2\":6,\"3\":[607,843,714,122,607,1.7976931348623157e+308,59]}","{\"0\":null,\"1\":1.7976931348623157e+308,\"2\":5,\"3\":[607,843,714,122,607,1.7976931348623157e+308,true]}","{\"0\":null,\"1\":607,\"2\":4,\"3\":[607,843,714,122,607,1.7976931348623157e+308,true]}","{\"0\":null,\"1\":122,\"2\":3,\"3\":[607,843,714,122,607,1.7976931348623157e+308,true]}","{\"0\":null,\"1\":714,\"2\":2,\"3\":[607,843,714,122,607,1.7976931348623157e+308,true]}","{\"0\":null,\"1\":843,\"2\":1,\"3\":[607,843,714,122,607,1.7976931348623157e+308,true]}","{\"0\":null,\"1\":607,\"2\":0,\"3\":[607,843,714,122,607,1.7976931348623157e+308,true]}","{\"1\":59,\"2\":6,\"3\":[607,843,714,122,607,1.7976931348623157e+308,59]}","{\"0\":null,\"1\":1.7976931348623157e+308,\"2\":5,\"3\":[607,843,714,122,607,1.7976931348623157e+308,59]}","{\"0\":null,\"1\":607,\"2\":4,\"3\":[607,843,714,122,607,1.7976931348623157e+308,59]}","{\"0\":null,\"1\":122,\"2\":3,\"3\":[607,843,714,122,607,1.7976931348623157e+308,59]}","{\"0\":null,\"1\":714,\"2\":2,\"3\":[607,843,714,122,607,1.7976931348623157e+308,59]}","{\"0\":null,\"1\":843,\"2\":1,\"3\":[607,843,714,122,607,1.7976931348623157e+308,59]}","{\"0\":null,\"1\":607,\"2\":0,\"3\":[607,843,714,122,607,1.7976931348623157e+308,59]}","{\"0\":59,\"1\":1.7976931348623157e+308,\"2\":5,\"3\":[607,843,714,122,607,1.7976931348623157e+308,59]}"]}