{"baseObjects":["[157,714,-1,122,893,893]","[157,714,-1,122,893,893]","[157,714,-1,122,893,893,1.7976931348623157e+308]","[157,714,-1,122,null,893]"],"returnObjects":["\"Error\"","null","null","null"],"callbackArgs":["{\"0\":null,\"1\":893,\"2\":5,\"3\":[157,714,-1,122,893,893]}","{\"0\":{\"655\":5e-324,\"969\":9.462873179035232e+306,\"5.560616022509346e+307\":\"P(0\",\"-1\":\",\",\"V|\":\"-q=f\"},\"1\":893,\"2\":5,\"3\":[157,714,-1,122,893,893]}","{\"0\":null,\"1\":893,\"2\":4,\"3\":[157,714,-1,122,893,893]}","{\"0\":null,\"1\":122,\"2\":3,\"3\":[157,714,-1,122,893,893]}","{\"0\":null,\"1\":-1,\"2\":2,\"3\":[157,714,-1,122,893,893]}","{\"0\":null,\"1\":714,\"2\":1,\"3\":[157,714,-1,122,893,893]}","{\"0\":null,\"1\":157,\"2\":0,\"3\":[157,714,-1,122,893,893]}","{\"0\":\"\",\"1\":893,\"2\":5,\"3\":[157,714,-1,122,893,893]}","{\"0\":null,\"1\":893,\"2\":4,\"3\":[157,714,-1,122,893,893,1.7976931348623157e+308]}","{\"0\":null,\"1\":122,\"2\":3,\"3\":[157,714,-1,122,893,893,1.7976931348623157e+308]}","{\"0\":null,\"1\":-1,\"2\":2,\"3\":[157,714,-1,122,893,893,1.7976931348623157e+308]}","{\"0\":null,\"1\":714,\"2\":1,\"3\":[157,714,-1,122,893,893,1.7976931348623157e+308]}","{\"0\":null,\"1\":157,\"2\":0,\"3\":[157,714,-1,122,893,893,1.7976931348623157e+308]}","{\"0\":893,\"1\":893,\"2\":4,\"3\":[157,714,-1,122,893,893]}","{\"0\":null,\"1\":122,\"2\":3,\"3\":[157,714,-1,122,null,893]}","{\"0\":null,\"1\":-1,\"2\":2,\"3\":[157,714,-1,122,null,893]}","{\"0\":null,\"1\":714,\"2\":1,\"3\":[157,714,-1,122,null,893]}","{\"0\":null,\"1\":157,\"2\":0,\"3\":[157,714,-1,122,null,893]}"]}