{"baseObjects":["[\"2MS|6@Od\",\"ri}c\",\"7 \",1.5986297379478063e+308,\"C\",\"i\"]","[\"2MS|6@Od\",\"ri}c\",\"7 \",\"f\",\"C\",\"i\"]","[\"2MS|6@Od\",\"ri}c\",\"7 \",\"f\",\"C\",\"i\"]","[\"2MS|6@Od\",\"ri}c\",\"7 \",\"f\",\"C\",\"i\"]"],"returnObjects":["\"s,kB(,5u,?,cI<lM,Y@nNaN2MS|6@Od,ri}c,7 ,1.5986297379478063e+308,C,iNaN2MS|6@Od,ri}c,7 ,1.5986297379478063e+308,C,iInfinity2MS|6@Od,ri}c,7 ,1.5986297379478063e+308,C,i142MS|6@Od,ri}c,7 ,1.5986297379478063e+308,C,iNaN2MS|6@Od,ri}c,7 ,1.5986297379478063e+308,C,iNaN2MS|6@Od,ri}c,7 ,1.5986297379478063e+308,C,i\"","null","\"Error\"","\"Error\""],"callbackArgs":["{\"0\":[\"s\",\"kB(\",\"5u\",\"?\",\"cI<lM\",\"Y@n\"],\"1\":\"i\",\"2\":5,\"3\":[\"2MS|6@Od\",\"ri}c\",\"7 \",\"f\",\"C\",\"i\"]}","{\"0\":\"s,kB(,5u,?,cI<lM,Y@nNaN2MS|6@Od,ri}c,7 ,1.5986297379478063e+308,C,i\",\"1\":\"C\",\"2\":4,\"3\":[\"2MS|6@Od\",\"ri}c\",\"7 \",1.5986297379478063e+308,\"C\",\"i\"]}","{\"0\":\"s,kB(,5u,?,cI<lM,Y@nNaN2MS|6@Od,ri}c,7 ,1.5986297379478063e+308,C,iNaN2MS|6@Od,ri}c,7 ,1.5986297379478063e+308,C,i\",\"1\":1.5986297379478063e+308,\"2\":3,\"3\":[\"2MS|6@Od\",\"ri}c\",\"7 \",1.5986297379478063e+308,\"C\",\"i\"]}","{\"0\":\"s,kB(,5u,?,cI<lM,Y@nNaN2MS|6@Od,ri}c,7 ,1.5986297379478063e+308,C,iNaN2MS|6@Od,ri}c,7 ,1.5986297379478063e+308,C,iInfinity2MS|6@Od,ri}c,7 ,1.5986297379478063e+308,C,i\",\"1\":\"7 \",\"2\":2,\"3\":[\"2MS|6@Od\",\"ri}c\",\"7 \",1.5986297379478063e+308,\"C\",\"i\"]}","{\"0\":\"s,kB(,5u,?,cI<lM,Y@nNaN2MS|6@Od,ri}c,7 ,1.5986297379478063e+308,C,iNaN2MS|6@Od,ri}c,7 ,1.5986297379478063e+308,C,iInfinity2MS|6@Od,ri}c,7 ,1.5986297379478063e+308,C,i142MS|6@Od,ri}c,7 ,1.5986297379478063e+308,C,i\",\"1\":\"ri}c\",\"2\":1,\"3\":[\"2MS|6@Od\",\"ri}c\",\"7 \",1.5986297379478063e+308,\"C\",\"i\"]}","{\"0\":\"s,kB(,5u,?,cI<lM,Y@nNaN2MS|6@Od,ri}c,7 ,1.5986297379478063e+308,C,iNaN2MS|6@Od,ri}c,7 ,1.5986297379478063e+308,C,iInfinity2MS|6@Od,ri}c,7 ,1.5986297379478063e+308,C,i142MS|6@Od,ri}c,7 ,1.5986297379478063e+308,C,iNaN2MS|6@Od,ri}c,7 ,1.5986297379478063e+308,C,i\",\"1\":\"2MS|6@Od\",\"2\":0,\"3\":[\"2MS|6@Od\",\"ri}c\",\"7 \",1.5986297379478063e+308,\"C\",\"i\"]}","{\"0\":\"i\",\"1\":\"C\",\"2\":4,\"3\":[\"2MS|6@Od\",\"ri}c\",\"7 \",\"f\",\"C\",\"i\"]}","{\"0\":null,\"1\":\"f\",\"2\":3,\"3\":[\"2MS|6@Od\",\"ri}c\",\"7 \",\"f\",\"C\",\"i\"]}","{\"0\":null,\"1\":\"7 \",\"2\":2,\"3\":[\"2MS|6@Od\",\"ri}c\",\"7 \",\"f\",\"C\",\"i\"]}","{\"0\":null,\"1\":\"ri}c\",\"2\":1,\"3\":[\"2MS|6@Od\",\"ri}c\",\"7 \",\"f\",\"C\",\"i\"]}","{\"0\":null,\"1\":\"2MS|6@Od\",\"2\":0,\"3\":[\"2MS|6@Od\",\"ri}c\",\"7 \",\"f\",\"C\",\"i\"]}","{\"0\":2.8435170773346306e+307,\"1\":\"i\",\"2\":5,\"3\":[\"2MS|6@Od\",\"ri}c\",\"7 \",\"f\",\"C\",\"i\"]}","{\"1\":\"i\",\"2\":5,\"3\":[\"2MS|6@Od\",\"ri}c\",\"7 \",\"f\",\"C\",\"i\"]}"]}