{"baseObjects":["[82,893,100,157,618,627,705]","[82,893,100,157,618,627,[969,82,655,49,25,783,59,49,403]]","[82,893,100,157,618,627,705]","[82,893,100,157,618,627,705]"],"returnObjects":["\"Error\"","null","null","null"],"callbackArgs":["{\"1\":705,\"2\":6,\"3\":[82,893,100,157,618,627,705]}","{\"0\":false,\"1\":705,\"2\":6,\"3\":[82,893,100,157,618,627,705]}","{\"0\":null,\"1\":627,\"2\":5,\"3\":[82,893,100,157,618,627,[969,82,655,49,25,783,59,49,403]]}","{\"0\":null,\"1\":618,\"2\":4,\"3\":[82,893,100,157,618,627,[969,82,655,49,25,783,59,49,403]]}","{\"0\":null,\"1\":157,\"2\":3,\"3\":[82,893,100,157,618,627,[969,82,655,49,25,783,59,49,403]]}","{\"0\":null,\"1\":100,\"2\":2,\"3\":[82,893,100,157,618,627,[969,82,655,49,25,783,59,49,403]]}","{\"0\":null,\"1\":893,\"2\":1,\"3\":[82,893,100,157,618,627,[969,82,655,49,25,783,59,49,403]]}","{\"0\":null,\"1\":82,\"2\":0,\"3\":[82,893,100,157,618,627,[969,82,655,49,25,783,59,49,403]]}","{\"0\":false,\"1\":705,\"2\":6,\"3\":[82,893,100,157,618,627,705]}","{\"0\":null,\"1\":627,\"2\":5,\"3\":[82,893,100,157,618,627,705]}","{\"0\":null,\"1\":618,\"2\":4,\"3\":[82,893,100,157,618,627,705]}","{\"0\":null,\"1\":157,\"2\":3,\"3\":[82,893,100,157,618,627,705]}","{\"0\":null,\"1\":100,\"2\":2,\"3\":[82,893,100,157,618,627,705]}","{\"0\":null,\"1\":893,\"2\":1,\"3\":[82,893,100,157,618,627,705]}","{\"0\":null,\"1\":82,\"2\":0,\"3\":[82,893,100,157,618,627,705]}","{\"0\":{\"213\":\"%\",\"242\":4.081899119598274e+307,\"618\":\"\",\"783\":4.065917622451771e+307,\"823\":\"G*\",\"\":\"3wc\",\">c\":\"\",\"1.4344342323097405e+308\":2.2667580232437213e+307,\"5.595825087391645e+307\":\">\"},\"1\":705,\"2\":6,\"3\":[82,893,100,157,618,627,705]}","{\"0\":null,\"1\":627,\"2\":5,\"3\":[82,893,100,157,618,627,705]}","{\"0\":null,\"1\":618,\"2\":4,\"3\":[82,893,100,157,618,627,705]}","{\"0\":null,\"1\":157,\"2\":3,\"3\":[82,893,100,157,618,627,705]}","{\"0\":null,\"1\":100,\"2\":2,\"3\":[82,893,100,157,618,627,705]}","{\"0\":null,\"1\":893,\"2\":1,\"3\":[82,893,100,157,618,627,705]}","{\"0\":null,\"1\":82,\"2\":0,\"3\":[82,893,100,157,618,627,705]}"]}