{"baseObjects":["[823,-1,\"e8q(6b\",\"?\",595,\"]\",607,-100,1.7976931348623157e+308]","[823,-1,\"e8q(6b\",\"?\",595,\"]\",607,-100,1.7976931348623157e+308]","[823,-1,\"e8q(6b\",\"?\",595,\"]\",607,-100,1.7976931348623157e+308]","[823,-1,\"e8q(6b\",\"?\",595,\"]\",607,-100,1.7976931348623157e+308]"],"returnObjects":["\"NaN]NaN595NaN?NaNe8q(6bNaN-1NaN823NaN\"","\"NaN]NaN595NaN?NaNe8q(6bNaN-1NaN823NaN\"","null","null"],"callbackArgs":["{\"0\":1.7976931348623157e+308,\"1\":-100,\"2\":7,\"3\":[823,-1,\"e8q(6b\",\"?\",595,\"]\",607,-100,1.7976931348623157e+308]}","{\"0\":null,\"1\":607,\"2\":6,\"3\":[823,-1,\"e8q(6b\",\"?\",595,\"]\",607,-100,1.7976931348623157e+308]}","{\"0\":null,\"1\":\"]\",\"2\":5,\"3\":[823,-1,\"e8q(6b\",\"?\",595,\"]\",607,-100,1.7976931348623157e+308]}","{\"0\":\"NaN]NaN\",\"1\":595,\"2\":4,\"3\":[823,-1,\"e8q(6b\",\"?\",595,\"]\",607,-100,1.7976931348623157e+308]}","{\"0\":\"NaN]NaN595NaN\",\"1\":\"?\",\"2\":3,\"3\":[823,-1,\"e8q(6b\",\"?\",595,\"]\",607,-100,1.7976931348623157e+308]}","{\"0\":\"NaN]NaN595NaN?NaN\",\"1\":\"e8q(6b\",\"2\":2,\"3\":[823,-1,\"e8q(6b\",\"?\",595,\"]\",607,-100,1.7976931348623157e+308]}","{\"0\":\"NaN]NaN595NaN?NaNe8q(6bNaN\",\"1\":-1,\"2\":1,\"3\":[823,-1,\"e8q(6b\",\"?\",595,\"]\",607,-100,1.7976931348623157e+308]}","{\"0\":\"NaN]NaN595NaN?NaNe8q(6bNaN-1NaN\",\"1\":823,\"2\":0,\"3\":[823,-1,\"e8q(6b\",\"?\",595,\"]\",607,-100,1.7976931348623157e+308]}","{\"0\":1.7976931348623157e+308,\"1\":-100,\"2\":7,\"3\":[823,-1,\"e8q(6b\",\"?\",595,\"]\",607,-100,1.7976931348623157e+308]}","{\"0\":null,\"1\":607,\"2\":6,\"3\":[823,-1,\"e8q(6b\",\"?\",595,\"]\",607,-100,1.7976931348623157e+308]}","{\"0\":null,\"1\":\"]\",\"2\":5,\"3\":[823,-1,\"e8q(6b\",\"?\",595,\"]\",607,-100,1.7976931348623157e+308]}","{\"0\":\"NaN]NaN\",\"1\":595,\"2\":4,\"3\":[823,-1,\"e8q(6b\",\"?\",595,\"]\",607,-100,1.7976931348623157e+308]}","{\"0\":\"NaN]NaN595NaN\",\"1\":\"?\",\"2\":3,\"3\":[823,-1,\"e8q(6b\",\"?\",595,\"]\",607,-100,1.7976931348623157e+308]}","{\"0\":\"NaN]NaN595NaN?NaN\",\"1\":\"e8q(6b\",\"2\":2,\"3\":[823,-1,\"e8q(6b\",\"?\",595,\"]\",607,-100,1.7976931348623157e+308]}","{\"0\":\"NaN]NaN595NaN?NaNe8q(6bNaN\",\"1\":-1,\"2\":1,\"3\":[823,-1,\"e8q(6b\",\"?\",595,\"]\",607,-100,1.7976931348623157e+308]}","{\"0\":\"NaN]NaN595NaN?NaNe8q(6bNaN-1NaN\",\"1\":823,\"2\":0,\"3\":[823,-1,\"e8q(6b\",\"?\",595,\"]\",607,-100,1.7976931348623157e+308]}","{\"0\":1.7976931348623157e+308,\"1\":-100,\"2\":7,\"3\":[823,-1,\"e8q(6b\",\"?\",595,\"]\",607,-100,1.7976931348623157e+308]}","{\"0\":null,\"1\":607,\"2\":6,\"3\":[823,-1,\"e8q(6b\",\"?\",595,\"]\",607,-100,1.7976931348623157e+308]}","{\"0\":null,\"1\":\"]\",\"2\":5,\"3\":[823,-1,\"e8q(6b\",\"?\",595,\"]\",607,-100,1.7976931348623157e+308]}","{\"0\":null,\"1\":595,\"2\":4,\"3\":[823,-1,\"e8q(6b\",\"?\",595,\"]\",607,-100,1.7976931348623157e+308]}","{\"0\":null,\"1\":\"?\",\"2\":3,\"3\":[823,-1,\"e8q(6b\",\"?\",595,\"]\",607,-100,1.7976931348623157e+308]}","{\"0\":null,\"1\":\"e8q(6b\",\"2\":2,\"3\":[823,-1,\"e8q(6b\",\"?\",595,\"]\",607,-100,1.7976931348623157e+308]}","{\"0\":null,\"1\":-1,\"2\":1,\"3\":[823,-1,\"e8q(6b\",\"?\",595,\"]\",607,-100,1.7976931348623157e+308]}","{\"0\":null,\"1\":823,\"2\":0,\"3\":[823,-1,\"e8q(6b\",\"?\",595,\"]\",607,-100,1.7976931348623157e+308]}","{\"0\":[969,783,122],\"1\":1.7976931348623157e+308,\"2\":8,\"3\":[823,-1,\"e8q(6b\",\"?\",595,\"]\",607,-100,1.7976931348623157e+308]}","{\"0\":null,\"1\":-100,\"2\":7,\"3\":[823,-1,\"e8q(6b\",\"?\",595,\"]\",607,-100,1.7976931348623157e+308]}","{\"0\":null,\"1\":607,\"2\":6,\"3\":[823,-1,\"e8q(6b\",\"?\",595,\"]\",607,-100,1.7976931348623157e+308]}","{\"0\":null,\"1\":\"]\",\"2\":5,\"3\":[823,-1,\"e8q(6b\",\"?\",595,\"]\",607,-100,1.7976931348623157e+308]}","{\"0\":null,\"1\":595,\"2\":4,\"3\":[823,-1,\"e8q(6b\",\"?\",595,\"]\",607,-100,1.7976931348623157e+308]}","{\"0\":null,\"1\":\"?\",\"2\":3,\"3\":[823,-1,\"e8q(6b\",\"?\",595,\"]\",607,-100,1.7976931348623157e+308]}","{\"0\":null,\"1\":\"e8q(6b\",\"2\":2,\"3\":[823,-1,\"e8q(6b\",\"?\",595,\"]\",607,-100,1.7976931348623157e+308]}","{\"0\":null,\"1\":-1,\"2\":1,\"3\":[823,-1,\"e8q(6b\",\"?\",595,\"]\",607,-100,1.7976931348623157e+308]}","{\"0\":null,\"1\":823,\"2\":0,\"3\":[823,-1,\"e8q(6b\",\"?\",595,\"]\",607,-100,1.7976931348623157e+308]}"]}