{"baseObjects":["[783,705,100,1.7976931348623157e+308,-1,0,59,59]","[783,705,100,1.7976931348623157e+308,-1,0,59,59]","[783,705,100,1.7976931348623157e+308,-1,0,59,59]","[783,705,100,1.7976931348623157e+308,-1,0,59,59]"],"returnObjects":["null","\"Error\"","\"Error\"","\"Error\""],"callbackArgs":["{\"0\":null,\"1\":59,\"2\":7,\"3\":[783,705,100,1.7976931348623157e+308,-1,0,59,59]}","{\"0\":null,\"1\":59,\"2\":6,\"3\":[783,705,100,1.7976931348623157e+308,-1,0,59,59]}","{\"0\":null,\"1\":0,\"2\":5,\"3\":[783,705,100,1.7976931348623157e+308,-1,0,59,59]}","{\"0\":null,\"1\":-1,\"2\":4,\"3\":[783,705,100,1.7976931348623157e+308,-1,0,59,59]}","{\"0\":null,\"1\":1.7976931348623157e+308,\"2\":3,\"3\":[783,705,100,1.7976931348623157e+308,-1,0,59,59]}","{\"0\":null,\"1\":100,\"2\":2,\"3\":[783,705,100,1.7976931348623157e+308,-1,0,59,59]}","{\"0\":null,\"1\":705,\"2\":1,\"3\":[783,705,100,1.7976931348623157e+308,-1,0,59,59]}","{\"0\":null,\"1\":783,\"2\":0,\"3\":[783,705,100,1.7976931348623157e+308,-1,0,59,59]}","{\"0\":null,\"1\":59,\"2\":7,\"3\":[783,705,100,1.7976931348623157e+308,-1,0,59,59]}","{\"0\":null,\"1\":59,\"2\":7,\"3\":[783,705,100,1.7976931348623157e+308,-1,0,59,59]}","{\"0\":59,\"1\":59,\"2\":6,\"3\":[783,705,100,1.7976931348623157e+308,-1,0,59,59]}"]}