{"baseObjects":["[403,0,655,618,59,618,-1,25,59,705]","[403,0,655,null,59,618,-1,25,59,705]","[403,0,655,618,59,618,-1,25,59,705]","[403,0,126,618,59,618,-1,25,59,705]"],"returnObjects":["null","null","\"Error\"","\"Error\""],"callbackArgs":["{\"0\":{\"122\":1.7445391789088273e+308,\"126\":\"\",\"893\":5.142596967465889e+307,\"2.645409972507282e+307\":1.775070073389909e+308,\"\":59,\"E\":9.690986220648954e+307,\")\":\"R\"},\"1\":705,\"2\":9,\"3\":[403,0,655,618,59,618,-1,25,59,705]}","{\"0\":null,\"1\":59,\"2\":8,\"3\":[403,0,655,618,59,618,-1,25,59,705]}","{\"0\":null,\"1\":25,\"2\":7,\"3\":[403,0,655,618,59,618,-1,25,59,705]}","{\"0\":null,\"1\":-1,\"2\":6,\"3\":[403,0,655,618,59,618,-1,25,59,705]}","{\"0\":null,\"1\":618,\"2\":5,\"3\":[403,0,655,618,59,618,-1,25,59,705]}","{\"0\":null,\"1\":59,\"2\":4,\"3\":[403,0,655,618,59,618,-1,25,59,705]}","{\"0\":null,\"1\":618,\"2\":3,\"3\":[403,0,655,618,59,618,-1,25,59,705]}","{\"0\":null,\"1\":655,\"2\":2,\"3\":[403,0,655,618,59,618,-1,25,59,705]}","{\"0\":null,\"1\":0,\"2\":1,\"3\":[403,0,655,618,59,618,-1,25,59,705]}","{\"0\":null,\"1\":403,\"2\":0,\"3\":[403,0,655,618,59,618,-1,25,59,705]}","{\"0\":{},\"1\":705,\"2\":9,\"3\":[403,0,655,618,59,618,-1,25,59,705]}","{\"0\":null,\"1\":59,\"2\":8,\"3\":[403,0,655,null,59,618,-1,25,59,705]}","{\"0\":null,\"1\":25,\"2\":7,\"3\":[403,0,655,null,59,618,-1,25,59,705]}","{\"0\":null,\"1\":-1,\"2\":6,\"3\":[403,0,655,null,59,618,-1,25,59,705]}","{\"0\":null,\"1\":618,\"2\":5,\"3\":[403,0,655,null,59,618,-1,25,59,705]}","{\"0\":null,\"1\":59,\"2\":4,\"3\":[403,0,655,null,59,618,-1,25,59,705]}","{\"0\":null,\"1\":null,\"2\":3,\"3\":[403,0,655,null,59,618,-1,25,59,705]}","{\"0\":null,\"1\":655,\"2\":2,\"3\":[403,0,655,null,59,618,-1,25,59,705]}","{\"0\":null,\"1\":0,\"2\":1,\"3\":[403,0,655,null,59,618,-1,25,59,705]}","{\"0\":null,\"1\":403,\"2\":0,\"3\":[403,0,655,null,59,618,-1,25,59,705]}","{\"0\":705,\"1\":59,\"2\":8,\"3\":[403,0,655,618,59,618,-1,25,59,705]}","{\"0\":705,\"1\":59,\"2\":8,\"3\":[403,0,655,618,59,618,-1,25,59,705]}"]}