{"baseObjects":["[705,893,843,618,{\"\":49,\"1.6103665787765955e+308\":843}]","[705,893,843,618]","[705,893,843,618,null,null,null,\"\"]","[705,893,843,618]"],"returnObjects":["null","\"Error\"","null","null"],"callbackArgs":["{\"0\":null,\"1\":618,\"2\":3,\"3\":[705,893,843,618]}","{\"0\":null,\"1\":843,\"2\":2,\"3\":[705,893,843,618,{\"\":49,\"1.6103665787765955e+308\":843}]}","{\"0\":null,\"1\":893,\"2\":1,\"3\":[705,893,843,618,{\"\":49,\"1.6103665787765955e+308\":843}]}","{\"0\":null,\"1\":705,\"2\":0,\"3\":[705,893,843,618,{\"\":49,\"1.6103665787765955e+308\":843}]}","{\"0\":{\"\":1.0555583009664232e+307,\"1.6122823333188358e+308\":\"g\",\"K\":\"\",\"q\":\"\",\"%\":1.6032298315810952e+308,\"Y\":1.0682030165965163e+308,\"1.1073410092684749e+308\":1.2871558233328808e+308,\"1.6975638337464941e+308\":\"\",\"wIs\":783},\"1\":618,\"2\":3,\"3\":[705,893,843,618]}","{\"0\":618,\"1\":843,\"2\":2,\"3\":[705,893,843,618]}","{\"0\":null,\"1\":893,\"2\":1,\"3\":[705,893,843,618,null,null,null,\"\"]}","{\"0\":null,\"1\":705,\"2\":0,\"3\":[705,893,843,618,null,null,null,\"\"]}","{\"0\":\"\",\"1\":618,\"2\":3,\"3\":[705,893,843,618]}","{\"0\":null,\"1\":843,\"2\":2,\"3\":[705,893,843,618]}","{\"0\":null,\"1\":893,\"2\":1,\"3\":[705,893,843,618]}","{\"0\":null,\"1\":705,\"2\":0,\"3\":[705,893,843,618]}"]}