{"baseObjects":["[618,460,823,627,618,157,-100]","[618,460,823,627,618,157,-100]","[618,460,823,627,618,157,-100]","[618,460,823,627,618,157,-100]"],"returnObjects":["\"Error\"","\"NaN618,460,823,627,618,157,-100\"","\"NaN618,460,823,627,618,157,-100\"","\"Error\""],"callbackArgs":["{\"0\":null,\"1\":-100,\"2\":6,\"3\":[618,460,823,627,618,157,-100]}","{\"0\":{\"25\":\"]\",\"242\":\"#\",\"1.208342197365377e+306\":25,\"\":\"\",\"1.1181143377846944e+308\":\"\"},\"1\":-100,\"2\":6,\"3\":[618,460,823,627,618,157,-100]}","{\"0\":\"NaN618,460,823,627,618,157,-100\",\"1\":157,\"2\":5,\"3\":[618,460,823,627,618,157,-100]}","{\"0\":\"NaN618,460,823,627,618,157,-100\",\"1\":618,\"2\":4,\"3\":[618,460,823,627,618,157,-100]}","{\"0\":\"NaN618,460,823,627,618,157,-100\",\"1\":627,\"2\":3,\"3\":[618,460,823,627,618,157,-100]}","{\"0\":\"NaN618,460,823,627,618,157,-100\",\"1\":823,\"2\":2,\"3\":[618,460,823,627,618,157,-100]}","{\"0\":\"NaN618,460,823,627,618,157,-100\",\"1\":460,\"2\":1,\"3\":[618,460,823,627,618,157,-100]}","{\"0\":\"NaN618,460,823,627,618,157,-100\",\"1\":618,\"2\":0,\"3\":[618,460,823,627,618,157,-100]}","{\"0\":false,\"1\":-100,\"2\":6,\"3\":[618,460,823,627,618,157,-100]}","{\"0\":\"0618,460,823,627,618,157,-100\",\"1\":157,\"2\":5,\"3\":[618,460,823,627,618,157,-100]}","{\"0\":\"NaN618,460,823,627,618,157,-100\",\"1\":618,\"2\":4,\"3\":[618,460,823,627,618,157,-100]}","{\"0\":\"NaN618,460,823,627,618,157,-100\",\"1\":627,\"2\":3,\"3\":[618,460,823,627,618,157,-100]}","{\"0\":\"NaN618,460,823,627,618,157,-100\",\"1\":823,\"2\":2,\"3\":[618,460,823,627,618,157,-100]}","{\"0\":\"NaN618,460,823,627,618,157,-100\",\"1\":460,\"2\":1,\"3\":[618,460,823,627,618,157,-100]}","{\"0\":\"NaN618,460,823,627,618,157,-100\",\"1\":618,\"2\":0,\"3\":[618,460,823,627,618,157,-100]}","{\"0\":-100,\"1\":157,\"2\":5,\"3\":[618,460,823,627,618,157,-100]}"]}