{"baseObjects":["[783,242]","[783,242,null,null,null,null,9.845417399693916e+307]","[783,242]","[783,242]"],"returnObjects":["\"NaN783,242\"","\"0783,242,,,,,9.845417399693916e+307\"","\"Error\"","\"Error\""],"callbackArgs":["{\"0\":[843,\"9\",\"D\",49,25,1.7976931348623157e+308,\"R\",893],\"1\":242,\"2\":1,\"3\":[783,242]}","{\"0\":\"NaN783,242\",\"1\":783,\"2\":0,\"3\":[783,242]}","{\"0\":242,\"1\":783,\"2\":0,\"3\":[783,242]}","{\"1\":242,\"2\":1,\"3\":[783,242]}","{\"1\":242,\"2\":1,\"3\":[783,242]}"]}