{"baseObjects":["[-1,\"&\",1.7976931348623157e+308]","[-1,\"&\",1.7976931348623157e+308]","[-1,\"&\",1.7976931348623157e+308]","[-1,\"&\",1.7976931348623157e+308]"],"returnObjects":["\"Error\"","null","null","\"NaN-1,&,1.7976931348623157e+308\""],"callbackArgs":["{\"0\":1.7976931348623157e+308,\"1\":\"&\",\"2\":1,\"3\":[-1,\"&\",1.7976931348623157e+308]}","{\"1\":1.7976931348623157e+308,\"2\":2,\"3\":[-1,\"&\",1.7976931348623157e+308]}","{\"0\":null,\"1\":\"&\",\"2\":1,\"3\":[-1,\"&\",1.7976931348623157e+308]}","{\"0\":null,\"1\":-1,\"2\":0,\"3\":[-1,\"&\",1.7976931348623157e+308]}","{\"0\":1.7976931348623157e+308,\"1\":\"&\",\"2\":1,\"3\":[-1,\"&\",1.7976931348623157e+308]}","{\"0\":null,\"1\":-1,\"2\":0,\"3\":[-1,\"&\",1.7976931348623157e+308]}","{\"0\":\"\",\"1\":1.7976931348623157e+308,\"2\":2,\"3\":[-1,\"&\",1.7976931348623157e+308]}","{\"0\":\"-1.7976931348623157e+308-1,&,1.7976931348623157e+308\",\"1\":\"&\",\"2\":1,\"3\":[-1,\"&\",1.7976931348623157e+308]}","{\"0\":\"NaN-1,&,1.7976931348623157e+308\",\"1\":-1,\"2\":0,\"3\":[-1,\"&\",1.7976931348623157e+308]}"]}