{"baseObjects":["[false,5e-324,100,0,-1,823,[627,403,157,783,627,157,843],595,403]","[1.7976931348623157e+308,5e-324,100,0,-1,823,655,595,\"\"]","[1.7976931348623157e+308,5e-324,100,843,-1,823,655,595,403]","[1.7976931348623157e+308,5e-324,100,0,-1,823,655,595,403]"],"returnObjects":["\"NaNfalse,5e-324,100,0,-1,823,627,403,157,783,627,157,843,595,403\"","null","null","\"Error\""],"callbackArgs":["{\"0\":false,\"1\":403,\"2\":8,\"3\":[1.7976931348623157e+308,5e-324,100,0,-1,823,655,595,403]}","{\"0\":\"-8false,5e-324,100,0,-1,823,627,403,157,783,627,157,843,595,403\",\"1\":595,\"2\":7,\"3\":[false,5e-324,100,0,-1,823,[627,403,157,783,627,157,843],595,403]}","{\"0\":\"NaNfalse,5e-324,100,0,-1,823,627,403,157,783,627,157,843,595,403\",\"1\":[627,403,157,783,627,157,843],\"2\":6,\"3\":[false,5e-324,100,0,-1,823,[627,403,157,783,627,157,843],595,403]}","{\"0\":\"NaNfalse,5e-324,100,0,-1,823,627,403,157,783,627,157,843,595,403\",\"1\":823,\"2\":5,\"3\":[false,5e-324,100,0,-1,823,[627,403,157,783,627,157,843],595,403]}","{\"0\":\"NaNfalse,5e-324,100,0,-1,823,627,403,157,783,627,157,843,595,403\",\"1\":-1,\"2\":4,\"3\":[false,5e-324,100,0,-1,823,[627,403,157,783,627,157,843],595,403]}","{\"0\":\"NaNfalse,5e-324,100,0,-1,823,627,403,157,783,627,157,843,595,403\",\"1\":0,\"2\":3,\"3\":[false,5e-324,100,0,-1,823,[627,403,157,783,627,157,843],595,403]}","{\"0\":\"NaNfalse,5e-324,100,0,-1,823,627,403,157,783,627,157,843,595,403\",\"1\":100,\"2\":2,\"3\":[false,5e-324,100,0,-1,823,[627,403,157,783,627,157,843],595,403]}","{\"0\":\"NaNfalse,5e-324,100,0,-1,823,627,403,157,783,627,157,843,595,403\",\"1\":5e-324,\"2\":1,\"3\":[false,5e-324,100,0,-1,823,[627,403,157,783,627,157,843],595,403]}","{\"0\":\"NaNfalse,5e-324,100,0,-1,823,627,403,157,783,627,157,843,595,403\",\"1\":false,\"2\":0,\"3\":[false,5e-324,100,0,-1,823,[627,403,157,783,627,157,843],595,403]}","{\"0\":true,\"1\":403,\"2\":8,\"3\":[1.7976931348623157e+308,5e-324,100,0,-1,823,655,595,403]}","{\"0\":null,\"1\":595,\"2\":7,\"3\":[1.7976931348623157e+308,5e-324,100,0,-1,823,655,595,\"\"]}","{\"0\":null,\"1\":655,\"2\":6,\"3\":[1.7976931348623157e+308,5e-324,100,0,-1,823,655,595,\"\"]}","{\"0\":null,\"1\":823,\"2\":5,\"3\":[1.7976931348623157e+308,5e-324,100,0,-1,823,655,595,\"\"]}","{\"0\":null,\"1\":-1,\"2\":4,\"3\":[1.7976931348623157e+308,5e-324,100,0,-1,823,655,595,\"\"]}","{\"0\":null,\"1\":0,\"2\":3,\"3\":[1.7976931348623157e+308,5e-324,100,0,-1,823,655,595,\"\"]}","{\"0\":null,\"1\":100,\"2\":2,\"3\":[1.7976931348623157e+308,5e-324,100,0,-1,823,655,595,\"\"]}","{\"0\":null,\"1\":5e-324,\"2\":1,\"3\":[1.7976931348623157e+308,5e-324,100,0,-1,823,655,595,\"\"]}","{\"0\":null,\"1\":1.7976931348623157e+308,\"2\":0,\"3\":[1.7976931348623157e+308,5e-324,100,0,-1,823,655,595,\"\"]}","{\"0\":403,\"1\":595,\"2\":7,\"3\":[1.7976931348623157e+308,5e-324,100,0,-1,823,655,595,403]}","{\"0\":null,\"1\":655,\"2\":6,\"3\":[1.7976931348623157e+308,5e-324,100,843,-1,823,655,595,403]}","{\"0\":null,\"1\":823,\"2\":5,\"3\":[1.7976931348623157e+308,5e-324,100,843,-1,823,655,595,403]}","{\"0\":null,\"1\":-1,\"2\":4,\"3\":[1.7976931348623157e+308,5e-324,100,843,-1,823,655,595,403]}","{\"0\":null,\"1\":843,\"2\":3,\"3\":[1.7976931348623157e+308,5e-324,100,843,-1,823,655,595,403]}","{\"0\":null,\"1\":100,\"2\":2,\"3\":[1.7976931348623157e+308,5e-324,100,843,-1,823,655,595,403]}","{\"0\":null,\"1\":5e-324,\"2\":1,\"3\":[1.7976931348623157e+308,5e-324,100,843,-1,823,655,595,403]}","{\"0\":null,\"1\":1.7976931348623157e+308,\"2\":0,\"3\":[1.7976931348623157e+308,5e-324,100,843,-1,823,655,595,403]}","{\"0\":null,\"1\":403,\"2\":8,\"3\":[1.7976931348623157e+308,5e-324,100,0,-1,823,655,595,403]}"]}