{"baseObjects":["[25,607,122,213,242,-1,null,null,true]","[25,607,122,false,242,-1]","[25,607,122,213,242,-1]","[25,607,122,213,242,-1]"],"returnObjects":["\"24525,607,122,213,242,-1,,,true213325,607,122,213,242,-1,,,true122225,607,122,213,242,-1,,,true607125,607,122,213,242,-1,,,true25025,607,122,213,242,-1,,,true\"","null","null","\"Error\""],"callbackArgs":["{\"0\":-1,\"1\":242,\"2\":4,\"3\":[25,607,122,213,242,-1]}","{\"0\":\"24525,607,122,213,242,-1,,,true\",\"1\":213,\"2\":3,\"3\":[25,607,122,213,242,-1,null,null,true]}","{\"0\":\"24525,607,122,213,242,-1,,,true213325,607,122,213,242,-1,,,true\",\"1\":122,\"2\":2,\"3\":[25,607,122,213,242,-1,null,null,true]}","{\"0\":\"24525,607,122,213,242,-1,,,true213325,607,122,213,242,-1,,,true122225,607,122,213,242,-1,,,true\",\"1\":607,\"2\":1,\"3\":[25,607,122,213,242,-1,null,null,true]}","{\"0\":\"24525,607,122,213,242,-1,,,true213325,607,122,213,242,-1,,,true122225,607,122,213,242,-1,,,true607125,607,122,213,242,-1,,,true\",\"1\":25,\"2\":0,\"3\":[25,607,122,213,242,-1,null,null,true]}","{\"0\":{\"157\":\"xY\",\"\":\"e\",\"1.7763952355961887e+308\":\"\",\"1.1483898503935065e+308\":\"\",\"4.085914547259411e+306\":6.429811537890245e+307,\"-100\":1.2846022584847967e+308,\"1.125654186105667e+308\":\"6@\",\"2.7034750107470893e+307\":655,\"1.6407594021899624e+308\":157,\"T\":false},\"1\":-1,\"2\":5,\"3\":[25,607,122,213,242,-1]}","{\"0\":null,\"1\":242,\"2\":4,\"3\":[25,607,122,false,242,-1]}","{\"0\":null,\"1\":false,\"2\":3,\"3\":[25,607,122,false,242,-1]}","{\"0\":null,\"1\":122,\"2\":2,\"3\":[25,607,122,false,242,-1]}","{\"0\":null,\"1\":607,\"2\":1,\"3\":[25,607,122,false,242,-1]}","{\"0\":null,\"1\":25,\"2\":0,\"3\":[25,607,122,false,242,-1]}","{\"1\":-1,\"2\":5,\"3\":[25,607,122,213,242,-1]}","{\"0\":null,\"1\":242,\"2\":4,\"3\":[25,607,122,213,242,-1]}","{\"0\":null,\"1\":213,\"2\":3,\"3\":[25,607,122,213,242,-1]}","{\"0\":null,\"1\":122,\"2\":2,\"3\":[25,607,122,213,242,-1]}","{\"0\":null,\"1\":607,\"2\":1,\"3\":[25,607,122,213,242,-1]}","{\"0\":null,\"1\":25,\"2\":0,\"3\":[25,607,122,213,242,-1]}","{\"1\":-1,\"2\":5,\"3\":[25,607,122,213,242,-1]}"]}