{"baseObjects":["[705,893,126,783,823]","[705,893,126,783,823]","[-1,[\">Vn\",\"S:\",\":\",893,893,823,\"VKy\",\"Wz\"],126,783,823]","[705,893,126,783,823]"],"returnObjects":["null","\"Error\"","null","\"NaN705,893,126,783,823\""],"callbackArgs":["{\"0\":823,\"1\":783,\"2\":3,\"3\":[705,893,126,783,823]}","{\"0\":null,\"1\":126,\"2\":2,\"3\":[705,893,126,783,823]}","{\"0\":null,\"1\":893,\"2\":1,\"3\":[705,893,126,783,823]}","{\"0\":null,\"1\":705,\"2\":0,\"3\":[705,893,126,783,823]}","{\"0\":{\"1.6392958730591036e+308\":\"\",\"\":\"\",\"3.6237389157406506e+307\":403},\"1\":823,\"2\":4,\"3\":[705,893,126,783,823]}","{\"0\":null,\"1\":783,\"2\":3,\"3\":[-1,[\">Vn\",\"S:\",\":\",893,893,823,\"VKy\",\"Wz\"],126,783,823]}","{\"0\":null,\"1\":126,\"2\":2,\"3\":[-1,[\">Vn\",\"S:\",\":\",893,893,823,\"VKy\",\"Wz\"],126,783,823]}","{\"0\":null,\"1\":[\">Vn\",\"S:\",\":\",893,893,823,\"VKy\",\"Wz\"],\"2\":1,\"3\":[-1,[\">Vn\",\"S:\",\":\",893,893,823,\"VKy\",\"Wz\"],126,783,823]}","{\"0\":null,\"1\":-1,\"2\":0,\"3\":[-1,[\">Vn\",\"S:\",\":\",893,893,823,\"VKy\",\"Wz\"],126,783,823]}","{\"0\":false,\"1\":823,\"2\":4,\"3\":[705,893,126,783,823]}","{\"0\":\"-4705,893,126,783,823\",\"1\":783,\"2\":3,\"3\":[705,893,126,783,823]}","{\"0\":\"NaN705,893,126,783,823\",\"1\":126,\"2\":2,\"3\":[705,893,126,783,823]}","{\"0\":\"NaN705,893,126,783,823\",\"1\":893,\"2\":1,\"3\":[705,893,126,783,823]}","{\"0\":\"NaN705,893,126,783,823\",\"1\":705,\"2\":0,\"3\":[705,893,126,783,823]}"]}