{"baseObjects":["[843,595,969,242,82,627,705,49]","[843,595,969,242,82,627,705,49]","[843,595,969,242,82,627,705,49]","[843,595,969,242,82,627,705,49]"],"returnObjects":["null","\"Error\"","\"NaN843,595,969,242,82,627,705,49\"","\"Error\""],"callbackArgs":["{\"0\":false,\"1\":49,\"2\":7,\"3\":[843,595,969,242,82,627,705,49]}","{\"0\":null,\"1\":705,\"2\":6,\"3\":[843,595,969,242,82,627,705,49]}","{\"0\":null,\"1\":627,\"2\":5,\"3\":[843,595,969,242,82,627,705,49]}","{\"0\":null,\"1\":82,\"2\":4,\"3\":[843,595,969,242,82,627,705,49]}","{\"0\":null,\"1\":242,\"2\":3,\"3\":[843,595,969,242,82,627,705,49]}","{\"0\":null,\"1\":969,\"2\":2,\"3\":[843,595,969,242,82,627,705,49]}","{\"0\":null,\"1\":595,\"2\":1,\"3\":[843,595,969,242,82,627,705,49]}","{\"0\":null,\"1\":843,\"2\":0,\"3\":[843,595,969,242,82,627,705,49]}","{\"0\":null,\"1\":49,\"2\":7,\"3\":[843,595,969,242,82,627,705,49]}","{\"0\":49,\"1\":705,\"2\":6,\"3\":[843,595,969,242,82,627,705,49]}","{\"0\":\"-5.930496453900709843,595,969,242,82,627,705,49\",\"1\":627,\"2\":5,\"3\":[843,595,969,242,82,627,705,49]}","{\"0\":\"NaN843,595,969,242,82,627,705,49\",\"1\":82,\"2\":4,\"3\":[843,595,969,242,82,627,705,49]}","{\"0\":\"NaN843,595,969,242,82,627,705,49\",\"1\":242,\"2\":3,\"3\":[843,595,969,242,82,627,705,49]}","{\"0\":\"NaN843,595,969,242,82,627,705,49\",\"1\":969,\"2\":2,\"3\":[843,595,969,242,82,627,705,49]}","{\"0\":\"NaN843,595,969,242,82,627,705,49\",\"1\":595,\"2\":1,\"3\":[843,595,969,242,82,627,705,49]}","{\"0\":\"NaN843,595,969,242,82,627,705,49\",\"1\":843,\"2\":0,\"3\":[843,595,969,242,82,627,705,49]}","{\"0\":{\"655\":\"!\",\"\":\"g3=\",\"4.330026102563986e+307\":1.3057861926161424e+308},\"1\":49,\"2\":7,\"3\":[843,595,969,242,82,627,705,49]}"]}