{"baseObjects":["[1.7976931348623157e+308,893,627,25,893,59,783]","[1.7976931348623157e+308,893,627,25,893,59,783]","[1.7976931348623157e+308,893,627,25,893,59,783]","[1.7976931348623157e+308,893,627,25,893,59,783]"],"returnObjects":["\"NaN1.7976931348623157e+308,893,627,25,893,59,783\"","\"B78361.7976931348623157e+308,893,627,25,893,59,7835951.7976931348623157e+308,893,627,25,893,59,78389341.7976931348623157e+308,893,627,25,893,59,7832531.7976931348623157e+308,893,627,25,893,59,78362721.7976931348623157e+308,893,627,25,893,59,78389311.7976931348623157e+308,893,627,25,893,59,7831.7976931348623157e+30801.7976931348623157e+308,893,627,25,893,59,783\"","null","\"Error\""],"callbackArgs":["{\"0\":25,\"1\":783,\"2\":6,\"3\":[1.7976931348623157e+308,893,627,25,893,59,783]}","{\"0\":\"-46731.7976931348623157e+308,893,627,25,893,59,783\",\"1\":59,\"2\":5,\"3\":[1.7976931348623157e+308,893,627,25,893,59,783]}","{\"0\":\"NaN1.7976931348623157e+308,893,627,25,893,59,783\",\"1\":893,\"2\":4,\"3\":[1.7976931348623157e+308,893,627,25,893,59,783]}","{\"0\":\"NaN1.7976931348623157e+308,893,627,25,893,59,783\",\"1\":25,\"2\":3,\"3\":[1.7976931348623157e+308,893,627,25,893,59,783]}","{\"0\":\"NaN1.7976931348623157e+308,893,627,25,893,59,783\",\"1\":627,\"2\":2,\"3\":[1.7976931348623157e+308,893,627,25,893,59,783]}","{\"0\":\"NaN1.7976931348623157e+308,893,627,25,893,59,783\",\"1\":893,\"2\":1,\"3\":[1.7976931348623157e+308,893,627,25,893,59,783]}","{\"0\":\"NaN1.7976931348623157e+308,893,627,25,893,59,783\",\"1\":1.7976931348623157e+308,\"2\":0,\"3\":[1.7976931348623157e+308,893,627,25,893,59,783]}","{\"0\":\"B\",\"1\":783,\"2\":6,\"3\":[1.7976931348623157e+308,893,627,25,893,59,783]}","{\"0\":\"B78361.7976931348623157e+308,893,627,25,893,59,783\",\"1\":59,\"2\":5,\"3\":[1.7976931348623157e+308,893,627,25,893,59,783]}","{\"0\":\"B78361.7976931348623157e+308,893,627,25,893,59,7835951.7976931348623157e+308,893,627,25,893,59,783\",\"1\":893,\"2\":4,\"3\":[1.7976931348623157e+308,893,627,25,893,59,783]}","{\"0\":\"B78361.7976931348623157e+308,893,627,25,893,59,7835951.7976931348623157e+308,893,627,25,893,59,78389341.7976931348623157e+308,893,627,25,893,59,783\",\"1\":25,\"2\":3,\"3\":[1.7976931348623157e+308,893,627,25,893,59,783]}","{\"0\":\"B78361.7976931348623157e+308,893,627,25,893,59,7835951.7976931348623157e+308,893,627,25,893,59,78389341.7976931348623157e+308,893,627,25,893,59,7832531.7976931348623157e+308,893,627,25,893,59,783\",\"1\":627,\"2\":2,\"3\":[1.7976931348623157e+308,893,627,25,893,59,783]}","{\"0\":\"B78361.7976931348623157e+308,893,627,25,893,59,7835951.7976931348623157e+308,893,627,25,893,59,78389341.7976931348623157e+308,893,627,25,893,59,7832531.7976931348623157e+308,893,627,25,893,59,78362721.7976931348623157e+308,893,627,25,893,59,783\",\"1\":893,\"2\":1,\"3\":[1.7976931348623157e+308,893,627,25,893,59,783]}","{\"0\":\"B78361.7976931348623157e+308,893,627,25,893,59,7835951.7976931348623157e+308,893,627,25,893,59,78389341.7976931348623157e+308,893,627,25,893,59,7832531.7976931348623157e+308,893,627,25,893,59,78362721.7976931348623157e+308,893,627,25,893,59,78389311.7976931348623157e+308,893,627,25,893,59,783\",\"1\":1.7976931348623157e+308,\"2\":0,\"3\":[1.7976931348623157e+308,893,627,25,893,59,783]}","{\"0\":[627,595,82,-1,82,59,969,655],\"1\":783,\"2\":6,\"3\":[1.7976931348623157e+308,893,627,25,893,59,783]}","{\"0\":null,\"1\":59,\"2\":5,\"3\":[1.7976931348623157e+308,893,627,25,893,59,783]}","{\"0\":null,\"1\":893,\"2\":4,\"3\":[1.7976931348623157e+308,893,627,25,893,59,783]}","{\"0\":null,\"1\":25,\"2\":3,\"3\":[1.7976931348623157e+308,893,627,25,893,59,783]}","{\"0\":null,\"1\":627,\"2\":2,\"3\":[1.7976931348623157e+308,893,627,25,893,59,783]}","{\"0\":null,\"1\":893,\"2\":1,\"3\":[1.7976931348623157e+308,893,627,25,893,59,783]}","{\"0\":null,\"1\":1.7976931348623157e+308,\"2\":0,\"3\":[1.7976931348623157e+308,893,627,25,893,59,783]}","{\"1\":783,\"2\":6,\"3\":[1.7976931348623157e+308,893,627,25,893,59,783]}"]}