{"baseObjects":["[82,242,783,893,59,783,655]","[82,242,783,893,59,783,655]","[82,242,783,893,59,783,655]","[{\"893\":5.580362510199541e+307,\"-\":5.055661947856935e+307,\"1.353019945122574e+307\":\"\",\"3.7238091336632283e+307\":\"\",\"\":655,\"1.0482505559629726e+308\":607,\"x\":122},242,783,893,59,783,655]"],"returnObjects":["null","\"&U393082,242,783,893,59,783,655391582,242,783,893,59,783,65523682,242,783,893,59,783,655267982,242,783,893,59,783,655156682,242,783,893,59,783,65524282,242,783,893,59,783,655082,242,783,893,59,783,655\"","null","null"],"callbackArgs":["{\"0\":{},\"1\":655,\"2\":6,\"3\":[82,242,783,893,59,783,655]}","{\"0\":null,\"1\":783,\"2\":5,\"3\":[82,242,783,893,59,783,655]}","{\"0\":null,\"1\":59,\"2\":4,\"3\":[82,242,783,893,59,783,655]}","{\"0\":null,\"1\":893,\"2\":3,\"3\":[82,242,783,893,59,783,655]}","{\"0\":null,\"1\":783,\"2\":2,\"3\":[82,242,783,893,59,783,655]}","{\"0\":null,\"1\":242,\"2\":1,\"3\":[82,242,783,893,59,783,655]}","{\"0\":null,\"1\":82,\"2\":0,\"3\":[82,242,783,893,59,783,655]}","{\"0\":[\"&U\"],\"1\":655,\"2\":6,\"3\":[82,242,783,893,59,783,655]}","{\"0\":\"&U393082,242,783,893,59,783,655\",\"1\":783,\"2\":5,\"3\":[82,242,783,893,59,783,655]}","{\"0\":\"&U393082,242,783,893,59,783,655391582,242,783,893,59,783,655\",\"1\":59,\"2\":4,\"3\":[82,242,783,893,59,783,655]}","{\"0\":\"&U393082,242,783,893,59,783,655391582,242,783,893,59,783,65523682,242,783,893,59,783,655\",\"1\":893,\"2\":3,\"3\":[82,242,783,893,59,783,655]}","{\"0\":\"&U393082,242,783,893,59,783,655391582,242,783,893,59,783,65523682,242,783,893,59,783,655267982,242,783,893,59,783,655\",\"1\":783,\"2\":2,\"3\":[82,242,783,893,59,783,655]}","{\"0\":\"&U393082,242,783,893,59,783,655391582,242,783,893,59,783,65523682,242,783,893,59,783,655267982,242,783,893,59,783,655156682,242,783,893,59,783,655\",\"1\":242,\"2\":1,\"3\":[82,242,783,893,59,783,655]}","{\"0\":\"&U393082,242,783,893,59,783,655391582,242,783,893,59,783,65523682,242,783,893,59,783,655267982,242,783,893,59,783,655156682,242,783,893,59,783,65524282,242,783,893,59,783,655\",\"1\":82,\"2\":0,\"3\":[82,242,783,893,59,783,655]}","{\"0\":\"\",\"1\":655,\"2\":6,\"3\":[82,242,783,893,59,783,655]}","{\"0\":null,\"1\":783,\"2\":5,\"3\":[82,242,783,893,59,783,655]}","{\"0\":null,\"1\":59,\"2\":4,\"3\":[82,242,783,893,59,783,655]}","{\"0\":null,\"1\":893,\"2\":3,\"3\":[82,242,783,893,59,783,655]}","{\"0\":null,\"1\":783,\"2\":2,\"3\":[82,242,783,893,59,783,655]}","{\"0\":null,\"1\":242,\"2\":1,\"3\":[82,242,783,893,59,783,655]}","{\"0\":null,\"1\":82,\"2\":0,\"3\":[82,242,783,893,59,783,655]}","{\"0\":{\"242\":5.717861577368829e+307,\"893\":49,\"IaRsl\":\"\",\"1.3825082247363485e+308\":1.6599931099230997e+308,\"W\":5.4258665121503745e+306,\"-1\":6.699336381388152e+307,\"1.4231370878050593e+306\":969,\"zE\":1.4328261716464415e+307,\"\":\"\"},\"1\":655,\"2\":6,\"3\":[82,242,783,893,59,783,655]}","{\"0\":null,\"1\":783,\"2\":5,\"3\":[{\"893\":5.580362510199541e+307,\"-\":5.055661947856935e+307,\"1.353019945122574e+307\":\"\",\"3.7238091336632283e+307\":\"\",\"\":655,\"1.0482505559629726e+308\":607,\"x\":122},242,783,893,59,783,655]}","{\"0\":null,\"1\":59,\"2\":4,\"3\":[{\"893\":5.580362510199541e+307,\"-\":5.055661947856935e+307,\"1.353019945122574e+307\":\"\",\"3.7238091336632283e+307\":\"\",\"\":655,\"1.0482505559629726e+308\":607,\"x\":122},242,783,893,59,783,655]}","{\"0\":null,\"1\":893,\"2\":3,\"3\":[{\"893\":5.580362510199541e+307,\"-\":5.055661947856935e+307,\"1.353019945122574e+307\":\"\",\"3.7238091336632283e+307\":\"\",\"\":655,\"1.0482505559629726e+308\":607,\"x\":122},242,783,893,59,783,655]}","{\"0\":null,\"1\":783,\"2\":2,\"3\":[{\"893\":5.580362510199541e+307,\"-\":5.055661947856935e+307,\"1.353019945122574e+307\":\"\",\"3.7238091336632283e+307\":\"\",\"\":655,\"1.0482505559629726e+308\":607,\"x\":122},242,783,893,59,783,655]}","{\"0\":null,\"1\":242,\"2\":1,\"3\":[{\"893\":5.580362510199541e+307,\"-\":5.055661947856935e+307,\"1.353019945122574e+307\":\"\",\"3.7238091336632283e+307\":\"\",\"\":655,\"1.0482505559629726e+308\":607,\"x\":122},242,783,893,59,783,655]}","{\"0\":null,\"1\":{\"893\":5.580362510199541e+307,\"-\":5.055661947856935e+307,\"1.353019945122574e+307\":\"\",\"3.7238091336632283e+307\":\"\",\"\":655,\"1.0482505559629726e+308\":607,\"x\":122},\"2\":0,\"3\":[{\"893\":5.580362510199541e+307,\"-\":5.055661947856935e+307,\"1.353019945122574e+307\":\"\",\"3.7238091336632283e+307\":\"\",\"\":655,\"1.0482505559629726e+308\":607,\"x\":122},242,783,893,59,783,655]}"]}