{"baseObjects":["[25,969,213,655,false,893,126]","[25,969,213,655,893,893,126]","{\"0\":8.907276123999837e+307,\"6\":\"BPZr\",\"\":\"g\",\"5e-324\":9.815162329395887e+307}","[25,969,213,655,893,893,126]"],"returnObjects":["null","\"NaN25,969,213,655,893,893,126\"","null","\"Error\""],"callbackArgs":["{\"0\":false,\"1\":126,\"2\":6,\"3\":[25,969,213,655,893,893,126]}","{\"0\":null,\"1\":893,\"2\":5,\"3\":[25,969,213,655,false,893,126]}","{\"0\":null,\"1\":false,\"2\":4,\"3\":[25,969,213,655,false,893,126]}","{\"0\":null,\"1\":655,\"2\":3,\"3\":[25,969,213,655,false,893,126]}","{\"0\":null,\"1\":213,\"2\":2,\"3\":[25,969,213,655,false,893,126]}","{\"0\":null,\"1\":969,\"2\":1,\"3\":[25,969,213,655,false,893,126]}","{\"0\":null,\"1\":25,\"2\":0,\"3\":[25,969,213,655,false,893,126]}","{\"1\":126,\"2\":6,\"3\":[25,969,213,655,893,893,126]}","{\"0\":\"NaN25,969,213,655,893,893,126\",\"1\":893,\"2\":5,\"3\":[25,969,213,655,893,893,126]}","{\"0\":\"NaN25,969,213,655,893,893,126\",\"1\":893,\"2\":4,\"3\":[25,969,213,655,893,893,126]}","{\"0\":\"NaN25,969,213,655,893,893,126\",\"1\":655,\"2\":3,\"3\":[25,969,213,655,893,893,126]}","{\"0\":\"NaN25,969,213,655,893,893,126\",\"1\":213,\"2\":2,\"3\":[25,969,213,655,893,893,126]}","{\"0\":\"NaN25,969,213,655,893,893,126\",\"1\":969,\"2\":1,\"3\":[25,969,213,655,893,893,126]}","{\"0\":\"NaN25,969,213,655,893,893,126\",\"1\":25,\"2\":0,\"3\":[25,969,213,655,893,893,126]}","{\"0\":false,\"1\":126,\"2\":6,\"3\":[25,969,213,655,893,893,126]}","{\"0\":null,\"1\":893,\"2\":5,\"3\":[25,969,213,655,893,893,126]}","{\"0\":null,\"1\":893,\"2\":4,\"3\":[25,969,213,655,893,893,126]}","{\"0\":null,\"1\":655,\"2\":3,\"3\":[25,969,213,655,893,893,126]}","{\"0\":null,\"1\":213,\"2\":2,\"3\":[25,969,213,655,893,893,126]}","{\"0\":null,\"1\":969,\"2\":1,\"3\":[25,969,213,655,893,893,126]}","{\"0\":null,\"1\":25,\"2\":0,\"3\":[25,969,213,655,893,893,126]}","{\"0\":126,\"1\":893,\"2\":5,\"3\":[25,969,213,655,893,893,126]}"]}