{"baseObjects":["[5e-324,714,242,100,823,5e-324,403]","[5e-324,714,242,100,823,5e-324,403]","[false,714,242,100,823,5e-324,403]","[5e-324,714,{\"Eg\":\"\",\"o\":9.364118021449204e+306},100,823,5e-324,403]"],"returnObjects":["null","\"Error\"","null","\"NaN5e-324,714,[object Object],100,823,5e-324,403\""],"callbackArgs":["{\"0\":403,\"1\":5e-324,\"2\":5,\"3\":[5e-324,714,242,100,823,5e-324,403]}","{\"0\":null,\"1\":823,\"2\":4,\"3\":[5e-324,714,242,100,823,5e-324,403]}","{\"0\":null,\"1\":100,\"2\":3,\"3\":[5e-324,714,242,100,823,5e-324,403]}","{\"0\":null,\"1\":242,\"2\":2,\"3\":[5e-324,714,242,100,823,5e-324,403]}","{\"0\":null,\"1\":714,\"2\":1,\"3\":[5e-324,714,242,100,823,5e-324,403]}","{\"0\":null,\"1\":5e-324,\"2\":0,\"3\":[5e-324,714,242,100,823,5e-324,403]}","{\"0\":null,\"1\":403,\"2\":6,\"3\":[5e-324,714,242,100,823,5e-324,403]}","{\"1\":403,\"2\":6,\"3\":[5e-324,714,242,100,823,5e-324,403]}","{\"0\":null,\"1\":5e-324,\"2\":5,\"3\":[false,714,242,100,823,5e-324,403]}","{\"0\":null,\"1\":823,\"2\":4,\"3\":[false,714,242,100,823,5e-324,403]}","{\"0\":null,\"1\":100,\"2\":3,\"3\":[false,714,242,100,823,5e-324,403]}","{\"0\":null,\"1\":242,\"2\":2,\"3\":[false,714,242,100,823,5e-324,403]}","{\"0\":null,\"1\":714,\"2\":1,\"3\":[false,714,242,100,823,5e-324,403]}","{\"0\":null,\"1\":false,\"2\":0,\"3\":[false,714,242,100,823,5e-324,403]}","{\"0\":403,\"1\":5e-324,\"2\":5,\"3\":[5e-324,714,242,100,823,5e-324,403]}","{\"0\":\"9.955e-3215e-324,714,[object Object],100,823,5e-324,403\",\"1\":823,\"2\":4,\"3\":[5e-324,714,{\"Eg\":\"\",\"o\":9.364118021449204e+306},100,823,5e-324,403]}","{\"0\":\"NaN5e-324,714,[object Object],100,823,5e-324,403\",\"1\":100,\"2\":3,\"3\":[5e-324,714,{\"Eg\":\"\",\"o\":9.364118021449204e+306},100,823,5e-324,403]}","{\"0\":\"NaN5e-324,714,[object Object],100,823,5e-324,403\",\"1\":{\"Eg\":\"\",\"o\":9.364118021449204e+306},\"2\":2,\"3\":[5e-324,714,{\"Eg\":\"\",\"o\":9.364118021449204e+306},100,823,5e-324,403]}","{\"0\":\"NaN5e-324,714,[object Object],100,823,5e-324,403\",\"1\":714,\"2\":1,\"3\":[5e-324,714,{\"Eg\":\"\",\"o\":9.364118021449204e+306},100,823,5e-324,403]}","{\"0\":\"NaN5e-324,714,[object Object],100,823,5e-324,403\",\"1\":5e-324,\"2\":0,\"3\":[5e-324,714,{\"Eg\":\"\",\"o\":9.364118021449204e+306},100,823,5e-324,403]}"]}