{"baseObjects":["[403,25,705]","[403,25,705]","[403,25,705]","[403,25,705]"],"returnObjects":["null","null","\"Error\"","\"Error\""],"callbackArgs":["{\"0\":705,\"1\":25,\"2\":1,\"3\":[403,25,705]}","{\"0\":null,\"1\":403,\"2\":0,\"3\":[403,25,705]}","{\"0\":{\"RQv\":\"<|Z\",\"\":6.288795987398774e+307,\"1.514578300169574e+306\":1.1039618384423967e+308,\"4.228317582149249e+307\":3.8768196110444365e+307},\"1\":705,\"2\":2,\"3\":[403,25,705]}","{\"0\":null,\"1\":25,\"2\":1,\"3\":[403,25,705]}","{\"0\":null,\"1\":403,\"2\":0,\"3\":[403,25,705]}","{\"0\":705,\"1\":25,\"2\":1,\"3\":[403,25,705]}","{\"0\":705,\"1\":25,\"2\":1,\"3\":[403,25,705]}"]}