{"baseObjects":["[403,969]","[403,969,null,null,null,null,403]","[403,969]","[403,969]"],"returnObjects":["\"Error\"","null","null","\"Error\""],"callbackArgs":["{\"0\":null,\"1\":969,\"2\":1,\"3\":[403,969]}","{\"0\":{\"\":1.636300746978551e+308,\"1.7976931348623157e+308\":714,\"1.2105379463527023e+308\":7.995026250490616e+307,\";G\":6.957034319404633e+307},\"1\":969,\"2\":1,\"3\":[403,969]}","{\"0\":null,\"1\":403,\"2\":0,\"3\":[403,969,null,null,null,null,403]}","{\"0\":1.3987741772154632e+308,\"1\":969,\"2\":1,\"3\":[403,969]}","{\"0\":null,\"1\":403,\"2\":0,\"3\":[403,969]}","{\"0\":969,\"1\":403,\"2\":0,\"3\":[403,969]}"]}