{"baseObjects":["[213,\"O\",\"65\",893,-1,969,242,-100,{\"783\":\";m\",\"xg\":969,\"7.816816269289009e+307\":7.253829295158002e+307,\"1.620180738394417e+308\":8.038187672663037e+306,\"*\":213,\"\":8.863624987688443e+307,\"1.1256572151750166e+308\":\"L?\",\"1.0525060036565042e+308\":\"g\"}]","[213,\"O\",\"65\",893,-1,969,242,-100,627]","[{\"823\":126,\"\":\"\",\"T\":460,\"By*2r\":1.0337075915727351e+308,\"4.1952678770654696e+307\":\"h=cn\",\"R2K\":\"\"},\"O\",\"65\",893,-1,969,242,-100,627]","[213,\"O\",\"65\",893,-1,969,242,-100,627]"],"returnObjects":["null","\"-73213,O,65,893,-1,969,242,-100,6271452213,O,65,893,-1,969,242,-100,6274845213,O,65,893,-1,969,242,-100,627-4213,O,65,893,-1,969,242,-100,6272679213,O,65,893,-1,969,242,-100,627130213,O,65,893,-1,969,242,-100,627NaN213,O,65,893,-1,969,242,-100,6270213,O,65,893,-1,969,242,-100,627\"","null","\"Error\""],"callbackArgs":["{\"0\":{\"82\":\"\",\"100\":\"\",\"157\":1.5816034487453778e+308,\"843\":460,\"6.051893450529862e+307\":\"\",\"\":1.1438530166427232e+308},\"1\":627,\"2\":8,\"3\":[213,\"O\",\"65\",893,-1,969,242,-100,627]}","{\"0\":null,\"1\":-100,\"2\":7,\"3\":[213,\"O\",\"65\",893,-1,969,242,-100,{\"783\":\";m\",\"xg\":969,\"7.816816269289009e+307\":7.253829295158002e+307,\"1.620180738394417e+308\":8.038187672663037e+306,\"*\":213,\"\":8.863624987688443e+307,\"1.1256572151750166e+308\":\"L?\",\"1.0525060036565042e+308\":\"g\"}]}","{\"0\":null,\"1\":242,\"2\":6,\"3\":[213,\"O\",\"65\",893,-1,969,242,-100,{\"783\":\";m\",\"xg\":969,\"7.816816269289009e+307\":7.253829295158002e+307,\"1.620180738394417e+308\":8.038187672663037e+306,\"*\":213,\"\":8.863624987688443e+307,\"1.1256572151750166e+308\":\"L?\",\"1.0525060036565042e+308\":\"g\"}]}","{\"0\":null,\"1\":969,\"2\":5,\"3\":[213,\"O\",\"65\",893,-1,969,242,-100,{\"783\":\";m\",\"xg\":969,\"7.816816269289009e+307\":7.253829295158002e+307,\"1.620180738394417e+308\":8.038187672663037e+306,\"*\":213,\"\":8.863624987688443e+307,\"1.1256572151750166e+308\":\"L?\",\"1.0525060036565042e+308\":\"g\"}]}","{\"0\":null,\"1\":-1,\"2\":4,\"3\":[213,\"O\",\"65\",893,-1,969,242,-100,{\"783\":\";m\",\"xg\":969,\"7.816816269289009e+307\":7.253829295158002e+307,\"1.620180738394417e+308\":8.038187672663037e+306,\"*\":213,\"\":8.863624987688443e+307,\"1.1256572151750166e+308\":\"L?\",\"1.0525060036565042e+308\":\"g\"}]}","{\"0\":null,\"1\":893,\"2\":3,\"3\":[213,\"O\",\"65\",893,-1,969,242,-100,{\"783\":\";m\",\"xg\":969,\"7.816816269289009e+307\":7.253829295158002e+307,\"1.620180738394417e+308\":8.038187672663037e+306,\"*\":213,\"\":8.863624987688443e+307,\"1.1256572151750166e+308\":\"L?\",\"1.0525060036565042e+308\":\"g\"}]}","{\"0\":null,\"1\":\"65\",\"2\":2,\"3\":[213,\"O\",\"65\",893,-1,969,242,-100,{\"783\":\";m\",\"xg\":969,\"7.816816269289009e+307\":7.253829295158002e+307,\"1.620180738394417e+308\":8.038187672663037e+306,\"*\":213,\"\":8.863624987688443e+307,\"1.1256572151750166e+308\":\"L?\",\"1.0525060036565042e+308\":\"g\"}]}","{\"0\":null,\"1\":\"O\",\"2\":1,\"3\":[213,\"O\",\"65\",893,-1,969,242,-100,{\"783\":\";m\",\"xg\":969,\"7.816816269289009e+307\":7.253829295158002e+307,\"1.620180738394417e+308\":8.038187672663037e+306,\"*\":213,\"\":8.863624987688443e+307,\"1.1256572151750166e+308\":\"L?\",\"1.0525060036565042e+308\":\"g\"}]}","{\"0\":null,\"1\":213,\"2\":0,\"3\":[213,\"O\",\"65\",893,-1,969,242,-100,{\"783\":\";m\",\"xg\":969,\"7.816816269289009e+307\":7.253829295158002e+307,\"1.620180738394417e+308\":8.038187672663037e+306,\"*\":213,\"\":8.863624987688443e+307,\"1.1256572151750166e+308\":\"L?\",\"1.0525060036565042e+308\":\"g\"}]}","{\"0\":627,\"1\":-100,\"2\":7,\"3\":[213,\"O\",\"65\",893,-1,969,242,-100,627]}","{\"0\":\"-73213,O,65,893,-1,969,242,-100,627\",\"1\":242,\"2\":6,\"3\":[213,\"O\",\"65\",893,-1,969,242,-100,627]}","{\"0\":\"-73213,O,65,893,-1,969,242,-100,6271452213,O,65,893,-1,969,242,-100,627\",\"1\":969,\"2\":5,\"3\":[213,\"O\",\"65\",893,-1,969,242,-100,627]}","{\"0\":\"-73213,O,65,893,-1,969,242,-100,6271452213,O,65,893,-1,969,242,-100,6274845213,O,65,893,-1,969,242,-100,627\",\"1\":-1,\"2\":4,\"3\":[213,\"O\",\"65\",893,-1,969,242,-100,627]}","{\"0\":\"-73213,O,65,893,-1,969,242,-100,6271452213,O,65,893,-1,969,242,-100,6274845213,O,65,893,-1,969,242,-100,627-4213,O,65,893,-1,969,242,-100,627\",\"1\":893,\"2\":3,\"3\":[213,\"O\",\"65\",893,-1,969,242,-100,627]}","{\"0\":\"-73213,O,65,893,-1,969,242,-100,6271452213,O,65,893,-1,969,242,-100,6274845213,O,65,893,-1,969,242,-100,627-4213,O,65,893,-1,969,242,-100,6272679213,O,65,893,-1,969,242,-100,627\",\"1\":\"65\",\"2\":2,\"3\":[213,\"O\",\"65\",893,-1,969,242,-100,627]}","{\"0\":\"-73213,O,65,893,-1,969,242,-100,6271452213,O,65,893,-1,969,242,-100,6274845213,O,65,893,-1,969,242,-100,627-4213,O,65,893,-1,969,242,-100,6272679213,O,65,893,-1,969,242,-100,627130213,O,65,893,-1,969,242,-100,627\",\"1\":\"O\",\"2\":1,\"3\":[213,\"O\",\"65\",893,-1,969,242,-100,627]}","{\"0\":\"-73213,O,65,893,-1,969,242,-100,6271452213,O,65,893,-1,969,242,-100,6274845213,O,65,893,-1,969,242,-100,627-4213,O,65,893,-1,969,242,-100,6272679213,O,65,893,-1,969,242,-100,627130213,O,65,893,-1,969,242,-100,627NaN213,O,65,893,-1,969,242,-100,627\",\"1\":213,\"2\":0,\"3\":[213,\"O\",\"65\",893,-1,969,242,-100,627]}","{\"0\":true,\"1\":627,\"2\":8,\"3\":[213,\"O\",\"65\",893,-1,969,242,-100,627]}","{\"0\":null,\"1\":-100,\"2\":7,\"3\":[{\"823\":126,\"\":\"\",\"T\":460,\"By*2r\":1.0337075915727351e+308,\"4.1952678770654696e+307\":\"h=cn\",\"R2K\":\"\"},\"O\",\"65\",893,-1,969,242,-100,627]}","{\"0\":null,\"1\":242,\"2\":6,\"3\":[{\"823\":126,\"\":\"\",\"T\":460,\"By*2r\":1.0337075915727351e+308,\"4.1952678770654696e+307\":\"h=cn\",\"R2K\":\"\"},\"O\",\"65\",893,-1,969,242,-100,627]}","{\"0\":null,\"1\":969,\"2\":5,\"3\":[{\"823\":126,\"\":\"\",\"T\":460,\"By*2r\":1.0337075915727351e+308,\"4.1952678770654696e+307\":\"h=cn\",\"R2K\":\"\"},\"O\",\"65\",893,-1,969,242,-100,627]}","{\"0\":null,\"1\":-1,\"2\":4,\"3\":[{\"823\":126,\"\":\"\",\"T\":460,\"By*2r\":1.0337075915727351e+308,\"4.1952678770654696e+307\":\"h=cn\",\"R2K\":\"\"},\"O\",\"65\",893,-1,969,242,-100,627]}","{\"0\":null,\"1\":893,\"2\":3,\"3\":[{\"823\":126,\"\":\"\",\"T\":460,\"By*2r\":1.0337075915727351e+308,\"4.1952678770654696e+307\":\"h=cn\",\"R2K\":\"\"},\"O\",\"65\",893,-1,969,242,-100,627]}","{\"0\":null,\"1\":\"65\",\"2\":2,\"3\":[{\"823\":126,\"\":\"\",\"T\":460,\"By*2r\":1.0337075915727351e+308,\"4.1952678770654696e+307\":\"h=cn\",\"R2K\":\"\"},\"O\",\"65\",893,-1,969,242,-100,627]}","{\"0\":null,\"1\":\"O\",\"2\":1,\"3\":[{\"823\":126,\"\":\"\",\"T\":460,\"By*2r\":1.0337075915727351e+308,\"4.1952678770654696e+307\":\"h=cn\",\"R2K\":\"\"},\"O\",\"65\",893,-1,969,242,-100,627]}","{\"0\":null,\"1\":{\"823\":126,\"\":\"\",\"T\":460,\"By*2r\":1.0337075915727351e+308,\"4.1952678770654696e+307\":\"h=cn\",\"R2K\":\"\"},\"2\":0,\"3\":[{\"823\":126,\"\":\"\",\"T\":460,\"By*2r\":1.0337075915727351e+308,\"4.1952678770654696e+307\":\"h=cn\",\"R2K\":\"\"},\"O\",\"65\",893,-1,969,242,-100,627]}","{\"0\":627,\"1\":-100,\"2\":7,\"3\":[213,\"O\",\"65\",893,-1,969,242,-100,627]}"]}