{"baseObjects":["[705,25,-100,607,[1.7976931348623157e+308,49,714,655,607,82]]","[705,25,-100,607,122]","[705,25,-100,607,122]","[705,25,-100,607,122]"],"returnObjects":["null","\"Error\"","null","null"],"callbackArgs":["{\"0\":122,\"1\":607,\"2\":3,\"3\":[705,25,-100,607,122]}","{\"0\":null,\"1\":-100,\"2\":2,\"3\":[705,25,-100,607,[1.7976931348623157e+308,49,714,655,607,82]]}","{\"0\":null,\"1\":25,\"2\":1,\"3\":[705,25,-100,607,[1.7976931348623157e+308,49,714,655,607,82]]}","{\"0\":null,\"1\":705,\"2\":0,\"3\":[705,25,-100,607,[1.7976931348623157e+308,49,714,655,607,82]]}","{\"0\":null,\"1\":122,\"2\":4,\"3\":[705,25,-100,607,122]}","{\"0\":true,\"1\":122,\"2\":4,\"3\":[705,25,-100,607,122]}","{\"0\":null,\"1\":607,\"2\":3,\"3\":[705,25,-100,607,122]}","{\"0\":null,\"1\":-100,\"2\":2,\"3\":[705,25,-100,607,122]}","{\"0\":null,\"1\":25,\"2\":1,\"3\":[705,25,-100,607,122]}","{\"0\":null,\"1\":705,\"2\":0,\"3\":[705,25,-100,607,122]}","{\"0\":{\"82\":5.452312816647337e+307,\"\":\"[\",\"m\":\"\",\">*LN\":\"\",\"1.0129002939356324e+308\":618},\"1\":122,\"2\":4,\"3\":[705,25,-100,607,122]}","{\"0\":null,\"1\":607,\"2\":3,\"3\":[705,25,-100,607,122]}","{\"0\":null,\"1\":-100,\"2\":2,\"3\":[705,25,-100,607,122]}","{\"0\":null,\"1\":25,\"2\":1,\"3\":[705,25,-100,607,122]}","{\"0\":null,\"1\":705,\"2\":0,\"3\":[705,25,-100,607,122]}"]}