{"baseObjects":["[1.7976931348623157e+308,157,59]","[1.7976931348623157e+308,157,59]","[1.7976931348623157e+308,157,59]","[1.7976931348623157e+308,157,59]"],"returnObjects":["null","null","\"2161.7976931348623157e+308,157,5901.7976931348623157e+308,157,59\"","null"],"callbackArgs":["{\"0\":59,\"1\":157,\"2\":1,\"3\":[1.7976931348623157e+308,157,59]}","{\"0\":null,\"1\":1.7976931348623157e+308,\"2\":0,\"3\":[1.7976931348623157e+308,157,59]}","{\"0\":59,\"1\":157,\"2\":1,\"3\":[1.7976931348623157e+308,157,59]}","{\"0\":null,\"1\":1.7976931348623157e+308,\"2\":0,\"3\":[1.7976931348623157e+308,157,59]}","{\"0\":59,\"1\":157,\"2\":1,\"3\":[1.7976931348623157e+308,157,59]}","{\"0\":\"2161.7976931348623157e+308,157,59\",\"1\":1.7976931348623157e+308,\"2\":0,\"3\":[1.7976931348623157e+308,157,59]}","{\"1\":59,\"2\":2,\"3\":[1.7976931348623157e+308,157,59]}","{\"0\":null,\"1\":157,\"2\":1,\"3\":[1.7976931348623157e+308,157,59]}","{\"0\":null,\"1\":1.7976931348623157e+308,\"2\":0,\"3\":[1.7976931348623157e+308,157,59]}"]}