{"baseObjects":["[82,618,705,705]","[82,618,705,705]","[82,618,705,705]","[82,618,705,705]"],"returnObjects":["\"Error\"","\"Error\"","null","\"Error\""],"callbackArgs":["{\"0\":null,\"1\":705,\"2\":3,\"3\":[82,618,705,705]}","{\"0\":null,\"1\":705,\"2\":3,\"3\":[82,618,705,705]}","{\"0\":{\"82\":3.22536091584024e+307,\"2.479589020788545e+307\":\")\",\"\":\"4\",\"1.1077571371571693e+308\":4.906513621628407e+307,\"2.738162128172362e+307\":3.477336919734759e+307,\"Br\":\"z\"},\"1\":705,\"2\":3,\"3\":[82,618,705,705]}","{\"0\":null,\"1\":705,\"2\":2,\"3\":[82,618,705,705]}","{\"0\":null,\"1\":618,\"2\":1,\"3\":[82,618,705,705]}","{\"0\":null,\"1\":82,\"2\":0,\"3\":[82,618,705,705]}","{\"0\":null,\"1\":705,\"2\":3,\"3\":[82,618,705,705]}"]}