{"baseObjects":["[59,783,126,null,null,null,null,null,{\"1.1233336169851681e+308\":\"\",\"\":122,\"1.3869666958806344e+308\":\"f[\",\"O\":\"%x\",\"1.3728652255485612e+308\":\"\"}]","[59,783,126]","[59,783,126,null,null,null,null,null]","[59,783,126]"],"returnObjects":["null","\"NaN59,783,126\"","\"NaN59,783,126,,,,,\"","\"Error\""],"callbackArgs":["{\"0\":126,\"1\":783,\"2\":1,\"3\":[59,783,126]}","{\"0\":null,\"1\":59,\"2\":0,\"3\":[59,783,126,null,null,null,null,null,{\"1.1233336169851681e+308\":\"\",\"\":122,\"1.3869666958806344e+308\":\"f[\",\"O\":\"%x\",\"1.3728652255485612e+308\":\"\"}]}","{\"0\":126,\"1\":783,\"2\":1,\"3\":[59,783,126]}","{\"0\":\"-0.839080459770114959,783,126\",\"1\":59,\"2\":0,\"3\":[59,783,126]}","{\"0\":[\"K\",\"d\",\":(\",\"A\",\"=i\",\"hR\"],\"1\":126,\"2\":2,\"3\":[59,783,126]}","{\"0\":\"NaN59,783,126,,,,,\",\"1\":783,\"2\":1,\"3\":[59,783,126,null,null,null,null,null]}","{\"0\":\"NaN59,783,126,,,,,\",\"1\":59,\"2\":0,\"3\":[59,783,126,null,null,null,null,null]}","{\"0\":126,\"1\":783,\"2\":1,\"3\":[59,783,126]}"]}