{"baseObjects":["[1.7976931348623157e+308,157,705,157,627,126,82,82,627,1.7976931348623157e+308]","[1.7976931348623157e+308,157,705,157,627,126,82,82,627,1.7976931348623157e+308]","[1.7976931348623157e+308,157,705,157,627,126,82,82,627,1.7976931348623157e+308]","[1.7976931348623157e+308,157,705,157,627,126,82,82,627,1.7976931348623157e+308]"],"returnObjects":["null","null","\"Error\"","\"Error\""],"callbackArgs":["{\"0\":1.7976931348623157e+308,\"1\":627,\"2\":8,\"3\":[1.7976931348623157e+308,157,705,157,627,126,82,82,627,1.7976931348623157e+308]}","{\"0\":null,\"1\":82,\"2\":7,\"3\":[1.7976931348623157e+308,157,705,157,627,126,82,82,627,1.7976931348623157e+308]}","{\"0\":null,\"1\":82,\"2\":6,\"3\":[1.7976931348623157e+308,157,705,157,627,126,82,82,627,1.7976931348623157e+308]}","{\"0\":null,\"1\":126,\"2\":5,\"3\":[1.7976931348623157e+308,157,705,157,627,126,82,82,627,1.7976931348623157e+308]}","{\"0\":null,\"1\":627,\"2\":4,\"3\":[1.7976931348623157e+308,157,705,157,627,126,82,82,627,1.7976931348623157e+308]}","{\"0\":null,\"1\":157,\"2\":3,\"3\":[1.7976931348623157e+308,157,705,157,627,126,82,82,627,1.7976931348623157e+308]}","{\"0\":null,\"1\":705,\"2\":2,\"3\":[1.7976931348623157e+308,157,705,157,627,126,82,82,627,1.7976931348623157e+308]}","{\"0\":null,\"1\":157,\"2\":1,\"3\":[1.7976931348623157e+308,157,705,157,627,126,82,82,627,1.7976931348623157e+308]}","{\"0\":null,\"1\":1.7976931348623157e+308,\"2\":0,\"3\":[1.7976931348623157e+308,157,705,157,627,126,82,82,627,1.7976931348623157e+308]}","{\"0\":1.7976931348623157e+308,\"1\":627,\"2\":8,\"3\":[1.7976931348623157e+308,157,705,157,627,126,82,82,627,1.7976931348623157e+308]}","{\"0\":null,\"1\":82,\"2\":7,\"3\":[1.7976931348623157e+308,157,705,157,627,126,82,82,627,1.7976931348623157e+308]}","{\"0\":null,\"1\":82,\"2\":6,\"3\":[1.7976931348623157e+308,157,705,157,627,126,82,82,627,1.7976931348623157e+308]}","{\"0\":null,\"1\":126,\"2\":5,\"3\":[1.7976931348623157e+308,157,705,157,627,126,82,82,627,1.7976931348623157e+308]}","{\"0\":null,\"1\":627,\"2\":4,\"3\":[1.7976931348623157e+308,157,705,157,627,126,82,82,627,1.7976931348623157e+308]}","{\"0\":null,\"1\":157,\"2\":3,\"3\":[1.7976931348623157e+308,157,705,157,627,126,82,82,627,1.7976931348623157e+308]}","{\"0\":null,\"1\":705,\"2\":2,\"3\":[1.7976931348623157e+308,157,705,157,627,126,82,82,627,1.7976931348623157e+308]}","{\"0\":null,\"1\":157,\"2\":1,\"3\":[1.7976931348623157e+308,157,705,157,627,126,82,82,627,1.7976931348623157e+308]}","{\"0\":null,\"1\":1.7976931348623157e+308,\"2\":0,\"3\":[1.7976931348623157e+308,157,705,157,627,126,82,82,627,1.7976931348623157e+308]}","{\"1\":1.7976931348623157e+308,\"2\":9,\"3\":[1.7976931348623157e+308,157,705,157,627,126,82,82,627,1.7976931348623157e+308]}","{\"0\":1.7976931348623157e+308,\"1\":627,\"2\":8,\"3\":[1.7976931348623157e+308,157,705,157,627,126,82,82,627,1.7976931348623157e+308]}"]}