{"baseObjects":["[1.7976931348623157e+308,705,242,5e-324,213,82,705,460,213]","[1.7976931348623157e+308,705,242,5e-324,213,82,705,460,213]","[1.7976931348623157e+308,705,242,5e-324,213,82,705,460,213]","[1.7976931348623157e+308,705,[\"!i\",\"oGL\",\"}h5|G8\",\"Ltq\"],5e-324,213,82,705,460,213]"],"returnObjects":["\"Error\"","null","null","\"Error\""],"callbackArgs":["{\"0\":null,\"1\":213,\"2\":8,\"3\":[1.7976931348623157e+308,705,242,5e-324,213,82,705,460,213]}","{\"0\":null,\"1\":213,\"2\":8,\"3\":[1.7976931348623157e+308,705,242,5e-324,213,82,705,460,213]}","{\"0\":null,\"1\":460,\"2\":7,\"3\":[1.7976931348623157e+308,705,242,5e-324,213,82,705,460,213]}","{\"0\":null,\"1\":705,\"2\":6,\"3\":[1.7976931348623157e+308,705,242,5e-324,213,82,705,460,213]}","{\"0\":null,\"1\":82,\"2\":5,\"3\":[1.7976931348623157e+308,705,242,5e-324,213,82,705,460,213]}","{\"0\":null,\"1\":213,\"2\":4,\"3\":[1.7976931348623157e+308,705,242,5e-324,213,82,705,460,213]}","{\"0\":null,\"1\":5e-324,\"2\":3,\"3\":[1.7976931348623157e+308,705,242,5e-324,213,82,705,460,213]}","{\"0\":null,\"1\":242,\"2\":2,\"3\":[1.7976931348623157e+308,705,242,5e-324,213,82,705,460,213]}","{\"0\":null,\"1\":705,\"2\":1,\"3\":[1.7976931348623157e+308,705,242,5e-324,213,82,705,460,213]}","{\"0\":null,\"1\":1.7976931348623157e+308,\"2\":0,\"3\":[1.7976931348623157e+308,705,242,5e-324,213,82,705,460,213]}","{\"1\":213,\"2\":8,\"3\":[1.7976931348623157e+308,705,242,5e-324,213,82,705,460,213]}","{\"0\":null,\"1\":460,\"2\":7,\"3\":[1.7976931348623157e+308,705,242,5e-324,213,82,705,460,213]}","{\"0\":null,\"1\":705,\"2\":6,\"3\":[1.7976931348623157e+308,705,242,5e-324,213,82,705,460,213]}","{\"0\":null,\"1\":82,\"2\":5,\"3\":[1.7976931348623157e+308,705,242,5e-324,213,82,705,460,213]}","{\"0\":null,\"1\":213,\"2\":4,\"3\":[1.7976931348623157e+308,705,242,5e-324,213,82,705,460,213]}","{\"0\":null,\"1\":5e-324,\"2\":3,\"3\":[1.7976931348623157e+308,705,242,5e-324,213,82,705,460,213]}","{\"0\":null,\"1\":242,\"2\":2,\"3\":[1.7976931348623157e+308,705,242,5e-324,213,82,705,460,213]}","{\"0\":null,\"1\":705,\"2\":1,\"3\":[1.7976931348623157e+308,705,242,5e-324,213,82,705,460,213]}","{\"0\":null,\"1\":1.7976931348623157e+308,\"2\":0,\"3\":[1.7976931348623157e+308,705,242,5e-324,213,82,705,460,213]}","{\"0\":213,\"1\":460,\"2\":7,\"3\":[1.7976931348623157e+308,705,242,5e-324,213,82,705,460,213]}"]}