{"baseObjects":["[{\"4\":3.468313431980137e+307,\"403\":8.709031028982294e+307,\"\":\"XDp%v5\",\"1.6432092901911112e+308\":1.207189632229843e+308,\"5.68365324163041e+307\":627},-100,403,122,403,595,783,714]","[25,-100,403,122,403,595,783,714]","[25,-100,403,122,403,595,783,714]","[25,-100,403,122,403,595,783,714]"],"returnObjects":["\"NaN[object Object],-100,403,122,403,595,783,714\"","\"NaN25,-100,403,122,403,595,783,714\"","null","null"],"callbackArgs":["{\"0\":714,\"1\":783,\"2\":6,\"3\":[25,-100,403,122,403,595,783,714]}","{\"0\":\"-5.088122605363985[object Object],-100,403,122,403,595,783,714\",\"1\":595,\"2\":5,\"3\":[{\"4\":3.468313431980137e+307,\"403\":8.709031028982294e+307,\"\":\"XDp%v5\",\"1.6432092901911112e+308\":1.207189632229843e+308,\"5.68365324163041e+307\":627},-100,403,122,403,595,783,714]}","{\"0\":\"NaN[object Object],-100,403,122,403,595,783,714\",\"1\":403,\"2\":4,\"3\":[{\"4\":3.468313431980137e+307,\"403\":8.709031028982294e+307,\"\":\"XDp%v5\",\"1.6432092901911112e+308\":1.207189632229843e+308,\"5.68365324163041e+307\":627},-100,403,122,403,595,783,714]}","{\"0\":\"NaN[object Object],-100,403,122,403,595,783,714\",\"1\":122,\"2\":3,\"3\":[{\"4\":3.468313431980137e+307,\"403\":8.709031028982294e+307,\"\":\"XDp%v5\",\"1.6432092901911112e+308\":1.207189632229843e+308,\"5.68365324163041e+307\":627},-100,403,122,403,595,783,714]}","{\"0\":\"NaN[object Object],-100,403,122,403,595,783,714\",\"1\":403,\"2\":2,\"3\":[{\"4\":3.468313431980137e+307,\"403\":8.709031028982294e+307,\"\":\"XDp%v5\",\"1.6432092901911112e+308\":1.207189632229843e+308,\"5.68365324163041e+307\":627},-100,403,122,403,595,783,714]}","{\"0\":\"NaN[object Object],-100,403,122,403,595,783,714\",\"1\":-100,\"2\":1,\"3\":[{\"4\":3.468313431980137e+307,\"403\":8.709031028982294e+307,\"\":\"XDp%v5\",\"1.6432092901911112e+308\":1.207189632229843e+308,\"5.68365324163041e+307\":627},-100,403,122,403,595,783,714]}","{\"0\":\"NaN[object Object],-100,403,122,403,595,783,714\",\"1\":{\"4\":3.468313431980137e+307,\"403\":8.709031028982294e+307,\"\":\"XDp%v5\",\"1.6432092901911112e+308\":1.207189632229843e+308,\"5.68365324163041e+307\":627},\"2\":0,\"3\":[{\"4\":3.468313431980137e+307,\"403\":8.709031028982294e+307,\"\":\"XDp%v5\",\"1.6432092901911112e+308\":1.207189632229843e+308,\"5.68365324163041e+307\":627},-100,403,122,403,595,783,714]}","{\"0\":714,\"1\":783,\"2\":6,\"3\":[25,-100,403,122,403,595,783,714]}","{\"0\":\"9317725,-100,403,122,403,595,783,714\",\"1\":595,\"2\":5,\"3\":[25,-100,403,122,403,595,783,714]}","{\"0\":\"NaN25,-100,403,122,403,595,783,714\",\"1\":403,\"2\":4,\"3\":[25,-100,403,122,403,595,783,714]}","{\"0\":\"NaN25,-100,403,122,403,595,783,714\",\"1\":122,\"2\":3,\"3\":[25,-100,403,122,403,595,783,714]}","{\"0\":\"NaN25,-100,403,122,403,595,783,714\",\"1\":403,\"2\":2,\"3\":[25,-100,403,122,403,595,783,714]}","{\"0\":\"NaN25,-100,403,122,403,595,783,714\",\"1\":-100,\"2\":1,\"3\":[25,-100,403,122,403,595,783,714]}","{\"0\":\"NaN25,-100,403,122,403,595,783,714\",\"1\":25,\"2\":0,\"3\":[25,-100,403,122,403,595,783,714]}","{\"0\":true,\"1\":714,\"2\":7,\"3\":[25,-100,403,122,403,595,783,714]}","{\"0\":null,\"1\":783,\"2\":6,\"3\":[25,-100,403,122,403,595,783,714]}","{\"0\":null,\"1\":595,\"2\":5,\"3\":[25,-100,403,122,403,595,783,714]}","{\"0\":null,\"1\":403,\"2\":4,\"3\":[25,-100,403,122,403,595,783,714]}","{\"0\":null,\"1\":122,\"2\":3,\"3\":[25,-100,403,122,403,595,783,714]}","{\"0\":null,\"1\":403,\"2\":2,\"3\":[25,-100,403,122,403,595,783,714]}","{\"0\":null,\"1\":-100,\"2\":1,\"3\":[25,-100,403,122,403,595,783,714]}","{\"0\":null,\"1\":25,\"2\":0,\"3\":[25,-100,403,122,403,595,783,714]}","{\"0\":true,\"1\":714,\"2\":7,\"3\":[25,-100,403,122,403,595,783,714]}","{\"0\":null,\"1\":783,\"2\":6,\"3\":[25,-100,403,122,403,595,783,714]}","{\"0\":null,\"1\":595,\"2\":5,\"3\":[25,-100,403,122,403,595,783,714]}","{\"0\":null,\"1\":403,\"2\":4,\"3\":[25,-100,403,122,403,595,783,714]}","{\"0\":null,\"1\":122,\"2\":3,\"3\":[25,-100,403,122,403,595,783,714]}","{\"0\":null,\"1\":403,\"2\":2,\"3\":[25,-100,403,122,403,595,783,714]}","{\"0\":null,\"1\":-100,\"2\":1,\"3\":[25,-100,403,122,403,595,783,714]}","{\"0\":null,\"1\":25,\"2\":0,\"3\":[25,-100,403,122,403,595,783,714]}"]}