{"baseObjects":["[\"+z\",\"\",null,null,null,null,null,{\"607\":1.2203926244933892e+308,\"783\":1.6560698132124814e+308,\"\":2.0991240916739657e+307,\"-1\":7.00920347979095e+307,\"7.049913393054718e+307\":\"hO5\",\"1.594311972321045e+308\":\"tHel<z\",\"1.7831165423336653e+308\":6.330195833836314e+307,\"j\":6.081905990409163e+307,\"9.021589407718237e+307\":0,\"8.581276127934879e+306\":\"Y;E\"}]","[705,\"ZK\"]","[\"+z\",\"ZK\"]","[\"+z\",\"ZK\",null,null,null,[893,705,783,655,25,607]]"],"returnObjects":["\"NaN+z,,,,,,,[object Object]\"","\"Error\"","null","\"NaN+z,ZK,,,,893,705,783,655,25,607\""],"callbackArgs":["{\"0\":\"ZK\",\"1\":\"+z\",\"2\":0,\"3\":[\"+z\",\"ZK\"]}","{\"0\":\"ZK\",\"1\":\"+z\",\"2\":0,\"3\":[\"+z\",\"ZK\"]}","{\"0\":null,\"1\":\"ZK\",\"2\":1,\"3\":[\"+z\",\"ZK\"]}","{\"0\":null,\"1\":\"+z\",\"2\":0,\"3\":[\"+z\",\"ZK\"]}","{\"0\":[-1,\"H+e\",\"O=H\",843,705,49,714,618],\"1\":\"ZK\",\"2\":1,\"3\":[\"+z\",\"ZK\"]}","{\"0\":\"NaN+z,ZK,,,,893,705,783,655,25,607\",\"1\":\"+z\",\"2\":0,\"3\":[\"+z\",\"ZK\",null,null,null,[893,705,783,655,25,607]]}"]}