{"baseObjects":["[213,100,714,823]","[213,100,\"h\",823]","[213,100,714,823]","[213,[49,823,49,-1],714,823]"],"returnObjects":["\"Error\"","\"NaN213,100,h,823\"","\"Error\"","\"NaN213,49,823,49,-1,714,823\""],"callbackArgs":["{\"0\":null,\"1\":823,\"2\":3,\"3\":[213,100,714,823]}","{\"0\":823,\"1\":714,\"2\":2,\"3\":[213,100,714,823]}","{\"0\":\"3.15266106442577213,100,h,823\",\"1\":100,\"2\":1,\"3\":[213,100,\"h\",823]}","{\"0\":\"NaN213,100,h,823\",\"1\":213,\"2\":0,\"3\":[213,100,\"h\",823]}","{\"1\":823,\"2\":3,\"3\":[213,100,714,823]}","{\"0\":true,\"1\":823,\"2\":3,\"3\":[213,100,714,823]}","{\"0\":\"274.3333333333333213,49,823,49,-1,714,823\",\"1\":714,\"2\":2,\"3\":[213,[49,823,49,-1],714,823]}","{\"0\":\"NaN213,49,823,49,-1,714,823\",\"1\":[49,823,49,-1],\"2\":1,\"3\":[213,[49,823,49,-1],714,823]}","{\"0\":\"NaN213,49,823,49,-1,714,823\",\"1\":213,\"2\":0,\"3\":[213,[49,823,49,-1],714,823]}"]}