{"baseObjects":["[595,49,-1,122]","[595,49,-1,122]","[595,49,-1,122]","[595,49,-1,122]"],"returnObjects":["\"Error\"","null","null","\"NaN595,49,-1,122\""],"callbackArgs":["{\"0\":null,\"1\":122,\"2\":3,\"3\":[595,49,-1,122]}","{\"0\":{\"618\":\"\",\"=zz\":126,\"\":1.2881850545159353e+308,\"1.4958848499570807e+308\":242,\"6.897102400194486e+306\":\"#Se5\",\"3>:\":\"9\"},\"1\":122,\"2\":3,\"3\":[595,49,-1,122]}","{\"0\":null,\"1\":-1,\"2\":2,\"3\":[595,49,-1,122]}","{\"0\":null,\"1\":49,\"2\":1,\"3\":[595,49,-1,122]}","{\"0\":null,\"1\":595,\"2\":0,\"3\":[595,49,-1,122]}","{\"0\":null,\"1\":122,\"2\":3,\"3\":[595,49,-1,122]}","{\"0\":null,\"1\":-1,\"2\":2,\"3\":[595,49,-1,122]}","{\"0\":null,\"1\":49,\"2\":1,\"3\":[595,49,-1,122]}","{\"0\":null,\"1\":595,\"2\":0,\"3\":[595,49,-1,122]}","{\"0\":false,\"1\":122,\"2\":3,\"3\":[595,49,-1,122]}","{\"0\":\"3595,49,-1,122\",\"1\":-1,\"2\":2,\"3\":[595,49,-1,122]}","{\"0\":\"NaN595,49,-1,122\",\"1\":49,\"2\":1,\"3\":[595,49,-1,122]}","{\"0\":\"NaN595,49,-1,122\",\"1\":595,\"2\":0,\"3\":[595,49,-1,122]}"]}