{"baseObjects":["{\"0\":1.1396232427756326e+307,\"6\":null,\"157\":1.0592180834569077e+308,\"403\":\"e_\",\"460\":\"\",\"714\":705,\"n\":\"o%\",\"1.0745167948887026e+308\":\"F,\",\"c\":403,\"5.916143456252428e+307\":1.4914996852897865e+307,\")=\":1.7249157979498379e+308}","[{\"403\":655,\"<\":1.4082698335088964e+308,\"9.03819489981901e+305\":\"t\",\"1.3540892238558378e+308\":2.5563880082260445e+307,\"1.5441943338826718e+308\":\"B\",\"\":618,\"1.7976931348623157e+308\":5.739174656274552e+307,\"2i[%\":\"u$a\",\"I3\":1.7804986861786532e+308},\"l\",null,213]","[\"_4\",\"l\",null,null,null,\"\"]","[100,122]"],"returnObjects":["\"NaN_4,l,,,,,\"","null","null","null"],"callbackArgs":["{\"0\":null,\"1\":\"l\",\"2\":1,\"3\":[\"_4\",\"l\"]}","{\"0\":\"NaN_4,l,,,,,\",\"1\":\"_4\",\"2\":0,\"3\":[\"_4\",\"l\",null,null,null,null,null]}","{\"1\":\"l\",\"2\":1,\"3\":[\"_4\",\"l\"]}","{\"0\":null,\"1\":{\"403\":655,\"<\":1.4082698335088964e+308,\"9.03819489981901e+305\":\"t\",\"1.3540892238558378e+308\":2.5563880082260445e+307,\"1.5441943338826718e+308\":\"B\",\"\":618,\"1.7976931348623157e+308\":5.739174656274552e+307,\"2i[%\":\"u$a\",\"I3\":1.7804986861786532e+308},\"2\":0,\"3\":[{\"403\":655,\"<\":1.4082698335088964e+308,\"9.03819489981901e+305\":\"t\",\"1.3540892238558378e+308\":2.5563880082260445e+307,\"1.5441943338826718e+308\":\"B\",\"\":618,\"1.7976931348623157e+308\":5.739174656274552e+307,\"2i[%\":\"u$a\",\"I3\":1.7804986861786532e+308},\"l\",null,213]}","{\"1\":\"l\",\"2\":1,\"3\":[\"_4\",\"l\"]}","{\"0\":null,\"1\":\"_4\",\"2\":0,\"3\":[\"_4\",\"l\",null,null,null,\"\"]}","{\"0\":null,\"1\":\"l\",\"2\":1,\"3\":[\"_4\",\"l\"]}","{\"0\":null,\"1\":\"_4\",\"2\":0,\"3\":[\"_4\",\"l\"]}"]}