{"baseObjects":["[100,893,59,705,-100,655,823,655]","[100,893,59,705,-100,655,823,655]","[100,893,59,705,-100,655,823,655,null,2.0096321804040952e+307]","[100,893,59,705,-100,655,823,655]"],"returnObjects":["null","null","\"792.1666666666666100,893,59,705,-100,655,823,655,,2.0096321804040952e+307131100,893,59,705,-100,655,823,655,,2.0096321804040952e+307-25100,893,59,705,-100,655,823,655,,2.0096321804040952e+307235100,893,59,705,-100,655,823,655,,2.0096321804040952e+30729.5100,893,59,705,-100,655,823,655,,2.0096321804040952e+307893100,893,59,705,-100,655,823,655,,2.0096321804040952e+307Infinity100,893,59,705,-100,655,823,655,,2.0096321804040952e+307\"","\"Error\""],"callbackArgs":["{\"0\":true,\"1\":655,\"2\":7,\"3\":[100,893,59,705,-100,655,823,655]}","{\"0\":null,\"1\":823,\"2\":6,\"3\":[100,893,59,705,-100,655,823,655]}","{\"0\":null,\"1\":655,\"2\":5,\"3\":[100,893,59,705,-100,655,823,655]}","{\"0\":null,\"1\":-100,\"2\":4,\"3\":[100,893,59,705,-100,655,823,655]}","{\"0\":null,\"1\":705,\"2\":3,\"3\":[100,893,59,705,-100,655,823,655]}","{\"0\":null,\"1\":59,\"2\":2,\"3\":[100,893,59,705,-100,655,823,655]}","{\"0\":null,\"1\":893,\"2\":1,\"3\":[100,893,59,705,-100,655,823,655]}","{\"0\":null,\"1\":100,\"2\":0,\"3\":[100,893,59,705,-100,655,823,655]}","{\"0\":true,\"1\":655,\"2\":7,\"3\":[100,893,59,705,-100,655,823,655]}","{\"0\":null,\"1\":823,\"2\":6,\"3\":[100,893,59,705,-100,655,823,655]}","{\"0\":null,\"1\":655,\"2\":5,\"3\":[100,893,59,705,-100,655,823,655]}","{\"0\":null,\"1\":-100,\"2\":4,\"3\":[100,893,59,705,-100,655,823,655]}","{\"0\":null,\"1\":705,\"2\":3,\"3\":[100,893,59,705,-100,655,823,655]}","{\"0\":null,\"1\":59,\"2\":2,\"3\":[100,893,59,705,-100,655,823,655]}","{\"0\":null,\"1\":893,\"2\":1,\"3\":[100,893,59,705,-100,655,823,655]}","{\"0\":null,\"1\":100,\"2\":0,\"3\":[100,893,59,705,-100,655,823,655]}","{\"0\":655,\"1\":823,\"2\":6,\"3\":[100,893,59,705,-100,655,823,655]}","{\"0\":\"792.1666666666666100,893,59,705,-100,655,823,655,,2.0096321804040952e+307\",\"1\":655,\"2\":5,\"3\":[100,893,59,705,-100,655,823,655,null,2.0096321804040952e+307]}","{\"0\":\"792.1666666666666100,893,59,705,-100,655,823,655,,2.0096321804040952e+307131100,893,59,705,-100,655,823,655,,2.0096321804040952e+307\",\"1\":-100,\"2\":4,\"3\":[100,893,59,705,-100,655,823,655,null,2.0096321804040952e+307]}","{\"0\":\"792.1666666666666100,893,59,705,-100,655,823,655,,2.0096321804040952e+307131100,893,59,705,-100,655,823,655,,2.0096321804040952e+307-25100,893,59,705,-100,655,823,655,,2.0096321804040952e+307\",\"1\":705,\"2\":3,\"3\":[100,893,59,705,-100,655,823,655,null,2.0096321804040952e+307]}","{\"0\":\"792.1666666666666100,893,59,705,-100,655,823,655,,2.0096321804040952e+307131100,893,59,705,-100,655,823,655,,2.0096321804040952e+307-25100,893,59,705,-100,655,823,655,,2.0096321804040952e+307235100,893,59,705,-100,655,823,655,,2.0096321804040952e+307\",\"1\":59,\"2\":2,\"3\":[100,893,59,705,-100,655,823,655,null,2.0096321804040952e+307]}","{\"0\":\"792.1666666666666100,893,59,705,-100,655,823,655,,2.0096321804040952e+307131100,893,59,705,-100,655,823,655,,2.0096321804040952e+307-25100,893,59,705,-100,655,823,655,,2.0096321804040952e+307235100,893,59,705,-100,655,823,655,,2.0096321804040952e+30729.5100,893,59,705,-100,655,823,655,,2.0096321804040952e+307\",\"1\":893,\"2\":1,\"3\":[100,893,59,705,-100,655,823,655,null,2.0096321804040952e+307]}","{\"0\":\"792.1666666666666100,893,59,705,-100,655,823,655,,2.0096321804040952e+307131100,893,59,705,-100,655,823,655,,2.0096321804040952e+307-25100,893,59,705,-100,655,823,655,,2.0096321804040952e+307235100,893,59,705,-100,655,823,655,,2.0096321804040952e+30729.5100,893,59,705,-100,655,823,655,,2.0096321804040952e+307893100,893,59,705,-100,655,823,655,,2.0096321804040952e+307\",\"1\":100,\"2\":0,\"3\":[100,893,59,705,-100,655,823,655,null,2.0096321804040952e+307]}","{\"0\":\"@Jv\",\"1\":655,\"2\":7,\"3\":[100,893,59,705,-100,655,823,655]}"]}