{"baseObjects":["[823,1.7976931348623157e+308,460,213,655,969,59]","[true,1.7976931348623157e+308,460,213,655,969,59]","[823,1.7976931348623157e+308,460,213,655,969,59]","[823,1.7976931348623157e+308,460,213,655,969,59]"],"returnObjects":["\"NaN823,1.7976931348623157e+308,460,213,655,969,59\"","null","null","\"958823,1.7976931348623157e+308,460,213,655,969,599695823,1.7976931348623157e+308,460,213,655,969,596554823,1.7976931348623157e+308,460,213,655,969,592133823,1.7976931348623157e+308,460,213,655,969,594602823,1.7976931348623157e+308,460,213,655,969,591.7976931348623157e+3081823,1.7976931348623157e+308,460,213,655,969,598230823,1.7976931348623157e+308,460,213,655,969,59\""],"callbackArgs":["{\"0\":618,\"1\":59,\"2\":6,\"3\":[823,1.7976931348623157e+308,460,213,655,969,59]}","{\"0\":\"565823,1.7976931348623157e+308,460,213,655,969,59\",\"1\":969,\"2\":5,\"3\":[823,1.7976931348623157e+308,460,213,655,969,59]}","{\"0\":\"NaN823,1.7976931348623157e+308,460,213,655,969,59\",\"1\":655,\"2\":4,\"3\":[823,1.7976931348623157e+308,460,213,655,969,59]}","{\"0\":\"NaN823,1.7976931348623157e+308,460,213,655,969,59\",\"1\":213,\"2\":3,\"3\":[823,1.7976931348623157e+308,460,213,655,969,59]}","{\"0\":\"NaN823,1.7976931348623157e+308,460,213,655,969,59\",\"1\":460,\"2\":2,\"3\":[823,1.7976931348623157e+308,460,213,655,969,59]}","{\"0\":\"NaN823,1.7976931348623157e+308,460,213,655,969,59\",\"1\":1.7976931348623157e+308,\"2\":1,\"3\":[823,1.7976931348623157e+308,460,213,655,969,59]}","{\"0\":\"NaN823,1.7976931348623157e+308,460,213,655,969,59\",\"1\":823,\"2\":0,\"3\":[823,1.7976931348623157e+308,460,213,655,969,59]}","{\"1\":59,\"2\":6,\"3\":[823,1.7976931348623157e+308,460,213,655,969,59]}","{\"0\":null,\"1\":969,\"2\":5,\"3\":[true,1.7976931348623157e+308,460,213,655,969,59]}","{\"0\":null,\"1\":655,\"2\":4,\"3\":[true,1.7976931348623157e+308,460,213,655,969,59]}","{\"0\":null,\"1\":213,\"2\":3,\"3\":[true,1.7976931348623157e+308,460,213,655,969,59]}","{\"0\":null,\"1\":460,\"2\":2,\"3\":[true,1.7976931348623157e+308,460,213,655,969,59]}","{\"0\":null,\"1\":1.7976931348623157e+308,\"2\":1,\"3\":[true,1.7976931348623157e+308,460,213,655,969,59]}","{\"0\":null,\"1\":true,\"2\":0,\"3\":[true,1.7976931348623157e+308,460,213,655,969,59]}","{\"0\":true,\"1\":59,\"2\":6,\"3\":[823,1.7976931348623157e+308,460,213,655,969,59]}","{\"0\":null,\"1\":969,\"2\":5,\"3\":[823,1.7976931348623157e+308,460,213,655,969,59]}","{\"0\":null,\"1\":655,\"2\":4,\"3\":[823,1.7976931348623157e+308,460,213,655,969,59]}","{\"0\":null,\"1\":213,\"2\":3,\"3\":[823,1.7976931348623157e+308,460,213,655,969,59]}","{\"0\":null,\"1\":460,\"2\":2,\"3\":[823,1.7976931348623157e+308,460,213,655,969,59]}","{\"0\":null,\"1\":1.7976931348623157e+308,\"2\":1,\"3\":[823,1.7976931348623157e+308,460,213,655,969,59]}","{\"0\":null,\"1\":823,\"2\":0,\"3\":[823,1.7976931348623157e+308,460,213,655,969,59]}","{\"0\":893,\"1\":59,\"2\":6,\"3\":[823,1.7976931348623157e+308,460,213,655,969,59]}","{\"0\":\"958823,1.7976931348623157e+308,460,213,655,969,59\",\"1\":969,\"2\":5,\"3\":[823,1.7976931348623157e+308,460,213,655,969,59]}","{\"0\":\"958823,1.7976931348623157e+308,460,213,655,969,599695823,1.7976931348623157e+308,460,213,655,969,59\",\"1\":655,\"2\":4,\"3\":[823,1.7976931348623157e+308,460,213,655,969,59]}","{\"0\":\"958823,1.7976931348623157e+308,460,213,655,969,599695823,1.7976931348623157e+308,460,213,655,969,596554823,1.7976931348623157e+308,460,213,655,969,59\",\"1\":213,\"2\":3,\"3\":[823,1.7976931348623157e+308,460,213,655,969,59]}","{\"0\":\"958823,1.7976931348623157e+308,460,213,655,969,599695823,1.7976931348623157e+308,460,213,655,969,596554823,1.7976931348623157e+308,460,213,655,969,592133823,1.7976931348623157e+308,460,213,655,969,59\",\"1\":460,\"2\":2,\"3\":[823,1.7976931348623157e+308,460,213,655,969,59]}","{\"0\":\"958823,1.7976931348623157e+308,460,213,655,969,599695823,1.7976931348623157e+308,460,213,655,969,596554823,1.7976931348623157e+308,460,213,655,969,592133823,1.7976931348623157e+308,460,213,655,969,594602823,1.7976931348623157e+308,460,213,655,969,59\",\"1\":1.7976931348623157e+308,\"2\":1,\"3\":[823,1.7976931348623157e+308,460,213,655,969,59]}","{\"0\":\"958823,1.7976931348623157e+308,460,213,655,969,599695823,1.7976931348623157e+308,460,213,655,969,596554823,1.7976931348623157e+308,460,213,655,969,592133823,1.7976931348623157e+308,460,213,655,969,594602823,1.7976931348623157e+308,460,213,655,969,591.7976931348623157e+3081823,1.7976931348623157e+308,460,213,655,969,59\",\"1\":823,\"2\":0,\"3\":[823,1.7976931348623157e+308,460,213,655,969,59]}"]}