{"baseObjects":["[-100]","[-100]","[-100]","[-100]"],"returnObjects":["\"Error\"","\"NaN-100\"","\"Error\"","-100"],"callbackArgs":["{\"0\":null,\"1\":-100,\"2\":0,\"3\":[-100]}","{\"0\":{\"5.280821901947416e+307\":1.4046734604836942e+308},\"1\":-100,\"2\":0,\"3\":[-100]}","{\"0\":null,\"1\":-100,\"2\":0,\"3\":[-100]}"]}