{"baseObjects":["[\"8Gb\",\"mKo\",618,5.854425570769262e+307,627,607,242,\"Z|Ki9-I}\",893,\"p\"]","[\"8Gb\",\"mKo\",618,\"2B\",627,607,242,\"Z|Ki9-I}\",893,\"p\"]","[\"8Gb\",\"mKo\",618,\"2B\",627,607,242,\"Z|Ki9-I}\",893,\"p\"]","[\"8Gb\",\"mKo\",618,\"2B\",false,607,242,\"Z|Ki9-I}\",893,\"p\"]"],"returnObjects":["\"NaN8Gb,mKo,618,5.854425570769262e+307,627,607,242,Z|Ki9-I},893,p\"","\"Error\"","null","null"],"callbackArgs":["{\"0\":\"p\",\"1\":893,\"2\":8,\"3\":[\"8Gb\",\"mKo\",618,\"2B\",627,607,242,\"Z|Ki9-I}\",893,\"p\"]}","{\"0\":\"NaN8Gb,mKo,618,5.854425570769262e+307,627,607,242,Z|Ki9-I},893,p\",\"1\":\"Z|Ki9-I}\",\"2\":7,\"3\":[\"8Gb\",\"mKo\",618,5.854425570769262e+307,627,607,242,\"Z|Ki9-I}\",893,\"p\"]}","{\"0\":\"NaN8Gb,mKo,618,5.854425570769262e+307,627,607,242,Z|Ki9-I},893,p\",\"1\":242,\"2\":6,\"3\":[\"8Gb\",\"mKo\",618,5.854425570769262e+307,627,607,242,\"Z|Ki9-I}\",893,\"p\"]}","{\"0\":\"NaN8Gb,mKo,618,5.854425570769262e+307,627,607,242,Z|Ki9-I},893,p\",\"1\":607,\"2\":5,\"3\":[\"8Gb\",\"mKo\",618,5.854425570769262e+307,627,607,242,\"Z|Ki9-I}\",893,\"p\"]}","{\"0\":\"NaN8Gb,mKo,618,5.854425570769262e+307,627,607,242,Z|Ki9-I},893,p\",\"1\":627,\"2\":4,\"3\":[\"8Gb\",\"mKo\",618,5.854425570769262e+307,627,607,242,\"Z|Ki9-I}\",893,\"p\"]}","{\"0\":\"NaN8Gb,mKo,618,5.854425570769262e+307,627,607,242,Z|Ki9-I},893,p\",\"1\":5.854425570769262e+307,\"2\":3,\"3\":[\"8Gb\",\"mKo\",618,5.854425570769262e+307,627,607,242,\"Z|Ki9-I}\",893,\"p\"]}","{\"0\":\"NaN8Gb,mKo,618,5.854425570769262e+307,627,607,242,Z|Ki9-I},893,p\",\"1\":618,\"2\":2,\"3\":[\"8Gb\",\"mKo\",618,5.854425570769262e+307,627,607,242,\"Z|Ki9-I}\",893,\"p\"]}","{\"0\":\"NaN8Gb,mKo,618,5.854425570769262e+307,627,607,242,Z|Ki9-I},893,p\",\"1\":\"mKo\",\"2\":1,\"3\":[\"8Gb\",\"mKo\",618,5.854425570769262e+307,627,607,242,\"Z|Ki9-I}\",893,\"p\"]}","{\"0\":\"NaN8Gb,mKo,618,5.854425570769262e+307,627,607,242,Z|Ki9-I},893,p\",\"1\":\"8Gb\",\"2\":0,\"3\":[\"8Gb\",\"mKo\",618,5.854425570769262e+307,627,607,242,\"Z|Ki9-I}\",893,\"p\"]}","{\"0\":\"p\",\"1\":893,\"2\":8,\"3\":[\"8Gb\",\"mKo\",618,\"2B\",627,607,242,\"Z|Ki9-I}\",893,\"p\"]}","{\"0\":null,\"1\":\"Z|Ki9-I}\",\"2\":7,\"3\":[\"8Gb\",\"mKo\",618,\"2B\",627,607,242,\"Z|Ki9-I}\",893,\"p\"]}","{\"0\":null,\"1\":242,\"2\":6,\"3\":[\"8Gb\",\"mKo\",618,\"2B\",627,607,242,\"Z|Ki9-I}\",893,\"p\"]}","{\"0\":null,\"1\":607,\"2\":5,\"3\":[\"8Gb\",\"mKo\",618,\"2B\",627,607,242,\"Z|Ki9-I}\",893,\"p\"]}","{\"0\":null,\"1\":627,\"2\":4,\"3\":[\"8Gb\",\"mKo\",618,\"2B\",627,607,242,\"Z|Ki9-I}\",893,\"p\"]}","{\"0\":null,\"1\":\"2B\",\"2\":3,\"3\":[\"8Gb\",\"mKo\",618,\"2B\",627,607,242,\"Z|Ki9-I}\",893,\"p\"]}","{\"0\":null,\"1\":618,\"2\":2,\"3\":[\"8Gb\",\"mKo\",618,\"2B\",627,607,242,\"Z|Ki9-I}\",893,\"p\"]}","{\"0\":null,\"1\":\"mKo\",\"2\":1,\"3\":[\"8Gb\",\"mKo\",618,\"2B\",627,607,242,\"Z|Ki9-I}\",893,\"p\"]}","{\"0\":null,\"1\":\"8Gb\",\"2\":0,\"3\":[\"8Gb\",\"mKo\",618,\"2B\",627,607,242,\"Z|Ki9-I}\",893,\"p\"]}","{\"0\":null,\"1\":\"p\",\"2\":9,\"3\":[\"8Gb\",\"mKo\",618,\"2B\",627,607,242,\"Z|Ki9-I}\",893,\"p\"]}","{\"0\":null,\"1\":893,\"2\":8,\"3\":[\"8Gb\",\"mKo\",618,\"2B\",false,607,242,\"Z|Ki9-I}\",893,\"p\"]}","{\"0\":null,\"1\":\"Z|Ki9-I}\",\"2\":7,\"3\":[\"8Gb\",\"mKo\",618,\"2B\",false,607,242,\"Z|Ki9-I}\",893,\"p\"]}","{\"0\":null,\"1\":242,\"2\":6,\"3\":[\"8Gb\",\"mKo\",618,\"2B\",false,607,242,\"Z|Ki9-I}\",893,\"p\"]}","{\"0\":null,\"1\":607,\"2\":5,\"3\":[\"8Gb\",\"mKo\",618,\"2B\",false,607,242,\"Z|Ki9-I}\",893,\"p\"]}","{\"0\":null,\"1\":false,\"2\":4,\"3\":[\"8Gb\",\"mKo\",618,\"2B\",false,607,242,\"Z|Ki9-I}\",893,\"p\"]}","{\"0\":null,\"1\":\"2B\",\"2\":3,\"3\":[\"8Gb\",\"mKo\",618,\"2B\",false,607,242,\"Z|Ki9-I}\",893,\"p\"]}","{\"0\":null,\"1\":618,\"2\":2,\"3\":[\"8Gb\",\"mKo\",618,\"2B\",false,607,242,\"Z|Ki9-I}\",893,\"p\"]}","{\"0\":null,\"1\":\"mKo\",\"2\":1,\"3\":[\"8Gb\",\"mKo\",618,\"2B\",false,607,242,\"Z|Ki9-I}\",893,\"p\"]}","{\"0\":null,\"1\":\"8Gb\",\"2\":0,\"3\":[\"8Gb\",\"mKo\",618,\"2B\",false,607,242,\"Z|Ki9-I}\",893,\"p\"]}"]}