{"baseObjects":["[460,595,242,969,783,5e-324,82,49,157]","[460,595,242,969,783,5e-324,82,49,157]","[460,595,242,969,783,5e-324,82,49,157]","0"],"returnObjects":["\"NaN460,595,242,969,783,5e-324,82,49,157\"","null","null","\"Error\""],"callbackArgs":["{\"0\":1.2768489157712438e+308,\"1\":157,\"2\":8,\"3\":[460,595,242,969,783,5e-324,82,49,157]}","{\"0\":\"1.2768489157712438e+308460,595,242,969,783,5e-324,82,49,157\",\"1\":49,\"2\":7,\"3\":[460,595,242,969,783,5e-324,82,49,157]}","{\"0\":\"NaN460,595,242,969,783,5e-324,82,49,157\",\"1\":82,\"2\":6,\"3\":[460,595,242,969,783,5e-324,82,49,157]}","{\"0\":\"NaN460,595,242,969,783,5e-324,82,49,157\",\"1\":5e-324,\"2\":5,\"3\":[460,595,242,969,783,5e-324,82,49,157]}","{\"0\":\"NaN460,595,242,969,783,5e-324,82,49,157\",\"1\":783,\"2\":4,\"3\":[460,595,242,969,783,5e-324,82,49,157]}","{\"0\":\"NaN460,595,242,969,783,5e-324,82,49,157\",\"1\":969,\"2\":3,\"3\":[460,595,242,969,783,5e-324,82,49,157]}","{\"0\":\"NaN460,595,242,969,783,5e-324,82,49,157\",\"1\":242,\"2\":2,\"3\":[460,595,242,969,783,5e-324,82,49,157]}","{\"0\":\"NaN460,595,242,969,783,5e-324,82,49,157\",\"1\":595,\"2\":1,\"3\":[460,595,242,969,783,5e-324,82,49,157]}","{\"0\":\"NaN460,595,242,969,783,5e-324,82,49,157\",\"1\":460,\"2\":0,\"3\":[460,595,242,969,783,5e-324,82,49,157]}","{\"0\":[\"wZ0\"],\"1\":157,\"2\":8,\"3\":[460,595,242,969,783,5e-324,82,49,157]}","{\"0\":null,\"1\":49,\"2\":7,\"3\":[460,595,242,969,783,5e-324,82,49,157]}","{\"0\":null,\"1\":82,\"2\":6,\"3\":[460,595,242,969,783,5e-324,82,49,157]}","{\"0\":null,\"1\":5e-324,\"2\":5,\"3\":[460,595,242,969,783,5e-324,82,49,157]}","{\"0\":null,\"1\":783,\"2\":4,\"3\":[460,595,242,969,783,5e-324,82,49,157]}","{\"0\":null,\"1\":969,\"2\":3,\"3\":[460,595,242,969,783,5e-324,82,49,157]}","{\"0\":null,\"1\":242,\"2\":2,\"3\":[460,595,242,969,783,5e-324,82,49,157]}","{\"0\":null,\"1\":595,\"2\":1,\"3\":[460,595,242,969,783,5e-324,82,49,157]}","{\"0\":null,\"1\":460,\"2\":0,\"3\":[460,595,242,969,783,5e-324,82,49,157]}","{\"0\":157,\"1\":49,\"2\":7,\"3\":[460,595,242,969,783,5e-324,82,49,157]}","{\"0\":null,\"1\":82,\"2\":6,\"3\":[460,595,242,969,783,5e-324,82,49,157]}","{\"0\":null,\"1\":5e-324,\"2\":5,\"3\":[460,595,242,969,783,5e-324,82,49,157]}","{\"0\":null,\"1\":783,\"2\":4,\"3\":[460,595,242,969,783,5e-324,82,49,157]}","{\"0\":null,\"1\":969,\"2\":3,\"3\":[460,595,242,969,783,5e-324,82,49,157]}","{\"0\":null,\"1\":242,\"2\":2,\"3\":[460,595,242,969,783,5e-324,82,49,157]}","{\"0\":null,\"1\":595,\"2\":1,\"3\":[460,595,242,969,783,5e-324,82,49,157]}","{\"0\":null,\"1\":460,\"2\":0,\"3\":[460,595,242,969,783,5e-324,82,49,157]}","{\"0\":595,\"1\":157,\"2\":8,\"3\":[460,595,242,969,783,5e-324,82,49,157]}"]}