{"baseObjects":["[100,\"<\",\"T^\",\"_bko\",100,\"0=1 \",893,783,\"vb\",82]","[100,\"<\",\"T^\",\"_bko\",{\"460\":\"\",\"893\":\"d\",\"O\":1.8230784370745612e+307,\"1.7976931348623157e+308\":783,\"-100\":6.371255006035152e+307,\"S\":\"?%4\",\"6.194240178604896e+307\":\"@\",\"!\":\"m\",\"1.3513805712067677e+308\":\"k\",\"\":\"\"},\"0=1 \",893,783,\"vb\",82]","[100,\"<\",\"T^\",\"_bko\",100,\"0=1 \",893,783,\"vb\",82]","[100,\"<\",\"T^\",\"_bko\",100,\"0=1 \",893,783,\"vb\",82]"],"returnObjects":["null","null","null","\"NaN100,<,T^,_bko,100,0=1 ,893,783,vb,82\""],"callbackArgs":["{\"0\":82,\"1\":\"vb\",\"2\":8,\"3\":[100,\"<\",\"T^\",\"_bko\",100,\"0=1 \",893,783,\"vb\",82]}","{\"0\":null,\"1\":783,\"2\":7,\"3\":[100,\"<\",\"T^\",\"_bko\",100,\"0=1 \",893,783,\"vb\",82]}","{\"0\":null,\"1\":893,\"2\":6,\"3\":[100,\"<\",\"T^\",\"_bko\",100,\"0=1 \",893,783,\"vb\",82]}","{\"0\":null,\"1\":\"0=1 \",\"2\":5,\"3\":[100,\"<\",\"T^\",\"_bko\",100,\"0=1 \",893,783,\"vb\",82]}","{\"0\":null,\"1\":100,\"2\":4,\"3\":[100,\"<\",\"T^\",\"_bko\",100,\"0=1 \",893,783,\"vb\",82]}","{\"0\":null,\"1\":\"_bko\",\"2\":3,\"3\":[100,\"<\",\"T^\",\"_bko\",100,\"0=1 \",893,783,\"vb\",82]}","{\"0\":null,\"1\":\"T^\",\"2\":2,\"3\":[100,\"<\",\"T^\",\"_bko\",100,\"0=1 \",893,783,\"vb\",82]}","{\"0\":null,\"1\":\"<\",\"2\":1,\"3\":[100,\"<\",\"T^\",\"_bko\",100,\"0=1 \",893,783,\"vb\",82]}","{\"0\":null,\"1\":100,\"2\":0,\"3\":[100,\"<\",\"T^\",\"_bko\",100,\"0=1 \",893,783,\"vb\",82]}","{\"0\":82,\"1\":\"vb\",\"2\":8,\"3\":[100,\"<\",\"T^\",\"_bko\",100,\"0=1 \",893,783,\"vb\",82]}","{\"0\":null,\"1\":783,\"2\":7,\"3\":[100,\"<\",\"T^\",\"_bko\",{\"460\":\"\",\"893\":\"d\",\"O\":1.8230784370745612e+307,\"1.7976931348623157e+308\":783,\"-100\":6.371255006035152e+307,\"S\":\"?%4\",\"6.194240178604896e+307\":\"@\",\"!\":\"m\",\"1.3513805712067677e+308\":\"k\",\"\":\"\"},\"0=1 \",893,783,\"vb\",82]}","{\"0\":null,\"1\":893,\"2\":6,\"3\":[100,\"<\",\"T^\",\"_bko\",{\"460\":\"\",\"893\":\"d\",\"O\":1.8230784370745612e+307,\"1.7976931348623157e+308\":783,\"-100\":6.371255006035152e+307,\"S\":\"?%4\",\"6.194240178604896e+307\":\"@\",\"!\":\"m\",\"1.3513805712067677e+308\":\"k\",\"\":\"\"},\"0=1 \",893,783,\"vb\",82]}","{\"0\":null,\"1\":\"0=1 \",\"2\":5,\"3\":[100,\"<\",\"T^\",\"_bko\",{\"460\":\"\",\"893\":\"d\",\"O\":1.8230784370745612e+307,\"1.7976931348623157e+308\":783,\"-100\":6.371255006035152e+307,\"S\":\"?%4\",\"6.194240178604896e+307\":\"@\",\"!\":\"m\",\"1.3513805712067677e+308\":\"k\",\"\":\"\"},\"0=1 \",893,783,\"vb\",82]}","{\"0\":null,\"1\":{\"460\":\"\",\"893\":\"d\",\"O\":1.8230784370745612e+307,\"1.7976931348623157e+308\":783,\"-100\":6.371255006035152e+307,\"S\":\"?%4\",\"6.194240178604896e+307\":\"@\",\"!\":\"m\",\"1.3513805712067677e+308\":\"k\",\"\":\"\"},\"2\":4,\"3\":[100,\"<\",\"T^\",\"_bko\",{\"460\":\"\",\"893\":\"d\",\"O\":1.8230784370745612e+307,\"1.7976931348623157e+308\":783,\"-100\":6.371255006035152e+307,\"S\":\"?%4\",\"6.194240178604896e+307\":\"@\",\"!\":\"m\",\"1.3513805712067677e+308\":\"k\",\"\":\"\"},\"0=1 \",893,783,\"vb\",82]}","{\"0\":null,\"1\":\"_bko\",\"2\":3,\"3\":[100,\"<\",\"T^\",\"_bko\",{\"460\":\"\",\"893\":\"d\",\"O\":1.8230784370745612e+307,\"1.7976931348623157e+308\":783,\"-100\":6.371255006035152e+307,\"S\":\"?%4\",\"6.194240178604896e+307\":\"@\",\"!\":\"m\",\"1.3513805712067677e+308\":\"k\",\"\":\"\"},\"0=1 \",893,783,\"vb\",82]}","{\"0\":null,\"1\":\"T^\",\"2\":2,\"3\":[100,\"<\",\"T^\",\"_bko\",{\"460\":\"\",\"893\":\"d\",\"O\":1.8230784370745612e+307,\"1.7976931348623157e+308\":783,\"-100\":6.371255006035152e+307,\"S\":\"?%4\",\"6.194240178604896e+307\":\"@\",\"!\":\"m\",\"1.3513805712067677e+308\":\"k\",\"\":\"\"},\"0=1 \",893,783,\"vb\",82]}","{\"0\":null,\"1\":\"<\",\"2\":1,\"3\":[100,\"<\",\"T^\",\"_bko\",{\"460\":\"\",\"893\":\"d\",\"O\":1.8230784370745612e+307,\"1.7976931348623157e+308\":783,\"-100\":6.371255006035152e+307,\"S\":\"?%4\",\"6.194240178604896e+307\":\"@\",\"!\":\"m\",\"1.3513805712067677e+308\":\"k\",\"\":\"\"},\"0=1 \",893,783,\"vb\",82]}","{\"0\":null,\"1\":100,\"2\":0,\"3\":[100,\"<\",\"T^\",\"_bko\",{\"460\":\"\",\"893\":\"d\",\"O\":1.8230784370745612e+307,\"1.7976931348623157e+308\":783,\"-100\":6.371255006035152e+307,\"S\":\"?%4\",\"6.194240178604896e+307\":\"@\",\"!\":\"m\",\"1.3513805712067677e+308\":\"k\",\"\":\"\"},\"0=1 \",893,783,\"vb\",82]}","{\"0\":true,\"1\":82,\"2\":9,\"3\":[100,\"<\",\"T^\",\"_bko\",100,\"0=1 \",893,783,\"vb\",82]}","{\"0\":null,\"1\":\"vb\",\"2\":8,\"3\":[100,\"<\",\"T^\",\"_bko\",100,\"0=1 \",893,783,\"vb\",82]}","{\"0\":null,\"1\":783,\"2\":7,\"3\":[100,\"<\",\"T^\",\"_bko\",100,\"0=1 \",893,783,\"vb\",82]}","{\"0\":null,\"1\":893,\"2\":6,\"3\":[100,\"<\",\"T^\",\"_bko\",100,\"0=1 \",893,783,\"vb\",82]}","{\"0\":null,\"1\":\"0=1 \",\"2\":5,\"3\":[100,\"<\",\"T^\",\"_bko\",100,\"0=1 \",893,783,\"vb\",82]}","{\"0\":null,\"1\":100,\"2\":4,\"3\":[100,\"<\",\"T^\",\"_bko\",100,\"0=1 \",893,783,\"vb\",82]}","{\"0\":null,\"1\":\"_bko\",\"2\":3,\"3\":[100,\"<\",\"T^\",\"_bko\",100,\"0=1 \",893,783,\"vb\",82]}","{\"0\":null,\"1\":\"T^\",\"2\":2,\"3\":[100,\"<\",\"T^\",\"_bko\",100,\"0=1 \",893,783,\"vb\",82]}","{\"0\":null,\"1\":\"<\",\"2\":1,\"3\":[100,\"<\",\"T^\",\"_bko\",100,\"0=1 \",893,783,\"vb\",82]}","{\"0\":null,\"1\":100,\"2\":0,\"3\":[100,\"<\",\"T^\",\"_bko\",100,\"0=1 \",893,783,\"vb\",82]}","{\"0\":null,\"1\":82,\"2\":9,\"3\":[100,\"<\",\"T^\",\"_bko\",100,\"0=1 \",893,783,\"vb\",82]}","{\"0\":\"-9.11111111111111100,<,T^,_bko,100,0=1 ,893,783,vb,82\",\"1\":\"vb\",\"2\":8,\"3\":[100,\"<\",\"T^\",\"_bko\",100,\"0=1 \",893,783,\"vb\",82]}","{\"0\":\"NaN100,<,T^,_bko,100,0=1 ,893,783,vb,82\",\"1\":783,\"2\":7,\"3\":[100,\"<\",\"T^\",\"_bko\",100,\"0=1 \",893,783,\"vb\",82]}","{\"0\":\"NaN100,<,T^,_bko,100,0=1 ,893,783,vb,82\",\"1\":893,\"2\":6,\"3\":[100,\"<\",\"T^\",\"_bko\",100,\"0=1 \",893,783,\"vb\",82]}","{\"0\":\"NaN100,<,T^,_bko,100,0=1 ,893,783,vb,82\",\"1\":\"0=1 \",\"2\":5,\"3\":[100,\"<\",\"T^\",\"_bko\",100,\"0=1 \",893,783,\"vb\",82]}","{\"0\":\"NaN100,<,T^,_bko,100,0=1 ,893,783,vb,82\",\"1\":100,\"2\":4,\"3\":[100,\"<\",\"T^\",\"_bko\",100,\"0=1 \",893,783,\"vb\",82]}","{\"0\":\"NaN100,<,T^,_bko,100,0=1 ,893,783,vb,82\",\"1\":\"_bko\",\"2\":3,\"3\":[100,\"<\",\"T^\",\"_bko\",100,\"0=1 \",893,783,\"vb\",82]}","{\"0\":\"NaN100,<,T^,_bko,100,0=1 ,893,783,vb,82\",\"1\":\"T^\",\"2\":2,\"3\":[100,\"<\",\"T^\",\"_bko\",100,\"0=1 \",893,783,\"vb\",82]}","{\"0\":\"NaN100,<,T^,_bko,100,0=1 ,893,783,vb,82\",\"1\":\"<\",\"2\":1,\"3\":[100,\"<\",\"T^\",\"_bko\",100,\"0=1 \",893,783,\"vb\",82]}","{\"0\":\"NaN100,<,T^,_bko,100,0=1 ,893,783,vb,82\",\"1\":100,\"2\":0,\"3\":[100,\"<\",\"T^\",\"_bko\",100,\"0=1 \",893,783,\"vb\",82]}"]}