{"baseObjects":["[705,893,213,25,1.7976931348623157e+308,-100,705]","[705,893,213,25,1.7976931348623157e+308,-100,705]","[705,893,213,25,1.7976931348623157e+308,-100,705]","[705,893,213,25,1.7976931348623157e+308,-100,705]"],"returnObjects":["null","null","\"Error\"","\"Error\""],"callbackArgs":["{\"0\":false,\"1\":705,\"2\":6,\"3\":[705,893,213,25,1.7976931348623157e+308,-100,705]}","{\"0\":null,\"1\":-100,\"2\":5,\"3\":[705,893,213,25,1.7976931348623157e+308,-100,705]}","{\"0\":null,\"1\":1.7976931348623157e+308,\"2\":4,\"3\":[705,893,213,25,1.7976931348623157e+308,-100,705]}","{\"0\":null,\"1\":25,\"2\":3,\"3\":[705,893,213,25,1.7976931348623157e+308,-100,705]}","{\"0\":null,\"1\":213,\"2\":2,\"3\":[705,893,213,25,1.7976931348623157e+308,-100,705]}","{\"0\":null,\"1\":893,\"2\":1,\"3\":[705,893,213,25,1.7976931348623157e+308,-100,705]}","{\"0\":null,\"1\":705,\"2\":0,\"3\":[705,893,213,25,1.7976931348623157e+308,-100,705]}","{\"0\":\"\",\"1\":705,\"2\":6,\"3\":[705,893,213,25,1.7976931348623157e+308,-100,705]}","{\"0\":null,\"1\":-100,\"2\":5,\"3\":[705,893,213,25,1.7976931348623157e+308,-100,705]}","{\"0\":null,\"1\":1.7976931348623157e+308,\"2\":4,\"3\":[705,893,213,25,1.7976931348623157e+308,-100,705]}","{\"0\":null,\"1\":25,\"2\":3,\"3\":[705,893,213,25,1.7976931348623157e+308,-100,705]}","{\"0\":null,\"1\":213,\"2\":2,\"3\":[705,893,213,25,1.7976931348623157e+308,-100,705]}","{\"0\":null,\"1\":893,\"2\":1,\"3\":[705,893,213,25,1.7976931348623157e+308,-100,705]}","{\"0\":null,\"1\":705,\"2\":0,\"3\":[705,893,213,25,1.7976931348623157e+308,-100,705]}","{\"0\":null,\"1\":705,\"2\":6,\"3\":[705,893,213,25,1.7976931348623157e+308,-100,705]}","{\"0\":[-1,122,100,25,843,157,460],\"1\":705,\"2\":6,\"3\":[705,893,213,25,1.7976931348623157e+308,-100,705]}"]}