{"baseObjects":["[460,242,0,49,627,783]","[9.252017709479569e+307,242,0,49,627,783]","[460,242,0,\"\",627,783]","[460,242,0,49,627,783]"],"returnObjects":["\"Error\"","null","null","\"Error\""],"callbackArgs":["{\"0\":\"\",\"1\":783,\"2\":5,\"3\":[460,242,0,49,627,783]}","{\"0\":783,\"1\":627,\"2\":4,\"3\":[460,242,0,49,627,783]}","{\"0\":null,\"1\":49,\"2\":3,\"3\":[9.252017709479569e+307,242,0,49,627,783]}","{\"0\":null,\"1\":0,\"2\":2,\"3\":[9.252017709479569e+307,242,0,49,627,783]}","{\"0\":null,\"1\":242,\"2\":1,\"3\":[9.252017709479569e+307,242,0,49,627,783]}","{\"0\":null,\"1\":9.252017709479569e+307,\"2\":0,\"3\":[9.252017709479569e+307,242,0,49,627,783]}","{\"0\":false,\"1\":783,\"2\":5,\"3\":[460,242,0,49,627,783]}","{\"0\":null,\"1\":627,\"2\":4,\"3\":[460,242,0,\"\",627,783]}","{\"0\":null,\"1\":\"\",\"2\":3,\"3\":[460,242,0,\"\",627,783]}","{\"0\":null,\"1\":0,\"2\":2,\"3\":[460,242,0,\"\",627,783]}","{\"0\":null,\"1\":242,\"2\":1,\"3\":[460,242,0,\"\",627,783]}","{\"0\":null,\"1\":460,\"2\":0,\"3\":[460,242,0,\"\",627,783]}","{\"0\":783,\"1\":627,\"2\":4,\"3\":[460,242,0,49,627,783]}"]}