{"baseObjects":["[126,\")\",893,25,\"ti\",5e-324]","[126,\")\",893,25,\"ti\",{}]","[126,false,893,25,\"ti\",5e-324]","[126,\")\",893,25,\"ti\",5e-324]"],"returnObjects":["\"[object Object]5e-324NaNtiNaN25NaN893NaN)NaN126NaN\"","\"Error\"","null","null"],"callbackArgs":["{\"0\":{\"714\":\"3\",\"\":9.090275615624501e+307,\"-1\":\"+\",\"1.5288038039415373e+308\":\"\"},\"1\":5e-324,\"2\":5,\"3\":[126,\")\",893,25,\"ti\",5e-324]}","{\"0\":\"[object Object]5e-324NaN\",\"1\":\"ti\",\"2\":4,\"3\":[126,\")\",893,25,\"ti\",5e-324]}","{\"0\":\"[object Object]5e-324NaNtiNaN\",\"1\":25,\"2\":3,\"3\":[126,\")\",893,25,\"ti\",5e-324]}","{\"0\":\"[object Object]5e-324NaNtiNaN25NaN\",\"1\":893,\"2\":2,\"3\":[126,\")\",893,25,\"ti\",5e-324]}","{\"0\":\"[object Object]5e-324NaNtiNaN25NaN893NaN\",\"1\":\")\",\"2\":1,\"3\":[126,\")\",893,25,\"ti\",5e-324]}","{\"0\":\"[object Object]5e-324NaNtiNaN25NaN893NaN)NaN\",\"1\":126,\"2\":0,\"3\":[126,\")\",893,25,\"ti\",5e-324]}","{\"0\":null,\"1\":5e-324,\"2\":5,\"3\":[126,\")\",893,25,\"ti\",5e-324]}","{\"0\":5e-324,\"1\":\"ti\",\"2\":4,\"3\":[126,\")\",893,25,\"ti\",5e-324]}","{\"0\":null,\"1\":25,\"2\":3,\"3\":[126,false,893,25,\"ti\",5e-324]}","{\"0\":null,\"1\":893,\"2\":2,\"3\":[126,false,893,25,\"ti\",5e-324]}","{\"0\":null,\"1\":false,\"2\":1,\"3\":[126,false,893,25,\"ti\",5e-324]}","{\"0\":null,\"1\":126,\"2\":0,\"3\":[126,false,893,25,\"ti\",5e-324]}","{\"0\":\"\",\"1\":5e-324,\"2\":5,\"3\":[126,\")\",893,25,\"ti\",5e-324]}","{\"0\":null,\"1\":\"ti\",\"2\":4,\"3\":[126,\")\",893,25,\"ti\",5e-324]}","{\"0\":null,\"1\":25,\"2\":3,\"3\":[126,\")\",893,25,\"ti\",5e-324]}","{\"0\":null,\"1\":893,\"2\":2,\"3\":[126,\")\",893,25,\"ti\",5e-324]}","{\"0\":null,\"1\":\")\",\"2\":1,\"3\":[126,\")\",893,25,\"ti\",5e-324]}","{\"0\":null,\"1\":126,\"2\":0,\"3\":[126,\")\",893,25,\"ti\",5e-324]}"]}