{"baseObjects":["\"\"","[126,627,893,969,627]","[126,627,893,969,627]","[126,627,893,969,627]"],"returnObjects":["null","\"Error\"","null","\"[object Object]627NaN969NaN893NaN627NaN126NaN\""],"callbackArgs":["{\"1\":627,\"2\":4,\"3\":[126,627,893,969,627]}","{\"0\":null,\"1\":969,\"2\":3,\"3\":[126,627,893,969,627]}","{\"0\":null,\"1\":893,\"2\":2,\"3\":[126,627,893,969,627]}","{\"0\":null,\"1\":627,\"2\":1,\"3\":[126,627,893,969,627]}","{\"0\":null,\"1\":126,\"2\":0,\"3\":[126,627,893,969,627]}","{\"0\":null,\"1\":627,\"2\":4,\"3\":[126,627,893,969,627]}","{\"0\":\"F\",\"1\":627,\"2\":4,\"3\":[126,627,893,969,627]}","{\"0\":null,\"1\":969,\"2\":3,\"3\":[126,627,893,969,627]}","{\"0\":null,\"1\":893,\"2\":2,\"3\":[126,627,893,969,627]}","{\"0\":null,\"1\":627,\"2\":1,\"3\":[126,627,893,969,627]}","{\"0\":null,\"1\":126,\"2\":0,\"3\":[126,627,893,969,627]}","{\"0\":{\"9.021033390184858e+306\":\"LwJ\",\"w\":\"\",\"1.7001546963779958e+308\":100,\"<\":\"1Re\"},\"1\":627,\"2\":4,\"3\":[126,627,893,969,627]}","{\"0\":\"[object Object]627NaN\",\"1\":969,\"2\":3,\"3\":[126,627,893,969,627]}","{\"0\":\"[object Object]627NaN969NaN\",\"1\":893,\"2\":2,\"3\":[126,627,893,969,627]}","{\"0\":\"[object Object]627NaN969NaN893NaN\",\"1\":627,\"2\":1,\"3\":[126,627,893,969,627]}","{\"0\":\"[object Object]627NaN969NaN893NaN627NaN\",\"1\":126,\"2\":0,\"3\":[126,627,893,969,627]}"]}