{"baseObjects":["[893,783,126,607,126,59,242,843,618]","[893,783,126,607,126,59,242,843,618]","[893,783,126,607,126,59,242,843,618]","[893,783,126,607,126,59,242,843,618]"],"returnObjects":["\"NaN893,783,126,607,126,59,242,843,618\"","\"Error\"","\"NaN893,783,126,607,126,59,242,843,618\"","\"Error\""],"callbackArgs":["{\"0\":618,\"1\":843,\"2\":7,\"3\":[893,783,126,607,126,59,242,843,618]}","{\"0\":\"497.57142857142856893,783,126,607,126,59,242,843,618\",\"1\":242,\"2\":6,\"3\":[893,783,126,607,126,59,242,843,618]}","{\"0\":\"NaN893,783,126,607,126,59,242,843,618\",\"1\":59,\"2\":5,\"3\":[893,783,126,607,126,59,242,843,618]}","{\"0\":\"NaN893,783,126,607,126,59,242,843,618\",\"1\":126,\"2\":4,\"3\":[893,783,126,607,126,59,242,843,618]}","{\"0\":\"NaN893,783,126,607,126,59,242,843,618\",\"1\":607,\"2\":3,\"3\":[893,783,126,607,126,59,242,843,618]}","{\"0\":\"NaN893,783,126,607,126,59,242,843,618\",\"1\":126,\"2\":2,\"3\":[893,783,126,607,126,59,242,843,618]}","{\"0\":\"NaN893,783,126,607,126,59,242,843,618\",\"1\":783,\"2\":1,\"3\":[893,783,126,607,126,59,242,843,618]}","{\"0\":\"NaN893,783,126,607,126,59,242,843,618\",\"1\":893,\"2\":0,\"3\":[893,783,126,607,126,59,242,843,618]}","{\"0\":null,\"1\":618,\"2\":8,\"3\":[893,783,126,607,126,59,242,843,618]}","{\"0\":618,\"1\":843,\"2\":7,\"3\":[893,783,126,607,126,59,242,843,618]}","{\"0\":\"520967893,783,126,607,126,59,242,843,618\",\"1\":242,\"2\":6,\"3\":[893,783,126,607,126,59,242,843,618]}","{\"0\":\"NaN893,783,126,607,126,59,242,843,618\",\"1\":59,\"2\":5,\"3\":[893,783,126,607,126,59,242,843,618]}","{\"0\":\"NaN893,783,126,607,126,59,242,843,618\",\"1\":126,\"2\":4,\"3\":[893,783,126,607,126,59,242,843,618]}","{\"0\":\"NaN893,783,126,607,126,59,242,843,618\",\"1\":607,\"2\":3,\"3\":[893,783,126,607,126,59,242,843,618]}","{\"0\":\"NaN893,783,126,607,126,59,242,843,618\",\"1\":126,\"2\":2,\"3\":[893,783,126,607,126,59,242,843,618]}","{\"0\":\"NaN893,783,126,607,126,59,242,843,618\",\"1\":783,\"2\":1,\"3\":[893,783,126,607,126,59,242,843,618]}","{\"0\":\"NaN893,783,126,607,126,59,242,843,618\",\"1\":893,\"2\":0,\"3\":[893,783,126,607,126,59,242,843,618]}","{\"0\":{\"?K\":\"\",\"2.9260555407148645e+307\":8.29714799261549e+307,\"\":\"@\",\"8.810276296314583e+307\":\"\",\"Any\":5.014243843859232e+307},\"1\":618,\"2\":8,\"3\":[893,783,126,607,126,59,242,843,618]}"]}