{"baseObjects":["[-1,655,-1,1.7976931348623157e+308,714,705,49,213,49,893]","[-1,655,-1,1.7976931348623157e+308,714,705,49,213,49,893]","[-1,655,-1,1.7976931348623157e+308,714,705,49,213,49,893]","[-1,655,-1,1.7976931348623157e+308,714,705,49,213,49,893]"],"returnObjects":["null","null","null","\"NaN-1,655,-1,1.7976931348623157e+308,714,705,49,213,49,893\""],"callbackArgs":["{\"0\":893,\"1\":49,\"2\":8,\"3\":[-1,655,-1,1.7976931348623157e+308,714,705,49,213,49,893]}","{\"0\":null,\"1\":213,\"2\":7,\"3\":[-1,655,-1,1.7976931348623157e+308,714,705,49,213,49,893]}","{\"0\":null,\"1\":49,\"2\":6,\"3\":[-1,655,-1,1.7976931348623157e+308,714,705,49,213,49,893]}","{\"0\":null,\"1\":705,\"2\":5,\"3\":[-1,655,-1,1.7976931348623157e+308,714,705,49,213,49,893]}","{\"0\":null,\"1\":714,\"2\":4,\"3\":[-1,655,-1,1.7976931348623157e+308,714,705,49,213,49,893]}","{\"0\":null,\"1\":1.7976931348623157e+308,\"2\":3,\"3\":[-1,655,-1,1.7976931348623157e+308,714,705,49,213,49,893]}","{\"0\":null,\"1\":-1,\"2\":2,\"3\":[-1,655,-1,1.7976931348623157e+308,714,705,49,213,49,893]}","{\"0\":null,\"1\":655,\"2\":1,\"3\":[-1,655,-1,1.7976931348623157e+308,714,705,49,213,49,893]}","{\"0\":null,\"1\":-1,\"2\":0,\"3\":[-1,655,-1,1.7976931348623157e+308,714,705,49,213,49,893]}","{\"0\":893,\"1\":49,\"2\":8,\"3\":[-1,655,-1,1.7976931348623157e+308,714,705,49,213,49,893]}","{\"0\":null,\"1\":213,\"2\":7,\"3\":[-1,655,-1,1.7976931348623157e+308,714,705,49,213,49,893]}","{\"0\":null,\"1\":49,\"2\":6,\"3\":[-1,655,-1,1.7976931348623157e+308,714,705,49,213,49,893]}","{\"0\":null,\"1\":705,\"2\":5,\"3\":[-1,655,-1,1.7976931348623157e+308,714,705,49,213,49,893]}","{\"0\":null,\"1\":714,\"2\":4,\"3\":[-1,655,-1,1.7976931348623157e+308,714,705,49,213,49,893]}","{\"0\":null,\"1\":1.7976931348623157e+308,\"2\":3,\"3\":[-1,655,-1,1.7976931348623157e+308,714,705,49,213,49,893]}","{\"0\":null,\"1\":-1,\"2\":2,\"3\":[-1,655,-1,1.7976931348623157e+308,714,705,49,213,49,893]}","{\"0\":null,\"1\":655,\"2\":1,\"3\":[-1,655,-1,1.7976931348623157e+308,714,705,49,213,49,893]}","{\"0\":null,\"1\":-1,\"2\":0,\"3\":[-1,655,-1,1.7976931348623157e+308,714,705,49,213,49,893]}","{\"0\":893,\"1\":49,\"2\":8,\"3\":[-1,655,-1,1.7976931348623157e+308,714,705,49,213,49,893]}","{\"0\":null,\"1\":213,\"2\":7,\"3\":[-1,655,-1,1.7976931348623157e+308,714,705,49,213,49,893]}","{\"0\":null,\"1\":49,\"2\":6,\"3\":[-1,655,-1,1.7976931348623157e+308,714,705,49,213,49,893]}","{\"0\":null,\"1\":705,\"2\":5,\"3\":[-1,655,-1,1.7976931348623157e+308,714,705,49,213,49,893]}","{\"0\":null,\"1\":714,\"2\":4,\"3\":[-1,655,-1,1.7976931348623157e+308,714,705,49,213,49,893]}","{\"0\":null,\"1\":1.7976931348623157e+308,\"2\":3,\"3\":[-1,655,-1,1.7976931348623157e+308,714,705,49,213,49,893]}","{\"0\":null,\"1\":-1,\"2\":2,\"3\":[-1,655,-1,1.7976931348623157e+308,714,705,49,213,49,893]}","{\"0\":null,\"1\":655,\"2\":1,\"3\":[-1,655,-1,1.7976931348623157e+308,714,705,49,213,49,893]}","{\"0\":null,\"1\":-1,\"2\":0,\"3\":[-1,655,-1,1.7976931348623157e+308,714,705,49,213,49,893]}","{\"1\":893,\"2\":9,\"3\":[-1,655,-1,1.7976931348623157e+308,714,705,49,213,49,893]}","{\"0\":\"NaN-1,655,-1,1.7976931348623157e+308,714,705,49,213,49,893\",\"1\":49,\"2\":8,\"3\":[-1,655,-1,1.7976931348623157e+308,714,705,49,213,49,893]}","{\"0\":\"NaN-1,655,-1,1.7976931348623157e+308,714,705,49,213,49,893\",\"1\":213,\"2\":7,\"3\":[-1,655,-1,1.7976931348623157e+308,714,705,49,213,49,893]}","{\"0\":\"NaN-1,655,-1,1.7976931348623157e+308,714,705,49,213,49,893\",\"1\":49,\"2\":6,\"3\":[-1,655,-1,1.7976931348623157e+308,714,705,49,213,49,893]}","{\"0\":\"NaN-1,655,-1,1.7976931348623157e+308,714,705,49,213,49,893\",\"1\":705,\"2\":5,\"3\":[-1,655,-1,1.7976931348623157e+308,714,705,49,213,49,893]}","{\"0\":\"NaN-1,655,-1,1.7976931348623157e+308,714,705,49,213,49,893\",\"1\":714,\"2\":4,\"3\":[-1,655,-1,1.7976931348623157e+308,714,705,49,213,49,893]}","{\"0\":\"NaN-1,655,-1,1.7976931348623157e+308,714,705,49,213,49,893\",\"1\":1.7976931348623157e+308,\"2\":3,\"3\":[-1,655,-1,1.7976931348623157e+308,714,705,49,213,49,893]}","{\"0\":\"NaN-1,655,-1,1.7976931348623157e+308,714,705,49,213,49,893\",\"1\":-1,\"2\":2,\"3\":[-1,655,-1,1.7976931348623157e+308,714,705,49,213,49,893]}","{\"0\":\"NaN-1,655,-1,1.7976931348623157e+308,714,705,49,213,49,893\",\"1\":655,\"2\":1,\"3\":[-1,655,-1,1.7976931348623157e+308,714,705,49,213,49,893]}","{\"0\":\"NaN-1,655,-1,1.7976931348623157e+308,714,705,49,213,49,893\",\"1\":-1,\"2\":0,\"3\":[-1,655,-1,1.7976931348623157e+308,714,705,49,213,49,893]}"]}