{"baseObjects":["[\"p\",1.7976931348623157e+308,242,969,893,\"#\",157]","[\"p\",1.7976931348623157e+308,242,969,893,\"#\",157,\"\"]","[\"p\",1.7976931348623157e+308,242,969,893,\"#\",157]","[\"p\",1.7976931348623157e+308,242,969,893,\"#\",157]"],"returnObjects":["\"Error\"","null","\"Error\"","\"Error\""],"callbackArgs":["{\"0\":null,\"1\":157,\"2\":6,\"3\":[\"p\",1.7976931348623157e+308,242,969,893,\"#\",157]}","{\"0\":157,\"1\":\"#\",\"2\":5,\"3\":[\"p\",1.7976931348623157e+308,242,969,893,\"#\",157]}","{\"0\":null,\"1\":893,\"2\":4,\"3\":[\"p\",1.7976931348623157e+308,242,969,893,\"#\",157,\"\"]}","{\"0\":null,\"1\":969,\"2\":3,\"3\":[\"p\",1.7976931348623157e+308,242,969,893,\"#\",157,\"\"]}","{\"0\":null,\"1\":242,\"2\":2,\"3\":[\"p\",1.7976931348623157e+308,242,969,893,\"#\",157,\"\"]}","{\"0\":null,\"1\":1.7976931348623157e+308,\"2\":1,\"3\":[\"p\",1.7976931348623157e+308,242,969,893,\"#\",157,\"\"]}","{\"0\":null,\"1\":\"p\",\"2\":0,\"3\":[\"p\",1.7976931348623157e+308,242,969,893,\"#\",157,\"\"]}","{\"0\":157,\"1\":\"#\",\"2\":5,\"3\":[\"p\",1.7976931348623157e+308,242,969,893,\"#\",157]}","{\"0\":157,\"1\":\"#\",\"2\":5,\"3\":[\"p\",1.7976931348623157e+308,242,969,893,\"#\",157]}"]}