{"baseObjects":["[59,714]","[59,714]","[59,714,{\"618\":\"\",\"3.4082116683154837e+307\":\"\",\"t\":1.21047679913154e+308,\"1.3459434685544234e+308\":\"\",\"1.6788049628441531e+308\":3.600774611621207e+307,\"0 \":\"\",\"8.990881002069011e+307\":4.551635105147872e+307},null,null,null,[157,893,-100,460,25,-100,460]]","[false,714]"],"returnObjects":["null","\"NaN59,714\"","null","\"NaNfalse,714\""],"callbackArgs":["{\"0\":157,\"1\":714,\"2\":1,\"3\":[59,714]}","{\"0\":null,\"1\":59,\"2\":0,\"3\":[59,714]}","{\"0\":213,\"1\":714,\"2\":1,\"3\":[59,714]}","{\"0\":\"-50159,714\",\"1\":59,\"2\":0,\"3\":[59,714]}","{\"0\":true,\"1\":714,\"2\":1,\"3\":[59,714]}","{\"0\":null,\"1\":59,\"2\":0,\"3\":[59,714,{\"618\":\"\",\"3.4082116683154837e+307\":\"\",\"t\":1.21047679913154e+308,\"1.3459434685544234e+308\":\"\",\"1.6788049628441531e+308\":3.600774611621207e+307,\"0 \":\"\",\"8.990881002069011e+307\":4.551635105147872e+307},null,null,null,[157,893,-100,460,25,-100,460]]}","{\"0\":null,\"1\":714,\"2\":1,\"3\":[59,714]}","{\"0\":\"-715false,714\",\"1\":false,\"2\":0,\"3\":[false,714]}"]}