{"baseObjects":["[-1,607,607,893]","[-1,607,607,893]","[-1,607,607,893]","[{\"100\":403,\"242\":\"1\",\"403\":\"\",\"460\":\"\",\"\":\"W\",\"1.3415338562794714e+308\":1.6505807343035816e+308,\"1.5345892516090565e+308\":\"\"},607,607,893]"],"returnObjects":["null","\"NaN-1,607,607,893\"","null","\"Error\""],"callbackArgs":["{\"0\":false,\"1\":893,\"2\":3,\"3\":[-1,607,607,893]}","{\"0\":null,\"1\":607,\"2\":2,\"3\":[-1,607,607,893]}","{\"0\":null,\"1\":607,\"2\":1,\"3\":[-1,607,607,893]}","{\"0\":null,\"1\":-1,\"2\":0,\"3\":[-1,607,607,893]}","{\"0\":2.1841061713195632e+307,\"1\":893,\"2\":3,\"3\":[-1,607,607,893]}","{\"0\":\"2.4458075826646845e+304-1,607,607,893\",\"1\":607,\"2\":2,\"3\":[-1,607,607,893]}","{\"0\":\"NaN-1,607,607,893\",\"1\":607,\"2\":1,\"3\":[-1,607,607,893]}","{\"0\":\"NaN-1,607,607,893\",\"1\":-1,\"2\":0,\"3\":[-1,607,607,893]}","{\"0\":[213,618,618,893,460,1.7976931348623157e+308,705],\"1\":893,\"2\":3,\"3\":[-1,607,607,893]}","{\"0\":null,\"1\":607,\"2\":2,\"3\":[-1,607,607,893]}","{\"0\":null,\"1\":607,\"2\":1,\"3\":[-1,607,607,893]}","{\"0\":null,\"1\":-1,\"2\":0,\"3\":[-1,607,607,893]}","{\"0\":893,\"1\":607,\"2\":2,\"3\":[-1,607,607,893]}"]}