{"baseObjects":["[607,\"b\",1.7976931348623157e+308,49]","true","[607,\"b\",1.7976931348623157e+308,49]","[607,\"b\",1.7976931348623157e+308,49]"],"returnObjects":["null","\"Error\"","null","\"Error\""],"callbackArgs":["{\"0\":false,\"1\":49,\"2\":3,\"3\":[607,\"b\",1.7976931348623157e+308,49]}","{\"0\":null,\"1\":1.7976931348623157e+308,\"2\":2,\"3\":[607,\"b\",1.7976931348623157e+308,49]}","{\"0\":null,\"1\":\"b\",\"2\":1,\"3\":[607,\"b\",1.7976931348623157e+308,49]}","{\"0\":null,\"1\":607,\"2\":0,\"3\":[607,\"b\",1.7976931348623157e+308,49]}","{\"1\":49,\"2\":3,\"3\":[607,\"b\",1.7976931348623157e+308,49]}","{\"0\":49,\"1\":1.7976931348623157e+308,\"2\":2,\"3\":[607,\"b\",1.7976931348623157e+308,49]}","{\"0\":null,\"1\":\"b\",\"2\":1,\"3\":[607,\"b\",1.7976931348623157e+308,49]}","{\"0\":null,\"1\":607,\"2\":0,\"3\":[607,\"b\",1.7976931348623157e+308,49]}","{\"1\":49,\"2\":3,\"3\":[607,\"b\",1.7976931348623157e+308,49]}"]}