{"baseObjects":["[\"b\",\"M\",\"R_<W\",\"5{\",\"Z_\",\"v\",\"$z\",\";sl|\"]","[25,783,25,607,25,-100,655]","[25,783,25,607,25,-100,655]","[25,783,25,607,25,-100,655]"],"returnObjects":["\"109.1666666666666725,783,25,607,25,-100,655-2025,783,25,607,25,-100,6556.2525,783,25,607,25,-100,655202.3333333333333425,783,25,607,25,-100,65512.525,783,25,607,25,-100,65578325,783,25,607,25,-100,655Infinity25,783,25,607,25,-100,655\"","null","null","\"Error\""],"callbackArgs":["{\"0\":null,\"1\":655,\"2\":6,\"3\":[25,783,25,607,25,-100,655]}","{\"0\":\"109.1666666666666725,783,25,607,25,-100,655\",\"1\":-100,\"2\":5,\"3\":[25,783,25,607,25,-100,655]}","{\"0\":\"109.1666666666666725,783,25,607,25,-100,655-2025,783,25,607,25,-100,655\",\"1\":25,\"2\":4,\"3\":[25,783,25,607,25,-100,655]}","{\"0\":\"109.1666666666666725,783,25,607,25,-100,655-2025,783,25,607,25,-100,6556.2525,783,25,607,25,-100,655\",\"1\":607,\"2\":3,\"3\":[25,783,25,607,25,-100,655]}","{\"0\":\"109.1666666666666725,783,25,607,25,-100,655-2025,783,25,607,25,-100,6556.2525,783,25,607,25,-100,655202.3333333333333425,783,25,607,25,-100,655\",\"1\":25,\"2\":2,\"3\":[25,783,25,607,25,-100,655]}","{\"0\":\"109.1666666666666725,783,25,607,25,-100,655-2025,783,25,607,25,-100,6556.2525,783,25,607,25,-100,655202.3333333333333425,783,25,607,25,-100,65512.525,783,25,607,25,-100,655\",\"1\":783,\"2\":1,\"3\":[25,783,25,607,25,-100,655]}","{\"0\":\"109.1666666666666725,783,25,607,25,-100,655-2025,783,25,607,25,-100,6556.2525,783,25,607,25,-100,655202.3333333333333425,783,25,607,25,-100,65512.525,783,25,607,25,-100,65578325,783,25,607,25,-100,655\",\"1\":25,\"2\":0,\"3\":[25,783,25,607,25,-100,655]}","{\"0\":\"[\",\"1\":655,\"2\":6,\"3\":[25,783,25,607,25,-100,655]}","{\"0\":null,\"1\":-100,\"2\":5,\"3\":[25,783,25,607,25,-100,655]}","{\"0\":null,\"1\":25,\"2\":4,\"3\":[25,783,25,607,25,-100,655]}","{\"0\":null,\"1\":607,\"2\":3,\"3\":[25,783,25,607,25,-100,655]}","{\"0\":null,\"1\":25,\"2\":2,\"3\":[25,783,25,607,25,-100,655]}","{\"0\":null,\"1\":783,\"2\":1,\"3\":[25,783,25,607,25,-100,655]}","{\"0\":null,\"1\":25,\"2\":0,\"3\":[25,783,25,607,25,-100,655]}","{\"0\":655,\"1\":-100,\"2\":5,\"3\":[25,783,25,607,25,-100,655]}","{\"0\":null,\"1\":25,\"2\":4,\"3\":[25,783,25,607,25,-100,655]}","{\"0\":null,\"1\":607,\"2\":3,\"3\":[25,783,25,607,25,-100,655]}","{\"0\":null,\"1\":25,\"2\":2,\"3\":[25,783,25,607,25,-100,655]}","{\"0\":null,\"1\":783,\"2\":1,\"3\":[25,783,25,607,25,-100,655]}","{\"0\":null,\"1\":25,\"2\":0,\"3\":[25,783,25,607,25,-100,655]}","{\"0\":\"f\",\"1\":655,\"2\":6,\"3\":[25,783,25,607,25,-100,655]}"]}