{"baseObjects":["[-1,25]","[-1,25]","[-1,25,null,{\"2.6086519971995876e+307\":\"\",\"5e-324\":1.7000928147798836e+308,\"\":\"s\",\"1.776437160103121e+308\":\"<\",\"7.095847465944976e+307\":843,\"!\":\"\",\"xyX\":1.527538244720325e+308}]","[-1,25,null,[213,\"AA?S9\",893,714,\"z\",82,714]]"],"returnObjects":["\"24-1,25\"","null","null","null"],"callbackArgs":["{\"0\":25,\"1\":-1,\"2\":0,\"3\":[-1,25]}","{\"0\":1.72434121927893e+308,\"1\":25,\"2\":1,\"3\":[-1,25]}","{\"0\":null,\"1\":-1,\"2\":0,\"3\":[-1,25]}","{\"0\":25,\"1\":-1,\"2\":0,\"3\":[-1,25]}","{\"0\":\"\",\"1\":25,\"2\":1,\"3\":[-1,25]}","{\"0\":null,\"1\":-1,\"2\":0,\"3\":[-1,25,null,[213,\"AA?S9\",893,714,\"z\",82,714]]}"]}