{"baseObjects":["[49,1.7976931348623157e+308,618,59,126,893,714]","[49,1.7976931348623157e+308,618,59,126,893,714]","[49,1.7976931348623157e+308,618,59,126,893,714]","[49,1.7976931348623157e+308,618,59,126,893,714]"],"returnObjects":["\"Error\"","null","\"Error\"","\"Error\""],"callbackArgs":["{\"0\":null,\"1\":714,\"2\":6,\"3\":[49,1.7976931348623157e+308,618,59,126,893,714]}","{\"0\":714,\"1\":893,\"2\":5,\"3\":[49,1.7976931348623157e+308,618,59,126,893,714]}","{\"0\":null,\"1\":126,\"2\":4,\"3\":[49,1.7976931348623157e+308,618,59,126,893,714]}","{\"0\":null,\"1\":59,\"2\":3,\"3\":[49,1.7976931348623157e+308,618,59,126,893,714]}","{\"0\":null,\"1\":618,\"2\":2,\"3\":[49,1.7976931348623157e+308,618,59,126,893,714]}","{\"0\":null,\"1\":1.7976931348623157e+308,\"2\":1,\"3\":[49,1.7976931348623157e+308,618,59,126,893,714]}","{\"0\":null,\"1\":49,\"2\":0,\"3\":[49,1.7976931348623157e+308,618,59,126,893,714]}","{\"0\":714,\"1\":893,\"2\":5,\"3\":[49,1.7976931348623157e+308,618,59,126,893,714]}","{\"0\":714,\"1\":893,\"2\":5,\"3\":[49,1.7976931348623157e+308,618,59,126,893,714]}"]}