{"baseObjects":[null,"[607,213,969,607,-100,618,714,100]","[607,213,969,607,-100,618,{\"3\":242,\"627\":1.430210723825207e+307,\"\":\"\",\"1.7005920468361932e+308\":\"LK\",\"j\":\"\",\"4.741612959078663e+307\":1.1827490542793048e+306,\"-1\":2.5592831561482645e+307,\";\":1.6088310332528071e+308},100]","[607,213,969,607,-100,618,714,100,\"\"]"],"returnObjects":["null","null","\"NaN607,213,969,607,-100,618,[object Object],100\"","\"NaN607,213,969,607,-100,618,714,100,\""],"callbackArgs":["{\"0\":true,\"1\":100,\"2\":7,\"3\":[607,213,969,607,-100,618,714,100]}","{\"0\":null,\"1\":714,\"2\":6,\"3\":[607,213,969,607,-100,618,714,100]}","{\"0\":null,\"1\":618,\"2\":5,\"3\":[607,213,969,607,-100,618,714,100]}","{\"0\":null,\"1\":-100,\"2\":4,\"3\":[607,213,969,607,-100,618,714,100]}","{\"0\":null,\"1\":607,\"2\":3,\"3\":[607,213,969,607,-100,618,714,100]}","{\"0\":null,\"1\":969,\"2\":2,\"3\":[607,213,969,607,-100,618,714,100]}","{\"0\":null,\"1\":213,\"2\":1,\"3\":[607,213,969,607,-100,618,714,100]}","{\"0\":null,\"1\":607,\"2\":0,\"3\":[607,213,969,607,-100,618,714,100]}","{\"0\":true,\"1\":100,\"2\":7,\"3\":[607,213,969,607,-100,618,714,100]}","{\"0\":null,\"1\":714,\"2\":6,\"3\":[607,213,969,607,-100,618,714,100]}","{\"0\":null,\"1\":618,\"2\":5,\"3\":[607,213,969,607,-100,618,714,100]}","{\"0\":null,\"1\":-100,\"2\":4,\"3\":[607,213,969,607,-100,618,714,100]}","{\"0\":null,\"1\":607,\"2\":3,\"3\":[607,213,969,607,-100,618,714,100]}","{\"0\":null,\"1\":969,\"2\":2,\"3\":[607,213,969,607,-100,618,714,100]}","{\"0\":null,\"1\":213,\"2\":1,\"3\":[607,213,969,607,-100,618,714,100]}","{\"0\":null,\"1\":607,\"2\":0,\"3\":[607,213,969,607,-100,618,714,100]}","{\"0\":100,\"1\":714,\"2\":6,\"3\":[607,213,969,607,-100,618,714,100]}","{\"0\":\"71394607,213,969,607,-100,618,[object Object],100\",\"1\":618,\"2\":5,\"3\":[607,213,969,607,-100,618,{\"3\":242,\"627\":1.430210723825207e+307,\"\":\"\",\"1.7005920468361932e+308\":\"LK\",\"j\":\"\",\"4.741612959078663e+307\":1.1827490542793048e+306,\"-1\":2.5592831561482645e+307,\";\":1.6088310332528071e+308},100]}","{\"0\":\"NaN607,213,969,607,-100,618,[object Object],100\",\"1\":-100,\"2\":4,\"3\":[607,213,969,607,-100,618,{\"3\":242,\"627\":1.430210723825207e+307,\"\":\"\",\"1.7005920468361932e+308\":\"LK\",\"j\":\"\",\"4.741612959078663e+307\":1.1827490542793048e+306,\"-1\":2.5592831561482645e+307,\";\":1.6088310332528071e+308},100]}","{\"0\":\"NaN607,213,969,607,-100,618,[object Object],100\",\"1\":607,\"2\":3,\"3\":[607,213,969,607,-100,618,{\"3\":242,\"627\":1.430210723825207e+307,\"\":\"\",\"1.7005920468361932e+308\":\"LK\",\"j\":\"\",\"4.741612959078663e+307\":1.1827490542793048e+306,\"-1\":2.5592831561482645e+307,\";\":1.6088310332528071e+308},100]}","{\"0\":\"NaN607,213,969,607,-100,618,[object Object],100\",\"1\":969,\"2\":2,\"3\":[607,213,969,607,-100,618,{\"3\":242,\"627\":1.430210723825207e+307,\"\":\"\",\"1.7005920468361932e+308\":\"LK\",\"j\":\"\",\"4.741612959078663e+307\":1.1827490542793048e+306,\"-1\":2.5592831561482645e+307,\";\":1.6088310332528071e+308},100]}","{\"0\":\"NaN607,213,969,607,-100,618,[object Object],100\",\"1\":213,\"2\":1,\"3\":[607,213,969,607,-100,618,{\"3\":242,\"627\":1.430210723825207e+307,\"\":\"\",\"1.7005920468361932e+308\":\"LK\",\"j\":\"\",\"4.741612959078663e+307\":1.1827490542793048e+306,\"-1\":2.5592831561482645e+307,\";\":1.6088310332528071e+308},100]}","{\"0\":\"NaN607,213,969,607,-100,618,[object Object],100\",\"1\":607,\"2\":0,\"3\":[607,213,969,607,-100,618,{\"3\":242,\"627\":1.430210723825207e+307,\"\":\"\",\"1.7005920468361932e+308\":\"LK\",\"j\":\"\",\"4.741612959078663e+307\":1.1827490542793048e+306,\"-1\":2.5592831561482645e+307,\";\":1.6088310332528071e+308},100]}","{\"0\":true,\"1\":100,\"2\":7,\"3\":[607,213,969,607,-100,618,714,100]}","{\"0\":\"7.01607,213,969,607,-100,618,714,100,\",\"1\":714,\"2\":6,\"3\":[607,213,969,607,-100,618,714,100,\"\"]}","{\"0\":\"NaN607,213,969,607,-100,618,714,100,\",\"1\":618,\"2\":5,\"3\":[607,213,969,607,-100,618,714,100,\"\"]}","{\"0\":\"NaN607,213,969,607,-100,618,714,100,\",\"1\":-100,\"2\":4,\"3\":[607,213,969,607,-100,618,714,100,\"\"]}","{\"0\":\"NaN607,213,969,607,-100,618,714,100,\",\"1\":607,\"2\":3,\"3\":[607,213,969,607,-100,618,714,100,\"\"]}","{\"0\":\"NaN607,213,969,607,-100,618,714,100,\",\"1\":969,\"2\":2,\"3\":[607,213,969,607,-100,618,714,100,\"\"]}","{\"0\":\"NaN607,213,969,607,-100,618,714,100,\",\"1\":213,\"2\":1,\"3\":[607,213,969,607,-100,618,714,100,\"\"]}","{\"0\":\"NaN607,213,969,607,-100,618,714,100,\",\"1\":607,\"2\":0,\"3\":[607,213,969,607,-100,618,714,100,\"\"]}"]}