{"baseObjects":["[655,893,213,403,714,1.7976931348623157e+308,null,null,25]","[655,893,213,403,714,1.7976931348623157e+308]","[714,126,893]","[655,893,213,403,714,1.7976931348623157e+308]"],"returnObjects":["null","null","null","\"Error\""],"callbackArgs":["{\"0\":59,\"1\":1.7976931348623157e+308,\"2\":5,\"3\":[655,893,213,403,714,1.7976931348623157e+308]}","{\"0\":null,\"1\":714,\"2\":4,\"3\":[655,893,213,403,714,1.7976931348623157e+308,null,null,25]}","{\"0\":null,\"1\":403,\"2\":3,\"3\":[655,893,213,403,714,1.7976931348623157e+308,null,null,25]}","{\"0\":null,\"1\":213,\"2\":2,\"3\":[655,893,213,403,714,1.7976931348623157e+308,null,null,25]}","{\"0\":null,\"1\":893,\"2\":1,\"3\":[655,893,213,403,714,1.7976931348623157e+308,null,null,25]}","{\"0\":null,\"1\":655,\"2\":0,\"3\":[655,893,213,403,714,1.7976931348623157e+308,null,null,25]}","{\"0\":1.7976931348623157e+308,\"1\":714,\"2\":4,\"3\":[655,893,213,403,714,1.7976931348623157e+308]}","{\"0\":null,\"1\":403,\"2\":3,\"3\":[655,893,213,403,714,1.7976931348623157e+308]}","{\"0\":null,\"1\":213,\"2\":2,\"3\":[655,893,213,403,714,1.7976931348623157e+308]}","{\"0\":null,\"1\":893,\"2\":1,\"3\":[655,893,213,403,714,1.7976931348623157e+308]}","{\"0\":null,\"1\":655,\"2\":0,\"3\":[655,893,213,403,714,1.7976931348623157e+308]}","{\"0\":1.7976931348623157e+308,\"1\":714,\"2\":4,\"3\":[655,893,213,403,714,1.7976931348623157e+308]}","{\"0\":null,\"1\":403,\"2\":3,\"3\":[655,893,213,403,true,1.7976931348623157e+308]}","{\"0\":null,\"1\":213,\"2\":2,\"3\":[655,893,213,403,true,1.7976931348623157e+308]}","{\"0\":null,\"1\":893,\"2\":1,\"3\":[655,893,213,403,true,1.7976931348623157e+308]}","{\"0\":null,\"1\":655,\"2\":0,\"3\":[655,893,213,403,true,1.7976931348623157e+308]}","{\"0\":1.7976931348623157e+308,\"1\":714,\"2\":4,\"3\":[655,893,213,403,714,1.7976931348623157e+308]}"]}