{"baseObjects":["[1.7976931348623157e+308,\"C-\",\"w\",595,607,\"Y\",\"4a\",\"t]Kh\"]","[1.7976931348623157e+308,\"C-\",\"w\",595,607,\"Y\",\"4a\",\"t]Kh\"]","[1.7976931348623157e+308,\"C-\",\"w\",595,607,\"Y\",\"4a\",\"t]Kh\"]","[1.7976931348623157e+308,\"C-\",\"w\",595,null,\"Y\",\"4a\",\"t]Kh\"]"],"returnObjects":["null","\"t]KhNaNNaNNaNNaNNaNNaNNaN\"","null","null"],"callbackArgs":["{\"0\":[783,\")RZ\",\"$tx\",\"a\",823,\"C\"],\"1\":\"t]Kh\",\"2\":7,\"3\":[1.7976931348623157e+308,\"C-\",\"w\",595,607,\"Y\",\"4a\",\"t]Kh\"]}","{\"0\":null,\"1\":\"4a\",\"2\":6,\"3\":[1.7976931348623157e+308,\"C-\",\"w\",595,607,\"Y\",\"4a\",\"t]Kh\"]}","{\"0\":null,\"1\":\"Y\",\"2\":5,\"3\":[1.7976931348623157e+308,\"C-\",\"w\",595,607,\"Y\",\"4a\",\"t]Kh\"]}","{\"0\":null,\"1\":607,\"2\":4,\"3\":[1.7976931348623157e+308,\"C-\",\"w\",595,607,\"Y\",\"4a\",\"t]Kh\"]}","{\"0\":null,\"1\":595,\"2\":3,\"3\":[1.7976931348623157e+308,\"C-\",\"w\",595,607,\"Y\",\"4a\",\"t]Kh\"]}","{\"0\":null,\"1\":\"w\",\"2\":2,\"3\":[1.7976931348623157e+308,\"C-\",\"w\",595,607,\"Y\",\"4a\",\"t]Kh\"]}","{\"0\":null,\"1\":\"C-\",\"2\":1,\"3\":[1.7976931348623157e+308,\"C-\",\"w\",595,607,\"Y\",\"4a\",\"t]Kh\"]}","{\"0\":null,\"1\":1.7976931348623157e+308,\"2\":0,\"3\":[1.7976931348623157e+308,\"C-\",\"w\",595,607,\"Y\",\"4a\",\"t]Kh\"]}","{\"0\":\"t]Kh\",\"1\":\"4a\",\"2\":6,\"3\":[1.7976931348623157e+308,\"C-\",\"w\",595,607,\"Y\",\"4a\",\"t]Kh\"]}","{\"0\":\"t]KhNaN\",\"1\":\"Y\",\"2\":5,\"3\":[1.7976931348623157e+308,\"C-\",\"w\",595,607,\"Y\",\"4a\",\"t]Kh\"]}","{\"0\":\"t]KhNaNNaN\",\"1\":607,\"2\":4,\"3\":[1.7976931348623157e+308,\"C-\",\"w\",595,607,\"Y\",\"4a\",\"t]Kh\"]}","{\"0\":\"t]KhNaNNaNNaN\",\"1\":595,\"2\":3,\"3\":[1.7976931348623157e+308,\"C-\",\"w\",595,607,\"Y\",\"4a\",\"t]Kh\"]}","{\"0\":\"t]KhNaNNaNNaNNaN\",\"1\":\"w\",\"2\":2,\"3\":[1.7976931348623157e+308,\"C-\",\"w\",595,607,\"Y\",\"4a\",\"t]Kh\"]}","{\"0\":\"t]KhNaNNaNNaNNaNNaN\",\"1\":\"C-\",\"2\":1,\"3\":[1.7976931348623157e+308,\"C-\",\"w\",595,607,\"Y\",\"4a\",\"t]Kh\"]}","{\"0\":\"t]KhNaNNaNNaNNaNNaNNaN\",\"1\":1.7976931348623157e+308,\"2\":0,\"3\":[1.7976931348623157e+308,\"C-\",\"w\",595,607,\"Y\",\"4a\",\"t]Kh\"]}","{\"0\":{\"4.255294604624472e+307\":-100,\"1.5690116573747888e+308\":7.499105561396426e+307,\"\":\"942O]erm\"},\"1\":\"t]Kh\",\"2\":7,\"3\":[1.7976931348623157e+308,\"C-\",\"w\",595,607,\"Y\",\"4a\",\"t]Kh\"]}","{\"0\":null,\"1\":\"4a\",\"2\":6,\"3\":[1.7976931348623157e+308,\"C-\",\"w\",595,607,\"Y\",\"4a\",\"t]Kh\"]}","{\"0\":null,\"1\":\"Y\",\"2\":5,\"3\":[1.7976931348623157e+308,\"C-\",\"w\",595,607,\"Y\",\"4a\",\"t]Kh\"]}","{\"0\":null,\"1\":607,\"2\":4,\"3\":[1.7976931348623157e+308,\"C-\",\"w\",595,607,\"Y\",\"4a\",\"t]Kh\"]}","{\"0\":null,\"1\":595,\"2\":3,\"3\":[1.7976931348623157e+308,\"C-\",\"w\",595,607,\"Y\",\"4a\",\"t]Kh\"]}","{\"0\":null,\"1\":\"w\",\"2\":2,\"3\":[1.7976931348623157e+308,\"C-\",\"w\",595,607,\"Y\",\"4a\",\"t]Kh\"]}","{\"0\":null,\"1\":\"C-\",\"2\":1,\"3\":[1.7976931348623157e+308,\"C-\",\"w\",595,607,\"Y\",\"4a\",\"t]Kh\"]}","{\"0\":null,\"1\":1.7976931348623157e+308,\"2\":0,\"3\":[1.7976931348623157e+308,\"C-\",\"w\",595,607,\"Y\",\"4a\",\"t]Kh\"]}","{\"0\":{\"843\":\"*\"},\"1\":\"t]Kh\",\"2\":7,\"3\":[1.7976931348623157e+308,\"C-\",\"w\",595,607,\"Y\",\"4a\",\"t]Kh\"]}","{\"0\":null,\"1\":\"4a\",\"2\":6,\"3\":[1.7976931348623157e+308,\"C-\",\"w\",595,null,\"Y\",\"4a\",\"t]Kh\"]}","{\"0\":null,\"1\":\"Y\",\"2\":5,\"3\":[1.7976931348623157e+308,\"C-\",\"w\",595,null,\"Y\",\"4a\",\"t]Kh\"]}","{\"0\":null,\"1\":null,\"2\":4,\"3\":[1.7976931348623157e+308,\"C-\",\"w\",595,null,\"Y\",\"4a\",\"t]Kh\"]}","{\"0\":null,\"1\":595,\"2\":3,\"3\":[1.7976931348623157e+308,\"C-\",\"w\",595,null,\"Y\",\"4a\",\"t]Kh\"]}","{\"0\":null,\"1\":\"w\",\"2\":2,\"3\":[1.7976931348623157e+308,\"C-\",\"w\",595,null,\"Y\",\"4a\",\"t]Kh\"]}","{\"0\":null,\"1\":\"C-\",\"2\":1,\"3\":[1.7976931348623157e+308,\"C-\",\"w\",595,null,\"Y\",\"4a\",\"t]Kh\"]}","{\"0\":null,\"1\":1.7976931348623157e+308,\"2\":0,\"3\":[1.7976931348623157e+308,\"C-\",\"w\",595,null,\"Y\",\"4a\",\"t]Kh\"]}"]}