{"baseObjects":["[\"z\",969,82,\"e0\",\"^\"]","[\"z\",969,82,\"e0\",\"^\"]","[\"z\",969,82,\"e0\",\"^\",null,1.3815158462234714e+307]","[\"z\",969,82,\"e0\",\"^\",null,null,null]"],"returnObjects":["null","\"Error\"","\"undefined^NaNe0NaN82NaN969NaNzNaN\"","\"Error\""],"callbackArgs":["{\"0\":{\"823\":9.72028472427838e+307,\"\":2.3342453912437034e+307,\"1.046921915007314e+308\":\"h>}s\",\"1.31123111571645e+308\":1.066836279728728e+308,\"1.7043463135127798e+307\":25,\"2.9920203976969037e+307\":5.450464568088014e+307},\"1\":\"^\",\"2\":4,\"3\":[\"z\",969,82,\"e0\",\"^\"]}","{\"0\":null,\"1\":\"e0\",\"2\":3,\"3\":[\"z\",969,82,\"e0\",\"^\"]}","{\"0\":null,\"1\":82,\"2\":2,\"3\":[\"z\",969,82,\"e0\",\"^\"]}","{\"0\":null,\"1\":969,\"2\":1,\"3\":[\"z\",969,82,\"e0\",\"^\"]}","{\"0\":null,\"1\":\"z\",\"2\":0,\"3\":[\"z\",969,82,\"e0\",\"^\"]}","{\"0\":\"\",\"1\":\"^\",\"2\":4,\"3\":[\"z\",969,82,\"e0\",\"^\"]}","{\"1\":\"^\",\"2\":4,\"3\":[\"z\",969,82,\"e0\",\"^\"]}","{\"0\":\"undefined^NaN\",\"1\":\"e0\",\"2\":3,\"3\":[\"z\",969,82,\"e0\",\"^\",null,1.3815158462234714e+307]}","{\"0\":\"undefined^NaNe0NaN\",\"1\":82,\"2\":2,\"3\":[\"z\",969,82,\"e0\",\"^\",null,1.3815158462234714e+307]}","{\"0\":\"undefined^NaNe0NaN82NaN\",\"1\":969,\"2\":1,\"3\":[\"z\",969,82,\"e0\",\"^\",null,1.3815158462234714e+307]}","{\"0\":\"undefined^NaNe0NaN82NaN969NaN\",\"1\":\"z\",\"2\":0,\"3\":[\"z\",969,82,\"e0\",\"^\",null,1.3815158462234714e+307]}","{\"0\":\"^\",\"1\":\"e0\",\"2\":3,\"3\":[\"z\",969,82,\"e0\",\"^\"]}"]}