{"baseObjects":["[157,-1,893,823,893,627,59,618]","[157,-1,893,823,893,627,59,618]","[157,-1,\"5$\",823,893,627,59,{\"82\":1.7540598904963805e+308,\"157\":3.8447646770658393e+307,\"\":\"Mo6v\",\"P\":\"a\",\"`,\":\"m\",\"-100\":1.285052481977671e+308}]","[157]"],"returnObjects":["\"Error\"","null","null","\"Error\""],"callbackArgs":["{\"0\":null,\"1\":618,\"2\":7,\"3\":[157,-1,893,823,893,627,59,618]}","{\"0\":618,\"1\":59,\"2\":6,\"3\":[157,-1,893,823,893,627,59,618]}","{\"0\":null,\"1\":627,\"2\":5,\"3\":[157,-1,893,823,893,627,59,618]}","{\"0\":null,\"1\":893,\"2\":4,\"3\":[157,-1,893,823,893,627,59,618]}","{\"0\":null,\"1\":823,\"2\":3,\"3\":[157,-1,893,823,893,627,59,618]}","{\"0\":null,\"1\":893,\"2\":2,\"3\":[157,-1,893,823,893,627,59,618]}","{\"0\":null,\"1\":-1,\"2\":1,\"3\":[157,-1,893,823,893,627,59,618]}","{\"0\":null,\"1\":157,\"2\":0,\"3\":[157,-1,893,823,893,627,59,618]}","{\"0\":618,\"1\":59,\"2\":6,\"3\":[157,-1,893,823,893,627,59,618]}","{\"0\":null,\"1\":627,\"2\":5,\"3\":[157,-1,\"5$\",823,893,627,59,{\"82\":1.7540598904963805e+308,\"157\":3.8447646770658393e+307,\"\":\"Mo6v\",\"P\":\"a\",\"`,\":\"m\",\"-100\":1.285052481977671e+308}]}","{\"0\":null,\"1\":893,\"2\":4,\"3\":[157,-1,\"5$\",823,893,627,59,{\"82\":1.7540598904963805e+308,\"157\":3.8447646770658393e+307,\"\":\"Mo6v\",\"P\":\"a\",\"`,\":\"m\",\"-100\":1.285052481977671e+308}]}","{\"0\":null,\"1\":823,\"2\":3,\"3\":[157,-1,\"5$\",823,893,627,59,{\"82\":1.7540598904963805e+308,\"157\":3.8447646770658393e+307,\"\":\"Mo6v\",\"P\":\"a\",\"`,\":\"m\",\"-100\":1.285052481977671e+308}]}","{\"0\":null,\"1\":\"5$\",\"2\":2,\"3\":[157,-1,\"5$\",823,893,627,59,{\"82\":1.7540598904963805e+308,\"157\":3.8447646770658393e+307,\"\":\"Mo6v\",\"P\":\"a\",\"`,\":\"m\",\"-100\":1.285052481977671e+308}]}","{\"0\":null,\"1\":-1,\"2\":1,\"3\":[157,-1,\"5$\",823,893,627,59,{\"82\":1.7540598904963805e+308,\"157\":3.8447646770658393e+307,\"\":\"Mo6v\",\"P\":\"a\",\"`,\":\"m\",\"-100\":1.285052481977671e+308}]}","{\"0\":null,\"1\":157,\"2\":0,\"3\":[157,-1,\"5$\",823,893,627,59,{\"82\":1.7540598904963805e+308,\"157\":3.8447646770658393e+307,\"\":\"Mo6v\",\"P\":\"a\",\"`,\":\"m\",\"-100\":1.285052481977671e+308}]}","{\"0\":null,\"1\":618,\"2\":7,\"3\":[157,-1,893,823,893,627,59,618]}"]}