{"baseObjects":["[\"I\",\"kx\",\"L\",403,\"K^M?\",705,714,893,627]","[true,{\"213\":\"\",\"607\":3.6212773637908953e+307,\",[\":\"UB\",\"-\":\"1nH\",\";\":\"x8muoi\",\"\":\"+5i+XO\",\"1.3081791160187185e+308\":\"\",\"BNw\":213},\"L\",403,\"K^M?\",705,714,893,627]","[\"I\",\"kx\",\"L\",403,\"K^M?\",705,714,893,627]","[\"I\",\"kx\",\"L\",403,\"K^M?\",705,714,893,627]"],"returnObjects":["null","null","null","\"NaNI,kx,L,403,K^M?,705,714,893,627\""],"callbackArgs":["{\"0\":627,\"1\":893,\"2\":7,\"3\":[\"I\",\"kx\",\"L\",403,\"K^M?\",705,714,893,627]}","{\"0\":null,\"1\":714,\"2\":6,\"3\":[\"I\",\"kx\",\"L\",403,\"K^M?\",705,714,893,627]}","{\"0\":null,\"1\":705,\"2\":5,\"3\":[\"I\",\"kx\",\"L\",403,\"K^M?\",705,714,893,627]}","{\"0\":null,\"1\":\"K^M?\",\"2\":4,\"3\":[\"I\",\"kx\",\"L\",403,\"K^M?\",705,714,893,627]}","{\"0\":null,\"1\":403,\"2\":3,\"3\":[\"I\",\"kx\",\"L\",403,\"K^M?\",705,714,893,627]}","{\"0\":null,\"1\":\"L\",\"2\":2,\"3\":[\"I\",\"kx\",\"L\",403,\"K^M?\",705,714,893,627]}","{\"0\":null,\"1\":\"kx\",\"2\":1,\"3\":[\"I\",\"kx\",\"L\",403,\"K^M?\",705,714,893,627]}","{\"0\":null,\"1\":\"I\",\"2\":0,\"3\":[\"I\",\"kx\",\"L\",403,\"K^M?\",705,714,893,627]}","{\"0\":627,\"1\":893,\"2\":7,\"3\":[\"I\",\"kx\",\"L\",403,\"K^M?\",705,714,893,627]}","{\"0\":null,\"1\":714,\"2\":6,\"3\":[true,{\"213\":\"\",\"607\":3.6212773637908953e+307,\",[\":\"UB\",\"-\":\"1nH\",\";\":\"x8muoi\",\"\":\"+5i+XO\",\"1.3081791160187185e+308\":\"\",\"BNw\":213},\"L\",403,\"K^M?\",705,714,893,627]}","{\"0\":null,\"1\":705,\"2\":5,\"3\":[true,{\"213\":\"\",\"607\":3.6212773637908953e+307,\",[\":\"UB\",\"-\":\"1nH\",\";\":\"x8muoi\",\"\":\"+5i+XO\",\"1.3081791160187185e+308\":\"\",\"BNw\":213},\"L\",403,\"K^M?\",705,714,893,627]}","{\"0\":null,\"1\":\"K^M?\",\"2\":4,\"3\":[true,{\"213\":\"\",\"607\":3.6212773637908953e+307,\",[\":\"UB\",\"-\":\"1nH\",\";\":\"x8muoi\",\"\":\"+5i+XO\",\"1.3081791160187185e+308\":\"\",\"BNw\":213},\"L\",403,\"K^M?\",705,714,893,627]}","{\"0\":null,\"1\":403,\"2\":3,\"3\":[true,{\"213\":\"\",\"607\":3.6212773637908953e+307,\",[\":\"UB\",\"-\":\"1nH\",\";\":\"x8muoi\",\"\":\"+5i+XO\",\"1.3081791160187185e+308\":\"\",\"BNw\":213},\"L\",403,\"K^M?\",705,714,893,627]}","{\"0\":null,\"1\":\"L\",\"2\":2,\"3\":[true,{\"213\":\"\",\"607\":3.6212773637908953e+307,\",[\":\"UB\",\"-\":\"1nH\",\";\":\"x8muoi\",\"\":\"+5i+XO\",\"1.3081791160187185e+308\":\"\",\"BNw\":213},\"L\",403,\"K^M?\",705,714,893,627]}","{\"0\":null,\"1\":{\"213\":\"\",\"607\":3.6212773637908953e+307,\",[\":\"UB\",\"-\":\"1nH\",\";\":\"x8muoi\",\"\":\"+5i+XO\",\"1.3081791160187185e+308\":\"\",\"BNw\":213},\"2\":1,\"3\":[true,{\"213\":\"\",\"607\":3.6212773637908953e+307,\",[\":\"UB\",\"-\":\"1nH\",\";\":\"x8muoi\",\"\":\"+5i+XO\",\"1.3081791160187185e+308\":\"\",\"BNw\":213},\"L\",403,\"K^M?\",705,714,893,627]}","{\"0\":null,\"1\":true,\"2\":0,\"3\":[true,{\"213\":\"\",\"607\":3.6212773637908953e+307,\",[\":\"UB\",\"-\":\"1nH\",\";\":\"x8muoi\",\"\":\"+5i+XO\",\"1.3081791160187185e+308\":\"\",\"BNw\":213},\"L\",403,\"K^M?\",705,714,893,627]}","{\"0\":627,\"1\":893,\"2\":7,\"3\":[\"I\",\"kx\",\"L\",403,\"K^M?\",705,714,893,627]}","{\"0\":null,\"1\":714,\"2\":6,\"3\":[\"I\",\"kx\",\"L\",403,\"K^M?\",705,714,893,627]}","{\"0\":null,\"1\":705,\"2\":5,\"3\":[\"I\",\"kx\",\"L\",403,\"K^M?\",705,714,893,627]}","{\"0\":null,\"1\":\"K^M?\",\"2\":4,\"3\":[\"I\",\"kx\",\"L\",403,\"K^M?\",705,714,893,627]}","{\"0\":null,\"1\":403,\"2\":3,\"3\":[\"I\",\"kx\",\"L\",403,\"K^M?\",705,714,893,627]}","{\"0\":null,\"1\":\"L\",\"2\":2,\"3\":[\"I\",\"kx\",\"L\",403,\"K^M?\",705,714,893,627]}","{\"0\":null,\"1\":\"kx\",\"2\":1,\"3\":[\"I\",\"kx\",\"L\",403,\"K^M?\",705,714,893,627]}","{\"0\":null,\"1\":\"I\",\"2\":0,\"3\":[\"I\",\"kx\",\"L\",403,\"K^M?\",705,714,893,627]}","{\"0\":\"\",\"1\":627,\"2\":8,\"3\":[\"I\",\"kx\",\"L\",403,\"K^M?\",705,714,893,627]}","{\"0\":\"-635I,kx,L,403,K^M?,705,714,893,627\",\"1\":893,\"2\":7,\"3\":[\"I\",\"kx\",\"L\",403,\"K^M?\",705,714,893,627]}","{\"0\":\"NaNI,kx,L,403,K^M?,705,714,893,627\",\"1\":714,\"2\":6,\"3\":[\"I\",\"kx\",\"L\",403,\"K^M?\",705,714,893,627]}","{\"0\":\"NaNI,kx,L,403,K^M?,705,714,893,627\",\"1\":705,\"2\":5,\"3\":[\"I\",\"kx\",\"L\",403,\"K^M?\",705,714,893,627]}","{\"0\":\"NaNI,kx,L,403,K^M?,705,714,893,627\",\"1\":\"K^M?\",\"2\":4,\"3\":[\"I\",\"kx\",\"L\",403,\"K^M?\",705,714,893,627]}","{\"0\":\"NaNI,kx,L,403,K^M?,705,714,893,627\",\"1\":403,\"2\":3,\"3\":[\"I\",\"kx\",\"L\",403,\"K^M?\",705,714,893,627]}","{\"0\":\"NaNI,kx,L,403,K^M?,705,714,893,627\",\"1\":\"L\",\"2\":2,\"3\":[\"I\",\"kx\",\"L\",403,\"K^M?\",705,714,893,627]}","{\"0\":\"NaNI,kx,L,403,K^M?,705,714,893,627\",\"1\":\"kx\",\"2\":1,\"3\":[\"I\",\"kx\",\"L\",403,\"K^M?\",705,714,893,627]}","{\"0\":\"NaNI,kx,L,403,K^M?,705,714,893,627\",\"1\":\"I\",\"2\":0,\"3\":[\"I\",\"kx\",\"L\",403,\"K^M?\",705,714,893,627]}"]}