{"baseObjects":["[122,1.7976931348623157e+308,627,893,705,5e-324,460]","[122,false,627,893,705,5e-324,460]","[122,1.7976931348623157e+308,627,893,705,5e-324,460]","[122,1.7976931348623157e+308,627,893,705,5e-324,460]"],"returnObjects":["null","null","null","null"],"callbackArgs":["{\"0\":460,\"1\":5e-324,\"2\":5,\"3\":[122,1.7976931348623157e+308,627,893,705,5e-324,460]}","{\"0\":null,\"1\":705,\"2\":4,\"3\":[122,1.7976931348623157e+308,627,893,705,5e-324,460]}","{\"0\":null,\"1\":893,\"2\":3,\"3\":[122,1.7976931348623157e+308,627,893,705,5e-324,460]}","{\"0\":null,\"1\":627,\"2\":2,\"3\":[122,1.7976931348623157e+308,627,893,705,5e-324,460]}","{\"0\":null,\"1\":1.7976931348623157e+308,\"2\":1,\"3\":[122,1.7976931348623157e+308,627,893,705,5e-324,460]}","{\"0\":null,\"1\":122,\"2\":0,\"3\":[122,1.7976931348623157e+308,627,893,705,5e-324,460]}","{\"0\":[\"ma\",126,\"7\",\"0Z\",460,705,\"Le\",\"%,\"],\"1\":460,\"2\":6,\"3\":[122,1.7976931348623157e+308,627,893,705,5e-324,460]}","{\"0\":null,\"1\":5e-324,\"2\":5,\"3\":[122,false,627,893,705,5e-324,460]}","{\"0\":null,\"1\":705,\"2\":4,\"3\":[122,false,627,893,705,5e-324,460]}","{\"0\":null,\"1\":893,\"2\":3,\"3\":[122,false,627,893,705,5e-324,460]}","{\"0\":null,\"1\":627,\"2\":2,\"3\":[122,false,627,893,705,5e-324,460]}","{\"0\":null,\"1\":false,\"2\":1,\"3\":[122,false,627,893,705,5e-324,460]}","{\"0\":null,\"1\":122,\"2\":0,\"3\":[122,false,627,893,705,5e-324,460]}","{\"0\":[783,714,618,595,49,714],\"1\":460,\"2\":6,\"3\":[122,1.7976931348623157e+308,627,893,705,5e-324,460]}","{\"0\":null,\"1\":5e-324,\"2\":5,\"3\":[122,1.7976931348623157e+308,627,893,705,5e-324,460]}","{\"0\":null,\"1\":705,\"2\":4,\"3\":[122,1.7976931348623157e+308,627,893,705,5e-324,460]}","{\"0\":null,\"1\":893,\"2\":3,\"3\":[122,1.7976931348623157e+308,627,893,705,5e-324,460]}","{\"0\":null,\"1\":627,\"2\":2,\"3\":[122,1.7976931348623157e+308,627,893,705,5e-324,460]}","{\"0\":null,\"1\":1.7976931348623157e+308,\"2\":1,\"3\":[122,1.7976931348623157e+308,627,893,705,5e-324,460]}","{\"0\":null,\"1\":122,\"2\":0,\"3\":[122,1.7976931348623157e+308,627,893,705,5e-324,460]}","{\"0\":null,\"1\":460,\"2\":6,\"3\":[122,1.7976931348623157e+308,627,893,705,5e-324,460]}","{\"0\":null,\"1\":5e-324,\"2\":5,\"3\":[122,1.7976931348623157e+308,627,893,705,5e-324,460]}","{\"0\":null,\"1\":705,\"2\":4,\"3\":[122,1.7976931348623157e+308,627,893,705,5e-324,460]}","{\"0\":null,\"1\":893,\"2\":3,\"3\":[122,1.7976931348623157e+308,627,893,705,5e-324,460]}","{\"0\":null,\"1\":627,\"2\":2,\"3\":[122,1.7976931348623157e+308,627,893,705,5e-324,460]}","{\"0\":null,\"1\":1.7976931348623157e+308,\"2\":1,\"3\":[122,1.7976931348623157e+308,627,893,705,5e-324,460]}","{\"0\":null,\"1\":122,\"2\":0,\"3\":[122,1.7976931348623157e+308,627,893,705,5e-324,460]}"]}