{"baseObjects":["[100,618,655,618,49,{\"59\":1.4314691983929556e+308,\"4.111677677620634e+307\":6.838146455194479e+307,\"`\":\"\",\"\":59},823,843]","[100,618,655,618,49,157,823,843]","[100,618,655,618,49,157,823,843]","[100,618,655,618,49,157,823,843]"],"returnObjects":["null","\"5781100,618,655,618,49,157,823,843785100,618,655,618,49,157,823,843196100,618,655,618,49,157,823,8431854100,618,655,618,49,157,823,8431310100,618,655,618,49,157,823,843618100,618,655,618,49,157,823,8430100,618,655,618,49,157,823,843\"","\"5902100,618,655,618,49,157,823,8434938100,618,655,618,49,157,823,843785100,618,655,618,49,157,823,843196100,618,655,618,49,157,823,8431854100,618,655,618,49,157,823,8431310100,618,655,618,49,157,823,843618100,618,655,618,49,157,823,8430100,618,655,618,49,157,823,843\"","null"],"callbackArgs":["{\"0\":[\"n\",\"4\",\"E\",\";\",\"Qz\",\"&\"],\"1\":843,\"2\":7,\"3\":[100,618,655,618,49,157,823,843]}","{\"0\":null,\"1\":823,\"2\":6,\"3\":[100,618,655,618,49,{\"59\":1.4314691983929556e+308,\"4.111677677620634e+307\":6.838146455194479e+307,\"`\":\"\",\"\":59},823,843]}","{\"0\":null,\"1\":{\"59\":1.4314691983929556e+308,\"4.111677677620634e+307\":6.838146455194479e+307,\"`\":\"\",\"\":59},\"2\":5,\"3\":[100,618,655,618,49,{\"59\":1.4314691983929556e+308,\"4.111677677620634e+307\":6.838146455194479e+307,\"`\":\"\",\"\":59},823,843]}","{\"0\":null,\"1\":49,\"2\":4,\"3\":[100,618,655,618,49,{\"59\":1.4314691983929556e+308,\"4.111677677620634e+307\":6.838146455194479e+307,\"`\":\"\",\"\":59},823,843]}","{\"0\":null,\"1\":618,\"2\":3,\"3\":[100,618,655,618,49,{\"59\":1.4314691983929556e+308,\"4.111677677620634e+307\":6.838146455194479e+307,\"`\":\"\",\"\":59},823,843]}","{\"0\":null,\"1\":655,\"2\":2,\"3\":[100,618,655,618,49,{\"59\":1.4314691983929556e+308,\"4.111677677620634e+307\":6.838146455194479e+307,\"`\":\"\",\"\":59},823,843]}","{\"0\":null,\"1\":618,\"2\":1,\"3\":[100,618,655,618,49,{\"59\":1.4314691983929556e+308,\"4.111677677620634e+307\":6.838146455194479e+307,\"`\":\"\",\"\":59},823,843]}","{\"0\":null,\"1\":100,\"2\":0,\"3\":[100,618,655,618,49,{\"59\":1.4314691983929556e+308,\"4.111677677620634e+307\":6.838146455194479e+307,\"`\":\"\",\"\":59},823,843]}","{\"0\":843,\"1\":823,\"2\":6,\"3\":[100,618,655,618,49,157,823,843]}","{\"0\":\"5781100,618,655,618,49,157,823,843\",\"1\":157,\"2\":5,\"3\":[100,618,655,618,49,157,823,843]}","{\"0\":\"5781100,618,655,618,49,157,823,843785100,618,655,618,49,157,823,843\",\"1\":49,\"2\":4,\"3\":[100,618,655,618,49,157,823,843]}","{\"0\":\"5781100,618,655,618,49,157,823,843785100,618,655,618,49,157,823,843196100,618,655,618,49,157,823,843\",\"1\":618,\"2\":3,\"3\":[100,618,655,618,49,157,823,843]}","{\"0\":\"5781100,618,655,618,49,157,823,843785100,618,655,618,49,157,823,843196100,618,655,618,49,157,823,8431854100,618,655,618,49,157,823,843\",\"1\":655,\"2\":2,\"3\":[100,618,655,618,49,157,823,843]}","{\"0\":\"5781100,618,655,618,49,157,823,843785100,618,655,618,49,157,823,843196100,618,655,618,49,157,823,8431854100,618,655,618,49,157,823,8431310100,618,655,618,49,157,823,843\",\"1\":618,\"2\":1,\"3\":[100,618,655,618,49,157,823,843]}","{\"0\":\"5781100,618,655,618,49,157,823,843785100,618,655,618,49,157,823,843196100,618,655,618,49,157,823,8431854100,618,655,618,49,157,823,8431310100,618,655,618,49,157,823,843618100,618,655,618,49,157,823,843\",\"1\":100,\"2\":0,\"3\":[100,618,655,618,49,157,823,843]}","{\"0\":true,\"1\":843,\"2\":7,\"3\":[100,618,655,618,49,157,823,843]}","{\"0\":\"5902100,618,655,618,49,157,823,843\",\"1\":823,\"2\":6,\"3\":[100,618,655,618,49,157,823,843]}","{\"0\":\"5902100,618,655,618,49,157,823,8434938100,618,655,618,49,157,823,843\",\"1\":157,\"2\":5,\"3\":[100,618,655,618,49,157,823,843]}","{\"0\":\"5902100,618,655,618,49,157,823,8434938100,618,655,618,49,157,823,843785100,618,655,618,49,157,823,843\",\"1\":49,\"2\":4,\"3\":[100,618,655,618,49,157,823,843]}","{\"0\":\"5902100,618,655,618,49,157,823,8434938100,618,655,618,49,157,823,843785100,618,655,618,49,157,823,843196100,618,655,618,49,157,823,843\",\"1\":618,\"2\":3,\"3\":[100,618,655,618,49,157,823,843]}","{\"0\":\"5902100,618,655,618,49,157,823,8434938100,618,655,618,49,157,823,843785100,618,655,618,49,157,823,843196100,618,655,618,49,157,823,8431854100,618,655,618,49,157,823,843\",\"1\":655,\"2\":2,\"3\":[100,618,655,618,49,157,823,843]}","{\"0\":\"5902100,618,655,618,49,157,823,8434938100,618,655,618,49,157,823,843785100,618,655,618,49,157,823,843196100,618,655,618,49,157,823,8431854100,618,655,618,49,157,823,8431310100,618,655,618,49,157,823,843\",\"1\":618,\"2\":1,\"3\":[100,618,655,618,49,157,823,843]}","{\"0\":\"5902100,618,655,618,49,157,823,8434938100,618,655,618,49,157,823,843785100,618,655,618,49,157,823,843196100,618,655,618,49,157,823,8431854100,618,655,618,49,157,823,8431310100,618,655,618,49,157,823,843618100,618,655,618,49,157,823,843\",\"1\":100,\"2\":0,\"3\":[100,618,655,618,49,157,823,843]}","{\"0\":false,\"1\":843,\"2\":7,\"3\":[100,618,655,618,49,157,823,843]}","{\"0\":null,\"1\":823,\"2\":6,\"3\":[100,618,655,618,49,157,823,843]}","{\"0\":null,\"1\":157,\"2\":5,\"3\":[100,618,655,618,49,157,823,843]}","{\"0\":null,\"1\":49,\"2\":4,\"3\":[100,618,655,618,49,157,823,843]}","{\"0\":null,\"1\":618,\"2\":3,\"3\":[100,618,655,618,49,157,823,843]}","{\"0\":null,\"1\":655,\"2\":2,\"3\":[100,618,655,618,49,157,823,843]}","{\"0\":null,\"1\":618,\"2\":1,\"3\":[100,618,655,618,49,157,823,843]}","{\"0\":null,\"1\":100,\"2\":0,\"3\":[100,618,655,618,49,157,823,843]}"]}