{"baseObjects":[null,"[242,714,82,242,1.7976931348623157e+308,843,595,-1,893]","[242,714,82,242,1.7976931348623157e+308,843,595,-1,893]","[242,714,82,242,1.7976931348623157e+308,843,595,-1,893]"],"returnObjects":["null","null","null","\"Error\""],"callbackArgs":["{\"1\":893,\"2\":8,\"3\":[242,714,82,242,1.7976931348623157e+308,843,595,-1,893]}","{\"0\":null,\"1\":-1,\"2\":7,\"3\":[242,714,82,242,1.7976931348623157e+308,843,595,-1,893]}","{\"0\":null,\"1\":595,\"2\":6,\"3\":[242,714,82,242,1.7976931348623157e+308,843,595,-1,893]}","{\"0\":null,\"1\":843,\"2\":5,\"3\":[242,714,82,242,1.7976931348623157e+308,843,595,-1,893]}","{\"0\":null,\"1\":1.7976931348623157e+308,\"2\":4,\"3\":[242,714,82,242,1.7976931348623157e+308,843,595,-1,893]}","{\"0\":null,\"1\":242,\"2\":3,\"3\":[242,714,82,242,1.7976931348623157e+308,843,595,-1,893]}","{\"0\":null,\"1\":82,\"2\":2,\"3\":[242,714,82,242,1.7976931348623157e+308,843,595,-1,893]}","{\"0\":null,\"1\":714,\"2\":1,\"3\":[242,714,82,242,1.7976931348623157e+308,843,595,-1,893]}","{\"0\":null,\"1\":242,\"2\":0,\"3\":[242,714,82,242,1.7976931348623157e+308,843,595,-1,893]}","{\"0\":893,\"1\":-1,\"2\":7,\"3\":[242,714,82,242,1.7976931348623157e+308,843,595,-1,893]}","{\"0\":null,\"1\":595,\"2\":6,\"3\":[242,714,82,242,1.7976931348623157e+308,843,595,-1,893]}","{\"0\":null,\"1\":843,\"2\":5,\"3\":[242,714,82,242,1.7976931348623157e+308,843,595,-1,893]}","{\"0\":null,\"1\":1.7976931348623157e+308,\"2\":4,\"3\":[242,714,82,242,1.7976931348623157e+308,843,595,-1,893]}","{\"0\":null,\"1\":242,\"2\":3,\"3\":[242,714,82,242,1.7976931348623157e+308,843,595,-1,893]}","{\"0\":null,\"1\":82,\"2\":2,\"3\":[242,714,82,242,1.7976931348623157e+308,843,595,-1,893]}","{\"0\":null,\"1\":714,\"2\":1,\"3\":[242,714,82,242,1.7976931348623157e+308,843,595,-1,893]}","{\"0\":null,\"1\":242,\"2\":0,\"3\":[242,714,82,242,1.7976931348623157e+308,843,595,-1,893]}","{\"0\":{\"7.130653261465144e+307\":1.6760410302591561e+308,\"!j\":true},\"1\":893,\"2\":8,\"3\":[242,714,82,242,1.7976931348623157e+308,843,595,-1,893]}","{\"0\":null,\"1\":-1,\"2\":7,\"3\":[242,714,82,242,1.7976931348623157e+308,843,595,-1,893]}","{\"0\":null,\"1\":595,\"2\":6,\"3\":[242,714,82,242,1.7976931348623157e+308,843,595,-1,893]}","{\"0\":null,\"1\":843,\"2\":5,\"3\":[242,714,82,242,1.7976931348623157e+308,843,595,-1,893]}","{\"0\":null,\"1\":1.7976931348623157e+308,\"2\":4,\"3\":[242,714,82,242,1.7976931348623157e+308,843,595,-1,893]}","{\"0\":null,\"1\":242,\"2\":3,\"3\":[242,714,82,242,1.7976931348623157e+308,843,595,-1,893]}","{\"0\":null,\"1\":82,\"2\":2,\"3\":[242,714,82,242,1.7976931348623157e+308,843,595,-1,893]}","{\"0\":null,\"1\":714,\"2\":1,\"3\":[242,714,82,242,1.7976931348623157e+308,843,595,-1,893]}","{\"0\":null,\"1\":242,\"2\":0,\"3\":[242,714,82,242,1.7976931348623157e+308,843,595,-1,893]}"]}