{"baseObjects":["[0,403,-1,655]","[0,403,-1,655]","[0,403,-1,655]","[0,403,-1,655]"],"returnObjects":["\"Error\"","\"Error\"","\"NaN0,403,-1,655\"","null"],"callbackArgs":["{\"0\":655,\"1\":-1,\"2\":2,\"3\":[0,403,-1,655]}","{\"0\":null,\"1\":655,\"2\":3,\"3\":[0,403,-1,655]}","{\"0\":{\"157\":9.247912276506343e+307,\"213\":1.3522829974818985e+308,\"823\":\"<\",\"|A\":1.2287988770791343e+308,\"1.4532819938011018e+308\":\"\",\"4.1342011271695407e+307\":893},\"1\":655,\"2\":3,\"3\":[0,403,-1,655]}","{\"0\":\"NaN0,403,-1,655\",\"1\":-1,\"2\":2,\"3\":[0,403,-1,655]}","{\"0\":\"NaN0,403,-1,655\",\"1\":403,\"2\":1,\"3\":[0,403,-1,655]}","{\"0\":\"NaN0,403,-1,655\",\"1\":0,\"2\":0,\"3\":[0,403,-1,655]}","{\"0\":true,\"1\":655,\"2\":3,\"3\":[0,403,-1,655]}","{\"0\":null,\"1\":-1,\"2\":2,\"3\":[0,403,-1,655]}","{\"0\":null,\"1\":403,\"2\":1,\"3\":[0,403,-1,655]}","{\"0\":null,\"1\":0,\"2\":0,\"3\":[0,403,-1,655]}"]}