{"baseObjects":["[\"i\",1.7976931348623157e+308]","[\"i\",1.7976931348623157e+308]","[\"i\",1.7976931348623157e+308]","[\"i\",1.7976931348623157e+308]"],"returnObjects":["\"Error\"","\"1.7976931348623157e+308i,1.7976931348623157e+308i0i,1.7976931348623157e+308\"","\"Error\"","\"Error\""],"callbackArgs":["{\"0\":null,\"1\":1.7976931348623157e+308,\"2\":1,\"3\":[\"i\",1.7976931348623157e+308]}","{\"0\":100,\"1\":1.7976931348623157e+308,\"2\":1,\"3\":[\"i\",1.7976931348623157e+308]}","{\"0\":\"1.7976931348623157e+308i,1.7976931348623157e+308\",\"1\":\"i\",\"2\":0,\"3\":[\"i\",1.7976931348623157e+308]}","{\"0\":1.7976931348623157e+308,\"1\":\"i\",\"2\":0,\"3\":[\"i\",1.7976931348623157e+308]}","{\"0\":1.7976931348623157e+308,\"1\":\"i\",\"2\":0,\"3\":[\"i\",1.7976931348623157e+308]}"]}