{"baseObjects":["[\"L;\",595,\"^q\",\"G\",969,714,122,82,\"!GX\"]","[\"L;\",595,\"^q\",\"G\",969,714,122,82,\"!GX\",[\"Ei\",\"x\",\"%\",\"M\",\"M\",\"T\",\";mrq\",\"1\",\"m\"]]","[{\"126\":\"\",\"\":\"*\",\"9.291783715020781e+306\":1.357331010905479e+308,\"4.0962021842593467e+307\":4.0398745997161057e+307,\"8.910893931240081e+307\":59},595,\"^q\",\"G\",969,714,122,82,\"!GX\"]","[\"L;\",595,\"^q\",\"G\",969,714,122,82,\"!GX\"]"],"returnObjects":["\"NaNL;,595,^q,G,969,714,122,82,!GX\"","null","null","\"Error\""],"callbackArgs":["{\"0\":{\"157\":\"_u\",\"1.6785446363385304e+307\":\"x\"},\"1\":\"!GX\",\"2\":8,\"3\":[\"L;\",595,\"^q\",\"G\",969,714,122,82,\"!GX\"]}","{\"0\":\"NaNL;,595,^q,G,969,714,122,82,!GX\",\"1\":82,\"2\":7,\"3\":[\"L;\",595,\"^q\",\"G\",969,714,122,82,\"!GX\"]}","{\"0\":\"NaNL;,595,^q,G,969,714,122,82,!GX\",\"1\":122,\"2\":6,\"3\":[\"L;\",595,\"^q\",\"G\",969,714,122,82,\"!GX\"]}","{\"0\":\"NaNL;,595,^q,G,969,714,122,82,!GX\",\"1\":714,\"2\":5,\"3\":[\"L;\",595,\"^q\",\"G\",969,714,122,82,\"!GX\"]}","{\"0\":\"NaNL;,595,^q,G,969,714,122,82,!GX\",\"1\":969,\"2\":4,\"3\":[\"L;\",595,\"^q\",\"G\",969,714,122,82,\"!GX\"]}","{\"0\":\"NaNL;,595,^q,G,969,714,122,82,!GX\",\"1\":\"G\",\"2\":3,\"3\":[\"L;\",595,\"^q\",\"G\",969,714,122,82,\"!GX\"]}","{\"0\":\"NaNL;,595,^q,G,969,714,122,82,!GX\",\"1\":\"^q\",\"2\":2,\"3\":[\"L;\",595,\"^q\",\"G\",969,714,122,82,\"!GX\"]}","{\"0\":\"NaNL;,595,^q,G,969,714,122,82,!GX\",\"1\":595,\"2\":1,\"3\":[\"L;\",595,\"^q\",\"G\",969,714,122,82,\"!GX\"]}","{\"0\":\"NaNL;,595,^q,G,969,714,122,82,!GX\",\"1\":\"L;\",\"2\":0,\"3\":[\"L;\",595,\"^q\",\"G\",969,714,122,82,\"!GX\"]}","{\"0\":\"!GX\",\"1\":82,\"2\":7,\"3\":[\"L;\",595,\"^q\",\"G\",969,714,122,82,\"!GX\"]}","{\"0\":null,\"1\":122,\"2\":6,\"3\":[\"L;\",595,\"^q\",\"G\",969,714,122,82,\"!GX\",[\"Ei\",\"x\",\"%\",\"M\",\"M\",\"T\",\";mrq\",\"1\",\"m\"]]}","{\"0\":null,\"1\":714,\"2\":5,\"3\":[\"L;\",595,\"^q\",\"G\",969,714,122,82,\"!GX\",[\"Ei\",\"x\",\"%\",\"M\",\"M\",\"T\",\";mrq\",\"1\",\"m\"]]}","{\"0\":null,\"1\":969,\"2\":4,\"3\":[\"L;\",595,\"^q\",\"G\",969,714,122,82,\"!GX\",[\"Ei\",\"x\",\"%\",\"M\",\"M\",\"T\",\";mrq\",\"1\",\"m\"]]}","{\"0\":null,\"1\":\"G\",\"2\":3,\"3\":[\"L;\",595,\"^q\",\"G\",969,714,122,82,\"!GX\",[\"Ei\",\"x\",\"%\",\"M\",\"M\",\"T\",\";mrq\",\"1\",\"m\"]]}","{\"0\":null,\"1\":\"^q\",\"2\":2,\"3\":[\"L;\",595,\"^q\",\"G\",969,714,122,82,\"!GX\",[\"Ei\",\"x\",\"%\",\"M\",\"M\",\"T\",\";mrq\",\"1\",\"m\"]]}","{\"0\":null,\"1\":595,\"2\":1,\"3\":[\"L;\",595,\"^q\",\"G\",969,714,122,82,\"!GX\",[\"Ei\",\"x\",\"%\",\"M\",\"M\",\"T\",\";mrq\",\"1\",\"m\"]]}","{\"0\":null,\"1\":\"L;\",\"2\":0,\"3\":[\"L;\",595,\"^q\",\"G\",969,714,122,82,\"!GX\",[\"Ei\",\"x\",\"%\",\"M\",\"M\",\"T\",\";mrq\",\"1\",\"m\"]]}","{\"0\":[823,-1,0,242,627,969,null,\"e:\"],\"1\":\"!GX\",\"2\":8,\"3\":[\"L;\",595,\"^q\",\"G\",969,714,122,82,\"!GX\"]}","{\"0\":null,\"1\":82,\"2\":7,\"3\":[{\"126\":\"\",\"\":\"*\",\"9.291783715020781e+306\":1.357331010905479e+308,\"4.0962021842593467e+307\":4.0398745997161057e+307,\"8.910893931240081e+307\":59},595,\"^q\",\"G\",969,714,122,82,\"!GX\"]}","{\"0\":null,\"1\":122,\"2\":6,\"3\":[{\"126\":\"\",\"\":\"*\",\"9.291783715020781e+306\":1.357331010905479e+308,\"4.0962021842593467e+307\":4.0398745997161057e+307,\"8.910893931240081e+307\":59},595,\"^q\",\"G\",969,714,122,82,\"!GX\"]}","{\"0\":null,\"1\":714,\"2\":5,\"3\":[{\"126\":\"\",\"\":\"*\",\"9.291783715020781e+306\":1.357331010905479e+308,\"4.0962021842593467e+307\":4.0398745997161057e+307,\"8.910893931240081e+307\":59},595,\"^q\",\"G\",969,714,122,82,\"!GX\"]}","{\"0\":null,\"1\":969,\"2\":4,\"3\":[{\"126\":\"\",\"\":\"*\",\"9.291783715020781e+306\":1.357331010905479e+308,\"4.0962021842593467e+307\":4.0398745997161057e+307,\"8.910893931240081e+307\":59},595,\"^q\",\"G\",969,714,122,82,\"!GX\"]}","{\"0\":null,\"1\":\"G\",\"2\":3,\"3\":[{\"126\":\"\",\"\":\"*\",\"9.291783715020781e+306\":1.357331010905479e+308,\"4.0962021842593467e+307\":4.0398745997161057e+307,\"8.910893931240081e+307\":59},595,\"^q\",\"G\",969,714,122,82,\"!GX\"]}","{\"0\":null,\"1\":\"^q\",\"2\":2,\"3\":[{\"126\":\"\",\"\":\"*\",\"9.291783715020781e+306\":1.357331010905479e+308,\"4.0962021842593467e+307\":4.0398745997161057e+307,\"8.910893931240081e+307\":59},595,\"^q\",\"G\",969,714,122,82,\"!GX\"]}","{\"0\":null,\"1\":595,\"2\":1,\"3\":[{\"126\":\"\",\"\":\"*\",\"9.291783715020781e+306\":1.357331010905479e+308,\"4.0962021842593467e+307\":4.0398745997161057e+307,\"8.910893931240081e+307\":59},595,\"^q\",\"G\",969,714,122,82,\"!GX\"]}","{\"0\":null,\"1\":{\"126\":\"\",\"\":\"*\",\"9.291783715020781e+306\":1.357331010905479e+308,\"4.0962021842593467e+307\":4.0398745997161057e+307,\"8.910893931240081e+307\":59},\"2\":0,\"3\":[{\"126\":\"\",\"\":\"*\",\"9.291783715020781e+306\":1.357331010905479e+308,\"4.0962021842593467e+307\":4.0398745997161057e+307,\"8.910893931240081e+307\":59},595,\"^q\",\"G\",969,714,122,82,\"!GX\"]}","{\"0\":null,\"1\":\"!GX\",\"2\":8,\"3\":[\"L;\",595,\"^q\",\"G\",969,714,122,82,\"!GX\"]}"]}