{"baseObjects":["[25,213,-1,-1,403,1.7976931348623157e+308,618]","[25,213,-1,-1,403,1.7976931348623157e+308,618]","[\"\",213,-1,-1,403,1.7976931348623157e+308,618]","[25,213,-1,-1,403,1.7976931348623157e+308,618]"],"returnObjects":["\"Error\"","\"Error\"","null","\"Error\""],"callbackArgs":["{\"0\":\"\",\"1\":618,\"2\":6,\"3\":[25,213,-1,-1,403,1.7976931348623157e+308,618]}","{\"1\":618,\"2\":6,\"3\":[25,213,-1,-1,403,1.7976931348623157e+308,618]}","{\"0\":618,\"1\":1.7976931348623157e+308,\"2\":5,\"3\":[25,213,-1,-1,403,1.7976931348623157e+308,618]}","{\"0\":null,\"1\":403,\"2\":4,\"3\":[\"\",213,-1,-1,403,1.7976931348623157e+308,618]}","{\"0\":null,\"1\":-1,\"2\":3,\"3\":[\"\",213,-1,-1,403,1.7976931348623157e+308,618]}","{\"0\":null,\"1\":-1,\"2\":2,\"3\":[\"\",213,-1,-1,403,1.7976931348623157e+308,618]}","{\"0\":null,\"1\":213,\"2\":1,\"3\":[\"\",213,-1,-1,403,1.7976931348623157e+308,618]}","{\"0\":null,\"1\":\"\",\"2\":0,\"3\":[\"\",213,-1,-1,403,1.7976931348623157e+308,618]}","{\"0\":618,\"1\":1.7976931348623157e+308,\"2\":5,\"3\":[25,213,-1,-1,403,1.7976931348623157e+308,618]}"]}