{"baseObjects":["[607,460,157,783,242,-1,893,100]","[607,460,157,783,242,-1,893,100]","[607,460,157,783,242,-1,893,100]","[607,460,157,783,242,-1,893,100]"],"returnObjects":["\"},9U,LO,ijV,Qe),+fG$,Jnn,sNaNNaNNaNNaNNaNNaNNaNNaN\"","\"NaN607,460,157,783,242,-1,893,100\"","\"Error\"","null"],"callbackArgs":["{\"0\":[\"}\",\"9U\",\"LO\",\"ijV\",\"Qe)\",\"+fG$\",\"Jnn\",\"s\"],\"1\":100,\"2\":7,\"3\":[607,460,157,783,242,-1,893,100]}","{\"0\":\"},9U,LO,ijV,Qe),+fG$,Jnn,sNaN\",\"1\":893,\"2\":6,\"3\":[607,460,157,783,242,-1,893,100]}","{\"0\":\"},9U,LO,ijV,Qe),+fG$,Jnn,sNaNNaN\",\"1\":-1,\"2\":5,\"3\":[607,460,157,783,242,-1,893,100]}","{\"0\":\"},9U,LO,ijV,Qe),+fG$,Jnn,sNaNNaNNaN\",\"1\":242,\"2\":4,\"3\":[607,460,157,783,242,-1,893,100]}","{\"0\":\"},9U,LO,ijV,Qe),+fG$,Jnn,sNaNNaNNaNNaN\",\"1\":783,\"2\":3,\"3\":[607,460,157,783,242,-1,893,100]}","{\"0\":\"},9U,LO,ijV,Qe),+fG$,Jnn,sNaNNaNNaNNaNNaN\",\"1\":157,\"2\":2,\"3\":[607,460,157,783,242,-1,893,100]}","{\"0\":\"},9U,LO,ijV,Qe),+fG$,Jnn,sNaNNaNNaNNaNNaNNaN\",\"1\":460,\"2\":1,\"3\":[607,460,157,783,242,-1,893,100]}","{\"0\":\"},9U,LO,ijV,Qe),+fG$,Jnn,sNaNNaNNaNNaNNaNNaNNaN\",\"1\":607,\"2\":0,\"3\":[607,460,157,783,242,-1,893,100]}","{\"0\":100,\"1\":893,\"2\":6,\"3\":[607,460,157,783,242,-1,893,100]}","{\"0\":\"89306607,460,157,783,242,-1,893,100\",\"1\":-1,\"2\":5,\"3\":[607,460,157,783,242,-1,893,100]}","{\"0\":\"NaN607,460,157,783,242,-1,893,100\",\"1\":242,\"2\":4,\"3\":[607,460,157,783,242,-1,893,100]}","{\"0\":\"NaN607,460,157,783,242,-1,893,100\",\"1\":783,\"2\":3,\"3\":[607,460,157,783,242,-1,893,100]}","{\"0\":\"NaN607,460,157,783,242,-1,893,100\",\"1\":157,\"2\":2,\"3\":[607,460,157,783,242,-1,893,100]}","{\"0\":\"NaN607,460,157,783,242,-1,893,100\",\"1\":460,\"2\":1,\"3\":[607,460,157,783,242,-1,893,100]}","{\"0\":\"NaN607,460,157,783,242,-1,893,100\",\"1\":607,\"2\":0,\"3\":[607,460,157,783,242,-1,893,100]}","{\"0\":{\"893\":\"\",\"1.4940788592482448e+308\":\"x\",\"1.2863584466219516e+308\":1.2697599657142604e+308,\"\":\"\"},\"1\":100,\"2\":7,\"3\":[607,460,157,783,242,-1,893,100]}","{\"0\":\"h\",\"1\":100,\"2\":7,\"3\":[607,460,157,783,242,-1,893,100]}","{\"0\":null,\"1\":893,\"2\":6,\"3\":[607,460,157,783,242,-1,893,100]}","{\"0\":null,\"1\":-1,\"2\":5,\"3\":[607,460,157,783,242,-1,893,100]}","{\"0\":null,\"1\":242,\"2\":4,\"3\":[607,460,157,783,242,-1,893,100]}","{\"0\":null,\"1\":783,\"2\":3,\"3\":[607,460,157,783,242,-1,893,100]}","{\"0\":null,\"1\":157,\"2\":2,\"3\":[607,460,157,783,242,-1,893,100]}","{\"0\":null,\"1\":460,\"2\":1,\"3\":[607,460,157,783,242,-1,893,100]}","{\"0\":null,\"1\":607,\"2\":0,\"3\":[607,460,157,783,242,-1,893,100]}"]}