{"baseObjects":["[213,-1,607,0,157,1.7976931348623157e+308,null,null,null,[618,607,705,157,969,242,607,25,59]]","[213,-1,607,0,157,{\"714\":705,\"893\":705,\"RV\":\"\",\"D\":\"y\",\"5e-324\":0,\"8.020094269427389e+307\":\"x'\",\"2.2406387934710529e+307\":\"\",\"4.622301948296907e+307\":\"9\",\"m?@\":\"t\"}]","[213,-1,607,[\"R\"],157,1.7976931348623157e+308]","[213,-1,607,0,157,1.7976931348623157e+308]"],"returnObjects":["null","\"1.7976931348623157e+308213,-1,607,0,157,[object Object]0213,-1,607,0,157,[object Object]1214213,-1,607,0,157,[object Object]-1213,-1,607,0,157,[object Object]0213,-1,607,0,157,[object Object]\"","\"Error\"","\"Error\""],"callbackArgs":["{\"0\":1.7976931348623157e+308,\"1\":157,\"2\":4,\"3\":[213,-1,607,0,157,1.7976931348623157e+308]}","{\"0\":null,\"1\":0,\"2\":3,\"3\":[213,-1,607,0,157,1.7976931348623157e+308,null,null,null,[618,607,705,157,969,242,607,25,59]]}","{\"0\":null,\"1\":607,\"2\":2,\"3\":[213,-1,607,0,157,1.7976931348623157e+308,null,null,null,[618,607,705,157,969,242,607,25,59]]}","{\"0\":null,\"1\":-1,\"2\":1,\"3\":[213,-1,607,0,157,1.7976931348623157e+308,null,null,null,[618,607,705,157,969,242,607,25,59]]}","{\"0\":null,\"1\":213,\"2\":0,\"3\":[213,-1,607,0,157,1.7976931348623157e+308,null,null,null,[618,607,705,157,969,242,607,25,59]]}","{\"0\":1.7976931348623157e+308,\"1\":157,\"2\":4,\"3\":[213,-1,607,0,157,1.7976931348623157e+308]}","{\"0\":\"1.7976931348623157e+308213,-1,607,0,157,[object Object]\",\"1\":0,\"2\":3,\"3\":[213,-1,607,0,157,{\"714\":705,\"893\":705,\"RV\":\"\",\"D\":\"y\",\"5e-324\":0,\"8.020094269427389e+307\":\"x'\",\"2.2406387934710529e+307\":\"\",\"4.622301948296907e+307\":\"9\",\"m?@\":\"t\"}]}","{\"0\":\"1.7976931348623157e+308213,-1,607,0,157,[object Object]0213,-1,607,0,157,[object Object]\",\"1\":607,\"2\":2,\"3\":[213,-1,607,0,157,{\"714\":705,\"893\":705,\"RV\":\"\",\"D\":\"y\",\"5e-324\":0,\"8.020094269427389e+307\":\"x'\",\"2.2406387934710529e+307\":\"\",\"4.622301948296907e+307\":\"9\",\"m?@\":\"t\"}]}","{\"0\":\"1.7976931348623157e+308213,-1,607,0,157,[object Object]0213,-1,607,0,157,[object Object]1214213,-1,607,0,157,[object Object]\",\"1\":-1,\"2\":1,\"3\":[213,-1,607,0,157,{\"714\":705,\"893\":705,\"RV\":\"\",\"D\":\"y\",\"5e-324\":0,\"8.020094269427389e+307\":\"x'\",\"2.2406387934710529e+307\":\"\",\"4.622301948296907e+307\":\"9\",\"m?@\":\"t\"}]}","{\"0\":\"1.7976931348623157e+308213,-1,607,0,157,[object Object]0213,-1,607,0,157,[object Object]1214213,-1,607,0,157,[object Object]-1213,-1,607,0,157,[object Object]\",\"1\":213,\"2\":0,\"3\":[213,-1,607,0,157,{\"714\":705,\"893\":705,\"RV\":\"\",\"D\":\"y\",\"5e-324\":0,\"8.020094269427389e+307\":\"x'\",\"2.2406387934710529e+307\":\"\",\"4.622301948296907e+307\":\"9\",\"m?@\":\"t\"}]}","{\"1\":1.7976931348623157e+308,\"2\":5,\"3\":[213,-1,607,0,157,1.7976931348623157e+308]}","{\"0\":null,\"1\":1.7976931348623157e+308,\"2\":5,\"3\":[213,-1,607,0,157,1.7976931348623157e+308]}"]}