{"baseObjects":["[\"T\",\"5\",\"k\",\"A\",\"B\",\"yKCTeVz\",\"4v\"]","[\"T\",\"5\",{\"82\":1.0072065059150592e+308,\"893\":1.236363983247279e+306,\"-100\":\"C-\",\"1.7976931348623157e+308\":\"OV5rF\",\"8.113132998942482e+307\":122},\"A\",\"B\",\"yKCTeVz\",\"4v\"]","[\"T\",\"5\",\"k\",\"A\",\"B\",\"yKCTeVz\",\"4v\"]","[\"T\",\"5\",\"k\",\"A\",\"B\",\"yKCTeVz\",\"4v\"]"],"returnObjects":["\"Error\"","\"W4v6T,5,[object Object],A,B,yKCTeVz,4vyKCTeVz5T,5,[object Object],A,B,yKCTeVz,4vB4T,5,[object Object],A,B,yKCTeVz,4vA3T,5,[object Object],A,B,yKCTeVz,4v[object Object]2T,5,[object Object],A,B,yKCTeVz,4v51T,5,[object Object],A,B,yKCTeVz,4vT0T,5,[object Object],A,B,yKCTeVz,4v\"","null","\"NaNT,5,k,A,B,yKCTeVz,4v\""],"callbackArgs":["{\"0\":false,\"1\":\"4v\",\"2\":6,\"3\":[\"T\",\"5\",\"k\",\"A\",\"B\",\"yKCTeVz\",\"4v\"]}","{\"0\":\"W\",\"1\":\"4v\",\"2\":6,\"3\":[\"T\",\"5\",\"k\",\"A\",\"B\",\"yKCTeVz\",\"4v\"]}","{\"0\":\"W4v6T,5,[object Object],A,B,yKCTeVz,4v\",\"1\":\"yKCTeVz\",\"2\":5,\"3\":[\"T\",\"5\",{\"82\":1.0072065059150592e+308,\"893\":1.236363983247279e+306,\"-100\":\"C-\",\"1.7976931348623157e+308\":\"OV5rF\",\"8.113132998942482e+307\":122},\"A\",\"B\",\"yKCTeVz\",\"4v\"]}","{\"0\":\"W4v6T,5,[object Object],A,B,yKCTeVz,4vyKCTeVz5T,5,[object Object],A,B,yKCTeVz,4v\",\"1\":\"B\",\"2\":4,\"3\":[\"T\",\"5\",{\"82\":1.0072065059150592e+308,\"893\":1.236363983247279e+306,\"-100\":\"C-\",\"1.7976931348623157e+308\":\"OV5rF\",\"8.113132998942482e+307\":122},\"A\",\"B\",\"yKCTeVz\",\"4v\"]}","{\"0\":\"W4v6T,5,[object Object],A,B,yKCTeVz,4vyKCTeVz5T,5,[object Object],A,B,yKCTeVz,4vB4T,5,[object Object],A,B,yKCTeVz,4v\",\"1\":\"A\",\"2\":3,\"3\":[\"T\",\"5\",{\"82\":1.0072065059150592e+308,\"893\":1.236363983247279e+306,\"-100\":\"C-\",\"1.7976931348623157e+308\":\"OV5rF\",\"8.113132998942482e+307\":122},\"A\",\"B\",\"yKCTeVz\",\"4v\"]}","{\"0\":\"W4v6T,5,[object Object],A,B,yKCTeVz,4vyKCTeVz5T,5,[object Object],A,B,yKCTeVz,4vB4T,5,[object Object],A,B,yKCTeVz,4vA3T,5,[object Object],A,B,yKCTeVz,4v\",\"1\":{\"82\":1.0072065059150592e+308,\"893\":1.236363983247279e+306,\"-100\":\"C-\",\"1.7976931348623157e+308\":\"OV5rF\",\"8.113132998942482e+307\":122},\"2\":2,\"3\":[\"T\",\"5\",{\"82\":1.0072065059150592e+308,\"893\":1.236363983247279e+306,\"-100\":\"C-\",\"1.7976931348623157e+308\":\"OV5rF\",\"8.113132998942482e+307\":122},\"A\",\"B\",\"yKCTeVz\",\"4v\"]}","{\"0\":\"W4v6T,5,[object Object],A,B,yKCTeVz,4vyKCTeVz5T,5,[object Object],A,B,yKCTeVz,4vB4T,5,[object Object],A,B,yKCTeVz,4vA3T,5,[object Object],A,B,yKCTeVz,4v[object Object]2T,5,[object Object],A,B,yKCTeVz,4v\",\"1\":\"5\",\"2\":1,\"3\":[\"T\",\"5\",{\"82\":1.0072065059150592e+308,\"893\":1.236363983247279e+306,\"-100\":\"C-\",\"1.7976931348623157e+308\":\"OV5rF\",\"8.113132998942482e+307\":122},\"A\",\"B\",\"yKCTeVz\",\"4v\"]}","{\"0\":\"W4v6T,5,[object Object],A,B,yKCTeVz,4vyKCTeVz5T,5,[object Object],A,B,yKCTeVz,4vB4T,5,[object Object],A,B,yKCTeVz,4vA3T,5,[object Object],A,B,yKCTeVz,4v[object Object]2T,5,[object Object],A,B,yKCTeVz,4v51T,5,[object Object],A,B,yKCTeVz,4v\",\"1\":\"T\",\"2\":0,\"3\":[\"T\",\"5\",{\"82\":1.0072065059150592e+308,\"893\":1.236363983247279e+306,\"-100\":\"C-\",\"1.7976931348623157e+308\":\"OV5rF\",\"8.113132998942482e+307\":122},\"A\",\"B\",\"yKCTeVz\",\"4v\"]}","{\"0\":\"4v\",\"1\":\"yKCTeVz\",\"2\":5,\"3\":[\"T\",\"5\",\"k\",\"A\",\"B\",\"yKCTeVz\",\"4v\"]}","{\"0\":null,\"1\":\"B\",\"2\":4,\"3\":[\"T\",\"5\",\"k\",\"A\",\"B\",\"yKCTeVz\",\"4v\"]}","{\"0\":null,\"1\":\"A\",\"2\":3,\"3\":[\"T\",\"5\",\"k\",\"A\",\"B\",\"yKCTeVz\",\"4v\"]}","{\"0\":null,\"1\":\"k\",\"2\":2,\"3\":[\"T\",\"5\",\"k\",\"A\",\"B\",\"yKCTeVz\",\"4v\"]}","{\"0\":null,\"1\":\"5\",\"2\":1,\"3\":[\"T\",\"5\",\"k\",\"A\",\"B\",\"yKCTeVz\",\"4v\"]}","{\"0\":null,\"1\":\"T\",\"2\":0,\"3\":[\"T\",\"5\",\"k\",\"A\",\"B\",\"yKCTeVz\",\"4v\"]}","{\"0\":[null,\"fK[Fr\",\"g{$\",\"t\"],\"1\":\"4v\",\"2\":6,\"3\":[\"T\",\"5\",\"k\",\"A\",\"B\",\"yKCTeVz\",\"4v\"]}","{\"0\":\"NaNT,5,k,A,B,yKCTeVz,4v\",\"1\":\"yKCTeVz\",\"2\":5,\"3\":[\"T\",\"5\",\"k\",\"A\",\"B\",\"yKCTeVz\",\"4v\"]}","{\"0\":\"NaNT,5,k,A,B,yKCTeVz,4v\",\"1\":\"B\",\"2\":4,\"3\":[\"T\",\"5\",\"k\",\"A\",\"B\",\"yKCTeVz\",\"4v\"]}","{\"0\":\"NaNT,5,k,A,B,yKCTeVz,4v\",\"1\":\"A\",\"2\":3,\"3\":[\"T\",\"5\",\"k\",\"A\",\"B\",\"yKCTeVz\",\"4v\"]}","{\"0\":\"NaNT,5,k,A,B,yKCTeVz,4v\",\"1\":\"k\",\"2\":2,\"3\":[\"T\",\"5\",\"k\",\"A\",\"B\",\"yKCTeVz\",\"4v\"]}","{\"0\":\"NaNT,5,k,A,B,yKCTeVz,4v\",\"1\":\"5\",\"2\":1,\"3\":[\"T\",\"5\",\"k\",\"A\",\"B\",\"yKCTeVz\",\"4v\"]}","{\"0\":\"NaNT,5,k,A,B,yKCTeVz,4v\",\"1\":\"T\",\"2\":0,\"3\":[\"T\",\"5\",\"k\",\"A\",\"B\",\"yKCTeVz\",\"4v\"]}"]}