{"baseObjects":["[\"*<r\",823,607,\"fT|\",823,59]","[\"*<r\",823,607,\"fT|\",823,59]","[\"*<r\",823,607,\"fT|\",823,59]","[1.632433709365743e+308,823,607,\"fT|\",823,59]"],"returnObjects":["\"886*<r,823,607,fT|,823,59fT|3*<r,823,607,fT|,823,596072*<r,823,607,fT|,823,598231*<r,823,607,fT|,823,59*<r0*<r,823,607,fT|,823,59\"","\"NaN*<r,823,607,fT|,823,59\"","null","\"Error\""],"callbackArgs":["{\"0\":59,\"1\":823,\"2\":4,\"3\":[\"*<r\",823,607,\"fT|\",823,59]}","{\"0\":\"886*<r,823,607,fT|,823,59\",\"1\":\"fT|\",\"2\":3,\"3\":[\"*<r\",823,607,\"fT|\",823,59]}","{\"0\":\"886*<r,823,607,fT|,823,59fT|3*<r,823,607,fT|,823,59\",\"1\":607,\"2\":2,\"3\":[\"*<r\",823,607,\"fT|\",823,59]}","{\"0\":\"886*<r,823,607,fT|,823,59fT|3*<r,823,607,fT|,823,596072*<r,823,607,fT|,823,59\",\"1\":823,\"2\":1,\"3\":[\"*<r\",823,607,\"fT|\",823,59]}","{\"0\":\"886*<r,823,607,fT|,823,59fT|3*<r,823,607,fT|,823,596072*<r,823,607,fT|,823,598231*<r,823,607,fT|,823,59\",\"1\":\"*<r\",\"2\":0,\"3\":[\"*<r\",823,607,\"fT|\",823,59]}","{\"0\":59,\"1\":823,\"2\":4,\"3\":[\"*<r\",823,607,\"fT|\",823,59]}","{\"0\":\"4.071688942891859*<r,823,607,fT|,823,59\",\"1\":\"fT|\",\"2\":3,\"3\":[\"*<r\",823,607,\"fT|\",823,59]}","{\"0\":\"NaN*<r,823,607,fT|,823,59\",\"1\":607,\"2\":2,\"3\":[\"*<r\",823,607,\"fT|\",823,59]}","{\"0\":\"NaN*<r,823,607,fT|,823,59\",\"1\":823,\"2\":1,\"3\":[\"*<r\",823,607,\"fT|\",823,59]}","{\"0\":\"NaN*<r,823,607,fT|,823,59\",\"1\":\"*<r\",\"2\":0,\"3\":[\"*<r\",823,607,\"fT|\",823,59]}","{\"0\":true,\"1\":59,\"2\":5,\"3\":[\"*<r\",823,607,\"fT|\",823,59]}","{\"0\":null,\"1\":823,\"2\":4,\"3\":[\"*<r\",823,607,\"fT|\",823,59]}","{\"0\":null,\"1\":\"fT|\",\"2\":3,\"3\":[\"*<r\",823,607,\"fT|\",823,59]}","{\"0\":null,\"1\":607,\"2\":2,\"3\":[\"*<r\",823,607,\"fT|\",823,59]}","{\"0\":null,\"1\":823,\"2\":1,\"3\":[\"*<r\",823,607,\"fT|\",823,59]}","{\"0\":null,\"1\":\"*<r\",\"2\":0,\"3\":[\"*<r\",823,607,\"fT|\",823,59]}","{\"0\":59,\"1\":823,\"2\":4,\"3\":[\"*<r\",823,607,\"fT|\",823,59]}"]}