{"baseObjects":["[1.7976931348623157e+308,705,1.7976931348623157e+308,242]","[1.7976931348623157e+308,705,1.7976931348623157e+308,242]","[1.7976931348623157e+308,705,false,242]","[1.7976931348623157e+308,705,1.7976931348623157e+308,242]"],"returnObjects":["\"NaN1.7976931348623157e+308,705,1.7976931348623157e+308,242\"","\"Error\"","null","\"NaN1.7976931348623157e+308,705,1.7976931348623157e+308,242\""],"callbackArgs":["{\"0\":242,\"1\":1.7976931348623157e+308,\"2\":2,\"3\":[1.7976931348623157e+308,705,1.7976931348623157e+308,242]}","{\"0\":\"2.692339368793714e-3061.7976931348623157e+308,705,1.7976931348623157e+308,242\",\"1\":705,\"2\":1,\"3\":[1.7976931348623157e+308,705,1.7976931348623157e+308,242]}","{\"0\":\"NaN1.7976931348623157e+308,705,1.7976931348623157e+308,242\",\"1\":1.7976931348623157e+308,\"2\":0,\"3\":[1.7976931348623157e+308,705,1.7976931348623157e+308,242]}","{\"0\":\"\",\"1\":242,\"2\":3,\"3\":[1.7976931348623157e+308,705,1.7976931348623157e+308,242]}","{\"0\":242,\"1\":1.7976931348623157e+308,\"2\":2,\"3\":[1.7976931348623157e+308,705,1.7976931348623157e+308,242]}","{\"0\":null,\"1\":705,\"2\":1,\"3\":[1.7976931348623157e+308,705,false,242]}","{\"0\":null,\"1\":1.7976931348623157e+308,\"2\":0,\"3\":[1.7976931348623157e+308,705,false,242]}","{\"0\":157,\"1\":242,\"2\":3,\"3\":[1.7976931348623157e+308,705,1.7976931348623157e+308,242]}","{\"0\":\"-881.7976931348623157e+308,705,1.7976931348623157e+308,242\",\"1\":1.7976931348623157e+308,\"2\":2,\"3\":[1.7976931348623157e+308,705,1.7976931348623157e+308,242]}","{\"0\":\"NaN1.7976931348623157e+308,705,1.7976931348623157e+308,242\",\"1\":705,\"2\":1,\"3\":[1.7976931348623157e+308,705,1.7976931348623157e+308,242]}","{\"0\":\"NaN1.7976931348623157e+308,705,1.7976931348623157e+308,242\",\"1\":1.7976931348623157e+308,\"2\":0,\"3\":[1.7976931348623157e+308,705,1.7976931348623157e+308,242]}"]}