{"baseObjects":["[\"[\",\"{\",783,\"j\",100,618,\"q\"]","[\"[\",\"{\",783,\"j\",100,618,\"q\"]","[\"[\",\"{\",783,\"j\",{\"627\":\"\",\"1.2833663678968694e+308\":1.848729785302769e+306,\"7.13724715691107e+307\":893,\"\":122,\"1.146659274293536e+308\":8.536084603868081e+307},618,\"q\"]","[\"[\",\"{\",783,\"j\",1.5970260174397424e+308,618,\"q\"]"],"returnObjects":["null","\"q6185[,{,783,j,100,618,q1004[,{,783,j,100,618,qj3[,{,783,j,100,618,q7832[,{,783,j,100,618,q{1[,{,783,j,100,618,q[0[,{,783,j,100,618,q\"","\"NaN[,{,783,j,[object Object],618,q\"","\"Error\""],"callbackArgs":["{\"0\":true,\"1\":\"q\",\"2\":6,\"3\":[\"[\",\"{\",783,\"j\",100,618,\"q\"]}","{\"0\":null,\"1\":618,\"2\":5,\"3\":[\"[\",\"{\",783,\"j\",100,618,\"q\"]}","{\"0\":null,\"1\":100,\"2\":4,\"3\":[\"[\",\"{\",783,\"j\",100,618,\"q\"]}","{\"0\":null,\"1\":\"j\",\"2\":3,\"3\":[\"[\",\"{\",783,\"j\",100,618,\"q\"]}","{\"0\":null,\"1\":783,\"2\":2,\"3\":[\"[\",\"{\",783,\"j\",100,618,\"q\"]}","{\"0\":null,\"1\":\"{\",\"2\":1,\"3\":[\"[\",\"{\",783,\"j\",100,618,\"q\"]}","{\"0\":null,\"1\":\"[\",\"2\":0,\"3\":[\"[\",\"{\",783,\"j\",100,618,\"q\"]}","{\"0\":\"q\",\"1\":618,\"2\":5,\"3\":[\"[\",\"{\",783,\"j\",100,618,\"q\"]}","{\"0\":\"q6185[,{,783,j,100,618,q\",\"1\":100,\"2\":4,\"3\":[\"[\",\"{\",783,\"j\",100,618,\"q\"]}","{\"0\":\"q6185[,{,783,j,100,618,q1004[,{,783,j,100,618,q\",\"1\":\"j\",\"2\":3,\"3\":[\"[\",\"{\",783,\"j\",100,618,\"q\"]}","{\"0\":\"q6185[,{,783,j,100,618,q1004[,{,783,j,100,618,qj3[,{,783,j,100,618,q\",\"1\":783,\"2\":2,\"3\":[\"[\",\"{\",783,\"j\",100,618,\"q\"]}","{\"0\":\"q6185[,{,783,j,100,618,q1004[,{,783,j,100,618,qj3[,{,783,j,100,618,q7832[,{,783,j,100,618,q\",\"1\":\"{\",\"2\":1,\"3\":[\"[\",\"{\",783,\"j\",100,618,\"q\"]}","{\"0\":\"q6185[,{,783,j,100,618,q1004[,{,783,j,100,618,qj3[,{,783,j,100,618,q7832[,{,783,j,100,618,q{1[,{,783,j,100,618,q\",\"1\":\"[\",\"2\":0,\"3\":[\"[\",\"{\",783,\"j\",100,618,\"q\"]}","{\"0\":\"q\",\"1\":618,\"2\":5,\"3\":[\"[\",\"{\",783,\"j\",100,618,\"q\"]}","{\"0\":\"NaN[,{,783,j,[object Object],618,q\",\"1\":{\"627\":\"\",\"1.2833663678968694e+308\":1.848729785302769e+306,\"7.13724715691107e+307\":893,\"\":122,\"1.146659274293536e+308\":8.536084603868081e+307},\"2\":4,\"3\":[\"[\",\"{\",783,\"j\",{\"627\":\"\",\"1.2833663678968694e+308\":1.848729785302769e+306,\"7.13724715691107e+307\":893,\"\":122,\"1.146659274293536e+308\":8.536084603868081e+307},618,\"q\"]}","{\"0\":\"NaN[,{,783,j,[object Object],618,q\",\"1\":\"j\",\"2\":3,\"3\":[\"[\",\"{\",783,\"j\",{\"627\":\"\",\"1.2833663678968694e+308\":1.848729785302769e+306,\"7.13724715691107e+307\":893,\"\":122,\"1.146659274293536e+308\":8.536084603868081e+307},618,\"q\"]}","{\"0\":\"NaN[,{,783,j,[object Object],618,q\",\"1\":783,\"2\":2,\"3\":[\"[\",\"{\",783,\"j\",{\"627\":\"\",\"1.2833663678968694e+308\":1.848729785302769e+306,\"7.13724715691107e+307\":893,\"\":122,\"1.146659274293536e+308\":8.536084603868081e+307},618,\"q\"]}","{\"0\":\"NaN[,{,783,j,[object Object],618,q\",\"1\":\"{\",\"2\":1,\"3\":[\"[\",\"{\",783,\"j\",{\"627\":\"\",\"1.2833663678968694e+308\":1.848729785302769e+306,\"7.13724715691107e+307\":893,\"\":122,\"1.146659274293536e+308\":8.536084603868081e+307},618,\"q\"]}","{\"0\":\"NaN[,{,783,j,[object Object],618,q\",\"1\":\"[\",\"2\":0,\"3\":[\"[\",\"{\",783,\"j\",{\"627\":\"\",\"1.2833663678968694e+308\":1.848729785302769e+306,\"7.13724715691107e+307\":893,\"\":122,\"1.146659274293536e+308\":8.536084603868081e+307},618,\"q\"]}","{\"0\":\"q\",\"1\":618,\"2\":5,\"3\":[\"[\",\"{\",783,\"j\",100,618,\"q\"]}"]}