{"baseObjects":["[-1,122,969,705,true,122,655,403]","[-1,122,969,705,969,{\"618\":49,\"-100\":\"\",\"XLrI\":\"+4\",\"Z(\":\"b\",\"\":3.9337595751185645e+307,\"iB\":\"@\",\"V\":1.1047149918025306e+308,\"1.0585352962677962e+308\":\"\"},655,403]","[-1,122,969,705,969,122,655,403]","[-1,122,1.2884680861543565e+307,705,969,122,655,403]"],"returnObjects":["\"NaN-1,122,969,705,true,122,655,403\"","null","null","null"],"callbackArgs":["{\"0\":403,\"1\":655,\"2\":6,\"3\":[-1,122,969,705,969,122,655,403]}","{\"0\":\"6.615267175572519-1,122,969,705,true,122,655,403\",\"1\":122,\"2\":5,\"3\":[-1,122,969,705,true,122,655,403]}","{\"0\":\"NaN-1,122,969,705,true,122,655,403\",\"1\":true,\"2\":4,\"3\":[-1,122,969,705,true,122,655,403]}","{\"0\":\"NaN-1,122,969,705,true,122,655,403\",\"1\":705,\"2\":3,\"3\":[-1,122,969,705,true,122,655,403]}","{\"0\":\"NaN-1,122,969,705,true,122,655,403\",\"1\":969,\"2\":2,\"3\":[-1,122,969,705,true,122,655,403]}","{\"0\":\"NaN-1,122,969,705,true,122,655,403\",\"1\":122,\"2\":1,\"3\":[-1,122,969,705,true,122,655,403]}","{\"0\":\"NaN-1,122,969,705,true,122,655,403\",\"1\":-1,\"2\":0,\"3\":[-1,122,969,705,true,122,655,403]}","{\"0\":{\"9\":\"\",\"403\":\"\",\"618\":\"=p0\",\"714\":\"\",\"1.3597951465194527e+308\":8.731957089384325e+306,\"y\":\"Z1F+'\",\"1.3589504615803647e+308\":6.376320929197819e+307},\"1\":403,\"2\":7,\"3\":[-1,122,969,705,969,122,655,403]}","{\"0\":null,\"1\":655,\"2\":6,\"3\":[-1,122,969,705,969,{\"618\":49,\"-100\":\"\",\"XLrI\":\"+4\",\"Z(\":\"b\",\"\":3.9337595751185645e+307,\"iB\":\"@\",\"V\":1.1047149918025306e+308,\"1.0585352962677962e+308\":\"\"},655,403]}","{\"0\":null,\"1\":{\"618\":49,\"-100\":\"\",\"XLrI\":\"+4\",\"Z(\":\"b\",\"\":3.9337595751185645e+307,\"iB\":\"@\",\"V\":1.1047149918025306e+308,\"1.0585352962677962e+308\":\"\"},\"2\":5,\"3\":[-1,122,969,705,969,{\"618\":49,\"-100\":\"\",\"XLrI\":\"+4\",\"Z(\":\"b\",\"\":3.9337595751185645e+307,\"iB\":\"@\",\"V\":1.1047149918025306e+308,\"1.0585352962677962e+308\":\"\"},655,403]}","{\"0\":null,\"1\":969,\"2\":4,\"3\":[-1,122,969,705,969,{\"618\":49,\"-100\":\"\",\"XLrI\":\"+4\",\"Z(\":\"b\",\"\":3.9337595751185645e+307,\"iB\":\"@\",\"V\":1.1047149918025306e+308,\"1.0585352962677962e+308\":\"\"},655,403]}","{\"0\":null,\"1\":705,\"2\":3,\"3\":[-1,122,969,705,969,{\"618\":49,\"-100\":\"\",\"XLrI\":\"+4\",\"Z(\":\"b\",\"\":3.9337595751185645e+307,\"iB\":\"@\",\"V\":1.1047149918025306e+308,\"1.0585352962677962e+308\":\"\"},655,403]}","{\"0\":null,\"1\":969,\"2\":2,\"3\":[-1,122,969,705,969,{\"618\":49,\"-100\":\"\",\"XLrI\":\"+4\",\"Z(\":\"b\",\"\":3.9337595751185645e+307,\"iB\":\"@\",\"V\":1.1047149918025306e+308,\"1.0585352962677962e+308\":\"\"},655,403]}","{\"0\":null,\"1\":122,\"2\":1,\"3\":[-1,122,969,705,969,{\"618\":49,\"-100\":\"\",\"XLrI\":\"+4\",\"Z(\":\"b\",\"\":3.9337595751185645e+307,\"iB\":\"@\",\"V\":1.1047149918025306e+308,\"1.0585352962677962e+308\":\"\"},655,403]}","{\"0\":null,\"1\":-1,\"2\":0,\"3\":[-1,122,969,705,969,{\"618\":49,\"-100\":\"\",\"XLrI\":\"+4\",\"Z(\":\"b\",\"\":3.9337595751185645e+307,\"iB\":\"@\",\"V\":1.1047149918025306e+308,\"1.0585352962677962e+308\":\"\"},655,403]}","{\"0\":[705],\"1\":403,\"2\":7,\"3\":[-1,122,969,705,969,122,655,403]}","{\"0\":null,\"1\":655,\"2\":6,\"3\":[-1,122,969,705,969,122,655,403]}","{\"0\":null,\"1\":122,\"2\":5,\"3\":[-1,122,969,705,969,122,655,403]}","{\"0\":null,\"1\":969,\"2\":4,\"3\":[-1,122,969,705,969,122,655,403]}","{\"0\":null,\"1\":705,\"2\":3,\"3\":[-1,122,969,705,969,122,655,403]}","{\"0\":null,\"1\":969,\"2\":2,\"3\":[-1,122,969,705,969,122,655,403]}","{\"0\":null,\"1\":122,\"2\":1,\"3\":[-1,122,969,705,969,122,655,403]}","{\"0\":null,\"1\":-1,\"2\":0,\"3\":[-1,122,969,705,969,122,655,403]}","{\"0\":403,\"1\":655,\"2\":6,\"3\":[-1,122,969,705,969,122,655,403]}","{\"0\":null,\"1\":122,\"2\":5,\"3\":[-1,122,1.2884680861543565e+307,705,969,122,655,403]}","{\"0\":null,\"1\":969,\"2\":4,\"3\":[-1,122,1.2884680861543565e+307,705,969,122,655,403]}","{\"0\":null,\"1\":705,\"2\":3,\"3\":[-1,122,1.2884680861543565e+307,705,969,122,655,403]}","{\"0\":null,\"1\":1.2884680861543565e+307,\"2\":2,\"3\":[-1,122,1.2884680861543565e+307,705,969,122,655,403]}","{\"0\":null,\"1\":122,\"2\":1,\"3\":[-1,122,1.2884680861543565e+307,705,969,122,655,403]}","{\"0\":null,\"1\":-1,\"2\":0,\"3\":[-1,122,1.2884680861543565e+307,705,969,122,655,403]}"]}