{"baseObjects":["[\"|t^\",595,0,\"0\",{\"0\":1.2773299489021653e+308,\"242\":714,\",\":\"\",\";\":157,\"6.215426360305271e+307\":\"\",\"lm2\":655,\"\":\"mG!2$\",\"1.4034744228995816e+308\":\"\",\"5.262931091360336e+307\":1.7976931348623157e+308},\"cnQ\",[893,403,122,618,157,595],1.615639752797504e+308,59,705]","[\"|t^\",595,0,\"0\",\"w@\",\"cnQ\",100,\"`\",59,705]","{\"0\":126,\"655\":\"\",\"[1s\":\"\",\"2.282823775846141e+307\":\"\"}","[157,460,783,1.7976931348623157e+308,607,595,49,126,242]"],"returnObjects":["\"7314|t^,595,0,0,[object Object],cnQ,893,403,122,618,157,595,1.615639752797504e+308,59,705472|t^,595,0,0,[object Object],cnQ,893,403,122,618,157,595,1.615639752797504e+308,59,705Infinity|t^,595,0,0,[object Object],cnQ,893,403,122,618,157,595,1.615639752797504e+308,59,705NaN|t^,595,0,0,[object Object],cnQ,893,403,122,618,157,595,1.615639752797504e+308,59,705NaN|t^,595,0,0,[object Object],cnQ,893,403,122,618,157,595,1.615639752797504e+308,59,705NaN|t^,595,0,0,[object Object],cnQ,893,403,122,618,157,595,1.615639752797504e+308,59,7050|t^,595,0,0,[object Object],cnQ,893,403,122,618,157,595,1.615639752797504e+308,59,7050|t^,595,0,0,[object Object],cnQ,893,403,122,618,157,595,1.615639752797504e+308,59,705595|t^,595,0,0,[object Object],cnQ,893,403,122,618,157,595,1.615639752797504e+308,59,705NaN|t^,595,0,0,[object Object],cnQ,893,403,122,618,157,595,1.615639752797504e+308,59,705\"","\"NaN|t^,595,0,0,w@,cnQ,100,`,59,705\"","\"NaN|t^,595,0,0,w@,cnQ,100,`,59,705\"","\"1177|t^,595,0,0,w@,cnQ,100,`,59,705NaN|t^,595,0,0,w@,cnQ,100,`,59,705600|t^,595,0,0,w@,cnQ,100,`,59,705NaN|t^,595,0,0,w@,cnQ,100,`,59,705NaN|t^,595,0,0,w@,cnQ,100,`,59,7050|t^,595,0,0,w@,cnQ,100,`,59,7050|t^,595,0,0,w@,cnQ,100,`,59,705595|t^,595,0,0,w@,cnQ,100,`,59,705NaN|t^,595,0,0,w@,cnQ,100,`,59,705\""],"callbackArgs":["{\"0\":969,\"1\":705,\"2\":9,\"3\":[\"|t^\",595,0,\"0\",\"w@\",\"cnQ\",100,\"`\",59,705]}","{\"0\":\"7314|t^,595,0,0,[object Object],cnQ,893,403,122,618,157,595,1.615639752797504e+308,59,705\",\"1\":59,\"2\":8,\"3\":[\"|t^\",595,0,\"0\",{\"0\":1.2773299489021653e+308,\"242\":714,\",\":\"\",\";\":157,\"6.215426360305271e+307\":\"\",\"lm2\":655,\"\":\"mG!2$\",\"1.4034744228995816e+308\":\"\",\"5.262931091360336e+307\":1.7976931348623157e+308},\"cnQ\",[893,403,122,618,157,595],1.615639752797504e+308,59,705]}","{\"0\":\"7314|t^,595,0,0,[object Object],cnQ,893,403,122,618,157,595,1.615639752797504e+308,59,705472|t^,595,0,0,[object Object],cnQ,893,403,122,618,157,595,1.615639752797504e+308,59,705\",\"1\":1.615639752797504e+308,\"2\":7,\"3\":[\"|t^\",595,0,\"0\",{\"0\":1.2773299489021653e+308,\"242\":714,\",\":\"\",\";\":157,\"6.215426360305271e+307\":\"\",\"lm2\":655,\"\":\"mG!2$\",\"1.4034744228995816e+308\":\"\",\"5.262931091360336e+307\":1.7976931348623157e+308},\"cnQ\",[893,403,122,618,157,595],1.615639752797504e+308,59,705]}","{\"0\":\"7314|t^,595,0,0,[object Object],cnQ,893,403,122,618,157,595,1.615639752797504e+308,59,705472|t^,595,0,0,[object Object],cnQ,893,403,122,618,157,595,1.615639752797504e+308,59,705Infinity|t^,595,0,0,[object Object],cnQ,893,403,122,618,157,595,1.615639752797504e+308,59,705\",\"1\":[893,403,122,618,157,595],\"2\":6,\"3\":[\"|t^\",595,0,\"0\",{\"0\":1.2773299489021653e+308,\"242\":714,\",\":\"\",\";\":157,\"6.215426360305271e+307\":\"\",\"lm2\":655,\"\":\"mG!2$\",\"1.4034744228995816e+308\":\"\",\"5.262931091360336e+307\":1.7976931348623157e+308},\"cnQ\",[893,403,122,618,157,595],1.615639752797504e+308,59,705]}","{\"0\":\"7314|t^,595,0,0,[object Object],cnQ,893,403,122,618,157,595,1.615639752797504e+308,59,705472|t^,595,0,0,[object Object],cnQ,893,403,122,618,157,595,1.615639752797504e+308,59,705Infinity|t^,595,0,0,[object Object],cnQ,893,403,122,618,157,595,1.615639752797504e+308,59,705NaN|t^,595,0,0,[object Object],cnQ,893,403,122,618,157,595,1.615639752797504e+308,59,705\",\"1\":\"cnQ\",\"2\":5,\"3\":[\"|t^\",595,0,\"0\",{\"0\":1.2773299489021653e+308,\"242\":714,\",\":\"\",\";\":157,\"6.215426360305271e+307\":\"\",\"lm2\":655,\"\":\"mG!2$\",\"1.4034744228995816e+308\":\"\",\"5.262931091360336e+307\":1.7976931348623157e+308},\"cnQ\",[893,403,122,618,157,595],1.615639752797504e+308,59,705]}","{\"0\":\"7314|t^,595,0,0,[object Object],cnQ,893,403,122,618,157,595,1.615639752797504e+308,59,705472|t^,595,0,0,[object Object],cnQ,893,403,122,618,157,595,1.615639752797504e+308,59,705Infinity|t^,595,0,0,[object Object],cnQ,893,403,122,618,157,595,1.615639752797504e+308,59,705NaN|t^,595,0,0,[object Object],cnQ,893,403,122,618,157,595,1.615639752797504e+308,59,705NaN|t^,595,0,0,[object Object],cnQ,893,403,122,618,157,595,1.615639752797504e+308,59,705\",\"1\":{\"0\":1.2773299489021653e+308,\"242\":714,\",\":\"\",\";\":157,\"6.215426360305271e+307\":\"\",\"lm2\":655,\"\":\"mG!2$\",\"1.4034744228995816e+308\":\"\",\"5.262931091360336e+307\":1.7976931348623157e+308},\"2\":4,\"3\":[\"|t^\",595,0,\"0\",{\"0\":1.2773299489021653e+308,\"242\":714,\",\":\"\",\";\":157,\"6.215426360305271e+307\":\"\",\"lm2\":655,\"\":\"mG!2$\",\"1.4034744228995816e+308\":\"\",\"5.262931091360336e+307\":1.7976931348623157e+308},\"cnQ\",[893,403,122,618,157,595],1.615639752797504e+308,59,705]}","{\"0\":\"7314|t^,595,0,0,[object Object],cnQ,893,403,122,618,157,595,1.615639752797504e+308,59,705472|t^,595,0,0,[object Object],cnQ,893,403,122,618,157,595,1.615639752797504e+308,59,705Infinity|t^,595,0,0,[object Object],cnQ,893,403,122,618,157,595,1.615639752797504e+308,59,705NaN|t^,595,0,0,[object Object],cnQ,893,403,122,618,157,595,1.615639752797504e+308,59,705NaN|t^,595,0,0,[object Object],cnQ,893,403,122,618,157,595,1.615639752797504e+308,59,705NaN|t^,595,0,0,[object Object],cnQ,893,403,122,618,157,595,1.615639752797504e+308,59,705\",\"1\":\"0\",\"2\":3,\"3\":[\"|t^\",595,0,\"0\",{\"0\":1.2773299489021653e+308,\"242\":714,\",\":\"\",\";\":157,\"6.215426360305271e+307\":\"\",\"lm2\":655,\"\":\"mG!2$\",\"1.4034744228995816e+308\":\"\",\"5.262931091360336e+307\":1.7976931348623157e+308},\"cnQ\",[893,403,122,618,157,595],1.615639752797504e+308,59,705]}","{\"0\":\"7314|t^,595,0,0,[object Object],cnQ,893,403,122,618,157,595,1.615639752797504e+308,59,705472|t^,595,0,0,[object Object],cnQ,893,403,122,618,157,595,1.615639752797504e+308,59,705Infinity|t^,595,0,0,[object Object],cnQ,893,403,122,618,157,595,1.615639752797504e+308,59,705NaN|t^,595,0,0,[object Object],cnQ,893,403,122,618,157,595,1.615639752797504e+308,59,705NaN|t^,595,0,0,[object Object],cnQ,893,403,122,618,157,595,1.615639752797504e+308,59,705NaN|t^,595,0,0,[object Object],cnQ,893,403,122,618,157,595,1.615639752797504e+308,59,7050|t^,595,0,0,[object Object],cnQ,893,403,122,618,157,595,1.615639752797504e+308,59,705\",\"1\":0,\"2\":2,\"3\":[\"|t^\",595,0,\"0\",{\"0\":1.2773299489021653e+308,\"242\":714,\",\":\"\",\";\":157,\"6.215426360305271e+307\":\"\",\"lm2\":655,\"\":\"mG!2$\",\"1.4034744228995816e+308\":\"\",\"5.262931091360336e+307\":1.7976931348623157e+308},\"cnQ\",[893,403,122,618,157,595],1.615639752797504e+308,59,705]}","{\"0\":\"7314|t^,595,0,0,[object Object],cnQ,893,403,122,618,157,595,1.615639752797504e+308,59,705472|t^,595,0,0,[object Object],cnQ,893,403,122,618,157,595,1.615639752797504e+308,59,705Infinity|t^,595,0,0,[object Object],cnQ,893,403,122,618,157,595,1.615639752797504e+308,59,705NaN|t^,595,0,0,[object Object],cnQ,893,403,122,618,157,595,1.615639752797504e+308,59,705NaN|t^,595,0,0,[object Object],cnQ,893,403,122,618,157,595,1.615639752797504e+308,59,705NaN|t^,595,0,0,[object Object],cnQ,893,403,122,618,157,595,1.615639752797504e+308,59,7050|t^,595,0,0,[object Object],cnQ,893,403,122,618,157,595,1.615639752797504e+308,59,7050|t^,595,0,0,[object Object],cnQ,893,403,122,618,157,595,1.615639752797504e+308,59,705\",\"1\":595,\"2\":1,\"3\":[\"|t^\",595,0,\"0\",{\"0\":1.2773299489021653e+308,\"242\":714,\",\":\"\",\";\":157,\"6.215426360305271e+307\":\"\",\"lm2\":655,\"\":\"mG!2$\",\"1.4034744228995816e+308\":\"\",\"5.262931091360336e+307\":1.7976931348623157e+308},\"cnQ\",[893,403,122,618,157,595],