{"baseObjects":["[607,242]","[607,242]","[607,242]","[607,242]"],"returnObjects":["\"Error\"","null","\"Error\"","\"Error\""],"callbackArgs":["{\"0\":[\"F=\",\"=\",\"f\",\"5N\",\"I\",\"HT?|,n\"],\"1\":242,\"2\":1,\"3\":[607,242]}","{\"0\":242,\"1\":607,\"2\":0,\"3\":[607,242]}","{\"0\":{\"403\":5.57441205618235e+307,\"893\":\"G 8\",\"D\":\"\",\"\":\"\",\"8.610187288067022e+307\":\"zPn\",\"Z\":\"F\",\",#\":\" \",\"1.7976931348623157e+308\":\"\",\"1.7214196333076597e+308\":\"\",\"_f5D3\":1.0016487002105424e+308},\"1\":242,\"2\":1,\"3\":[607,242]}","{\"0\":null,\"1\":242,\"2\":1,\"3\":[607,242]}"]}