{"baseObjects":["[783,627,-1,157,1.7976931348623157e+308,\"1\",\"v6\",607]","[783,627,-1,157,1.7976931348623157e+308,\"1\",\"v6\",607]","[783,627,-1,157,1.7976931348623157e+308,\"1\",\"v6\",607]","[783,627,-1,157,1.7976931348623157e+308,\"1\",\"v6\",607]"],"returnObjects":["null","null","null","\"Error\""],"callbackArgs":["{\"0\":25,\"1\":607,\"2\":7,\"3\":[783,627,-1,157,1.7976931348623157e+308,\"1\",\"v6\",607]}","{\"0\":null,\"1\":\"v6\",\"2\":6,\"3\":[783,627,-1,157,1.7976931348623157e+308,\"1\",\"v6\",607]}","{\"0\":null,\"1\":\"1\",\"2\":5,\"3\":[783,627,-1,157,1.7976931348623157e+308,\"1\",\"v6\",607]}","{\"0\":null,\"1\":1.7976931348623157e+308,\"2\":4,\"3\":[783,627,-1,157,1.7976931348623157e+308,\"1\",\"v6\",607]}","{\"0\":null,\"1\":157,\"2\":3,\"3\":[783,627,-1,157,1.7976931348623157e+308,\"1\",\"v6\",607]}","{\"0\":null,\"1\":-1,\"2\":2,\"3\":[783,627,-1,157,1.7976931348623157e+308,\"1\",\"v6\",607]}","{\"0\":null,\"1\":627,\"2\":1,\"3\":[783,627,-1,157,1.7976931348623157e+308,\"1\",\"v6\",607]}","{\"0\":null,\"1\":783,\"2\":0,\"3\":[783,627,-1,157,1.7976931348623157e+308,\"1\",\"v6\",607]}","{\"0\":1.0292020284679836e+308,\"1\":607,\"2\":7,\"3\":[783,627,-1,157,1.7976931348623157e+308,\"1\",\"v6\",607]}","{\"0\":null,\"1\":\"v6\",\"2\":6,\"3\":[783,627,-1,157,1.7976931348623157e+308,\"1\",\"v6\",607]}","{\"0\":null,\"1\":\"1\",\"2\":5,\"3\":[783,627,-1,157,1.7976931348623157e+308,\"1\",\"v6\",607]}","{\"0\":null,\"1\":1.7976931348623157e+308,\"2\":4,\"3\":[783,627,-1,157,1.7976931348623157e+308,\"1\",\"v6\",607]}","{\"0\":null,\"1\":157,\"2\":3,\"3\":[783,627,-1,157,1.7976931348623157e+308,\"1\",\"v6\",607]}","{\"0\":null,\"1\":-1,\"2\":2,\"3\":[783,627,-1,157,1.7976931348623157e+308,\"1\",\"v6\",607]}","{\"0\":null,\"1\":627,\"2\":1,\"3\":[783,627,-1,157,1.7976931348623157e+308,\"1\",\"v6\",607]}","{\"0\":null,\"1\":783,\"2\":0,\"3\":[783,627,-1,157,1.7976931348623157e+308,\"1\",\"v6\",607]}","{\"0\":595,\"1\":607,\"2\":7,\"3\":[783,627,-1,157,1.7976931348623157e+308,\"1\",\"v6\",607]}","{\"0\":null,\"1\":\"v6\",\"2\":6,\"3\":[783,627,-1,157,1.7976931348623157e+308,\"1\",\"v6\",607]}","{\"0\":null,\"1\":\"1\",\"2\":5,\"3\":[783,627,-1,157,1.7976931348623157e+308,\"1\",\"v6\",607]}","{\"0\":null,\"1\":1.7976931348623157e+308,\"2\":4,\"3\":[783,627,-1,157,1.7976931348623157e+308,\"1\",\"v6\",607]}","{\"0\":null,\"1\":157,\"2\":3,\"3\":[783,627,-1,157,1.7976931348623157e+308,\"1\",\"v6\",607]}","{\"0\":null,\"1\":-1,\"2\":2,\"3\":[783,627,-1,157,1.7976931348623157e+308,\"1\",\"v6\",607]}","{\"0\":null,\"1\":627,\"2\":1,\"3\":[783,627,-1,157,1.7976931348623157e+308,\"1\",\"v6\",607]}","{\"0\":null,\"1\":783,\"2\":0,\"3\":[783,627,-1,157,1.7976931348623157e+308,\"1\",\"v6\",607]}","{\"0\":607,\"1\":\"v6\",\"2\":6,\"3\":[783,627,-1,157,1.7976931348623157e+308,\"1\",\"v6\",607]}"]}