{"baseObjects":["[49,627,823]","[49,627,823,null,null,null,\"\"]","[49,627,823,null,null,true]","[49,627,823]"],"returnObjects":["\"Error\"","\"NaN49,627,823,,,,\"","\"NaN49,627,823,,,true\"","\"Error\""],"callbackArgs":["{\"0\":null,\"1\":823,\"2\":2,\"3\":[49,627,823]}","{\"0\":true,\"1\":823,\"2\":2,\"3\":[49,627,823]}","{\"0\":\"0.000607533414337788549,627,823,,,,\",\"1\":627,\"2\":1,\"3\":[49,627,823,null,null,null,\"\"]}","{\"0\":\"NaN49,627,823,,,,\",\"1\":49,\"2\":0,\"3\":[49,627,823,null,null,null,\"\"]}","{\"0\":true,\"1\":823,\"2\":2,\"3\":[49,627,823]}","{\"0\":\"-1.998784933171324349,627,823,,,true\",\"1\":627,\"2\":1,\"3\":[49,627,823,null,null,true]}","{\"0\":\"NaN49,627,823,,,true\",\"1\":49,\"2\":0,\"3\":[49,627,823,null,null,true]}","{\"0\":823,\"1\":627,\"2\":1,\"3\":[49,627,823]}"]}