{"baseObjects":["[122,[25],null,null,null,null,null,[\"7\",\",=UJh;,4\",\"X\",\"8*\",714,\"Vb\",\"uK\",\"c\"]]","[122,100]","[122,100]","[122,100,null,null,null,null,null,\"v:\"]"],"returnObjects":["null","\"[object Object]100NaN122NaN\"","null","null"],"callbackArgs":["{\"0\":true,\"1\":100,\"2\":1,\"3\":[122,100]}","{\"0\":null,\"1\":122,\"2\":0,\"3\":[122,[25],null,null,null,null,null,[\"7\",\",=UJh;,4\",\"X\",\"8*\",714,\"Vb\",\"uK\",\"c\"]]}","{\"0\":{\"242\":\"\",\"403\":\"\",\"969\":403,\"1.0854094166227686e+308\":1.0505582537417128e+308,\"9.6843039694463e+307\":5.323855876415418e+307},\"1\":100,\"2\":1,\"3\":[122,100]}","{\"0\":\"[object Object]100NaN\",\"1\":122,\"2\":0,\"3\":[122,100]}","{\"0\":100,\"1\":122,\"2\":0,\"3\":[122,100]}","{\"0\":1.3579112774011126e+308,\"1\":100,\"2\":1,\"3\":[122,100]}","{\"0\":null,\"1\":122,\"2\":0,\"3\":[122,100,null,null,null,null,null,\"v:\"]}"]}