{"baseObjects":["[-1,\"NkaS\",25,\"<\",213,843,\"=>\",823,1.7976931348623157e+308]","[-1,\"NkaS\",25,\"<\",213,843,\"=>\",823,1.7976931348623157e+308]","[-1,\"NkaS\",25,\"<\",213,843,\"=>\",823,1.7976931348623157e+308]","[-1,\"NkaS\",25,\"<\",213,843,\"=>\",823,1.7976931348623157e+308]"],"returnObjects":["null","null","null","null"],"callbackArgs":["{\"0\":true,\"1\":1.7976931348623157e+308,\"2\":8,\"3\":[-1,\"NkaS\",25,\"<\",213,843,\"=>\",823,1.7976931348623157e+308]}","{\"0\":null,\"1\":823,\"2\":7,\"3\":[-1,\"NkaS\",25,\"<\",213,843,\"=>\",823,1.7976931348623157e+308]}","{\"0\":null,\"1\":\"=>\",\"2\":6,\"3\":[-1,\"NkaS\",25,\"<\",213,843,\"=>\",823,1.7976931348623157e+308]}","{\"0\":null,\"1\":843,\"2\":5,\"3\":[-1,\"NkaS\",25,\"<\",213,843,\"=>\",823,1.7976931348623157e+308]}","{\"0\":null,\"1\":213,\"2\":4,\"3\":[-1,\"NkaS\",25,\"<\",213,843,\"=>\",823,1.7976931348623157e+308]}","{\"0\":null,\"1\":\"<\",\"2\":3,\"3\":[-1,\"NkaS\",25,\"<\",213,843,\"=>\",823,1.7976931348623157e+308]}","{\"0\":null,\"1\":25,\"2\":2,\"3\":[-1,\"NkaS\",25,\"<\",213,843,\"=>\",823,1.7976931348623157e+308]}","{\"0\":null,\"1\":\"NkaS\",\"2\":1,\"3\":[-1,\"NkaS\",25,\"<\",213,843,\"=>\",823,1.7976931348623157e+308]}","{\"0\":null,\"1\":-1,\"2\":0,\"3\":[-1,\"NkaS\",25,\"<\",213,843,\"=>\",823,1.7976931348623157e+308]}","{\"0\":true,\"1\":1.7976931348623157e+308,\"2\":8,\"3\":[-1,\"NkaS\",25,\"<\",213,843,\"=>\",823,1.7976931348623157e+308]}","{\"0\":null,\"1\":823,\"2\":7,\"3\":[-1,\"NkaS\",25,\"<\",213,843,\"=>\",823,1.7976931348623157e+308]}","{\"0\":null,\"1\":\"=>\",\"2\":6,\"3\":[-1,\"NkaS\",25,\"<\",213,843,\"=>\",823,1.7976931348623157e+308]}","{\"0\":null,\"1\":843,\"2\":5,\"3\":[-1,\"NkaS\",25,\"<\",213,843,\"=>\",823,1.7976931348623157e+308]}","{\"0\":null,\"1\":213,\"2\":4,\"3\":[-1,\"NkaS\",25,\"<\",213,843,\"=>\",823,1.7976931348623157e+308]}","{\"0\":null,\"1\":\"<\",\"2\":3,\"3\":[-1,\"NkaS\",25,\"<\",213,843,\"=>\",823,1.7976931348623157e+308]}","{\"0\":null,\"1\":25,\"2\":2,\"3\":[-1,\"NkaS\",25,\"<\",213,843,\"=>\",823,1.7976931348623157e+308]}","{\"0\":null,\"1\":\"NkaS\",\"2\":1,\"3\":[-1,\"NkaS\",25,\"<\",213,843,\"=>\",823,1.7976931348623157e+308]}","{\"0\":null,\"1\":-1,\"2\":0,\"3\":[-1,\"NkaS\",25,\"<\",213,843,\"=>\",823,1.7976931348623157e+308]}","{\"0\":{\"705\":\"\",\"893\":1.5054756551265805e+308,\"7.305952014860319e+307\":1.6192748375780026e+308,\"5.365209660229085e+307\":8.265820712619537e+307,\"R\":969,\"yq3<:x;\":1.670624923818254e+308,\"AwD\":823,\"J2\":\"\",\"\":893},\"1\":1.7976931348623157e+308,\"2\":8,\"3\":[-1,\"NkaS\",25,\"<\",213,843,\"=>\",823,1.7976931348623157e+308]}","{\"0\":null,\"1\":823,\"2\":7,\"3\":[-1,\"NkaS\",25,\"<\",213,843,\"=>\",823,1.7976931348623157e+308]}","{\"0\":null,\"1\":\"=>\",\"2\":6,\"3\":[-1,\"NkaS\",25,\"<\",213,843,\"=>\",823,1.7976931348623157e+308]}","{\"0\":null,\"1\":843,\"2\":5,\"3\":[-1,\"NkaS\",25,\"<\",213,843,\"=>\",823,1.7976931348623157e+308]}","{\"0\":null,\"1\":213,\"2\":4,\"3\":[-1,\"NkaS\",25,\"<\",213,843,\"=>\",823,1.7976931348623157e+308]}","{\"0\":null,\"1\":\"<\",\"2\":3,\"3\":[-1,\"NkaS\",25,\"<\",213,843,\"=>\",823,1.7976931348623157e+308]}","{\"0\":null,\"1\":25,\"2\":2,\"3\":[-1,\"NkaS\",25,\"<\",213,843,\"=>\",823,1.7976931348623157e+308]}","{\"0\":null,\"1\":\"NkaS\",\"2\":1,\"3\":[-1,\"NkaS\",25,\"<\",213,843,\"=>\",823,1.7976931348623157e+308]}","{\"0\":null,\"1\":-1,\"2\":0,\"3\":[-1,\"NkaS\",25,\"<\",213,843,\"=>\",823,1.7976931348623157e+308]}","{\"0\":[\"MP\",25,607,\"c?\",\")%0dl\",\"j\",126],\"1\":1.7976931348623157e+308,\"2\":8,\"3\":[-1,\"NkaS\",25,\"<\",213,843,\"=>\",823,1.7976931348623157e+308]}","{\"0\":null,\"1\":823,\"2\":7,\"3\":[-1,\"NkaS\",25,\"<\",213,843,\"=>\",823,1.7976931348623157e+308]}","{\"0\":null,\"1\":\"=>\",\"2\":6,\"3\":[-1,\"NkaS\",25,\"<\",213,843,\"=>\",823,1.7976931348623157e+308]}","{\"0\":null,\"1\":843,\"2\":5,\"3\":[-1,\"NkaS\",25,\"<\",213,843,\"=>\",823,1.7976931348623157e+308]}","{\"0\":null,\"1\":213,\"2\":4,\"3\":[-1,\"NkaS\",25,\"<\",213,843,\"=>\",823,1.7976931348623157e+308]}","{\"0\":null,\"1\":\"<\",\"2\":3,\"3\":[-1,\"NkaS\",25,\"<\",213,843,\"=>\",823,1.7976931348623157e+308]}","{\"0\":null,\"1\":25,\"2\":2,\"3\":[-1,\"NkaS\",25,\"<\",213,843,\"=>\",823,1.7976931348623157e+308]}","{\"0\":null,\"1\":\"NkaS\",\"2\":1,\"3\":[-1,\"NkaS\",25,\"<\",213,843,\"=>\",823,1.7976931348623157e+308]}","{\"0\":null,\"1\":-1,\"2\":0,\"3\":[-1,\"NkaS\",25,\"<\",213,843,\"=>\",823,1.7976931348623157e+308]}"]}