{"baseObjects":["[82,82,213,49,213,126]","[82,82,213,{\"213\":1.1493688580156702e+308,\"u\":\"DA\",\"\":1.2589332695972364e+308,\"1.329787977766657e+308\":-100,\"1.6537482117246847e+308\":\"\",\"s\":969,\"1.513623815136999e+308\":\"\"},213,126]","[82,82,213,49,213,126]","[82,82,213,49,213,126]"],"returnObjects":["null","null","\"7.374243695583032e+30782,82,213,49,213,126213482,82,213,49,213,12649382,82,213,49,213,126213282,82,213,49,213,12682182,82,213,49,213,12682082,82,213,49,213,126\"","\"Error\""],"callbackArgs":["{\"0\":126,\"1\":213,\"2\":4,\"3\":[82,82,213,49,213,126]}","{\"0\":null,\"1\":49,\"2\":3,\"3\":[82,82,213,49,213,126]}","{\"0\":null,\"1\":213,\"2\":2,\"3\":[82,82,213,49,213,126]}","{\"0\":null,\"1\":82,\"2\":1,\"3\":[82,82,213,49,213,126]}","{\"0\":null,\"1\":82,\"2\":0,\"3\":[82,82,213,49,213,126]}","{\"0\":126,\"1\":213,\"2\":4,\"3\":[82,82,213,49,213,126]}","{\"0\":null,\"1\":{\"213\":1.1493688580156702e+308,\"u\":\"DA\",\"\":1.2589332695972364e+308,\"1.329787977766657e+308\":-100,\"1.6537482117246847e+308\":\"\",\"s\":969,\"1.513623815136999e+308\":\"\"},\"2\":3,\"3\":[82,82,213,{\"213\":1.1493688580156702e+308,\"u\":\"DA\",\"\":1.2589332695972364e+308,\"1.329787977766657e+308\":-100,\"1.6537482117246847e+308\":\"\",\"s\":969,\"1.513623815136999e+308\":\"\"},213,126]}","{\"0\":null,\"1\":213,\"2\":2,\"3\":[82,82,213,{\"213\":1.1493688580156702e+308,\"u\":\"DA\",\"\":1.2589332695972364e+308,\"1.329787977766657e+308\":-100,\"1.6537482117246847e+308\":\"\",\"s\":969,\"1.513623815136999e+308\":\"\"},213,126]}","{\"0\":null,\"1\":82,\"2\":1,\"3\":[82,82,213,{\"213\":1.1493688580156702e+308,\"u\":\"DA\",\"\":1.2589332695972364e+308,\"1.329787977766657e+308\":-100,\"1.6537482117246847e+308\":\"\",\"s\":969,\"1.513623815136999e+308\":\"\"},213,126]}","{\"0\":null,\"1\":82,\"2\":0,\"3\":[82,82,213,{\"213\":1.1493688580156702e+308,\"u\":\"DA\",\"\":1.2589332695972364e+308,\"1.329787977766657e+308\":-100,\"1.6537482117246847e+308\":\"\",\"s\":969,\"1.513623815136999e+308\":\"\"},213,126]}","{\"0\":7.374243695583032e+307,\"1\":126,\"2\":5,\"3\":[82,82,213,49,213,126]}","{\"0\":\"7.374243695583032e+30782,82,213,49,213,126\",\"1\":213,\"2\":4,\"3\":[82,82,213,49,213,126]}","{\"0\":\"7.374243695583032e+30782,82,213,49,213,126213482,82,213,49,213,126\",\"1\":49,\"2\":3,\"3\":[82,82,213,49,213,126]}","{\"0\":\"7.374243695583032e+30782,82,213,49,213,126213482,82,213,49,213,12649382,82,213,49,213,126\",\"1\":213,\"2\":2,\"3\":[82,82,213,49,213,126]}","{\"0\":\"7.374243695583032e+30782,82,213,49,213,126213482,82,213,49,213,12649382,82,213,49,213,126213282,82,213,49,213,126\",\"1\":82,\"2\":1,\"3\":[82,82,213,49,213,126]}","{\"0\":\"7.374243695583032e+30782,82,213,49,213,126213482,82,213,49,213,12649382,82,213,49,213,126213282,82,213,49,213,12682182,82,213,49,213,126\",\"1\":82,\"2\":0,\"3\":[82,82,213,49,213,126]}","{\"0\":126,\"1\":213,\"2\":4,\"3\":[82,82,213,49,213,126]}"]}