{"baseObjects":["[-1,783,783,82,618,607,655,82,1.7976931348623157e+308]","[-1,783,783,82,618,607,655,82,1.7976931348623157e+308]","[-1,783,783,82,618,607,655,82,1.7976931348623157e+308]","[-1,783,783,82,618,607,655,82,1.7976931348623157e+308]"],"returnObjects":["null","null","null","\"Error\""],"callbackArgs":["{\"0\":1.7976931348623157e+308,\"1\":82,\"2\":7,\"3\":[-1,783,783,82,618,607,655,82,1.7976931348623157e+308]}","{\"0\":null,\"1\":655,\"2\":6,\"3\":[-1,783,783,82,618,607,655,82,1.7976931348623157e+308]}","{\"0\":null,\"1\":607,\"2\":5,\"3\":[-1,783,783,82,618,607,655,82,1.7976931348623157e+308]}","{\"0\":null,\"1\":618,\"2\":4,\"3\":[-1,783,783,82,618,607,655,82,1.7976931348623157e+308]}","{\"0\":null,\"1\":82,\"2\":3,\"3\":[-1,783,783,82,618,607,655,82,1.7976931348623157e+308]}","{\"0\":null,\"1\":783,\"2\":2,\"3\":[-1,783,783,82,618,607,655,82,1.7976931348623157e+308]}","{\"0\":null,\"1\":783,\"2\":1,\"3\":[-1,783,783,82,618,607,655,82,1.7976931348623157e+308]}","{\"0\":null,\"1\":-1,\"2\":0,\"3\":[-1,783,783,82,618,607,655,82,1.7976931348623157e+308]}","{\"0\":{\"618\":893,\"1.3167743698061924e+308\":\"\",\"1.7183693751606767e+308\":714,\"7k\":823,\"x8?\":\"X\",\"1.6281281358375609e+308\":6.132671217973231e+307,\"R\":7.021483135090035e+307,\"\":\"hz'\",\"1.4248864608560415e+308\":\"K#n\"},\"1\":1.7976931348623157e+308,\"2\":8,\"3\":[-1,783,783,82,618,607,655,82,1.7976931348623157e+308]}","{\"0\":null,\"1\":82,\"2\":7,\"3\":[-1,783,783,82,618,607,655,82,1.7976931348623157e+308]}","{\"0\":null,\"1\":655,\"2\":6,\"3\":[-1,783,783,82,618,607,655,82,1.7976931348623157e+308]}","{\"0\":null,\"1\":607,\"2\":5,\"3\":[-1,783,783,82,618,607,655,82,1.7976931348623157e+308]}","{\"0\":null,\"1\":618,\"2\":4,\"3\":[-1,783,783,82,618,607,655,82,1.7976931348623157e+308]}","{\"0\":null,\"1\":82,\"2\":3,\"3\":[-1,783,783,82,618,607,655,82,1.7976931348623157e+308]}","{\"0\":null,\"1\":783,\"2\":2,\"3\":[-1,783,783,82,618,607,655,82,1.7976931348623157e+308]}","{\"0\":null,\"1\":783,\"2\":1,\"3\":[-1,783,783,82,618,607,655,82,1.7976931348623157e+308]}","{\"0\":null,\"1\":-1,\"2\":0,\"3\":[-1,783,783,82,618,607,655,82,1.7976931348623157e+308]}","{\"0\":null,\"1\":1.7976931348623157e+308,\"2\":8,\"3\":[-1,783,783,82,618,607,655,82,1.7976931348623157e+308]}","{\"0\":null,\"1\":82,\"2\":7,\"3\":[-1,783,783,82,618,607,655,82,1.7976931348623157e+308]}","{\"0\":null,\"1\":655,\"2\":6,\"3\":[-1,783,783,82,618,607,655,82,1.7976931348623157e+308]}","{\"0\":null,\"1\":607,\"2\":5,\"3\":[-1,783,783,82,618,607,655,82,1.7976931348623157e+308]}","{\"0\":null,\"1\":618,\"2\":4,\"3\":[-1,783,783,82,618,607,655,82,1.7976931348623157e+308]}","{\"0\":null,\"1\":82,\"2\":3,\"3\":[-1,783,783,82,618,607,655,82,1.7976931348623157e+308]}","{\"0\":null,\"1\":783,\"2\":2,\"3\":[-1,783,783,82,618,607,655,82,1.7976931348623157e+308]}","{\"0\":null,\"1\":783,\"2\":1,\"3\":[-1,783,783,82,618,607,655,82,1.7976931348623157e+308]}","{\"0\":null,\"1\":-1,\"2\":0,\"3\":[-1,783,783,82,618,607,655,82,1.7976931348623157e+308]}","{\"0\":null,\"1\":1.7976931348623157e+308,\"2\":8,\"3\":[-1,783,783,82,618,607,655,82,1.7976931348623157e+308]}"]}