{"baseObjects":["[82,49,-1,893,59,893,null,null]","[82,49,-1,893,59,893]","[82,49,-1,893,59,893,{\"m\":\"##]\",\"\":213,\"1.3608823274823825e+308\":\"\",\"a\":\"AK3\",\"y}n\":893,\"5.062994555127262e+307\":\"\",\"&V\":\"\",\"h\":\"P\"}]","[82,49,-1,5.977469051477888e+307,59,893]"],"returnObjects":["null","null","\"NaN82,49,-1,893,59,893,[object Object]\"","\"Error\""],"callbackArgs":["{\"0\":false,\"1\":893,\"2\":5,\"3\":[82,49,-1,893,59,893]}","{\"0\":null,\"1\":59,\"2\":4,\"3\":[82,49,-1,893,59,893,null,null]}","{\"0\":null,\"1\":893,\"2\":3,\"3\":[82,49,-1,893,59,893,null,null]}","{\"0\":null,\"1\":-1,\"2\":2,\"3\":[82,49,-1,893,59,893,null,null]}","{\"0\":null,\"1\":49,\"2\":1,\"3\":[82,49,-1,893,59,893,null,null]}","{\"0\":null,\"1\":82,\"2\":0,\"3\":[82,49,-1,893,59,893,null,null]}","{\"0\":[59,595,49,627,893,213],\"1\":893,\"2\":5,\"3\":[82,49,-1,893,59,893]}","{\"0\":null,\"1\":59,\"2\":4,\"3\":[82,49,-1,893,59,893]}","{\"0\":null,\"1\":893,\"2\":3,\"3\":[82,49,-1,893,59,893]}","{\"0\":null,\"1\":-1,\"2\":2,\"3\":[82,49,-1,893,59,893]}","{\"0\":null,\"1\":49,\"2\":1,\"3\":[82,49,-1,893,59,893]}","{\"0\":null,\"1\":82,\"2\":0,\"3\":[82,49,-1,893,59,893]}","{\"1\":893,\"2\":5,\"3\":[82,49,-1,893,59,893]}","{\"0\":\"NaN82,49,-1,893,59,893,[object Object]\",\"1\":59,\"2\":4,\"3\":[82,49,-1,893,59,893,{\"m\":\"##]\",\"\":213,\"1.3608823274823825e+308\":\"\",\"a\":\"AK3\",\"y}n\":893,\"5.062994555127262e+307\":\"\",\"&V\":\"\",\"h\":\"P\"}]}","{\"0\":\"NaN82,49,-1,893,59,893,[object Object]\",\"1\":893,\"2\":3,\"3\":[82,49,-1,893,59,893,{\"m\":\"##]\",\"\":213,\"1.3608823274823825e+308\":\"\",\"a\":\"AK3\",\"y}n\":893,\"5.062994555127262e+307\":\"\",\"&V\":\"\",\"h\":\"P\"}]}","{\"0\":\"NaN82,49,-1,893,59,893,[object Object]\",\"1\":-1,\"2\":2,\"3\":[82,49,-1,893,59,893,{\"m\":\"##]\",\"\":213,\"1.3608823274823825e+308\":\"\",\"a\":\"AK3\",\"y}n\":893,\"5.062994555127262e+307\":\"\",\"&V\":\"\",\"h\":\"P\"}]}","{\"0\":\"NaN82,49,-1,893,59,893,[object Object]\",\"1\":49,\"2\":1,\"3\":[82,49,-1,893,59,893,{\"m\":\"##]\",\"\":213,\"1.3608823274823825e+308\":\"\",\"a\":\"AK3\",\"y}n\":893,\"5.062994555127262e+307\":\"\",\"&V\":\"\",\"h\":\"P\"}]}","{\"0\":\"NaN82,49,-1,893,59,893,[object Object]\",\"1\":82,\"2\":0,\"3\":[82,49,-1,893,59,893,{\"m\":\"##]\",\"\":213,\"1.3608823274823825e+308\":\"\",\"a\":\"AK3\",\"y}n\":893,\"5.062994555127262e+307\":\"\",\"&V\":\"\",\"h\":\"P\"}]}","{\"0\":893,\"1\":59,\"2\":4,\"3\":[82,49,-1,893,59,893]}"]}