{"baseObjects":["[618,\"Z[\",\"!\",1.7976931348623157e+308,true,157,\"p\",627,0,\"C\"]","[618,\"Z[\",\"!\",1.7976931348623157e+308,607,157,\"p\",627,0,\"C\"]","[618,\"Z[\",\"!\",1.7976931348623157e+308,607,157,\"p\",627,0,\"C\"]","[618,\"Z[\",\"!\",1.7976931348623157e+308,607,157,\"p\",627,0,\"C\"]"],"returnObjects":["\"627,627,403,893,-1,893,1.7976931348623157e+308CNaN0NaN627NaNpNaN157NaNtrueNaN1.7976931348623157e+308NaN!NaNZ[NaN618NaN\"","\"NaN618,Z[,!,1.7976931348623157e+308,607,157,p,627,0,C\"","\"Error\"","\"Error\""],"callbackArgs":["{\"0\":[627,627,403,893,-1,893,1.7976931348623157e+308],\"1\":\"C\",\"2\":9,\"3\":[618,\"Z[\",\"!\",1.7976931348623157e+308,607,157,\"p\",627,0,\"C\"]}","{\"0\":\"627,627,403,893,-1,893,1.7976931348623157e+308CNaN\",\"1\":0,\"2\":8,\"3\":[618,\"Z[\",\"!\",1.7976931348623157e+308,true,157,\"p\",627,0,\"C\"]}","{\"0\":\"627,627,403,893,-1,893,1.7976931348623157e+308CNaN0NaN\",\"1\":627,\"2\":7,\"3\":[618,\"Z[\",\"!\",1.7976931348623157e+308,true,157,\"p\",627,0,\"C\"]}","{\"0\":\"627,627,403,893,-1,893,1.7976931348623157e+308CNaN0NaN627NaN\",\"1\":\"p\",\"2\":6,\"3\":[618,\"Z[\",\"!\",1.7976931348623157e+308,true,157,\"p\",627,0,\"C\"]}","{\"0\":\"627,627,403,893,-1,893,1.7976931348623157e+308CNaN0NaN627NaNpNaN\",\"1\":157,\"2\":5,\"3\":[618,\"Z[\",\"!\",1.7976931348623157e+308,true,157,\"p\",627,0,\"C\"]}","{\"0\":\"627,627,403,893,-1,893,1.7976931348623157e+308CNaN0NaN627NaNpNaN157NaN\",\"1\":true,\"2\":4,\"3\":[618,\"Z[\",\"!\",1.7976931348623157e+308,true,157,\"p\",627,0,\"C\"]}","{\"0\":\"627,627,403,893,-1,893,1.7976931348623157e+308CNaN0NaN627NaNpNaN157NaNtrueNaN\",\"1\":1.7976931348623157e+308,\"2\":3,\"3\":[618,\"Z[\",\"!\",1.7976931348623157e+308,true,157,\"p\",627,0,\"C\"]}","{\"0\":\"627,627,403,893,-1,893,1.7976931348623157e+308CNaN0NaN627NaNpNaN157NaNtrueNaN1.7976931348623157e+308NaN\",\"1\":\"!\",\"2\":2,\"3\":[618,\"Z[\",\"!\",1.7976931348623157e+308,true,157,\"p\",627,0,\"C\"]}","{\"0\":\"627,627,403,893,-1,893,1.7976931348623157e+308CNaN0NaN627NaNpNaN157NaNtrueNaN1.7976931348623157e+308NaN!NaN\",\"1\":\"Z[\",\"2\":1,\"3\":[618,\"Z[\",\"!\",1.7976931348623157e+308,true,157,\"p\",627,0,\"C\"]}","{\"0\":\"627,627,403,893,-1,893,1.7976931348623157e+308CNaN0NaN627NaNpNaN157NaNtrueNaN1.7976931348623157e+308NaN!NaNZ[NaN\",\"1\":618,\"2\":0,\"3\":[618,\"Z[\",\"!\",1.7976931348623157e+308,true,157,\"p\",627,0,\"C\"]}","{\"0\":\"\",\"1\":\"C\",\"2\":9,\"3\":[618,\"Z[\",\"!\",1.7976931348623157e+308,607,157,\"p\",627,0,\"C\"]}","{\"0\":\"NaN618,Z[,!,1.7976931348623157e+308,607,157,p,627,0,C\",\"1\":0,\"2\":8,\"3\":[618,\"Z[\",\"!\",1.7976931348623157e+308,607,157,\"p\",627,0,\"C\"]}","{\"0\":\"NaN618,Z[,!,1.7976931348623157e+308,607,157,p,627,0,C\",\"1\":627,\"2\":7,\"3\":[618,\"Z[\",\"!\",1.7976931348623157e+308,607,157,\"p\",627,0,\"C\"]}","{\"0\":\"NaN618,Z[,!,1.7976931348623157e+308,607,157,p,627,0,C\",\"1\":\"p\",\"2\":6,\"3\":[618,\"Z[\",\"!\",1.7976931348623157e+308,607,157,\"p\",627,0,\"C\"]}","{\"0\":\"NaN618,Z[,!,1.7976931348623157e+308,607,157,p,627,0,C\",\"1\":157,\"2\":5,\"3\":[618,\"Z[\",\"!\",1.7976931348623157e+308,607,157,\"p\",627,0,\"C\"]}","{\"0\":\"NaN618,Z[,!,1.7976931348623157e+308,607,157,p,627,0,C\",\"1\":607,\"2\":4,\"3\":[618,\"Z[\",\"!\",1.7976931348623157e+308,607,157,\"p\",627,0,\"C\"]}","{\"0\":\"NaN618,Z[,!,1.7976931348623157e+308,607,157,p,627,0,C\",\"1\":1.7976931348623157e+308,\"2\":3,\"3\":[618,\"Z[\",\"!\",1.7976931348623157e+308,607,157,\"p\",627,0,\"C\"]}","{\"0\":\"NaN618,Z[,!,1.7976931348623157e+308,607,157,p,627,0,C\",\"1\":\"!\",\"2\":2,\"3\":[618,\"Z[\",\"!\",1.7976931348623157e+308,607,157,\"p\",627,0,\"C\"]}","{\"0\":\"NaN618,Z[,!,1.7976931348623157e+308,607,157,p,627,0,C\",\"1\":\"Z[\",\"2\":1,\"3\":[618,\"Z[\",\"!\",1.7976931348623157e+308,607,157,\"p\",627,0,\"C\"]}","{\"0\":\"NaN618,Z[,!,1.7976931348623157e+308,607,157,p,627,0,C\",\"1\":618,\"2\":0,\"3\":[618,\"Z[\",\"!\",1.7976931348623157e+308,607,157,\"p\",627,0,\"C\"]}","{\"0\":false,\"1\":\"C\",\"2\":9,\"3\":[618,\"Z[\",\"!\",1.7976931348623157e+308,607,157,\"p\",627,0,\"C\"]}","{\"0\":false,\"1\":\"C\",\"2\":9,\"3\":[618,\"Z[\",\"!\",1.7976931348623157e+308,607,157,\"p\",627,0,\"C\"]}"]}