{"baseObjects":["[627,783,705,49,122,-100,5.98470567861192e+307]","[627,783,705,49,122,-100,823]","[627,783,705,49,122,-100,823]","[627,783,705,49,122,-100,823,null,null,[\"7\",\"eh\",\"7\",\"Q{*p\",\"cZ\"]]"],"returnObjects":["null","\"Error\"","null","null"],"callbackArgs":["{\"0\":true,\"1\":823,\"2\":6,\"3\":[627,783,705,49,122,-100,823]}","{\"0\":null,\"1\":-100,\"2\":5,\"3\":[627,783,705,49,122,-100,5.98470567861192e+307]}","{\"0\":null,\"1\":122,\"2\":4,\"3\":[627,783,705,49,122,-100,5.98470567861192e+307]}","{\"0\":null,\"1\":49,\"2\":3,\"3\":[627,783,705,49,122,-100,5.98470567861192e+307]}","{\"0\":null,\"1\":705,\"2\":2,\"3\":[627,783,705,49,122,-100,5.98470567861192e+307]}","{\"0\":null,\"1\":783,\"2\":1,\"3\":[627,783,705,49,122,-100,5.98470567861192e+307]}","{\"0\":null,\"1\":627,\"2\":0,\"3\":[627,783,705,49,122,-100,5.98470567861192e+307]}","{\"0\":823,\"1\":-100,\"2\":5,\"3\":[627,783,705,49,122,-100,823]}","{\"0\":null,\"1\":823,\"2\":6,\"3\":[627,783,705,49,122,-100,823]}","{\"0\":null,\"1\":-100,\"2\":5,\"3\":[627,783,705,49,122,-100,823]}","{\"0\":null,\"1\":122,\"2\":4,\"3\":[627,783,705,49,122,-100,823]}","{\"0\":null,\"1\":49,\"2\":3,\"3\":[627,783,705,49,122,-100,823]}","{\"0\":null,\"1\":705,\"2\":2,\"3\":[627,783,705,49,122,-100,823]}","{\"0\":null,\"1\":783,\"2\":1,\"3\":[627,783,705,49,122,-100,823]}","{\"0\":null,\"1\":627,\"2\":0,\"3\":[627,783,705,49,122,-100,823]}","{\"0\":[783,\"SA\",\"]\",\"t\"],\"1\":823,\"2\":6,\"3\":[627,783,705,49,122,-100,823]}","{\"0\":null,\"1\":-100,\"2\":5,\"3\":[627,783,705,49,122,-100,823,null,null,[\"7\",\"eh\",\"7\",\"Q{*p\",\"cZ\"]]}","{\"0\":null,\"1\":122,\"2\":4,\"3\":[627,783,705,49,122,-100,823,null,null,[\"7\",\"eh\",\"7\",\"Q{*p\",\"cZ\"]]}","{\"0\":null,\"1\":49,\"2\":3,\"3\":[627,783,705,49,122,-100,823,null,null,[\"7\",\"eh\",\"7\",\"Q{*p\",\"cZ\"]]}","{\"0\":null,\"1\":705,\"2\":2,\"3\":[627,783,705,49,122,-100,823,null,null,[\"7\",\"eh\",\"7\",\"Q{*p\",\"cZ\"]]}","{\"0\":null,\"1\":783,\"2\":1,\"3\":[627,783,705,49,122,-100,823,null,null,[\"7\",\"eh\",\"7\",\"Q{*p\",\"cZ\"]]}","{\"0\":null,\"1\":627,\"2\":0,\"3\":[627,783,705,49,122,-100,823,null,null,[\"7\",\"eh\",\"7\",\"Q{*p\",\"cZ\"]]}"]}