{"baseObjects":["[\"ar\",\"[\",714,\"4|\",893,969,\"T\",607,969]","[\"ar\",\"[\",714,\"4|\",893,969,\"T\",607,969]","[\"ar\",\"[\",714,\"4|\",893,969,\"T\",607,969]","[\"ar\",\"[\",714,\"4|\",893,969,\"T\",607,969]"],"returnObjects":["null","null","\"NaNar,[,714,4|,893,969,T,607,969\"","\"O121.125ar,[,714,4|,893,969,T,607,96986.71428571428571ar,[,714,4|,893,969,T,607,969NaNar,[,714,4|,893,969,T,607,969193.8ar,[,714,4|,893,969,T,607,969223.25ar,[,714,4|,893,969,T,607,969NaNar,[,714,4|,893,969,T,607,969357ar,[,714,4|,893,969,T,607,969NaNar,[,714,4|,893,969,T,607,969NaNar,[,714,4|,893,969,T,607,969\""],"callbackArgs":["{\"0\":null,\"1\":969,\"2\":8,\"3\":[\"ar\",\"[\",714,\"4|\",893,969,\"T\",607,969]}","{\"0\":null,\"1\":607,\"2\":7,\"3\":[\"ar\",\"[\",714,\"4|\",893,969,\"T\",607,969]}","{\"0\":null,\"1\":\"T\",\"2\":6,\"3\":[\"ar\",\"[\",714,\"4|\",893,969,\"T\",607,969]}","{\"0\":null,\"1\":969,\"2\":5,\"3\":[\"ar\",\"[\",714,\"4|\",893,969,\"T\",607,969]}","{\"0\":null,\"1\":893,\"2\":4,\"3\":[\"ar\",\"[\",714,\"4|\",893,969,\"T\",607,969]}","{\"0\":null,\"1\":\"4|\",\"2\":3,\"3\":[\"ar\",\"[\",714,\"4|\",893,969,\"T\",607,969]}","{\"0\":null,\"1\":714,\"2\":2,\"3\":[\"ar\",\"[\",714,\"4|\",893,969,\"T\",607,969]}","{\"0\":null,\"1\":\"[\",\"2\":1,\"3\":[\"ar\",\"[\",714,\"4|\",893,969,\"T\",607,969]}","{\"0\":null,\"1\":\"ar\",\"2\":0,\"3\":[\"ar\",\"[\",714,\"4|\",893,969,\"T\",607,969]}","{\"0\":\"Na\",\"1\":969,\"2\":8,\"3\":[\"ar\",\"[\",714,\"4|\",893,969,\"T\",607,969]}","{\"0\":null,\"1\":607,\"2\":7,\"3\":[\"ar\",\"[\",714,\"4|\",893,969,\"T\",607,969]}","{\"0\":null,\"1\":\"T\",\"2\":6,\"3\":[\"ar\",\"[\",714,\"4|\",893,969,\"T\",607,969]}","{\"0\":null,\"1\":969,\"2\":5,\"3\":[\"ar\",\"[\",714,\"4|\",893,969,\"T\",607,969]}","{\"0\":null,\"1\":893,\"2\":4,\"3\":[\"ar\",\"[\",714,\"4|\",893,969,\"T\",607,969]}","{\"0\":null,\"1\":\"4|\",\"2\":3,\"3\":[\"ar\",\"[\",714,\"4|\",893,969,\"T\",607,969]}","{\"0\":null,\"1\":714,\"2\":2,\"3\":[\"ar\",\"[\",714,\"4|\",893,969,\"T\",607,969]}","{\"0\":null,\"1\":\"[\",\"2\":1,\"3\":[\"ar\",\"[\",714,\"4|\",893,969,\"T\",607,969]}","{\"0\":null,\"1\":\"ar\",\"2\":0,\"3\":[\"ar\",\"[\",714,\"4|\",893,969,\"T\",607,969]}","{\"0\":[1.7976931348623157e+308,705,783],\"1\":969,\"2\":8,\"3\":[\"ar\",\"[\",714,\"4|\",893,969,\"T\",607,969]}","{\"0\":\"NaNar,[,714,4|,893,969,T,607,969\",\"1\":607,\"2\":7,\"3\":[\"ar\",\"[\",714,\"4|\",893,969,\"T\",607,969]}","{\"0\":\"NaNar,[,714,4|,893,969,T,607,969\",\"1\":\"T\",\"2\":6,\"3\":[\"ar\",\"[\",714,\"4|\",893,969,\"T\",607,969]}","{\"0\":\"NaNar,[,714,4|,893,969,T,607,969\",\"1\":969,\"2\":5,\"3\":[\"ar\",\"[\",714,\"4|\",893,969,\"T\",607,969]}","{\"0\":\"NaNar,[,714,4|,893,969,T,607,969\",\"1\":893,\"2\":4,\"3\":[\"ar\",\"[\",714,\"4|\",893,969,\"T\",607,969]}","{\"0\":\"NaNar,[,714,4|,893,969,T,607,969\",\"1\":\"4|\",\"2\":3,\"3\":[\"ar\",\"[\",714,\"4|\",893,969,\"T\",607,969]}","{\"0\":\"NaNar,[,714,4|,893,969,T,607,969\",\"1\":714,\"2\":2,\"3\":[\"ar\",\"[\",714,\"4|\",893,969,\"T\",607,969]}","{\"0\":\"NaNar,[,714,4|,893,969,T,607,969\",\"1\":\"[\",\"2\":1,\"3\":[\"ar\",\"[\",714,\"4|\",893,969,\"T\",607,969]}","{\"0\":\"NaNar,[,714,4|,893,969,T,607,969\",\"1\":\"ar\",\"2\":0,\"3\":[\"ar\",\"[\",714,\"4|\",893,969,\"T\",607,969]}","{\"0\":\"O\",\"1\":969,\"2\":8,\"3\":[\"ar\",\"[\",714,\"4|\",893,969,\"T\",607,969]}","{\"0\":\"O121.125ar,[,714,4|,893,969,T,607,969\",\"1\":607,\"2\":7,\"3\":[\"ar\",\"[\",714,\"4|\",893,969,\"T\",607,969]}","{\"0\":\"O121.125ar,[,714,4|,893,969,T,607,96986.71428571428571ar,[,714,4|,893,969,T,607,969\",\"1\":\"T\",\"2\":6,\"3\":[\"ar\",\"[\",714,\"4|\",893,969,\"T\",607,969]}","{\"0\":\"O121.125ar,[,714,4|,893,969,T,607,96986.71428571428571ar,[,714,4|,893,969,T,607,969NaNar,[,714,4|,893,969,T,607,969\",\"1\":969,\"2\":5,\"3\":[\"ar\",\"[\",714,\"4|\",893,969,\"T\",607,969]}","{\"0\":\"O121.125ar,[,714,4|,893,969,T,607,96986.71428571428571ar,[,714,4|,893,969,T,607,969NaNar,[,714,4|,893,969,T,607,969193.8ar,[,714,4|,893,969,T,607,969\",\"1\":893,\"2\":4,\"3\":[\"ar\",\"[\",714,\"4|\",893,969,\"T\",607,969]}","{\"0\":\"O121.125ar,[,714,4|,893,969,T,607,96986.71428571428571ar,[,714,4|,893,969,T,607,969NaNar,[,714,4|,893,969,T,607,969193.8ar,[,714,4|,893,969,T,607,969223.25ar,[,714,4|,893,969,T,607,969\",\"1\":\"4|\",\"2\":3,\"3\":[\"ar\",\"[\",714,\"4|\",893,969,\"T\",607,969]}","{\"0\":\"O121.125ar,[,714,4|,893,969,T,607,96986.71428571428571ar,[,714,4|,893,969,T,607,969NaNar,[,714,4|,893,969,T,607,969193.8ar,[,714,4|,893,969,T,607,969223.25ar,[,714,4|,893,969,T,607,969NaNar,[,714,4|,893,969,T,607,969\",\"1\":714,\"2\":2,\"3\":[\"ar\",\"[\",714,\"4|\",893,969,\"T\",607,969]}","{\"0\":\"O121.125ar,[,714,4|,893,969,T,607,96986.71428571428571ar,[,714,4|,893,969,T,607,969NaNar,[,714,4|,893,969,T,607,969193.8ar,[,714,4|,893,969,T,607,969223.25ar,[,714,4|,893,969,T,607,969NaNar,[,714,4|,893,969,T,607,969357ar,[,714,4|,893,969,T,607,969\",\"1\":\"[\",\"2\":1,\"3\":[\"ar\",\"[\",714,\"4|\",893,969,\"T\",607,969]}","{\"0\":\"O121.125ar,[,714,4|,893,969,T,607,96986.71428571428571ar,[,714,4|,893,969,T,607,969NaNar,[,714,4|,893,969,T,607,969193.8ar,[,714,4|,893,969,T,607,969223.25ar,[,714,4|,893,969,T,607,969NaNar,[,714,4|,893,969,T,607,969357ar,[,714,4|,893,969,T,607,969NaNar,[,714,4|,893,969,T,607,969\",\"1\":\"ar\",\"2\":0,\"3\":[\"ar\",\"[\",714,\"4|\",893,969,\"T\",607,969]}"]}