{"baseObjects":["[157,823,893]","[157,823,893]","[157,823,893]","[157,823,893]"],"returnObjects":["\"Error\"","\"NaN157,823,893\"","\"Error\"","\"Error\""],"callbackArgs":["{\"0\":false,\"1\":893,\"2\":2,\"3\":[157,823,893]}","{\"0\":\"E\",\"1\":893,\"2\":2,\"3\":[157,823,893]}","{\"0\":\"NaN157,823,893\",\"1\":823,\"2\":1,\"3\":[157,823,893]}","{\"0\":\"NaN157,823,893\",\"1\":157,\"2\":0,\"3\":[157,823,893]}","{\"0\":null,\"1\":893,\"2\":2,\"3\":[157,823,893]}","{\"0\":{\"122\":\"\",\"627\":\"\",\"k\":\"\",\"Smy;\":\"\",\")\":-100,\"Pa-<\":\"a+\",\"5.1822094893782033e+306\":\"V)\",\"7Xt!xi\":\"K7\",\"u\":\"\",\"6.538902810916834e+307\":4.4675264780604195e+307},\"1\":893,\"2\":2,\"3\":[157,823,893]}"]}