{"baseObjects":["[618,126,460,783,100,1.7976931348623157e+308,82,25]","[618,126,460,783,100,1.7976931348623157e+308,82,25]","[618,126,460,783,100,1.7976931348623157e+308,82,25]","[618,126,460,783,100,1.7976931348623157e+308,82,25]"],"returnObjects":["null","null","null","\"Error\""],"callbackArgs":["{\"0\":25,\"1\":82,\"2\":6,\"3\":[618,126,460,783,100,1.7976931348623157e+308,82,25]}","{\"0\":null,\"1\":1.7976931348623157e+308,\"2\":5,\"3\":[618,126,460,783,100,1.7976931348623157e+308,82,25]}","{\"0\":null,\"1\":100,\"2\":4,\"3\":[618,126,460,783,100,1.7976931348623157e+308,82,25]}","{\"0\":null,\"1\":783,\"2\":3,\"3\":[618,126,460,783,100,1.7976931348623157e+308,82,25]}","{\"0\":null,\"1\":460,\"2\":2,\"3\":[618,126,460,783,100,1.7976931348623157e+308,82,25]}","{\"0\":null,\"1\":126,\"2\":1,\"3\":[618,126,460,783,100,1.7976931348623157e+308,82,25]}","{\"0\":null,\"1\":618,\"2\":0,\"3\":[618,126,460,783,100,1.7976931348623157e+308,82,25]}","{\"0\":25,\"1\":82,\"2\":6,\"3\":[618,126,460,783,100,1.7976931348623157e+308,82,25]}","{\"0\":null,\"1\":1.7976931348623157e+308,\"2\":5,\"3\":[618,126,460,783,100,1.7976931348623157e+308,82,25]}","{\"0\":null,\"1\":100,\"2\":4,\"3\":[618,126,460,783,100,1.7976931348623157e+308,82,25]}","{\"0\":null,\"1\":783,\"2\":3,\"3\":[618,126,460,783,100,1.7976931348623157e+308,82,25]}","{\"0\":null,\"1\":460,\"2\":2,\"3\":[618,126,460,783,100,1.7976931348623157e+308,82,25]}","{\"0\":null,\"1\":126,\"2\":1,\"3\":[618,126,460,783,100,1.7976931348623157e+308,82,25]}","{\"0\":null,\"1\":618,\"2\":0,\"3\":[618,126,460,783,100,1.7976931348623157e+308,82,25]}","{\"0\":25,\"1\":82,\"2\":6,\"3\":[618,126,460,783,100,1.7976931348623157e+308,82,25]}","{\"0\":null,\"1\":1.7976931348623157e+308,\"2\":5,\"3\":[618,126,460,783,100,1.7976931348623157e+308,82,25]}","{\"0\":null,\"1\":100,\"2\":4,\"3\":[618,126,460,783,100,1.7976931348623157e+308,82,25]}","{\"0\":null,\"1\":783,\"2\":3,\"3\":[618,126,460,783,100,1.7976931348623157e+308,82,25]}","{\"0\":null,\"1\":460,\"2\":2,\"3\":[618,126,460,783,100,1.7976931348623157e+308,82,25]}","{\"0\":null,\"1\":126,\"2\":1,\"3\":[618,126,460,783,100,1.7976931348623157e+308,82,25]}","{\"0\":null,\"1\":618,\"2\":0,\"3\":[618,126,460,783,100,1.7976931348623157e+308,82,25]}","{\"1\":25,\"2\":7,\"3\":[618,126,460,783,100,1.7976931348623157e+308,82,25]}"]}