{"baseObjects":["{\"823\":25,\"2.874490392403545e+307\":\"(b\",\"1.719767749613759e+308\":\"$\",\"1.3888337418853272e+308\":\"C\",\"\":\"p\",\"3.0381706871442473e+307\":\"_\",\"1.3894763341357139e+308\":-1,\"|\":1.4914770715373767e+308,\"1.3568691127768978e+308\":655}","[655,969,49,893,242,783,705,403]","[]","[655,969,49,893,242,783,705,403]"],"returnObjects":["\"Error\"","null","\"47352.5\"","\"Error\""],"callbackArgs":["{\"0\":true,\"1\":403,\"2\":7,\"3\":[655,969,49,893,242,783,705,403]}","{\"0\":[783,607,627,655,-1,893,1.7976931348623157e+308,655,403],\"1\":403,\"2\":7,\"3\":[655,969,49,893,242,783,705,403]}","{\"0\":null,\"1\":705,\"2\":6,\"3\":[655,969,49,893,242,783,705,403]}","{\"0\":null,\"1\":783,\"2\":5,\"3\":[655,969,49,893,242,783,705,403]}","{\"0\":null,\"1\":242,\"2\":4,\"3\":[655,969,49,893,242,783,705,403]}","{\"0\":null,\"1\":893,\"2\":3,\"3\":[655,969,49,893,242,783,705,403]}","{\"0\":null,\"1\":49,\"2\":2,\"3\":[655,969,49,893,242,783,705,403]}","{\"0\":null,\"1\":969,\"2\":1,\"3\":[655,969,49,893,242,783,705,403]}","{\"0\":null,\"1\":655,\"2\":0,\"3\":[655,969,49,893,242,783,705,403]}","{\"0\":403,\"1\":705,\"2\":6,\"3\":[655,969,49,893,242,783,705,403]}","{\"1\":403,\"2\":7,\"3\":[655,969,49,893,242,783,705,403]}"]}