{"baseObjects":["[783,122,-100,-1,242,5e-324,618,403,157]","{\"705\":\"\"}","[783,122,-100,-1,242,5e-324,618,403,157]","[783,122,-100,-1,242,5e-324,{\"122\":\"m\",\"157\":\" \",\"783\":\"\",\"\":\"VT\",\"1.3304631749594585e+307\":100,\"q\":\"g\",\"3.492891291021255e+307\":9.134642111696283e+307,\"6.762878997108953e+307\":843,\"1.6058300807141761e+308\":\"\",\"4.578292124222585e+307\":\"E\"},403,157]"],"returnObjects":["null","null","null","null"],"callbackArgs":["{\"0\":true,\"1\":157,\"2\":8,\"3\":[783,122,-100,-1,242,5e-324,618,403,157]}","{\"0\":null,\"1\":403,\"2\":7,\"3\":[783,122,-100,-1,242,5e-324,618,403,157]}","{\"0\":null,\"1\":618,\"2\":6,\"3\":[783,122,-100,-1,242,5e-324,618,403,157]}","{\"0\":null,\"1\":5e-324,\"2\":5,\"3\":[783,122,-100,-1,242,5e-324,618,403,157]}","{\"0\":null,\"1\":242,\"2\":4,\"3\":[783,122,-100,-1,242,5e-324,618,403,157]}","{\"0\":null,\"1\":-1,\"2\":3,\"3\":[783,122,-100,-1,242,5e-324,618,403,157]}","{\"0\":null,\"1\":-100,\"2\":2,\"3\":[783,122,-100,-1,242,5e-324,618,403,157]}","{\"0\":null,\"1\":122,\"2\":1,\"3\":[783,122,-100,-1,242,5e-324,618,403,157]}","{\"0\":null,\"1\":783,\"2\":0,\"3\":[783,122,-100,-1,242,5e-324,618,403,157]}","{\"0\":3.561097646099801e+307,\"1\":157,\"2\":8,\"3\":[783,122,-100,-1,242,5e-324,618,403,157]}","{\"0\":null,\"1\":403,\"2\":7,\"3\":[783,122,-100,-1,242,5e-324,618,403,157]}","{\"0\":null,\"1\":618,\"2\":6,\"3\":[783,122,-100,-1,242,5e-324,618,403,157]}","{\"0\":null,\"1\":5e-324,\"2\":5,\"3\":[783,122,-100,-1,242,5e-324,618,403,157]}","{\"0\":null,\"1\":242,\"2\":4,\"3\":[783,122,-100,-1,242,5e-324,618,403,157]}","{\"0\":null,\"1\":-1,\"2\":3,\"3\":[783,122,-100,-1,242,5e-324,618,403,157]}","{\"0\":null,\"1\":-100,\"2\":2,\"3\":[783,122,-100,-1,242,5e-324,618,403,157]}","{\"0\":null,\"1\":122,\"2\":1,\"3\":[783,122,-100,-1,242,5e-324,618,403,157]}","{\"0\":null,\"1\":783,\"2\":0,\"3\":[783,122,-100,-1,242,5e-324,618,403,157]}","{\"0\":false,\"1\":157,\"2\":8,\"3\":[783,122,-100,-1,242,5e-324,618,403,157]}","{\"0\":null,\"1\":403,\"2\":7,\"3\":[783,122,-100,-1,242,5e-324,618,403,157]}","{\"0\":null,\"1\":618,\"2\":6,\"3\":[783,122,-100,-1,242,5e-324,618,403,157]}","{\"0\":null,\"1\":5e-324,\"2\":5,\"3\":[783,122,-100,-1,242,5e-324,618,403,157]}","{\"0\":null,\"1\":242,\"2\":4,\"3\":[783,122,-100,-1,242,5e-324,618,403,157]}","{\"0\":null,\"1\":-1,\"2\":3,\"3\":[783,122,-100,-1,242,5e-324,618,403,157]}","{\"0\":null,\"1\":-100,\"2\":2,\"3\":[783,122,-100,-1,242,5e-324,618,403,157]}","{\"0\":null,\"1\":122,\"2\":1,\"3\":[783,122,-100,-1,242,5e-324,618,403,157]}","{\"0\":null,\"1\":783,\"2\":0,\"3\":[783,122,-100,-1,242,5e-324,618,403,157]}","{\"0\":157,\"1\":403,\"2\":7,\"3\":[783,122,-100,-1,242,5e-324,618,403,157]}","{\"0\":null,\"1\":{\"122\":\"m\",\"157\":\" \",\"783\":\"\",\"\":\"VT\",\"1.3304631749594585e+307\":100,\"q\":\"g\",\"3.492891291021255e+307\":9.134642111696283e+307,\"6.762878997108953e+307\":843,\"1.6058300807141761e+308\":\"\",\"4.578292124222585e+307\":\"E\"},\"2\":6,\"3\":[783,122,-100,-1,242,5e-324,{\"122\":\"m\",\"157\":\" \",\"783\":\"\",\"\":\"VT\",\"1.3304631749594585e+307\":100,\"q\":\"g\",\"3.492891291021255e+307\":9.134642111696283e+307,\"6.762878997108953e+307\":843,\"1.6058300807141761e+308\":\"\",\"4.578292124222585e+307\":\"E\"},403,157]}","{\"0\":null,\"1\":5e-324,\"2\":5,\"3\":[783,122,-100,-1,242,5e-324,{\"122\":\"m\",\"157\":\" \",\"783\":\"\",\"\":\"VT\",\"1.3304631749594585e+307\":100,\"q\":\"g\",\"3.492891291021255e+307\":9.134642111696283e+307,\"6.762878997108953e+307\":843,\"1.6058300807141761e+308\":\"\",\"4.578292124222585e+307\":\"E\"},403,157]}","{\"0\":null,\"1\":242,\"2\":4,\"3\":[783,122,-100,-1,242,5e-324,{\"122\":\"m\",\"157\":\" \",\"783\":\"\",\"\":\"VT\",\"1.3304631749594585e+307\":100,\"q\":\"g\",\"3.492891291021255e+307\":9.134642111696283e+307,\"6.762878997108953e+307\":843,\"1.6058300807141761e+308\":\"\",\"4.578292124222585e+307\":\"E\"},403,157]}","{\"0\":null,\"1\":-1,\"2\":3,\"3\":[783,122,-100,-1,242,5e-324,{\"122\":\"m\",\"157\":\" \",\"783\":\"\",\"\":\"VT\",\"1.3304631749594585e+307\":100,\"q\":\"g\",\"3.492891291021255e+307\":9.134642111696283e+307,\"6.762878997108953e+307\":843,\"1.6058300807141761e+308\":\"\",\"4.578292124222585e+307\":\"E\"},403,157]}","{\"0\":null,\"1\":-100,\"2\":2,\"3\":[783,122,-100,-1,242,5e-324,{\"122\":\"m\",\"157\":\" \",\"783\":\"\",\"\":\"VT\",\"1.3304631749594585e+307\":100,\"q\":\"g\",\"3.492891291021255e+307\":9.134642111696283e+307,\"6.762878997108953e+307\":843,\"1.6058300807141761e+308\":\"\",\"4.578292124222585e+307\":\"E\"},403,157]}","{\"0\":null,\"1\":122,\"2\":1,\"3\":[783,122,-100,-1,242,5e-324,{\"122\":\"m\",\"157\":\" \",\"783\":\"\",\"\":\"VT\",\"1.3304631749594585e+307\":100,\"q\":\"g\",\"3.492891291021255e+307\":9.134642111696283e+307,\"6.762878997108953e+307\":843,\"1.6058300807141761e+308\":\"\",\"4.578292124222585e+307\":\"E\"},403,157]}","{\"0\":null,\"1\":783,\"2\":0,\"3\":[783,122,-100,-1,242,5e-324,{\"122\":\"m\",\"157\":\" \",\"783\":\"\",\"\":\"VT\",\"1.3304631749594585e+307\":100,\"q\":\"g\",\"3.492891291021255e+307\":9.134642111696283e+307,\"6.762878997108953e+307\":843,\"1.6058300807141761e+308\":\"\",\"4.578292124222585e+307\":\"E\"},403,157]}"]}