{"baseObjects":[null,"[82,49,403,-100,607,627,{\"100\":\"\",\"6.339722953245668e+306\":59,\"\":4.387566091545963e+307,\"1.4266255139390353e+308\":2.975241454647194e+307}]","[82,49,403,-100,607,627]","[82,49,403,-100,607,627]"],"returnObjects":["null","null","\"NaN82,49,403,-100,607,627\"","null"],"callbackArgs":["{\"0\":627,\"1\":607,\"2\":4,\"3\":[82,49,403,-100,607,627]}","{\"0\":null,\"1\":-100,\"2\":3,\"3\":[82,49,403,-100,607,627]}","{\"0\":null,\"1\":403,\"2\":2,\"3\":[82,49,403,-100,607,627]}","{\"0\":null,\"1\":49,\"2\":1,\"3\":[82,49,403,-100,607,627]}","{\"0\":null,\"1\":82,\"2\":0,\"3\":[82,49,403,-100,607,627]}","{\"0\":627,\"1\":607,\"2\":4,\"3\":[82,49,403,-100,607,627]}","{\"0\":null,\"1\":-100,\"2\":3,\"3\":[82,49,403,-100,607,627,{\"100\":\"\",\"6.339722953245668e+306\":59,\"\":4.387566091545963e+307,\"1.4266255139390353e+308\":2.975241454647194e+307}]}","{\"0\":null,\"1\":403,\"2\":2,\"3\":[82,49,403,-100,607,627,{\"100\":\"\",\"6.339722953245668e+306\":59,\"\":4.387566091545963e+307,\"1.4266255139390353e+308\":2.975241454647194e+307}]}","{\"0\":null,\"1\":49,\"2\":1,\"3\":[82,49,403,-100,607,627,{\"100\":\"\",\"6.339722953245668e+306\":59,\"\":4.387566091545963e+307,\"1.4266255139390353e+308\":2.975241454647194e+307}]}","{\"0\":null,\"1\":82,\"2\":0,\"3\":[82,49,403,-100,607,627,{\"100\":\"\",\"6.339722953245668e+306\":59,\"\":4.387566091545963e+307,\"1.4266255139390353e+308\":2.975241454647194e+307}]}","{\"0\":627,\"1\":607,\"2\":4,\"3\":[82,49,403,-100,607,627]}","{\"0\":\"0.258237232289950682,49,403,-100,607,627\",\"1\":-100,\"2\":3,\"3\":[82,49,403,-100,607,627]}","{\"0\":\"NaN82,49,403,-100,607,627\",\"1\":403,\"2\":2,\"3\":[82,49,403,-100,607,627]}","{\"0\":\"NaN82,49,403,-100,607,627\",\"1\":49,\"2\":1,\"3\":[82,49,403,-100,607,627]}","{\"0\":\"NaN82,49,403,-100,607,627\",\"1\":82,\"2\":0,\"3\":[82,49,403,-100,607,627]}","{\"0\":true,\"1\":627,\"2\":5,\"3\":[82,49,403,-100,607,627]}","{\"0\":null,\"1\":607,\"2\":4,\"3\":[82,49,403,-100,607,627]}","{\"0\":null,\"1\":-100,\"2\":3,\"3\":[82,49,403,-100,607,627]}","{\"0\":null,\"1\":403,\"2\":2,\"3\":[82,49,403,-100,607,627]}","{\"0\":null,\"1\":49,\"2\":1,\"3\":[82,49,403,-100,607,627]}","{\"0\":null,\"1\":82,\"2\":0,\"3\":[82,49,403,-100,607,627]}"]}