{"baseObjects":["[0,403,242,893,655,627]","[0,403,242,893,655,627]","[0,403,[-1,607,705,122,618,969],893,655,627]","[0,403,242,893,655,627]"],"returnObjects":["\"NaN0,403,242,893,655,627\"","\"NaN0,403,242,893,655,627\"","\"Error\"","\"Error\""],"callbackArgs":["{\"0\":\"W\",\"1\":627,\"2\":5,\"3\":[0,403,242,893,655,627]}","{\"0\":\"NaN0,403,242,893,655,627\",\"1\":655,\"2\":4,\"3\":[0,403,242,893,655,627]}","{\"0\":\"NaN0,403,242,893,655,627\",\"1\":893,\"2\":3,\"3\":[0,403,242,893,655,627]}","{\"0\":\"NaN0,403,242,893,655,627\",\"1\":242,\"2\":2,\"3\":[0,403,242,893,655,627]}","{\"0\":\"NaN0,403,242,893,655,627\",\"1\":403,\"2\":1,\"3\":[0,403,242,893,655,627]}","{\"0\":\"NaN0,403,242,893,655,627\",\"1\":0,\"2\":0,\"3\":[0,403,242,893,655,627]}","{\"0\":{\"6\":8.661353295289246e+307,\"157\":9.094308732511597e+307,\"783\":\"\",\"\":\"\",\"1.4966592469186287e+308\":\"\",\"8.081147822786203e+307\":783,\"5.697002333888922e+307\":\"\",\"1.4957136261886458e+307\":\"U\",\"7v&\":2.597409918115728e+307},\"1\":627,\"2\":5,\"3\":[0,403,242,893,655,627]}","{\"0\":\"NaN0,403,242,893,655,627\",\"1\":655,\"2\":4,\"3\":[0,403,242,893,655,627]}","{\"0\":\"NaN0,403,242,893,655,627\",\"1\":893,\"2\":3,\"3\":[0,403,242,893,655,627]}","{\"0\":\"NaN0,403,242,893,655,627\",\"1\":242,\"2\":2,\"3\":[0,403,242,893,655,627]}","{\"0\":\"NaN0,403,242,893,655,627\",\"1\":403,\"2\":1,\"3\":[0,403,242,893,655,627]}","{\"0\":\"NaN0,403,242,893,655,627\",\"1\":0,\"2\":0,\"3\":[0,403,242,893,655,627]}","{\"1\":627,\"2\":5,\"3\":[0,403,242,893,655,627]}","{\"0\":null,\"1\":627,\"2\":5,\"3\":[0,403,242,893,655,627]}"]}