{"baseObjects":["[843,823,25,100,1.7976931348623157e+308]","[843,823,25,100,1.7976931348623157e+308]","[843,823,25,100,1.7976931348623157e+308]","[843,823,25,100,1.7976931348623157e+308]"],"returnObjects":["null","\"Error\"","\"Error\"","\"Error\""],"callbackArgs":["{\"0\":1.7976931348623157e+308,\"1\":100,\"2\":3,\"3\":[843,823,25,100,1.7976931348623157e+308]}","{\"0\":null,\"1\":25,\"2\":2,\"3\":[843,823,25,100,1.7976931348623157e+308]}","{\"0\":null,\"1\":823,\"2\":1,\"3\":[843,823,25,100,1.7976931348623157e+308]}","{\"0\":null,\"1\":843,\"2\":0,\"3\":[843,823,25,100,1.7976931348623157e+308]}","{\"1\":1.7976931348623157e+308,\"2\":4,\"3\":[843,823,25,100,1.7976931348623157e+308]}","{\"1\":1.7976931348623157e+308,\"2\":4,\"3\":[843,823,25,100,1.7976931348623157e+308]}","{\"0\":1.7976931348623157e+308,\"1\":100,\"2\":3,\"3\":[843,823,25,100,1.7976931348623157e+308]}"]}