{"baseObjects":["[59,-100,122]","[59,-100,122]","[59,-100,122]","[59,-100,122]"],"returnObjects":["null","\"Error\"","\"Error\"","\"89959,-100,122-10059,-100,122059,-100,122\""],"callbackArgs":["{\"0\":122,\"1\":-100,\"2\":1,\"3\":[59,-100,122]}","{\"0\":null,\"1\":59,\"2\":0,\"3\":[59,-100,122]}","{\"0\":\"B\",\"1\":122,\"2\":2,\"3\":[59,-100,122]}","{\"0\":{\"595\":\"\",\"969\":\"C\",\"g\":\"oDoP\",\"k\":\"D\",\"1.3675972795791835e+308\":242,\"\":\"d+\",\"1.1595369476202331e+308\":\"\"},\"1\":122,\"2\":2,\"3\":[59,-100,122]}","{\"0\":655,\"1\":122,\"2\":2,\"3\":[59,-100,122]}","{\"0\":\"89959,-100,122\",\"1\":-100,\"2\":1,\"3\":[59,-100,122]}","{\"0\":\"89959,-100,122-10059,-100,122\",\"1\":59,\"2\":0,\"3\":[59,-100,122]}"]}