{"baseObjects":["[242,59,25,969,\"\",49,1.7976931348623157e+308,595]","true","[1.5120340410267487e+308,59,25,969,714,49,1.7976931348623157e+308,595]","[242,59,25,969,714,49,1.7976931348623157e+308,595]"],"returnObjects":["null","null","null","\"Error\""],"callbackArgs":["{\"0\":595,\"1\":1.7976931348623157e+308,\"2\":6,\"3\":[242,59,25,969,714,49,1.7976931348623157e+308,595]}","{\"0\":null,\"1\":49,\"2\":5,\"3\":[242,59,25,969,\"\",49,1.7976931348623157e+308,595]}","{\"0\":null,\"1\":\"\",\"2\":4,\"3\":[242,59,25,969,\"\",49,1.7976931348623157e+308,595]}","{\"0\":null,\"1\":969,\"2\":3,\"3\":[242,59,25,969,\"\",49,1.7976931348623157e+308,595]}","{\"0\":null,\"1\":25,\"2\":2,\"3\":[242,59,25,969,\"\",49,1.7976931348623157e+308,595]}","{\"0\":null,\"1\":59,\"2\":1,\"3\":[242,59,25,969,\"\",49,1.7976931348623157e+308,595]}","{\"0\":null,\"1\":242,\"2\":0,\"3\":[242,59,25,969,\"\",49,1.7976931348623157e+308,595]}","{\"0\":1.0295945734535265e+308,\"1\":595,\"2\":7,\"3\":[242,59,25,969,714,49,1.7976931348623157e+308,595]}","{\"0\":null,\"1\":1.7976931348623157e+308,\"2\":6,\"3\":[242,59,25,969,714,49,1.7976931348623157e+308,595]}","{\"0\":null,\"1\":49,\"2\":5,\"3\":[242,59,25,969,714,49,1.7976931348623157e+308,595]}","{\"0\":null,\"1\":714,\"2\":4,\"3\":[242,59,25,969,714,49,1.7976931348623157e+308,595]}","{\"0\":null,\"1\":969,\"2\":3,\"3\":[242,59,25,969,714,49,1.7976931348623157e+308,595]}","{\"0\":null,\"1\":25,\"2\":2,\"3\":[242,59,25,969,714,49,1.7976931348623157e+308,595]}","{\"0\":null,\"1\":59,\"2\":1,\"3\":[242,59,25,969,714,49,1.7976931348623157e+308,595]}","{\"0\":null,\"1\":242,\"2\":0,\"3\":[242,59,25,969,714,49,1.7976931348623157e+308,595]}","{\"0\":3.674039936028198e+307,\"1\":595,\"2\":7,\"3\":[242,59,25,969,714,49,1.7976931348623157e+308,595]}","{\"0\":null,\"1\":1.7976931348623157e+308,\"2\":6,\"3\":[1.5120340410267487e+308,59,25,969,714,49,1.7976931348623157e+308,595]}","{\"0\":null,\"1\":49,\"2\":5,\"3\":[1.5120340410267487e+308,59,25,969,714,49,1.7976931348623157e+308,595]}","{\"0\":null,\"1\":714,\"2\":4,\"3\":[1.5120340410267487e+308,59,25,969,714,49,1.7976931348623157e+308,595]}","{\"0\":null,\"1\":969,\"2\":3,\"3\":[1.5120340410267487e+308,59,25,969,714,49,1.7976931348623157e+308,595]}","{\"0\":null,\"1\":25,\"2\":2,\"3\":[1.5120340410267487e+308,59,25,969,714,49,1.7976931348623157e+308,595]}","{\"0\":null,\"1\":59,\"2\":1,\"3\":[1.5120340410267487e+308,59,25,969,714,49,1.7976931348623157e+308,595]}","{\"0\":null,\"1\":1.5120340410267487e+308,\"2\":0,\"3\":[1.5120340410267487e+308,59,25,969,714,49,1.7976931348623157e+308,595]}","{\"0\":595,\"1\":1.7976931348623157e+308,\"2\":6,\"3\":[242,59,25,969,714,49,1.7976931348623157e+308,595]}"]}