{"baseObjects":["[655,-100,242,893,-1,82,893,157,-1,1.7976931348623157e+308]","[655,-100,242,893,-1,82,893,157,-1,1.7976931348623157e+308]","[655,-100,242,893,-1,82,893,157,-1,1.7976931348623157e+308]","[655,-100,242,893,-1,82,893,157,-1,1.7976931348623157e+308]"],"returnObjects":["null","null","null","\"Error\""],"callbackArgs":["{\"0\":\"Z\",\"1\":1.7976931348623157e+308,\"2\":9,\"3\":[655,-100,242,893,-1,82,893,157,-1,1.7976931348623157e+308]}","{\"0\":null,\"1\":-1,\"2\":8,\"3\":[655,-100,242,893,-1,82,893,157,-1,1.7976931348623157e+308]}","{\"0\":null,\"1\":157,\"2\":7,\"3\":[655,-100,242,893,-1,82,893,157,-1,1.7976931348623157e+308]}","{\"0\":null,\"1\":893,\"2\":6,\"3\":[655,-100,242,893,-1,82,893,157,-1,1.7976931348623157e+308]}","{\"0\":null,\"1\":82,\"2\":5,\"3\":[655,-100,242,893,-1,82,893,157,-1,1.7976931348623157e+308]}","{\"0\":null,\"1\":-1,\"2\":4,\"3\":[655,-100,242,893,-1,82,893,157,-1,1.7976931348623157e+308]}","{\"0\":null,\"1\":893,\"2\":3,\"3\":[655,-100,242,893,-1,82,893,157,-1,1.7976931348623157e+308]}","{\"0\":null,\"1\":242,\"2\":2,\"3\":[655,-100,242,893,-1,82,893,157,-1,1.7976931348623157e+308]}","{\"0\":null,\"1\":-100,\"2\":1,\"3\":[655,-100,242,893,-1,82,893,157,-1,1.7976931348623157e+308]}","{\"0\":null,\"1\":655,\"2\":0,\"3\":[655,-100,242,893,-1,82,893,157,-1,1.7976931348623157e+308]}","{\"0\":{\"1.7071986534150335e+308\":893,\"\":\"\",\"_5\":\"\",\"+Y\":\"\",\"-100\":\"\"},\"1\":1.7976931348623157e+308,\"2\":9,\"3\":[655,-100,242,893,-1,82,893,157,-1,1.7976931348623157e+308]}","{\"0\":null,\"1\":-1,\"2\":8,\"3\":[655,-100,242,893,-1,82,893,157,-1,1.7976931348623157e+308]}","{\"0\":null,\"1\":157,\"2\":7,\"3\":[655,-100,242,893,-1,82,893,157,-1,1.7976931348623157e+308]}","{\"0\":null,\"1\":893,\"2\":6,\"3\":[655,-100,242,893,-1,82,893,157,-1,1.7976931348623157e+308]}","{\"0\":null,\"1\":82,\"2\":5,\"3\":[655,-100,242,893,-1,82,893,157,-1,1.7976931348623157e+308]}","{\"0\":null,\"1\":-1,\"2\":4,\"3\":[655,-100,242,893,-1,82,893,157,-1,1.7976931348623157e+308]}","{\"0\":null,\"1\":893,\"2\":3,\"3\":[655,-100,242,893,-1,82,893,157,-1,1.7976931348623157e+308]}","{\"0\":null,\"1\":242,\"2\":2,\"3\":[655,-100,242,893,-1,82,893,157,-1,1.7976931348623157e+308]}","{\"0\":null,\"1\":-100,\"2\":1,\"3\":[655,-100,242,893,-1,82,893,157,-1,1.7976931348623157e+308]}","{\"0\":null,\"1\":655,\"2\":0,\"3\":[655,-100,242,893,-1,82,893,157,-1,1.7976931348623157e+308]}","{\"0\":1.7976931348623157e+308,\"1\":-1,\"2\":8,\"3\":[655,-100,242,893,-1,82,893,157,-1,1.7976931348623157e+308]}","{\"0\":null,\"1\":157,\"2\":7,\"3\":[655,-100,242,893,-1,82,893,157,-1,1.7976931348623157e+308]}","{\"0\":null,\"1\":893,\"2\":6,\"3\":[655,-100,242,893,-1,82,893,157,-1,1.7976931348623157e+308]}","{\"0\":null,\"1\":82,\"2\":5,\"3\":[655,-100,242,893,-1,82,893,157,-1,1.7976931348623157e+308]}","{\"0\":null,\"1\":-1,\"2\":4,\"3\":[655,-100,242,893,-1,82,893,157,-1,1.7976931348623157e+308]}","{\"0\":null,\"1\":893,\"2\":3,\"3\":[655,-100,242,893,-1,82,893,157,-1,1.7976931348623157e+308]}","{\"0\":null,\"1\":242,\"2\":2,\"3\":[655,-100,242,893,-1,82,893,157,-1,1.7976931348623157e+308]}","{\"0\":null,\"1\":-100,\"2\":1,\"3\":[655,-100,242,893,-1,82,893,157,-1,1.7976931348623157e+308]}","{\"0\":null,\"1\":655,\"2\":0,\"3\":[655,-100,242,893,-1,82,893,157,-1,1.7976931348623157e+308]}","{\"0\":607,\"1\":1.7976931348623157e+308,\"2\":9,\"3\":[655,-100,242,893,-1,82,893,157,-1,1.7976931348623157e+308]}"]}