{"baseObjects":["[242,213,403,607,49,82,714,705]","[242,213,403,607,49,82,{\"595\":618,\"893\":\"f\",\"\":\"\",\"5.009845743866708e+307\":\"\",\"wh\":\"W4x;\",\"6.914503957325654e+307\":\"\"},705]","[242,213,403,607,49,82,714,705]","[242,213,403,607,49,82,714,705]"],"returnObjects":["null","null","null","null"],"callbackArgs":["{\"0\":607,\"1\":705,\"2\":7,\"3\":[242,213,403,607,49,82,714,705]}","{\"0\":null,\"1\":714,\"2\":6,\"3\":[242,213,403,607,49,82,714,705]}","{\"0\":null,\"1\":82,\"2\":5,\"3\":[242,213,403,607,49,82,714,705]}","{\"0\":null,\"1\":49,\"2\":4,\"3\":[242,213,403,607,49,82,714,705]}","{\"0\":null,\"1\":607,\"2\":3,\"3\":[242,213,403,607,49,82,714,705]}","{\"0\":null,\"1\":403,\"2\":2,\"3\":[242,213,403,607,49,82,714,705]}","{\"0\":null,\"1\":213,\"2\":1,\"3\":[242,213,403,607,49,82,714,705]}","{\"0\":null,\"1\":242,\"2\":0,\"3\":[242,213,403,607,49,82,714,705]}","{\"0\":false,\"1\":705,\"2\":7,\"3\":[242,213,403,607,49,82,714,705]}","{\"0\":null,\"1\":{\"595\":618,\"893\":\"f\",\"\":\"\",\"5.009845743866708e+307\":\"\",\"wh\":\"W4x;\",\"6.914503957325654e+307\":\"\"},\"2\":6,\"3\":[242,213,403,607,49,82,{\"595\":618,\"893\":\"f\",\"\":\"\",\"5.009845743866708e+307\":\"\",\"wh\":\"W4x;\",\"6.914503957325654e+307\":\"\"},705]}","{\"0\":null,\"1\":82,\"2\":5,\"3\":[242,213,403,607,49,82,{\"595\":618,\"893\":\"f\",\"\":\"\",\"5.009845743866708e+307\":\"\",\"wh\":\"W4x;\",\"6.914503957325654e+307\":\"\"},705]}","{\"0\":null,\"1\":49,\"2\":4,\"3\":[242,213,403,607,49,82,{\"595\":618,\"893\":\"f\",\"\":\"\",\"5.009845743866708e+307\":\"\",\"wh\":\"W4x;\",\"6.914503957325654e+307\":\"\"},705]}","{\"0\":null,\"1\":607,\"2\":3,\"3\":[242,213,403,607,49,82,{\"595\":618,\"893\":\"f\",\"\":\"\",\"5.009845743866708e+307\":\"\",\"wh\":\"W4x;\",\"6.914503957325654e+307\":\"\"},705]}","{\"0\":null,\"1\":403,\"2\":2,\"3\":[242,213,403,607,49,82,{\"595\":618,\"893\":\"f\",\"\":\"\",\"5.009845743866708e+307\":\"\",\"wh\":\"W4x;\",\"6.914503957325654e+307\":\"\"},705]}","{\"0\":null,\"1\":213,\"2\":1,\"3\":[242,213,403,607,49,82,{\"595\":618,\"893\":\"f\",\"\":\"\",\"5.009845743866708e+307\":\"\",\"wh\":\"W4x;\",\"6.914503957325654e+307\":\"\"},705]}","{\"0\":null,\"1\":242,\"2\":0,\"3\":[242,213,403,607,49,82,{\"595\":618,\"893\":\"f\",\"\":\"\",\"5.009845743866708e+307\":\"\",\"wh\":\"W4x;\",\"6.914503957325654e+307\":\"\"},705]}","{\"0\":{\"n4\":\"\",\"1.7976931348623157e+308\":893,\"yC&\":1.4868693313115482e+308,\"\":8.919963785872028e+307,\"1.183895266631e+308\":5.201142534041882e+307},\"1\":705,\"2\":7,\"3\":[242,213,403,607,49,82,714,705]}","{\"0\":null,\"1\":714,\"2\":6,\"3\":[242,213,403,607,49,82,714,705]}","{\"0\":null,\"1\":82,\"2\":5,\"3\":[242,213,403,607,49,82,714,705]}","{\"0\":null,\"1\":49,\"2\":4,\"3\":[242,213,403,607,49,82,714,705]}","{\"0\":null,\"1\":607,\"2\":3,\"3\":[242,213,403,607,49,82,714,705]}","{\"0\":null,\"1\":403,\"2\":2,\"3\":[242,213,403,607,49,82,714,705]}","{\"0\":null,\"1\":213,\"2\":1,\"3\":[242,213,403,607,49,82,714,705]}","{\"0\":null,\"1\":242,\"2\":0,\"3\":[242,213,403,607,49,82,714,705]}","{\"0\":null,\"1\":705,\"2\":7,\"3\":[242,213,403,607,49,82,714,705]}","{\"0\":null,\"1\":714,\"2\":6,\"3\":[242,213,403,607,49,82,714,705]}","{\"0\":null,\"1\":82,\"2\":5,\"3\":[242,213,403,607,49,82,714,705]}","{\"0\":null,\"1\":49,\"2\":4,\"3\":[242,213,403,607,49,82,714,705]}","{\"0\":null,\"1\":607,\"2\":3,\"3\":[242,213,403,607,49,82,714,705]}","{\"0\":null,\"1\":403,\"2\":2,\"3\":[242,213,403,607,49,82,714,705]}","{\"0\":null,\"1\":213,\"2\":1,\"3\":[242,213,403,607,49,82,714,705]}","{\"0\":null,\"1\":242,\"2\":0,\"3\":[242,213,403,607,49,82,714,705]}"]}