{"baseObjects":["[]","[213,618,242,null,null,[\"U>\",\"X%_d\",595,-1,25,59]]","[213,618,242]","[213,\"\",242]"],"returnObjects":["\"Error\"","null","\"Error\"","null"],"callbackArgs":["{\"0\":{\"100\":\"\",\"213\":\"ty\",\"O\":\"\",\"-1\":1.6961857418755256e+307,\"8.678870875961603e+307\":\" \",\"\":1.7976931348623157e+308,\"W\":\"\",\"B\":\"\"},\"1\":242,\"2\":2,\"3\":[213,618,242]}","{\"0\":null,\"1\":242,\"2\":2,\"3\":[213,618,242]}","{\"0\":null,\"1\":618,\"2\":1,\"3\":[213,618,242,null,null,[\"U>\",\"X%_d\",595,-1,25,59]]}","{\"0\":null,\"1\":213,\"2\":0,\"3\":[213,618,242,null,null,[\"U>\",\"X%_d\",595,-1,25,59]]}","{\"0\":242,\"1\":618,\"2\":1,\"3\":[213,618,242]}","{\"0\":true,\"1\":242,\"2\":2,\"3\":[213,618,242]}","{\"0\":null,\"1\":\"\",\"2\":1,\"3\":[213,\"\",242]}","{\"0\":null,\"1\":213,\"2\":0,\"3\":[213,\"\",242]}"]}