{"baseObjects":["[607,607,783,460,242,893,{\"213\":\"dy\",\"1.2533112079763149e+308\":82,\"-1\":1.0383264622929799e+308,\"\":157,\";\":\"\",\"p\":\"s\",\"-100\":1.4025581202546616e+308},100,607,783]","[607,607,783,460,242,893,823,100,607,783]","[607,607,783,460,242,893,823,100,607,783]","[607,607,783,460,242,893,823,true,607,783]"],"returnObjects":["\"6557047607,607,783,460,242,893,[object Object],100,607,7834856607,607,783,460,242,893,[object Object],100,607,783700607,607,783,460,242,893,[object Object],100,607,783NaN607,607,783,460,242,893,[object Object],100,607,7834465607,607,783,460,242,893,[object Object],100,607,783968607,607,783,460,242,893,[object Object],100,607,7831380607,607,783,460,242,893,[object Object],100,607,7831566607,607,783,460,242,893,[object Object],100,607,783607607,607,783,460,242,893,[object Object],100,607,7830607,607,783,460,242,893,[object Object],100,607,783\"","null","null","null"],"callbackArgs":["{\"0\":[655],\"1\":783,\"2\":9,\"3\":[607,607,783,460,242,893,823,100,607,783]}","{\"0\":\"6557047607,607,783,460,242,893,[object Object],100,607,783\",\"1\":607,\"2\":8,\"3\":[607,607,783,460,242,893,{\"213\":\"dy\",\"1.2533112079763149e+308\":82,\"-1\":1.0383264622929799e+308,\"\":157,\";\":\"\",\"p\":\"s\",\"-100\":1.4025581202546616e+308},100,607,783]}","{\"0\":\"6557047607,607,783,460,242,893,[object Object],100,607,7834856607,607,783,460,242,893,[object Object],100,607,783\",\"1\":100,\"2\":7,\"3\":[607,607,783,460,242,893,{\"213\":\"dy\",\"1.2533112079763149e+308\":82,\"-1\":1.0383264622929799e+308,\"\":157,\";\":\"\",\"p\":\"s\",\"-100\":1.4025581202546616e+308},100,607,783]}","{\"0\":\"6557047607,607,783,460,242,893,[object Object],100,607,7834856607,607,783,460,242,893,[object Object],100,607,783700607,607,783,460,242,893,[object Object],100,607,783\",\"1\":{\"213\":\"dy\",\"1.2533112079763149e+308\":82,\"-1\":1.0383264622929799e+308,\"\":157,\";\":\"\",\"p\":\"s\",\"-100\":1.4025581202546616e+308},\"2\":6,\"3\":[607,607,783,460,242,893,{\"213\":\"dy\",\"1.2533112079763149e+308\":82,\"-1\":1.0383264622929799e+308,\"\":157,\";\":\"\",\"p\":\"s\",\"-100\":1.4025581202546616e+308},100,607,783]}","{\"0\":\"6557047607,607,783,460,242,893,[object Object],100,607,7834856607,607,783,460,242,893,[object Object],100,607,783700607,607,783,460,242,893,[object Object],100,607,783NaN607,607,783,460,242,893,[object Object],100,607,783\",\"1\":893,\"2\":5,\"3\":[607,607,783,460,242,893,{\"213\":\"dy\",\"1.2533112079763149e+308\":82,\"-1\":1.0383264622929799e+308,\"\":157,\";\":\"\",\"p\":\"s\",\"-100\":1.4025581202546616e+308},100,607,783]}","{\"0\":\"6557047607,607,783,460,242,893,[object Object],100,607,7834856607,607,783,460,242,893,[object Object],100,607,783700607,607,783,460,242,893,[object Object],100,607,783NaN607,607,783,460,242,893,[object Object],100,607,7834465607,607,783,460,242,893,[object Object],100,607,783\",\"1\":242,\"2\":4,\"3\":[607,607,783,460,242,893,{\"213\":\"dy\",\"1.2533112079763149e+308\":82,\"-1\":1.0383264622929799e+308,\"\":157,\";\":\"\",\"p\":\"s\",\"-100\":1.4025581202546616e+308},100,607,783]}","{\"0\":\"6557047607,607,783,460,242,893,[object Object],100,607,7834856607,607,783,460,242,893,[object Object],100,607,783700607,607,783,460,242,893,[object Object],100,607,783NaN607,607,783,460,242,893,[object Object],100,607,7834465607,607,783,460,242,893,[object Object],100,607,783968607,607,783,460,242,893,[object Object],100,607,783\",\"1\":460,\"2\":3,\"3\":[607,607,783,460,242,893,{\"213\":\"dy\",\"1.2533112079763149e+308\":82,\"-1\":1.0383264622929799e+308,\"\":157,\";\":\"\",\"p\":\"s\",\"-100\":1.4025581202546616e+308},100,607,783]}","{\"0\":\"6557047607,607,783,460,242,893,[object Object],100,607,7834856607,607,783,460,242,893,[object Object],100,607,783700607,607,783,460,242,893,[object Object],100,607,783NaN607,607,783,460,242,893,[object Object],100,607,7834465607,607,783,460,242,893,[object Object],100,607,783968607,607,783,460,242,893,[object Object],100,607,7831380607,607,783,460,242,893,[object Object],100,607,783\",\"1\":783,\"2\":2,\"3\":[607,607,783,460,242,893,{\"213\":\"dy\",\"1.2533112079763149e+308\":82,\"-1\":1.0383264622929799e+308,\"\":157,\";\":\"\",\"p\":\"s\",\"-100\":1.4025581202546616e+308},100,607,783]}","{\"0\":\"6557047607,607,783,460,242,893,[object Object],100,607,7834856607,607,783,460,242,893,[object Object],100,607,783700607,607,783,460,242,893,[object Object],100,607,783NaN607,607,783,460,242,893,[object Object],100,607,7834465607,607,783,460,242,893,[object Object],100,607,783968607,607,783,460,242,893,[object Object],100,607,7831380607,607,783,460,242,893,[object Object],100,607,7831566607,607,783,460,242,893,[object Object],100,607,783\",\"1\":607,\"2\":1,\"3\":[607,607,783,460,242,893,{\"213\":\"dy\",\"1.2533112079763149e+308\":82,\"-1\":1.0383264622929799e+308,\"\":157,\";\":\"\",\"p\":\"s\",\"-100\":1.4025581202546616e+308},100,607,783]}","{\"0\":\"6557047607,607,783,460,242,893,[object Object],100,607,7834856607,607,783,460,242,893,[object Object],100,607,783700607,607,783,460,242,893,[object Object],100,607,783NaN607,607,783,460,242,893,[object Object],100,607,7834465607,607,783,460,242,893,[object Object],100,607,783968607,607,783,460,242,893,[object Object],100,607,7831380607,607,783,460,242,893,[object Object],100,607,7831566607,607,783,460,242,893,[object Object],100,607,783607607,607,783,460,242,893,[object Object],100,607,783\",\"1\":607,\"2\":0,\"3\":[607,607,783,460,242,893,{\"213\":\"dy\",\"1.2533112079763149e+308\":82,\"-1\":1.0383264622929799e+308,\"\":157,\";\":\"\",\"p\":\"s\",\"-100\":1.4025581202546616e+308},100,607,783]}","{\"0\":true,\"1\":783,\"2\":9,\"3\":[607,607,783,460,242,893,823,100,607,783]}","{\"0\":null,\"1\":607,\"2\":8,\"3\":[607,607,783,460,242,893,823,100,607,783]}","{\"0\":null,\"1\":100,\"2\":7,\"3\":[607,607,783,460,242,893,823,100,607,783]}","{\"0\":null,\"1\":823,\"2\":6,\"3\":[607,607,783,460,242,893,823,100,607,783]}","{\"0\":null,\"1\":893,\"2\":5,\"3\":[607,607,783,460,242,893,823,100,607,783]}","{\"0\":null,\"1\":242,\"2\":4,\"3\":[607,607,783,460,242,893,823,100,607,783]}","{\"0\":null,\"1\":460,\"2\":3,\"3\":[607,607,783,460,242,893,823,100,607,783]}","{\"0\":null,\"1\":783,\"2\":2,\"3\":[607,607,783,460,242,893,823,100,607,783]}","{\"0\":null,\"1\":607,\"2\":1,\"3\":[607,607,783,460,242,893,823,100,607,783]}","{\"0\":null,\"1\":607,\"2\":0,\"3\":[607,607,783,460,242,893,823,100,607,783]}","{\"0\":true,\"1\":783,\"2\":9,\"3\":[607,607,783,460,242,893,823,100,607,783]}","{\"0\":null,\"1\":607,\"2\":8,\"3\":[607,607,783,460,242,893,823,100,607,783]}","{\"0\":null,\"1\":100,\"2\":7,\"3\":[607,607,783,460,242,893,823,100,607,783]}","{\"0\":null,\"1\":823,\"2\":6,\"3\":[607,607,783,460,242,893,823,100,607,783]}","{\"0\":null,\"1\":893,\"2\":5,\"3\":[607,607,783,460,242,893,823,100,607,783]}","{\"0\":null,\"1\":242,\"2\":4,\"3\":[607,607,783,460,242,893,823,100,607,783]}","{\"0\":null,\"1\":460,\"2\":3,\"3\":[607,607,783,460,242,893,823,100,607,783]}","{\"0\":null,\"1\":783,\"2\":2,\"3\":[607,607,783,460,242,893,823,100,607,783]}","{\"0\":null,\"1\":607,\"2\":1,\"3\":[607,607,783,460,242,893,823,100,607,783]}","{\"0\":null,\"1\":607,\"2\":0,\"3\":[607,607,783,460,242,893,823,100,607,783]}","{\"1\":783,\"2\":9,\"3\":[607,607,783,460,242,893,823,100,607,783]}","{\"0\":null,\"1\":607,\"2\":8,\"3\":[607,607,783,460,242,893,823,true,607,783]}","{\"0\":null,\"1\":true,\"2\":7,\"3\":[607,607,783,460,242,893,823,true,607,783]}","{\"0\":null,\"1\":823,\"2\":6,\"3\":[607,607,783,460,242,893,823,true,607,783]}","{\"0\":null,\"1\":893,\"2\":5,\"3\":[607,607,783,460,242,893,823,true,607,783]}","{\"0\":null,\"1\":242,\"2\":4,\"3\":[607,607,783,460,242,893,823,true,607,783]}","{\"0\":null,\"1\":460,\"2\":3,\"3\":[607,607,783,460,242,893,823,true,607,783]}","{\"0\":null,\"1\":783,\"2\":2,\"3\":[607,607,783,460,242,893,823,true,607,783]}","{\"0\":null,\"1\":607,\"2\":1,\"3\":[607,607,783,460,242,893,823,true,607,783]}","{\"0\":null,