{"baseObjects":["[122,618,122,82,-1,1.7976931348623157e+308,595,823]","[122,618,122,82,-1,1.7976931348623157e+308,595,823]","[122,618,122,82,-1,1.7976931348623157e+308,595,823]","[122,618,122,82,-1,1.7976931348623157e+308,595,823]"],"returnObjects":["\"[object Object]NaNNaNNaNNaNNaNNaNNaNNaN\"","\"NaN122,618,122,82,-1,1.7976931348623157e+308,595,823\"","\"Error\"","\"NaN122,618,122,82,-1,1.7976931348623157e+308,595,823\""],"callbackArgs":["{\"0\":{\"213\":\"\",\"p\":\"V'dA\",\"m3\":\",{\",\"6.491811658696916e+307\":25,\"\":\"\",\"S\":\"l\",\"i\":242,\"1.2016250681796564e+308\":\"A\",\"9.100206843502234e+307\":\"\"},\"1\":823,\"2\":7,\"3\":[122,618,122,82,-1,1.7976931348623157e+308,595,823]}","{\"0\":\"[object Object]NaN\",\"1\":595,\"2\":6,\"3\":[122,618,122,82,-1,1.7976931348623157e+308,595,823]}","{\"0\":\"[object Object]NaNNaN\",\"1\":1.7976931348623157e+308,\"2\":5,\"3\":[122,618,122,82,-1,1.7976931348623157e+308,595,823]}","{\"0\":\"[object Object]NaNNaNNaN\",\"1\":-1,\"2\":4,\"3\":[122,618,122,82,-1,1.7976931348623157e+308,595,823]}","{\"0\":\"[object Object]NaNNaNNaNNaN\",\"1\":82,\"2\":3,\"3\":[122,618,122,82,-1,1.7976931348623157e+308,595,823]}","{\"0\":\"[object Object]NaNNaNNaNNaNNaN\",\"1\":122,\"2\":2,\"3\":[122,618,122,82,-1,1.7976931348623157e+308,595,823]}","{\"0\":\"[object Object]NaNNaNNaNNaNNaNNaN\",\"1\":618,\"2\":1,\"3\":[122,618,122,82,-1,1.7976931348623157e+308,595,823]}","{\"0\":\"[object Object]NaNNaNNaNNaNNaNNaNNaN\",\"1\":122,\"2\":0,\"3\":[122,618,122,82,-1,1.7976931348623157e+308,595,823]}","{\"0\":null,\"1\":823,\"2\":7,\"3\":[122,618,122,82,-1,1.7976931348623157e+308,595,823]}","{\"0\":\"0122,618,122,82,-1,1.7976931348623157e+308,595,823\",\"1\":595,\"2\":6,\"3\":[122,618,122,82,-1,1.7976931348623157e+308,595,823]}","{\"0\":\"NaN122,618,122,82,-1,1.7976931348623157e+308,595,823\",\"1\":1.7976931348623157e+308,\"2\":5,\"3\":[122,618,122,82,-1,1.7976931348623157e+308,595,823]}","{\"0\":\"NaN122,618,122,82,-1,1.7976931348623157e+308,595,823\",\"1\":-1,\"2\":4,\"3\":[122,618,122,82,-1,1.7976931348623157e+308,595,823]}","{\"0\":\"NaN122,618,122,82,-1,1.7976931348623157e+308,595,823\",\"1\":82,\"2\":3,\"3\":[122,618,122,82,-1,1.7976931348623157e+308,595,823]}","{\"0\":\"NaN122,618,122,82,-1,1.7976931348623157e+308,595,823\",\"1\":122,\"2\":2,\"3\":[122,618,122,82,-1,1.7976931348623157e+308,595,823]}","{\"0\":\"NaN122,618,122,82,-1,1.7976931348623157e+308,595,823\",\"1\":618,\"2\":1,\"3\":[122,618,122,82,-1,1.7976931348623157e+308,595,823]}","{\"0\":\"NaN122,618,122,82,-1,1.7976931348623157e+308,595,823\",\"1\":122,\"2\":0,\"3\":[122,618,122,82,-1,1.7976931348623157e+308,595,823]}","{\"0\":null,\"1\":823,\"2\":7,\"3\":[122,618,122,82,-1,1.7976931348623157e+308,595,823]}","{\"0\":\"\",\"1\":823,\"2\":7,\"3\":[122,618,122,82,-1,1.7976931348623157e+308,595,823]}","{\"0\":\"7122,618,122,82,-1,1.7976931348623157e+308,595,823\",\"1\":595,\"2\":6,\"3\":[122,618,122,82,-1,1.7976931348623157e+308,595,823]}","{\"0\":\"NaN122,618,122,82,-1,1.7976931348623157e+308,595,823\",\"1\":1.7976931348623157e+308,\"2\":5,\"3\":[122,618,122,82,-1,1.7976931348623157e+308,595,823]}","{\"0\":\"NaN122,618,122,82,-1,1.7976931348623157e+308,595,823\",\"1\":-1,\"2\":4,\"3\":[122,618,122,82,-1,1.7976931348623157e+308,595,823]}","{\"0\":\"NaN122,618,122,82,-1,1.7976931348623157e+308,595,823\",\"1\":82,\"2\":3,\"3\":[122,618,122,82,-1,1.7976931348623157e+308,595,823]}","{\"0\":\"NaN122,618,122,82,-1,1.7976931348623157e+308,595,823\",\"1\":122,\"2\":2,\"3\":[122,618,122,82,-1,1.7976931348623157e+308,595,823]}","{\"0\":\"NaN122,618,122,82,-1,1.7976931348623157e+308,595,823\",\"1\":618,\"2\":1,\"3\":[122,618,122,82,-1,1.7976931348623157e+308,595,823]}","{\"0\":\"NaN122,618,122,82,-1,1.7976931348623157e+308,595,823\",\"1\":122,\"2\":0,\"3\":[122,618,122,82,-1,1.7976931348623157e+308,595,823]}"]}