{"baseObjects":["[618,242,126,-100,100,242,\"H7x\"]","[618,242,126,-100,100,242,\"H7x\"]","[2.8978106283893927e+307,242,126,-100,100,242,\"H7x\",null,null]","[618,242,126,-100,100,242,\"H7x\",null,null,\"a_\"]"],"returnObjects":["null","null","null","null"],"callbackArgs":["{\"0\":true,\"1\":\"H7x\",\"2\":6,\"3\":[618,242,126,-100,100,242,\"H7x\"]}","{\"0\":null,\"1\":242,\"2\":5,\"3\":[618,242,126,-100,100,242,\"H7x\"]}","{\"0\":null,\"1\":100,\"2\":4,\"3\":[618,242,126,-100,100,242,\"H7x\"]}","{\"0\":null,\"1\":-100,\"2\":3,\"3\":[618,242,126,-100,100,242,\"H7x\"]}","{\"0\":null,\"1\":126,\"2\":2,\"3\":[618,242,126,-100,100,242,\"H7x\"]}","{\"0\":null,\"1\":242,\"2\":1,\"3\":[618,242,126,-100,100,242,\"H7x\"]}","{\"0\":null,\"1\":618,\"2\":0,\"3\":[618,242,126,-100,100,242,\"H7x\"]}","{\"0\":\"H7x\",\"1\":242,\"2\":5,\"3\":[618,242,126,-100,100,242,\"H7x\"]}","{\"0\":null,\"1\":100,\"2\":4,\"3\":[618,242,126,-100,100,242,\"H7x\"]}","{\"0\":null,\"1\":-100,\"2\":3,\"3\":[618,242,126,-100,100,242,\"H7x\"]}","{\"0\":null,\"1\":126,\"2\":2,\"3\":[618,242,126,-100,100,242,\"H7x\"]}","{\"0\":null,\"1\":242,\"2\":1,\"3\":[618,242,126,-100,100,242,\"H7x\"]}","{\"0\":null,\"1\":618,\"2\":0,\"3\":[618,242,126,-100,100,242,\"H7x\"]}","{\"0\":213,\"1\":\"H7x\",\"2\":6,\"3\":[618,242,126,-100,100,242,\"H7x\"]}","{\"0\":null,\"1\":242,\"2\":5,\"3\":[2.8978106283893927e+307,242,126,-100,100,242,\"H7x\",null,null]}","{\"0\":null,\"1\":100,\"2\":4,\"3\":[2.8978106283893927e+307,242,126,-100,100,242,\"H7x\",null,null]}","{\"0\":null,\"1\":-100,\"2\":3,\"3\":[2.8978106283893927e+307,242,126,-100,100,242,\"H7x\",null,null]}","{\"0\":null,\"1\":126,\"2\":2,\"3\":[2.8978106283893927e+307,242,126,-100,100,242,\"H7x\",null,null]}","{\"0\":null,\"1\":242,\"2\":1,\"3\":[2.8978106283893927e+307,242,126,-100,100,242,\"H7x\",null,null]}","{\"0\":null,\"1\":2.8978106283893927e+307,\"2\":0,\"3\":[2.8978106283893927e+307,242,126,-100,100,242,\"H7x\",null,null]}","{\"0\":\"H7x\",\"1\":242,\"2\":5,\"3\":[618,242,126,-100,100,242,\"H7x\"]}","{\"0\":null,\"1\":100,\"2\":4,\"3\":[618,242,126,-100,100,242,\"H7x\",null,null,\"a_\"]}","{\"0\":null,\"1\":-100,\"2\":3,\"3\":[618,242,126,-100,100,242,\"H7x\",null,null,\"a_\"]}","{\"0\":null,\"1\":126,\"2\":2,\"3\":[618,242,126,-100,100,242,\"H7x\",null,null,\"a_\"]}","{\"0\":null,\"1\":242,\"2\":1,\"3\":[618,242,126,-100,100,242,\"H7x\",null,null,\"a_\"]}","{\"0\":null,\"1\":618,\"2\":0,\"3\":[618,242,126,-100,100,242,\"H7x\",null,null,\"a_\"]}"]}