{"baseObjects":["[843]","true","[843]","1.3786133213790406e+308"],"returnObjects":["null","843","1","0"],"callbackArgs":["{\"0\":3.009055662729907e+307,\"1\":843,\"2\":0,\"3\":[843]}","{\"0\":true,\"1\":843,\"2\":0,\"3\":[843]}","{\"0\":true,\"1\":843,\"2\":0,\"3\":[843]}","{\"0\":null,\"1\":843,\"2\":0,\"3\":[843]}"]}