{"baseObjects":["[460,\"@X\",-100,122,705,714,[705,969,122,607,783,1.7976931348623157e+308,893,59,126,122],893]","[460,\"@X\",-100,122,705,714,59,893]","[460,\"@X\",-100,122,705,714,59,893]","[460,\"@X\",-100,122,705,714,59,893]"],"returnObjects":["null","\"Error\"","null","\"NaN460,@X,-100,122,705,714,59,893\""],"callbackArgs":["{\"0\":{\"714\":1.6765868423149165e+308,\"1.382034702622121e+308\":3.0943104169474083e+307,\"1.0864805633994184e+308\":1.1363402760518731e+308},\"1\":893,\"2\":7,\"3\":[460,\"@X\",-100,122,705,714,59,893]}","{\"0\":null,\"1\":[705,969,122,607,783,1.7976931348623157e+308,893,59,126,122],\"2\":6,\"3\":[460,\"@X\",-100,122,705,714,[705,969,122,607,783,1.7976931348623157e+308,893,59,126,122],893]}","{\"0\":null,\"1\":714,\"2\":5,\"3\":[460,\"@X\",-100,122,705,714,[705,969,122,607,783,1.7976931348623157e+308,893,59,126,122],893]}","{\"0\":null,\"1\":705,\"2\":4,\"3\":[460,\"@X\",-100,122,705,714,[705,969,122,607,783,1.7976931348623157e+308,893,59,126,122],893]}","{\"0\":null,\"1\":122,\"2\":3,\"3\":[460,\"@X\",-100,122,705,714,[705,969,122,607,783,1.7976931348623157e+308,893,59,126,122],893]}","{\"0\":null,\"1\":-100,\"2\":2,\"3\":[460,\"@X\",-100,122,705,714,[705,969,122,607,783,1.7976931348623157e+308,893,59,126,122],893]}","{\"0\":null,\"1\":\"@X\",\"2\":1,\"3\":[460,\"@X\",-100,122,705,714,[705,969,122,607,783,1.7976931348623157e+308,893,59,126,122],893]}","{\"0\":null,\"1\":460,\"2\":0,\"3\":[460,\"@X\",-100,122,705,714,[705,969,122,607,783,1.7976931348623157e+308,893,59,126,122],893]}","{\"1\":893,\"2\":7,\"3\":[460,\"@X\",-100,122,705,714,59,893]}","{\"0\":893,\"1\":59,\"2\":6,\"3\":[460,\"@X\",-100,122,705,714,59,893]}","{\"0\":null,\"1\":714,\"2\":5,\"3\":[460,\"@X\",-100,122,705,714,59,893]}","{\"0\":null,\"1\":705,\"2\":4,\"3\":[460,\"@X\",-100,122,705,714,59,893]}","{\"0\":null,\"1\":122,\"2\":3,\"3\":[460,\"@X\",-100,122,705,714,59,893]}","{\"0\":null,\"1\":-100,\"2\":2,\"3\":[460,\"@X\",-100,122,705,714,59,893]}","{\"0\":null,\"1\":\"@X\",\"2\":1,\"3\":[460,\"@X\",-100,122,705,714,59,893]}","{\"0\":null,\"1\":460,\"2\":0,\"3\":[460,\"@X\",-100,122,705,714,59,893]}","{\"0\":\"\",\"1\":893,\"2\":7,\"3\":[460,\"@X\",-100,122,705,714,59,893]}","{\"0\":\"0460,@X,-100,122,705,714,59,893\",\"1\":59,\"2\":6,\"3\":[460,\"@X\",-100,122,705,714,59,893]}","{\"0\":\"NaN460,@X,-100,122,705,714,59,893\",\"1\":714,\"2\":5,\"3\":[460,\"@X\",-100,122,705,714,59,893]}","{\"0\":\"NaN460,@X,-100,122,705,714,59,893\",\"1\":705,\"2\":4,\"3\":[460,\"@X\",-100,122,705,714,59,893]}","{\"0\":\"NaN460,@X,-100,122,705,714,59,893\",\"1\":122,\"2\":3,\"3\":[460,\"@X\",-100,122,705,714,59,893]}","{\"0\":\"NaN460,@X,-100,122,705,714,59,893\",\"1\":-100,\"2\":2,\"3\":[460,\"@X\",-100,122,705,714,59,893]}","{\"0\":\"NaN460,@X,-100,122,705,714,59,893\",\"1\":\"@X\",\"2\":1,\"3\":[460,\"@X\",-100,122,705,714,59,893]}","{\"0\":\"NaN460,@X,-100,122,705,714,59,893\",\"1\":460,\"2\":0,\"3\":[460,\"@X\",-100,122,705,714,59,893]}"]}