{"baseObjects":["[\"4SW\",\"qF%\",\"V\",\"u\",\"w\",{\"157\":5.976182138529715e+307,\"6.535366459651043e+307\":1.7976931348623157e+308,\" \":\">\",\"-^\":\"K\",\"FuR\":\"df\",\"1.6084703744001822e+308\":823},\"9\",\"Ds=\"]","[\"4SW\",\"qF%\",\"V\",\"u\",\"w\",\"U\",\"9\",\"Ds=\"]","[\"4SW\",\"qF%\",\"V\",\"u\",\"w\",\"U\",\"9\",\"^\"]","[\"4SW\",\"\",null,\"u\",\"w\",\"U\",\"9\",\"Ds=\"]"],"returnObjects":["null","null","\"NaN4SW,qF%,V,u,w,U,9,^\"","null"],"callbackArgs":["{\"0\":null,\"1\":\"Ds=\",\"2\":7,\"3\":[\"4SW\",\"qF%\",\"V\",\"u\",\"w\",\"U\",\"9\",\"Ds=\"]}","{\"0\":null,\"1\":\"9\",\"2\":6,\"3\":[\"4SW\",\"qF%\",\"V\",\"u\",\"w\",{\"157\":5.976182138529715e+307,\"6.535366459651043e+307\":1.7976931348623157e+308,\" \":\">\",\"-^\":\"K\",\"FuR\":\"df\",\"1.6084703744001822e+308\":823},\"9\",\"Ds=\"]}","{\"0\":null,\"1\":{\"157\":5.976182138529715e+307,\"6.535366459651043e+307\":1.7976931348623157e+308,\" \":\">\",\"-^\":\"K\",\"FuR\":\"df\",\"1.6084703744001822e+308\":823},\"2\":5,\"3\":[\"4SW\",\"qF%\",\"V\",\"u\",\"w\",{\"157\":5.976182138529715e+307,\"6.535366459651043e+307\":1.7976931348623157e+308,\" \":\">\",\"-^\":\"K\",\"FuR\":\"df\",\"1.6084703744001822e+308\":823},\"9\",\"Ds=\"]}","{\"0\":null,\"1\":\"w\",\"2\":4,\"3\":[\"4SW\",\"qF%\",\"V\",\"u\",\"w\",{\"157\":5.976182138529715e+307,\"6.535366459651043e+307\":1.7976931348623157e+308,\" \":\">\",\"-^\":\"K\",\"FuR\":\"df\",\"1.6084703744001822e+308\":823},\"9\",\"Ds=\"]}","{\"0\":null,\"1\":\"u\",\"2\":3,\"3\":[\"4SW\",\"qF%\",\"V\",\"u\",\"w\",{\"157\":5.976182138529715e+307,\"6.535366459651043e+307\":1.7976931348623157e+308,\" \":\">\",\"-^\":\"K\",\"FuR\":\"df\",\"1.6084703744001822e+308\":823},\"9\",\"Ds=\"]}","{\"0\":null,\"1\":\"V\",\"2\":2,\"3\":[\"4SW\",\"qF%\",\"V\",\"u\",\"w\",{\"157\":5.976182138529715e+307,\"6.535366459651043e+307\":1.7976931348623157e+308,\" \":\">\",\"-^\":\"K\",\"FuR\":\"df\",\"1.6084703744001822e+308\":823},\"9\",\"Ds=\"]}","{\"0\":null,\"1\":\"qF%\",\"2\":1,\"3\":[\"4SW\",\"qF%\",\"V\",\"u\",\"w\",{\"157\":5.976182138529715e+307,\"6.535366459651043e+307\":1.7976931348623157e+308,\" \":\">\",\"-^\":\"K\",\"FuR\":\"df\",\"1.6084703744001822e+308\":823},\"9\",\"Ds=\"]}","{\"0\":null,\"1\":\"4SW\",\"2\":0,\"3\":[\"4SW\",\"qF%\",\"V\",\"u\",\"w\",{\"157\":5.976182138529715e+307,\"6.535366459651043e+307\":1.7976931348623157e+308,\" \":\">\",\"-^\":\"K\",\"FuR\":\"df\",\"1.6084703744001822e+308\":823},\"9\",\"Ds=\"]}","{\"0\":null,\"1\":\"Ds=\",\"2\":7,\"3\":[\"4SW\",\"qF%\",\"V\",\"u\",\"w\",\"U\",\"9\",\"Ds=\"]}","{\"0\":null,\"1\":\"9\",\"2\":6,\"3\":[\"4SW\",\"qF%\",\"V\",\"u\",\"w\",\"U\",\"9\",\"Ds=\"]}","{\"0\":null,\"1\":\"U\",\"2\":5,\"3\":[\"4SW\",\"qF%\",\"V\",\"u\",\"w\",\"U\",\"9\",\"Ds=\"]}","{\"0\":null,\"1\":\"w\",\"2\":4,\"3\":[\"4SW\",\"qF%\",\"V\",\"u\",\"w\",\"U\",\"9\",\"Ds=\"]}","{\"0\":null,\"1\":\"u\",\"2\":3,\"3\":[\"4SW\",\"qF%\",\"V\",\"u\",\"w\",\"U\",\"9\",\"Ds=\"]}","{\"0\":null,\"1\":\"V\",\"2\":2,\"3\":[\"4SW\",\"qF%\",\"V\",\"u\",\"w\",\"U\",\"9\",\"Ds=\"]}","{\"0\":null,\"1\":\"qF%\",\"2\":1,\"3\":[\"4SW\",\"qF%\",\"V\",\"u\",\"w\",\"U\",\"9\",\"Ds=\"]}","{\"0\":null,\"1\":\"4SW\",\"2\":0,\"3\":[\"4SW\",\"qF%\",\"V\",\"u\",\"w\",\"U\",\"9\",\"Ds=\"]}","{\"0\":true,\"1\":\"Ds=\",\"2\":7,\"3\":[\"4SW\",\"qF%\",\"V\",\"u\",\"w\",\"U\",\"9\",\"Ds=\"]}","{\"0\":\"NaN4SW,qF%,V,u,w,U,9,^\",\"1\":\"9\",\"2\":6,\"3\":[\"4SW\",\"qF%\",\"V\",\"u\",\"w\",\"U\",\"9\",\"^\"]}","{\"0\":\"NaN4SW,qF%,V,u,w,U,9,^\",\"1\":\"U\",\"2\":5,\"3\":[\"4SW\",\"qF%\",\"V\",\"u\",\"w\",\"U\",\"9\",\"^\"]}","{\"0\":\"NaN4SW,qF%,V,u,w,U,9,^\",\"1\":\"w\",\"2\":4,\"3\":[\"4SW\",\"qF%\",\"V\",\"u\",\"w\",\"U\",\"9\",\"^\"]}","{\"0\":\"NaN4SW,qF%,V,u,w,U,9,^\",\"1\":\"u\",\"2\":3,\"3\":[\"4SW\",\"qF%\",\"V\",\"u\",\"w\",\"U\",\"9\",\"^\"]}","{\"0\":\"NaN4SW,qF%,V,u,w,U,9,^\",\"1\":\"V\",\"2\":2,\"3\":[\"4SW\",\"qF%\",\"V\",\"u\",\"w\",\"U\",\"9\",\"^\"]}","{\"0\":\"NaN4SW,qF%,V,u,w,U,9,^\",\"1\":\"qF%\",\"2\":1,\"3\":[\"4SW\",\"qF%\",\"V\",\"u\",\"w\",\"U\",\"9\",\"^\"]}","{\"0\":\"NaN4SW,qF%,V,u,w,U,9,^\",\"1\":\"4SW\",\"2\":0,\"3\":[\"4SW\",\"qF%\",\"V\",\"u\",\"w\",\"U\",\"9\",\"^\"]}","{\"0\":\"Ds=\",\"1\":\"9\",\"2\":6,\"3\":[\"4SW\",\"qF%\",\"V\",\"u\",\"w\",\"U\",\"9\",\"Ds=\"]}","{\"0\":null,\"1\":\"U\",\"2\":5,\"3\":[\"4SW\",\"\",null,\"u\",\"w\",\"U\",\"9\",\"Ds=\"]}","{\"0\":null,\"1\":\"w\",\"2\":4,\"3\":[\"4SW\",\"\",null,\"u\",\"w\",\"U\",\"9\",\"Ds=\"]}","{\"0\":null,\"1\":\"u\",\"2\":3,\"3\":[\"4SW\",\"\",null,\"u\",\"w\",\"U\",\"9\",\"Ds=\"]}","{\"0\":null,\"1\":null,\"2\":2,\"3\":[\"4SW\",\"\",null,\"u\",\"w\",\"U\",\"9\",\"Ds=\"]}","{\"0\":null,\"1\":\"\",\"2\":1,\"3\":[\"4SW\",\"\",null,\"u\",\"w\",\"U\",\"9\",\"Ds=\"]}","{\"0\":null,\"1\":\"4SW\",\"2\":0,\"3\":[\"4SW\",\"\",null,\"u\",\"w\",\"U\",\"9\",\"Ds=\"]}"]}