{"baseObjects":["[823,627,969,627,460,893,122,59,157,1.7976931348623157e+308]","[823,627,969,627,460,893,122,59,157,1.7976931348623157e+308]","[823,627,969,627,460,893,122,59,157,1.7976931348623157e+308]","[823,627,969,627,460,893,122,59,157,1.7976931348623157e+308]"],"returnObjects":["\"Error\"","\"Error\"","\"NaN823,627,969,627,460,893,122,59,157,1.7976931348623157e+308\"","null"],"callbackArgs":["{\"0\":false,\"1\":1.7976931348623157e+308,\"2\":9,\"3\":[823,627,969,627,460,893,122,59,157,1.7976931348623157e+308]}","{\"1\":1.7976931348623157e+308,\"2\":9,\"3\":[823,627,969,627,460,893,122,59,157,1.7976931348623157e+308]}","{\"0\":false,\"1\":1.7976931348623157e+308,\"2\":9,\"3\":[823,627,969,627,460,893,122,59,157,1.7976931348623157e+308]}","{\"0\":\"1.7976931348623157e+308823,627,969,627,460,893,122,59,157,1.7976931348623157e+308\",\"1\":157,\"2\":8,\"3\":[823,627,969,627,460,893,122,59,157,1.7976931348623157e+308]}","{\"0\":\"NaN823,627,969,627,460,893,122,59,157,1.7976931348623157e+308\",\"1\":59,\"2\":7,\"3\":[823,627,969,627,460,893,122,59,157,1.7976931348623157e+308]}","{\"0\":\"NaN823,627,969,627,460,893,122,59,157,1.7976931348623157e+308\",\"1\":122,\"2\":6,\"3\":[823,627,969,627,460,893,122,59,157,1.7976931348623157e+308]}","{\"0\":\"NaN823,627,969,627,460,893,122,59,157,1.7976931348623157e+308\",\"1\":893,\"2\":5,\"3\":[823,627,969,627,460,893,122,59,157,1.7976931348623157e+308]}","{\"0\":\"NaN823,627,969,627,460,893,122,59,157,1.7976931348623157e+308\",\"1\":460,\"2\":4,\"3\":[823,627,969,627,460,893,122,59,157,1.7976931348623157e+308]}","{\"0\":\"NaN823,627,969,627,460,893,122,59,157,1.7976931348623157e+308\",\"1\":627,\"2\":3,\"3\":[823,627,969,627,460,893,122,59,157,1.7976931348623157e+308]}","{\"0\":\"NaN823,627,969,627,460,893,122,59,157,1.7976931348623157e+308\",\"1\":969,\"2\":2,\"3\":[823,627,969,627,460,893,122,59,157,1.7976931348623157e+308]}","{\"0\":\"NaN823,627,969,627,460,893,122,59,157,1.7976931348623157e+308\",\"1\":627,\"2\":1,\"3\":[823,627,969,627,460,893,122,59,157,1.7976931348623157e+308]}","{\"0\":\"NaN823,627,969,627,460,893,122,59,157,1.7976931348623157e+308\",\"1\":823,\"2\":0,\"3\":[823,627,969,627,460,893,122,59,157,1.7976931348623157e+308]}","{\"0\":1.7976931348623157e+308,\"1\":1.7976931348623157e+308,\"2\":9,\"3\":[823,627,969,627,460,893,122,59,157,1.7976931348623157e+308]}","{\"0\":null,\"1\":157,\"2\":8,\"3\":[823,627,969,627,460,893,122,59,157,1.7976931348623157e+308]}","{\"0\":null,\"1\":59,\"2\":7,\"3\":[823,627,969,627,460,893,122,59,157,1.7976931348623157e+308]}","{\"0\":null,\"1\":122,\"2\":6,\"3\":[823,627,969,627,460,893,122,59,157,1.7976931348623157e+308]}","{\"0\":null,\"1\":893,\"2\":5,\"3\":[823,627,969,627,460,893,122,59,157,1.7976931348623157e+308]}","{\"0\":null,\"1\":460,\"2\":4,\"3\":[823,627,969,627,460,893,122,59,157,1.7976931348623157e+308]}","{\"0\":null,\"1\":627,\"2\":3,\"3\":[823,627,969,627,460,893,122,59,157,1.7976931348623157e+308]}","{\"0\":null,\"1\":969,\"2\":2,\"3\":[823,627,969,627,460,893,122,59,157,1.7976931348623157e+308]}","{\"0\":null,\"1\":627,\"2\":1,\"3\":[823,627,969,627,460,893,122,59,157,1.7976931348623157e+308]}","{\"0\":null,\"1\":823,\"2\":0,\"3\":[823,627,969,627,460,893,122,59,157,1.7976931348623157e+308]}"]}