{"baseObjects":[null,"[618,460,969,{\"AF\":655,\"ta\":843,\"1.2306903485922698e+308\":8.206003418370521e+307,\"4.806935419746434e+307\":\"\"},\"^\",157,\"T]k\"]","[618,460,969,122,\"^\",157,\"T]k\"]","[618,460,969,122,\"^\",157,\"T]k\"]"],"returnObjects":["null","null","\"NaN618,460,969,122,^,157,T]k\"","\"Error\""],"callbackArgs":["{\"0\":\"T]k\",\"1\":157,\"2\":5,\"3\":[618,460,969,122,\"^\",157,\"T]k\"]}","{\"0\":null,\"1\":\"^\",\"2\":4,\"3\":[618,460,969,122,\"^\",157,\"T]k\"]}","{\"0\":null,\"1\":122,\"2\":3,\"3\":[618,460,969,122,\"^\",157,\"T]k\"]}","{\"0\":null,\"1\":969,\"2\":2,\"3\":[618,460,969,122,\"^\",157,\"T]k\"]}","{\"0\":null,\"1\":460,\"2\":1,\"3\":[618,460,969,122,\"^\",157,\"T]k\"]}","{\"0\":null,\"1\":618,\"2\":0,\"3\":[618,460,969,122,\"^\",157,\"T]k\"]}","{\"0\":\"T]k\",\"1\":157,\"2\":5,\"3\":[618,460,969,122,\"^\",157,\"T]k\"]}","{\"0\":null,\"1\":\"^\",\"2\":4,\"3\":[618,460,969,{\"AF\":655,\"ta\":843,\"1.2306903485922698e+308\":8.206003418370521e+307,\"4.806935419746434e+307\":\"\"},\"^\",157,\"T]k\"]}","{\"0\":null,\"1\":{\"AF\":655,\"ta\":843,\"1.2306903485922698e+308\":8.206003418370521e+307,\"4.806935419746434e+307\":\"\"},\"2\":3,\"3\":[618,460,969,{\"AF\":655,\"ta\":843,\"1.2306903485922698e+308\":8.206003418370521e+307,\"4.806935419746434e+307\":\"\"},\"^\",157,\"T]k\"]}","{\"0\":null,\"1\":969,\"2\":2,\"3\":[618,460,969,{\"AF\":655,\"ta\":843,\"1.2306903485922698e+308\":8.206003418370521e+307,\"4.806935419746434e+307\":\"\"},\"^\",157,\"T]k\"]}","{\"0\":null,\"1\":460,\"2\":1,\"3\":[618,460,969,{\"AF\":655,\"ta\":843,\"1.2306903485922698e+308\":8.206003418370521e+307,\"4.806935419746434e+307\":\"\"},\"^\",157,\"T]k\"]}","{\"0\":null,\"1\":618,\"2\":0,\"3\":[618,460,969,{\"AF\":655,\"ta\":843,\"1.2306903485922698e+308\":8.206003418370521e+307,\"4.806935419746434e+307\":\"\"},\"^\",157,\"T]k\"]}","{\"0\":[242,122,655,627,714],\"1\":\"T]k\",\"2\":6,\"3\":[618,460,969,122,\"^\",157,\"T]k\"]}","{\"0\":\"NaN618,460,969,122,^,157,T]k\",\"1\":157,\"2\":5,\"3\":[618,460,969,122,\"^\",157,\"T]k\"]}","{\"0\":\"NaN618,460,969,122,^,157,T]k\",\"1\":\"^\",\"2\":4,\"3\":[618,460,969,122,\"^\",157,\"T]k\"]}","{\"0\":\"NaN618,460,969,122,^,157,T]k\",\"1\":122,\"2\":3,\"3\":[618,460,969,122,\"^\",157,\"T]k\"]}","{\"0\":\"NaN618,460,969,122,^,157,T]k\",\"1\":969,\"2\":2,\"3\":[618,460,969,122,\"^\",157,\"T]k\"]}","{\"0\":\"NaN618,460,969,122,^,157,T]k\",\"1\":460,\"2\":1,\"3\":[618,460,969,122,\"^\",157,\"T]k\"]}","{\"0\":\"NaN618,460,969,122,^,157,T]k\",\"1\":618,\"2\":0,\"3\":[618,460,969,122,\"^\",157,\"T]k\"]}","{\"0\":null,\"1\":\"T]k\",\"2\":6,\"3\":[618,460,969,122,\"^\",157,\"T]k\"]}"]}