{"baseObjects":["[100,213,157,705,607,25,82,{\"783\":\"\",\"W\":893,\"7.147350447499834e+307\":\"\",\"O\":\"W\",\"fQN\":607,\"\":\"\",\"1.3038083229437703e+308\":3.2970665434425974e+307,\"9g2\":\"\"},1.7976931348623157e+308]","[]","[100,213,157,705,607,25,82,25,1.7976931348623157e+308]","[100,213,157,705,607,25,82,25,1.7976931348623157e+308]"],"returnObjects":["null","\"Error\"","\"Error\"","\"Error\""],"callbackArgs":["{\"0\":1.7976931348623157e+308,\"1\":25,\"2\":7,\"3\":[100,213,157,705,607,25,82,25,1.7976931348623157e+308]}","{\"0\":null,\"1\":82,\"2\":6,\"3\":[100,213,157,705,607,25,82,{\"783\":\"\",\"W\":893,\"7.147350447499834e+307\":\"\",\"O\":\"W\",\"fQN\":607,\"\":\"\",\"1.3038083229437703e+308\":3.2970665434425974e+307,\"9g2\":\"\"},1.7976931348623157e+308]}","{\"0\":null,\"1\":25,\"2\":5,\"3\":[100,213,157,705,607,25,82,{\"783\":\"\",\"W\":893,\"7.147350447499834e+307\":\"\",\"O\":\"W\",\"fQN\":607,\"\":\"\",\"1.3038083229437703e+308\":3.2970665434425974e+307,\"9g2\":\"\"},1.7976931348623157e+308]}","{\"0\":null,\"1\":607,\"2\":4,\"3\":[100,213,157,705,607,25,82,{\"783\":\"\",\"W\":893,\"7.147350447499834e+307\":\"\",\"O\":\"W\",\"fQN\":607,\"\":\"\",\"1.3038083229437703e+308\":3.2970665434425974e+307,\"9g2\":\"\"},1.7976931348623157e+308]}","{\"0\":null,\"1\":705,\"2\":3,\"3\":[100,213,157,705,607,25,82,{\"783\":\"\",\"W\":893,\"7.147350447499834e+307\":\"\",\"O\":\"W\",\"fQN\":607,\"\":\"\",\"1.3038083229437703e+308\":3.2970665434425974e+307,\"9g2\":\"\"},1.7976931348623157e+308]}","{\"0\":null,\"1\":157,\"2\":2,\"3\":[100,213,157,705,607,25,82,{\"783\":\"\",\"W\":893,\"7.147350447499834e+307\":\"\",\"O\":\"W\",\"fQN\":607,\"\":\"\",\"1.3038083229437703e+308\":3.2970665434425974e+307,\"9g2\":\"\"},1.7976931348623157e+308]}","{\"0\":null,\"1\":213,\"2\":1,\"3\":[100,213,157,705,607,25,82,{\"783\":\"\",\"W\":893,\"7.147350447499834e+307\":\"\",\"O\":\"W\",\"fQN\":607,\"\":\"\",\"1.3038083229437703e+308\":3.2970665434425974e+307,\"9g2\":\"\"},1.7976931348623157e+308]}","{\"0\":null,\"1\":100,\"2\":0,\"3\":[100,213,157,705,607,25,82,{\"783\":\"\",\"W\":893,\"7.147350447499834e+307\":\"\",\"O\":\"W\",\"fQN\":607,\"\":\"\",\"1.3038083229437703e+308\":3.2970665434425974e+307,\"9g2\":\"\"},1.7976931348623157e+308]}","{\"1\":1.7976931348623157e+308,\"2\":8,\"3\":[100,213,157,705,607,25,82,25,1.7976931348623157e+308]}","{\"0\":1.7976931348623157e+308,\"1\":25,\"2\":7,\"3\":[100,213,157,705,607,25,82,25,1.7976931348623157e+308]}","{\"0\":1.7976931348623157e+308,\"1\":25,\"2\":7,\"3\":[100,213,157,705,607,25,82,25,1.7976931348623157e+308]}"]}