{"baseObjects":["[655,157,823,714,59,655,655,157,714]","[655,157,823,714,59,655,655,157,714]","[705,823,655,82,242]","[655,157,823,714,59,655,{\"0\":\"\",\"8.465797086127837e+307\":\"I\",\"8.117936467075281e+307\":\"p\",\"<\":\"\",\"\":\"\",\"1.2679698033362493e+305\":\"c8\",\"1.4465515986000593e+308\":\"_\"},157,714]"],"returnObjects":["null","\"Error\"","\"Error\"","\"Error\""],"callbackArgs":["{\"0\":714,\"1\":157,\"2\":7,\"3\":[655,157,823,714,59,655,655,157,714]}","{\"0\":null,\"1\":655,\"2\":6,\"3\":[655,157,823,714,59,655,655,157,714]}","{\"0\":null,\"1\":655,\"2\":5,\"3\":[655,157,823,714,59,655,655,157,714]}","{\"0\":null,\"1\":59,\"2\":4,\"3\":[655,157,823,714,59,655,655,157,714]}","{\"0\":null,\"1\":714,\"2\":3,\"3\":[655,157,823,714,59,655,655,157,714]}","{\"0\":null,\"1\":823,\"2\":2,\"3\":[655,157,823,714,59,655,655,157,714]}","{\"0\":null,\"1\":157,\"2\":1,\"3\":[655,157,823,714,59,655,655,157,714]}","{\"0\":null,\"1\":655,\"2\":0,\"3\":[655,157,823,714,59,655,655,157,714]}","{\"0\":714,\"1\":157,\"2\":7,\"3\":[655,157,823,714,59,655,655,157,714]}","{\"0\":null,\"1\":714,\"2\":8,\"3\":[655,157,823,714,59,655,655,157,714]}","{\"0\":714,\"1\":157,\"2\":7,\"3\":[655,157,823,714,59,655,655,157,714]}"]}