{"baseObjects":["[59,460,627,157,403]","[59,460,627,157,403]","[59,460,627,157,403]","[59,460,627,157,403]"],"returnObjects":["\"NaN59,460,627,157,403\"","\"Error\"","\"NaN59,460,627,157,403\"","\"Error\""],"callbackArgs":["{\"0\":\"\",\"1\":403,\"2\":4,\"3\":[59,460,627,157,403]}","{\"0\":\"059,460,627,157,403\",\"1\":157,\"2\":3,\"3\":[59,460,627,157,403]}","{\"0\":\"NaN59,460,627,157,403\",\"1\":627,\"2\":2,\"3\":[59,460,627,157,403]}","{\"0\":\"NaN59,460,627,157,403\",\"1\":460,\"2\":1,\"3\":[59,460,627,157,403]}","{\"0\":\"NaN59,460,627,157,403\",\"1\":59,\"2\":0,\"3\":[59,460,627,157,403]}","{\"0\":true,\"1\":403,\"2\":4,\"3\":[59,460,627,157,403]}","{\"0\":8.587876321694137e+307,\"1\":403,\"2\":4,\"3\":[59,460,627,157,403]}","{\"0\":\"8.587876321694137e+30759,460,627,157,403\",\"1\":157,\"2\":3,\"3\":[59,460,627,157,403]}","{\"0\":\"NaN59,460,627,157,403\",\"1\":627,\"2\":2,\"3\":[59,460,627,157,403]}","{\"0\":\"NaN59,460,627,157,403\",\"1\":460,\"2\":1,\"3\":[59,460,627,157,403]}","{\"0\":\"NaN59,460,627,157,403\",\"1\":59,\"2\":0,\"3\":[59,460,627,157,403]}","{\"0\":403,\"1\":157,\"2\":3,\"3\":[59,460,627,157,403]}"]}