{"baseObjects":["[\"d\",126,\"p\",\"ph[\",618,-100]","[null,null,\"p\",\"ph[\",618,-100]","[\"d\",126,\"p\",\"ph[\",618,-100,{\"4.942639497248551e+307\":1.6851350890410846e+308,\"1.0382449606782844e+308\":\"\",\"\":1.4153912560678206e+308}]","[\"d\",126,\"p\",\"ph[\",618,-100]"],"returnObjects":["null","\"NaN,,p,ph[,618,-100\"","null","\"Error\""],"callbackArgs":["{\"0\":-100,\"1\":618,\"2\":4,\"3\":[\"d\",126,\"p\",\"ph[\",618,-100]}","{\"0\":null,\"1\":\"ph[\",\"2\":3,\"3\":[\"d\",126,\"p\",\"ph[\",618,-100]}","{\"0\":null,\"1\":\"p\",\"2\":2,\"3\":[\"d\",126,\"p\",\"ph[\",618,-100]}","{\"0\":null,\"1\":126,\"2\":1,\"3\":[\"d\",126,\"p\",\"ph[\",618,-100]}","{\"0\":null,\"1\":\"d\",\"2\":0,\"3\":[\"d\",126,\"p\",\"ph[\",618,-100]}","{\"0\":false,\"1\":-100,\"2\":5,\"3\":[\"d\",126,\"p\",\"ph[\",618,-100]}","{\"0\":\"-5,,p,ph[,618,-100\",\"1\":618,\"2\":4,\"3\":[null,null,\"p\",\"ph[\",618,-100]}","{\"0\":\"NaN,,p,ph[,618,-100\",\"1\":\"ph[\",\"2\":3,\"3\":[null,null,\"p\",\"ph[\",618,-100]}","{\"0\":\"NaN,,p,ph[,618,-100\",\"1\":\"p\",\"2\":2,\"3\":[null,null,\"p\",\"ph[\",618,-100]}","{\"0\":\"NaN,,p,ph[,618,-100\",\"1\":null,\"2\":1,\"3\":[null,null,\"p\",\"ph[\",618,-100]}","{\"0\":\"NaN,,p,ph[,618,-100\",\"1\":null,\"2\":0,\"3\":[null,null,\"p\",\"ph[\",618,-100]}","{\"0\":[655,460,595,893,5e-324,-100,705],\"1\":-100,\"2\":5,\"3\":[\"d\",126,\"p\",\"ph[\",618,-100]}","{\"0\":null,\"1\":618,\"2\":4,\"3\":[\"d\",126,\"p\",\"ph[\",618,-100,{\"4.942639497248551e+307\":1.6851350890410846e+308,\"1.0382449606782844e+308\":\"\",\"\":1.4153912560678206e+308}]}","{\"0\":null,\"1\":\"ph[\",\"2\":3,\"3\":[\"d\",126,\"p\",\"ph[\",618,-100,{\"4.942639497248551e+307\":1.6851350890410846e+308,\"1.0382449606782844e+308\":\"\",\"\":1.4153912560678206e+308}]}","{\"0\":null,\"1\":\"p\",\"2\":2,\"3\":[\"d\",126,\"p\",\"ph[\",618,-100,{\"4.942639497248551e+307\":1.6851350890410846e+308,\"1.0382449606782844e+308\":\"\",\"\":1.4153912560678206e+308}]}","{\"0\":null,\"1\":126,\"2\":1,\"3\":[\"d\",126,\"p\",\"ph[\",618,-100,{\"4.942639497248551e+307\":1.6851350890410846e+308,\"1.0382449606782844e+308\":\"\",\"\":1.4153912560678206e+308}]}","{\"0\":null,\"1\":\"d\",\"2\":0,\"3\":[\"d\",126,\"p\",\"ph[\",618,-100,{\"4.942639497248551e+307\":1.6851350890410846e+308,\"1.0382449606782844e+308\":\"\",\"\":1.4153912560678206e+308}]}","{\"1\":-100,\"2\":5,\"3\":[\"d\",126,\"p\",\"ph[\",618,-100]}"]}