{"baseObjects":["[0,1.7976931348623157e+308]","[0,1.7976931348623157e+308]","[0,1.7976931348623157e+308,null,null,null,null,{\"4\":403,\"213\":1.158875775910901e+308,\"607\":\"(\",\"627\":1.3246369686603674e+308,\"705\":\"n-\",\"893\":1.5799527446130726e+308,\"1.0246471769536382e+308\":\"!\",\"\":1.1501225337735661e+308,\"5rOC\":\"Q3wN\"}]","[0,1.7976931348623157e+308,null,null,null,null,null,null,null,\"TZB\"]"],"returnObjects":["\"Error\"","\"NaN0,1.7976931348623157e+308\"","null","null"],"callbackArgs":["{\"0\":null,\"1\":1.7976931348623157e+308,\"2\":1,\"3\":[0,1.7976931348623157e+308]}","{\"0\":1.7976931348623157e+308,\"1\":0,\"2\":0,\"3\":[0,1.7976931348623157e+308]}","{\"0\":false,\"1\":1.7976931348623157e+308,\"2\":1,\"3\":[0,1.7976931348623157e+308]}","{\"0\":null,\"1\":0,\"2\":0,\"3\":[0,1.7976931348623157e+308,null,null,null,null,{\"4\":403,\"213\":1.158875775910901e+308,\"607\":\"(\",\"627\":1.3246369686603674e+308,\"705\":\"n-\",\"893\":1.5799527446130726e+308,\"1.0246471769536382e+308\":\"!\",\"\":1.1501225337735661e+308,\"5rOC\":\"Q3wN\"}]}","{\"0\":1.7976931348623157e+308,\"1\":0,\"2\":0,\"3\":[0,1.7976931348623157e+308]}"]}