{"baseObjects":["[{\"783\":\"\",\"969\":6.91953029820585e+307,\"\":\"f\",\"8.781351903525206e+307\":403,\"3.5138362192330285e+307\":\"1-\",\"fS\":\"'{\",\"Q{\":\" {C)s\"},\"Z\",607,\"o\",714,\"|0k\",\"Q\"]","213","[\"?\",\"=\",\"36\",\"@\",\"X\",\"-t\",\"smdn0)\",\"5e\"]","[122,[213,607,843,655,595,1.7976931348623157e+308,893,122,82],607,\"o\",714,\"|0k\",\"Q\"]"],"returnObjects":["null","\"[object Object]QNaN|0kNaN714NaNoNaN607NaNZNaN122NaN\"","\"QNaN122,Z,607,o,843,|0k,Q210.75122,Z,607,o,843,|0k,QNaN122,Z,607,o,843,|0k,Q303.5122,Z,607,o,843,|0k,QNaN122,Z,607,o,843,|0k,QInfinity122,Z,607,o,843,|0k,Q\"","\"Error\""],"callbackArgs":["{\"0\":\"Q\",\"1\":\"|0k\",\"2\":5,\"3\":[122,\"Z\",607,\"o\",714,\"|0k\",\"Q\"]}","{\"0\":null,\"1\":714,\"2\":4,\"3\":[{\"783\":\"\",\"969\":6.91953029820585e+307,\"\":\"f\",\"8.781351903525206e+307\":403,\"3.5138362192330285e+307\":\"1-\",\"fS\":\"'{\",\"Q{\":\" {C)s\"},\"Z\",607,\"o\",714,\"|0k\",\"Q\"]}","{\"0\":null,\"1\":\"o\",\"2\":3,\"3\":[{\"783\":\"\",\"969\":6.91953029820585e+307,\"\":\"f\",\"8.781351903525206e+307\":403,\"3.5138362192330285e+307\":\"1-\",\"fS\":\"'{\",\"Q{\":\" {C)s\"},\"Z\",607,\"o\",714,\"|0k\",\"Q\"]}","{\"0\":null,\"1\":607,\"2\":2,\"3\":[{\"783\":\"\",\"969\":6.91953029820585e+307,\"\":\"f\",\"8.781351903525206e+307\":403,\"3.5138362192330285e+307\":\"1-\",\"fS\":\"'{\",\"Q{\":\" {C)s\"},\"Z\",607,\"o\",714,\"|0k\",\"Q\"]}","{\"0\":null,\"1\":\"Z\",\"2\":1,\"3\":[{\"783\":\"\",\"969\":6.91953029820585e+307,\"\":\"f\",\"8.781351903525206e+307\":403,\"3.5138362192330285e+307\":\"1-\",\"fS\":\"'{\",\"Q{\":\" {C)s\"},\"Z\",607,\"o\",714,\"|0k\",\"Q\"]}","{\"0\":null,\"1\":{\"783\":\"\",\"969\":6.91953029820585e+307,\"\":\"f\",\"8.781351903525206e+307\":403,\"3.5138362192330285e+307\":\"1-\",\"fS\":\"'{\",\"Q{\":\" {C)s\"},\"2\":0,\"3\":[{\"783\":\"\",\"969\":6.91953029820585e+307,\"\":\"f\",\"8.781351903525206e+307\":403,\"3.5138362192330285e+307\":\"1-\",\"fS\":\"'{\",\"Q{\":\" {C)s\"},\"Z\",607,\"o\",714,\"|0k\",\"Q\"]}","{\"0\":{\"126\":\"\",\"w@\":1.7196467142449268e+308,\"\":\"\",\"3.884964826616453e+307\":\"\",\"f\":\"\",\"8.796925690262995e+307\":1.666580232324751e+308},\"1\":\"Q\",\"2\":6,\"3\":[122,\"Z\",607,\"o\",714,\"|0k\",\"Q\"]}","{\"0\":\"[object Object]QNaN\",\"1\":\"|0k\",\"2\":5,\"3\":[122,\"Z\",607,\"o\",714,\"|0k\",\"Q\"]}","{\"0\":\"[object Object]QNaN|0kNaN\",\"1\":714,\"2\":4,\"3\":[122,\"Z\",607,\"o\",714,\"|0k\",\"Q\"]}","{\"0\":\"[object Object]QNaN|0kNaN714NaN\",\"1\":\"o\",\"2\":3,\"3\":[122,\"Z\",607,\"o\",714,\"|0k\",\"Q\"]}","{\"0\":\"[object Object]QNaN|0kNaN714NaNoNaN\",\"1\":607,\"2\":2,\"3\":[122,\"Z\",607,\"o\",714,\"|0k\",\"Q\"]}","{\"0\":\"[object Object]QNaN|0kNaN714NaNoNaN607NaN\",\"1\":\"Z\",\"2\":1,\"3\":[122,\"Z\",607,\"o\",714,\"|0k\",\"Q\"]}","{\"0\":\"[object Object]QNaN|0kNaN714NaNoNaN607NaNZNaN\",\"1\":122,\"2\":0,\"3\":[122,\"Z\",607,\"o\",714,\"|0k\",\"Q\"]}","{\"0\":\"Q\",\"1\":\"|0k\",\"2\":5,\"3\":[122,\"Z\",607,\"o\",714,\"|0k\",\"Q\"]}","{\"0\":\"QNaN122,Z,607,o,843,|0k,Q\",\"1\":843,\"2\":4,\"3\":[122,\"Z\",607,\"o\",843,\"|0k\",\"Q\"]}","{\"0\":\"QNaN122,Z,607,o,843,|0k,Q210.75122,Z,607,o,843,|0k,Q\",\"1\":\"o\",\"2\":3,\"3\":[122,\"Z\",607,\"o\",843,\"|0k\",\"Q\"]}","{\"0\":\"QNaN122,Z,607,o,843,|0k,Q210.75122,Z,607,o,843,|0k,QNaN122,Z,607,o,843,|0k,Q\",\"1\":607,\"2\":2,\"3\":[122,\"Z\",607,\"o\",843,\"|0k\",\"Q\"]}","{\"0\":\"QNaN122,Z,607,o,843,|0k,Q210.75122,Z,607,o,843,|0k,QNaN122,Z,607,o,843,|0k,Q303.5122,Z,607,o,843,|0k,Q\",\"1\":\"Z\",\"2\":1,\"3\":[122,\"Z\",607,\"o\",843,\"|0k\",\"Q\"]}","{\"0\":\"QNaN122,Z,607,o,843,|0k,Q210.75122,Z,607,o,843,|0k,QNaN122,Z,607,o,843,|0k,Q303.5122,Z,607,o,843,|0k,QNaN122,Z,607,o,843,|0k,Q\",\"1\":122,\"2\":0,\"3\":[122,\"Z\",607,\"o\",843,\"|0k\",\"Q\"]}","{\"0\":\"\",\"1\":\"Q\",\"2\":6,\"3\":[122,\"Z\",607,\"o\",714,\"|0k\",\"Q\"]}"]}