{"baseObjects":["[59,-1,783,714,122,783,213,607]","[59,-1,783,714,122,783,213,607]","[59,-1,783,714,122,783,213,607]","[59,-1,783,714,122,783,213,607]"],"returnObjects":["\"NaN59,-1,783,714,122,783,213,607\"","\"NaN59,-1,783,714,122,783,213,607\"","null","\"Error\""],"callbackArgs":["{\"0\":607,\"1\":213,\"2\":6,\"3\":[59,-1,783,714,122,783,213,607]}","{\"0\":\"8.84976525821596259,-1,783,714,122,783,213,607\",\"1\":783,\"2\":5,\"3\":[59,-1,783,714,122,783,213,607]}","{\"0\":\"NaN59,-1,783,714,122,783,213,607\",\"1\":122,\"2\":4,\"3\":[59,-1,783,714,122,783,213,607]}","{\"0\":\"NaN59,-1,783,714,122,783,213,607\",\"1\":714,\"2\":3,\"3\":[59,-1,783,714,122,783,213,607]}","{\"0\":\"NaN59,-1,783,714,122,783,213,607\",\"1\":783,\"2\":2,\"3\":[59,-1,783,714,122,783,213,607]}","{\"0\":\"NaN59,-1,783,714,122,783,213,607\",\"1\":-1,\"2\":1,\"3\":[59,-1,783,714,122,783,213,607]}","{\"0\":\"NaN59,-1,783,714,122,783,213,607\",\"1\":59,\"2\":0,\"3\":[59,-1,783,714,122,783,213,607]}","{\"0\":true,\"1\":607,\"2\":7,\"3\":[59,-1,783,714,122,783,213,607]}","{\"0\":\"0.01153212520593080859,-1,783,714,122,783,213,607\",\"1\":213,\"2\":6,\"3\":[59,-1,783,714,122,783,213,607]}","{\"0\":\"NaN59,-1,783,714,122,783,213,607\",\"1\":783,\"2\":5,\"3\":[59,-1,783,714,122,783,213,607]}","{\"0\":\"NaN59,-1,783,714,122,783,213,607\",\"1\":122,\"2\":4,\"3\":[59,-1,783,714,122,783,213,607]}","{\"0\":\"NaN59,-1,783,714,122,783,213,607\",\"1\":714,\"2\":3,\"3\":[59,-1,783,714,122,783,213,607]}","{\"0\":\"NaN59,-1,783,714,122,783,213,607\",\"1\":783,\"2\":2,\"3\":[59,-1,783,714,122,783,213,607]}","{\"0\":\"NaN59,-1,783,714,122,783,213,607\",\"1\":-1,\"2\":1,\"3\":[59,-1,783,714,122,783,213,607]}","{\"0\":\"NaN59,-1,783,714,122,783,213,607\",\"1\":59,\"2\":0,\"3\":[59,-1,783,714,122,783,213,607]}","{\"0\":607,\"1\":213,\"2\":6,\"3\":[59,-1,783,714,122,783,213,607]}","{\"0\":null,\"1\":783,\"2\":5,\"3\":[59,-1,783,714,122,783,213,607]}","{\"0\":null,\"1\":122,\"2\":4,\"3\":[59,-1,783,714,122,783,213,607]}","{\"0\":null,\"1\":714,\"2\":3,\"3\":[59,-1,783,714,122,783,213,607]}","{\"0\":null,\"1\":783,\"2\":2,\"3\":[59,-1,783,714,122,783,213,607]}","{\"0\":null,\"1\":-1,\"2\":1,\"3\":[59,-1,783,714,122,783,213,607]}","{\"0\":null,\"1\":59,\"2\":0,\"3\":[59,-1,783,714,122,783,213,607]}","{\"1\":607,\"2\":7,\"3\":[59,-1,783,714,122,783,213,607]}"]}