{"baseObjects":["[100,49,1.7976931348623157e+308,213,\"jf+\",893,969]","[100,49,1.7976931348623157e+308,213,\"jf+\",893,969]","[100,49,1.7976931348623157e+308,213,\"jf+\",893,969]","[100,49,1.7976931348623157e+308,213,\"jf+\",893,969]"],"returnObjects":["null","\"Error\"","\"Error\"","\"Error\""],"callbackArgs":["{\"0\":[\"Q!\",213,627,\",H\",\"u4\",\"ea*\",\"^K;D\",607,126,\"m\"],\"1\":969,\"2\":6,\"3\":[100,49,1.7976931348623157e+308,213,\"jf+\",893,969]}","{\"0\":null,\"1\":893,\"2\":5,\"3\":[100,49,1.7976931348623157e+308,213,\"jf+\",893,969]}","{\"0\":null,\"1\":\"jf+\",\"2\":4,\"3\":[100,49,1.7976931348623157e+308,213,\"jf+\",893,969]}","{\"0\":null,\"1\":213,\"2\":3,\"3\":[100,49,1.7976931348623157e+308,213,\"jf+\",893,969]}","{\"0\":null,\"1\":1.7976931348623157e+308,\"2\":2,\"3\":[100,49,1.7976931348623157e+308,213,\"jf+\",893,969]}","{\"0\":null,\"1\":49,\"2\":1,\"3\":[100,49,1.7976931348623157e+308,213,\"jf+\",893,969]}","{\"0\":null,\"1\":100,\"2\":0,\"3\":[100,49,1.7976931348623157e+308,213,\"jf+\",893,969]}","{\"1\":969,\"2\":6,\"3\":[100,49,1.7976931348623157e+308,213,\"jf+\",893,969]}","{\"0\":969,\"1\":893,\"2\":5,\"3\":[100,49,1.7976931348623157e+308,213,\"jf+\",893,969]}","{\"0\":null,\"1\":969,\"2\":6,\"3\":[100,49,1.7976931348623157e+308,213,\"jf+\",893,969]}"]}