{"baseObjects":["[969,595,969]","[969,595,969]","[969,595,969,null,null,null,null,null,\"\"]","[969,595,969]"],"returnObjects":["\"NaN969,595,969\"","null","null","\"Error\""],"callbackArgs":["{\"0\":{\"403\":1.7976931348623157e+308,\"St\":\"\",\"1j6\":1.3614887151656834e+308},\"1\":969,\"2\":2,\"3\":[969,595,969]}","{\"0\":\"NaN969,595,969\",\"1\":595,\"2\":1,\"3\":[969,595,969]}","{\"0\":\"NaN969,595,969\",\"1\":969,\"2\":0,\"3\":[969,595,969]}","{\"0\":969,\"1\":595,\"2\":1,\"3\":[969,595,969]}","{\"0\":null,\"1\":969,\"2\":0,\"3\":[969,595,969]}","{\"0\":{\"126\":\"\",\"8.509554360201476e+307\":\"5<Kq\",\"\":1.1868075026754454e+308,\"1.329234071829367e+308\":\"\",\"1.4599069598008973e+308\":100,\"wKWg\":\"\",\"X\":49},\"1\":969,\"2\":2,\"3\":[969,595,969]}","{\"0\":null,\"1\":595,\"2\":1,\"3\":[969,595,969,null,null,null,null,null,\"\"]}","{\"0\":null,\"1\":969,\"2\":0,\"3\":[969,595,969,null,null,null,null,null,\"\"]}","{\"0\":null,\"1\":969,\"2\":2,\"3\":[969,595,969]}"]}