{"baseObjects":["[\"h\",122,\"C\",705]","[\"h\",122,\"C\",705]","[\"h\",122,\"C\",705,null,null,null,{\"0\":9.526274886992555e+307,\"100\":\"G\",\"607\":\"#3\",\"\":1.248767028541263e+308,\"iM\":\"\",\"aFU%\":1.0450235643206654e+308,\"aKE\":\"\",\"2.2941590006231e+307\":\"\"}]","[\"h\",122,\"C\",705]"],"returnObjects":["\"Error\"","null","null","null"],"callbackArgs":["{\"0\":null,\"1\":705,\"2\":3,\"3\":[\"h\",122,\"C\",705]}","{\"0\":null,\"1\":705,\"2\":3,\"3\":[\"h\",122,\"C\",705]}","{\"0\":null,\"1\":\"C\",\"2\":2,\"3\":[\"h\",122,\"C\",705]}","{\"0\":null,\"1\":122,\"2\":1,\"3\":[\"h\",122,\"C\",705]}","{\"0\":null,\"1\":\"h\",\"2\":0,\"3\":[\"h\",122,\"C\",705]}","{\"1\":705,\"2\":3,\"3\":[\"h\",122,\"C\",705]}","{\"0\":null,\"1\":\"C\",\"2\":2,\"3\":[\"h\",122,\"C\",705,null,null,null,{\"0\":9.526274886992555e+307,\"100\":\"G\",\"607\":\"#3\",\"\":1.248767028541263e+308,\"iM\":\"\",\"aFU%\":1.0450235643206654e+308,\"aKE\":\"\",\"2.2941590006231e+307\":\"\"}]}","{\"0\":null,\"1\":122,\"2\":1,\"3\":[\"h\",122,\"C\",705,null,null,null,{\"0\":9.526274886992555e+307,\"100\":\"G\",\"607\":\"#3\",\"\":1.248767028541263e+308,\"iM\":\"\",\"aFU%\":1.0450235643206654e+308,\"aKE\":\"\",\"2.2941590006231e+307\":\"\"}]}","{\"0\":null,\"1\":\"h\",\"2\":0,\"3\":[\"h\",122,\"C\",705,null,null,null,{\"0\":9.526274886992555e+307,\"100\":\"G\",\"607\":\"#3\",\"\":1.248767028541263e+308,\"iM\":\"\",\"aFU%\":1.0450235643206654e+308,\"aKE\":\"\",\"2.2941590006231e+307\":\"\"}]}","{\"0\":true,\"1\":705,\"2\":3,\"3\":[\"h\",122,\"C\",705]}","{\"0\":null,\"1\":\"C\",\"2\":2,\"3\":[\"h\",122,\"C\",705]}","{\"0\":null,\"1\":122,\"2\":1,\"3\":[\"h\",122,\"C\",705]}","{\"0\":null,\"1\":\"h\",\"2\":0,\"3\":[\"h\",122,\"C\",705]}"]}