{"baseObjects":["[893,403,[893,607,0,783,59],49,82,122]","[893,403,49,49,82,122]","[893,null,49,49,82,122,null]","[893,403,49,{\"1.0245055926231254e+308\":\"Mb\"},82,122]"],"returnObjects":["null","null","\"NaN893,,49,49,82,122,\"","null"],"callbackArgs":["{\"1\":122,\"2\":5,\"3\":[893,403,49,49,82,122]}","{\"0\":null,\"1\":82,\"2\":4,\"3\":[893,403,[893,607,0,783,59],49,82,122]}","{\"0\":null,\"1\":49,\"2\":3,\"3\":[893,403,[893,607,0,783,59],49,82,122]}","{\"0\":null,\"1\":[893,607,0,783,59],\"2\":2,\"3\":[893,403,[893,607,0,783,59],49,82,122]}","{\"0\":null,\"1\":403,\"2\":1,\"3\":[893,403,[893,607,0,783,59],49,82,122]}","{\"0\":null,\"1\":893,\"2\":0,\"3\":[893,403,[893,607,0,783,59],49,82,122]}","{\"1\":122,\"2\":5,\"3\":[893,403,49,49,82,122]}","{\"0\":null,\"1\":82,\"2\":4,\"3\":[893,403,49,49,82,122]}","{\"0\":null,\"1\":49,\"2\":3,\"3\":[893,403,49,49,82,122]}","{\"0\":null,\"1\":49,\"2\":2,\"3\":[893,403,49,49,82,122]}","{\"0\":null,\"1\":403,\"2\":1,\"3\":[893,403,49,49,82,122]}","{\"0\":null,\"1\":893,\"2\":0,\"3\":[893,403,49,49,82,122]}","{\"0\":{\"618\":\"zsu=L\",\"1.4611998308230543e+308\":7.060943761746867e+307,\"%<t\":5.166279719770532e+307},\"1\":122,\"2\":5,\"3\":[893,403,49,49,82,122]}","{\"0\":\"NaN893,,49,49,82,122,\",\"1\":82,\"2\":4,\"3\":[893,null,49,49,82,122,null]}","{\"0\":\"NaN893,,49,49,82,122,\",\"1\":49,\"2\":3,\"3\":[893,null,49,49,82,122,null]}","{\"0\":\"NaN893,,49,49,82,122,\",\"1\":49,\"2\":2,\"3\":[893,null,49,49,82,122,null]}","{\"0\":\"NaN893,,49,49,82,122,\",\"1\":null,\"2\":1,\"3\":[893,null,49,49,82,122,null]}","{\"0\":\"NaN893,,49,49,82,122,\",\"1\":893,\"2\":0,\"3\":[893,null,49,49,82,122,null]}","{\"1\":122,\"2\":5,\"3\":[893,403,49,49,82,122]}","{\"0\":null,\"1\":82,\"2\":4,\"3\":[893,403,49,{\"1.0245055926231254e+308\":\"Mb\"},82,122]}","{\"0\":null,\"1\":{\"1.0245055926231254e+308\":\"Mb\"},\"2\":3,\"3\":[893,403,49,{\"1.0245055926231254e+308\":\"Mb\"},82,122]}","{\"0\":null,\"1\":49,\"2\":2,\"3\":[893,403,49,{\"1.0245055926231254e+308\":\"Mb\"},82,122]}","{\"0\":null,\"1\":403,\"2\":1,\"3\":[893,403,49,{\"1.0245055926231254e+308\":\"Mb\"},82,122]}","{\"0\":null,\"1\":893,\"2\":0,\"3\":[893,403,49,{\"1.0245055926231254e+308\":\"Mb\"},82,122]}"]}