{"baseObjects":["[213,607,157,969,607]","[213,607,157,969,607]","[213,607,157,969,607]","[213,607,157,969,607]"],"returnObjects":["\"NaN213,607,157,969,607\"","null","null","\"Error\""],"callbackArgs":["{\"0\":1.600355376133963e+308,\"1\":607,\"2\":4,\"3\":[213,607,157,969,607]}","{\"0\":\"1.600355376133963e+308213,607,157,969,607\",\"1\":969,\"2\":3,\"3\":[213,607,157,969,607]}","{\"0\":\"NaN213,607,157,969,607\",\"1\":157,\"2\":2,\"3\":[213,607,157,969,607]}","{\"0\":\"NaN213,607,157,969,607\",\"1\":607,\"2\":1,\"3\":[213,607,157,969,607]}","{\"0\":\"NaN213,607,157,969,607\",\"1\":213,\"2\":0,\"3\":[213,607,157,969,607]}","{\"0\":null,\"1\":607,\"2\":4,\"3\":[213,607,157,969,607]}","{\"0\":null,\"1\":969,\"2\":3,\"3\":[213,607,157,969,607]}","{\"0\":null,\"1\":157,\"2\":2,\"3\":[213,607,157,969,607]}","{\"0\":null,\"1\":607,\"2\":1,\"3\":[213,607,157,969,607]}","{\"0\":null,\"1\":213,\"2\":0,\"3\":[213,607,157,969,607]}","{\"0\":true,\"1\":607,\"2\":4,\"3\":[213,607,157,969,607]}","{\"0\":null,\"1\":969,\"2\":3,\"3\":[213,607,157,969,607]}","{\"0\":null,\"1\":157,\"2\":2,\"3\":[213,607,157,969,607]}","{\"0\":null,\"1\":607,\"2\":1,\"3\":[213,607,157,969,607]}","{\"0\":null,\"1\":213,\"2\":0,\"3\":[213,607,157,969,607]}","{\"0\":607,\"1\":969,\"2\":3,\"3\":[213,607,157,969,607]}"]}