{"baseObjects":["[0,49,126,126,157]","[0,49,126,126,157]","[0,49,126,126,157]","[0,49,126,126,157]"],"returnObjects":["null","\"[object Object]39.250,49,126,126,157420,49,126,126,157630,49,126,126,157490,49,126,126,157NaN0,49,126,126,157\"","\"Error\"","\"Error\""],"callbackArgs":["{\"0\":157,\"1\":126,\"2\":3,\"3\":[0,49,126,126,157]}","{\"0\":null,\"1\":126,\"2\":2,\"3\":[0,49,126,126,157]}","{\"0\":null,\"1\":49,\"2\":1,\"3\":[0,49,126,126,157]}","{\"0\":null,\"1\":0,\"2\":0,\"3\":[0,49,126,126,157]}","{\"0\":{\"1.7976931348623157e+308\":25,\"1.0257160822206462e+308\":627,\"\":460,\"V\":\"q}N\",\"1.4250811791542279e+308\":[242,893,242,705]},\"1\":157,\"2\":4,\"3\":[0,49,126,126,157]}","{\"0\":\"[object Object]39.250,49,126,126,157\",\"1\":126,\"2\":3,\"3\":[0,49,126,126,157]}","{\"0\":\"[object Object]39.250,49,126,126,157420,49,126,126,157\",\"1\":126,\"2\":2,\"3\":[0,49,126,126,157]}","{\"0\":\"[object Object]39.250,49,126,126,157420,49,126,126,157630,49,126,126,157\",\"1\":49,\"2\":1,\"3\":[0,49,126,126,157]}","{\"0\":\"[object Object]39.250,49,126,126,157420,49,126,126,157630,49,126,126,157490,49,126,126,157\",\"1\":0,\"2\":0,\"3\":[0,49,126,126,157]}","{\"1\":157,\"2\":4,\"3\":[0,49,126,126,157]}","{\"0\":null,\"1\":157,\"2\":4,\"3\":[0,49,126,126,157]}"]}