{"baseObjects":["[100,714,714,714,100,783]","[100,714,714,714,100,100]","[100,714,714,714,100,100,5.174903830087879e+307]","[100,714,714,714,100,100]"],"returnObjects":["null","\"Error\"","null","\"Error\""],"callbackArgs":["{\"0\":true,\"1\":100,\"2\":5,\"3\":[100,714,714,714,100,100]}","{\"0\":null,\"1\":100,\"2\":4,\"3\":[100,714,714,714,100,783]}","{\"0\":null,\"1\":714,\"2\":3,\"3\":[100,714,714,714,100,783]}","{\"0\":null,\"1\":714,\"2\":2,\"3\":[100,714,714,714,100,783]}","{\"0\":null,\"1\":714,\"2\":1,\"3\":[100,714,714,714,100,783]}","{\"0\":null,\"1\":100,\"2\":0,\"3\":[100,714,714,714,100,783]}","{\"0\":null,\"1\":100,\"2\":5,\"3\":[100,714,714,714,100,100]}","{\"0\":false,\"1\":100,\"2\":5,\"3\":[100,714,714,714,100,100]}","{\"0\":null,\"1\":100,\"2\":4,\"3\":[100,714,714,714,100,100,5.174903830087879e+307]}","{\"0\":null,\"1\":714,\"2\":3,\"3\":[100,714,714,714,100,100,5.174903830087879e+307]}","{\"0\":null,\"1\":714,\"2\":2,\"3\":[100,714,714,714,100,100,5.174903830087879e+307]}","{\"0\":null,\"1\":714,\"2\":1,\"3\":[100,714,714,714,100,100,5.174903830087879e+307]}","{\"0\":null,\"1\":100,\"2\":0,\"3\":[100,714,714,714,100,100,5.174903830087879e+307]}","{\"0\":100,\"1\":100,\"2\":4,\"3\":[100,714,714,714,100,100]}"]}