{"baseObjects":["[\"`\"]","[\"`\"]","[\"`\"]","[\"`\"]"],"returnObjects":["\"Error\"","\"NaN`\"","\"Error\"","\"NaN`\""],"callbackArgs":["{\"0\":{\"82\":\"b{Vn\",\"705\":969,\"H\":627},\"1\":\"`\",\"2\":0,\"3\":[\"`\"]}","{\"0\":null,\"1\":\"`\",\"2\":0,\"3\":[\"`\"]}","{\"0\":{\"59\":\"<&\",\"82\":1.2065779480975507e+308,\"618\":1.7976931348623157e+308,\"\":-1,\"1.3711592335433266e+307\":969,\"1.050708518645899e+308\":2.3665917855177267e+307,\"1.0187119146299378e+308\":595,\"2.1878770515065988e+307\":\"r\",\"bP\":\"\"},\"1\":\"`\",\"2\":0,\"3\":[\"`\"]}","{\"0\":{\"d\":\"g\",\"\":5.143668152603886e+307,\"1.661788254241038e+308\":-100,\"5.727599550748681e+307\":\"ziIL\"},\"1\":\"`\",\"2\":0,\"3\":[\"`\"]}"]}