{"baseObjects":["[\"P\",\"q\",0,893,-100,213]","[\"P\",\"q\",0,893,-100,213]","[7.881200258668943e+307,\"q\",0,893,-100,213]","[\"P\",[607,49],0,893,-100,213]"],"returnObjects":["\"NaNP,q,0,893,-100,213\"","\"Error\"","\"[object Object]213NaN-100NaN893NaN0NaNqNaN7.881200258668943e+307NaN\"","\"Error\""],"callbackArgs":["{\"0\":true,\"1\":213,\"2\":5,\"3\":[\"P\",\"q\",0,893,-100,213]}","{\"0\":\"1065P,q,0,893,-100,213\",\"1\":-100,\"2\":4,\"3\":[\"P\",\"q\",0,893,-100,213]}","{\"0\":\"NaNP,q,0,893,-100,213\",\"1\":893,\"2\":3,\"3\":[\"P\",\"q\",0,893,-100,213]}","{\"0\":\"NaNP,q,0,893,-100,213\",\"1\":0,\"2\":2,\"3\":[\"P\",\"q\",0,893,-100,213]}","{\"0\":\"NaNP,q,0,893,-100,213\",\"1\":\"q\",\"2\":1,\"3\":[\"P\",\"q\",0,893,-100,213]}","{\"0\":\"NaNP,q,0,893,-100,213\",\"1\":\"P\",\"2\":0,\"3\":[\"P\",\"q\",0,893,-100,213]}","{\"1\":213,\"2\":5,\"3\":[\"P\",\"q\",0,893,-100,213]}","{\"0\":{},\"1\":213,\"2\":5,\"3\":[\"P\",\"q\",0,893,-100,213]}","{\"0\":\"[object Object]213NaN\",\"1\":-100,\"2\":4,\"3\":[7.881200258668943e+307,\"q\",0,893,-100,213]}","{\"0\":\"[object Object]213NaN-100NaN\",\"1\":893,\"2\":3,\"3\":[7.881200258668943e+307,\"q\",0,893,-100,213]}","{\"0\":\"[object Object]213NaN-100NaN893NaN\",\"1\":0,\"2\":2,\"3\":[7.881200258668943e+307,\"q\",0,893,-100,213]}","{\"0\":\"[object Object]213NaN-100NaN893NaN0NaN\",\"1\":\"q\",\"2\":1,\"3\":[7.881200258668943e+307,\"q\",0,893,-100,213]}","{\"0\":\"[object Object]213NaN-100NaN893NaN0NaNqNaN\",\"1\":7.881200258668943e+307,\"2\":0,\"3\":[7.881200258668943e+307,\"q\",0,893,-100,213]}","{\"0\":213,\"1\":-100,\"2\":4,\"3\":[\"P\",\"q\",0,893,-100,213]}"]}