{"baseObjects":["[122,0,213,25,969,969,{\"126\":49,\"783\":\"kmy\",\"\":1.0776300321223067e+308,\"#^P^\":460,\"J\":893,\"lJ\":3.8931841117686357e+307,\"NQ\":\"x|\",\"2.6044512001023865e+307\":\"\",\"-100\":714,\"5.380612713619898e+307\":8.489439194107864e+307},783,627,893]","[122,0,213,25,969,969,627,783,627,893]","3.1852676653604263e+307","[122,0,213,25,969,969,627,783,627,893]"],"returnObjects":["\"Error\"","null","\"971.375122,0,213,25,k^XSq<d*,969,627,783,627,893111.85714285714286122,0,213,25,k^XSq<d*,969,627,783,627,893104.5122,0,213,25,k^XSq<d*,969,627,783,627,893193.8122,0,213,25,k^XSq<d*,969,627,783,627,893NaN122,0,213,25,k^XSq<d*,969,627,783,627,8938.333333333333334122,0,213,25,k^XSq<d*,969,627,783,627,893106.5122,0,213,25,k^XSq<d*,969,627,783,627,8930122,0,213,25,k^XSq<d*,969,627,783,627,893Infinity122,0,213,25,k^XSq<d*,969,627,783,627,893\"","\"Error\""],"callbackArgs":["{\"0\":null,\"1\":893,\"2\":9,\"3\":[122,0,213,25,969,969,627,783,627,893]}","{\"0\":false,\"1\":893,\"2\":9,\"3\":[122,0,213,25,969,969,627,783,627,893]}","{\"0\":null,\"1\":627,\"2\":8,\"3\":[122,0,213,25,969,969,627,783,627,893]}","{\"0\":null,\"1\":783,\"2\":7,\"3\":[122,0,213,25,969,969,627,783,627,893]}","{\"0\":null,\"1\":627,\"2\":6,\"3\":[122,0,213,25,969,969,627,783,627,893]}","{\"0\":null,\"1\":969,\"2\":5,\"3\":[122,0,213,25,969,969,627,783,627,893]}","{\"0\":null,\"1\":969,\"2\":4,\"3\":[122,0,213,25,969,969,627,783,627,893]}","{\"0\":null,\"1\":25,\"2\":3,\"3\":[122,0,213,25,969,969,627,783,627,893]}","{\"0\":null,\"1\":213,\"2\":2,\"3\":[122,0,213,25,969,969,627,783,627,893]}","{\"0\":null,\"1\":0,\"2\":1,\"3\":[122,0,213,25,969,969,627,783,627,893]}","{\"0\":null,\"1\":122,\"2\":0,\"3\":[122,0,213,25,969,969,627,783,627,893]}","{\"0\":893,\"1\":627,\"2\":8,\"3\":[122,0,213,25,969,969,627,783,627,893]}","{\"0\":\"971.375122,0,213,25,k^XSq<d*,969,627,783,627,893\",\"1\":783,\"2\":7,\"3\":[122,0,213,25,\"k^XSq<d*\",969,627,783,627,893]}","{\"0\":\"971.375122,0,213,25,k^XSq<d*,969,627,783,627,893111.85714285714286122,0,213,25,k^XSq<d*,969,627,783,627,893\",\"1\":627,\"2\":6,\"3\":[122,0,213,25,\"k^XSq<d*\",969,627,783,627,893]}","{\"0\":\"971.375122,0,213,25,k^XSq<d*,969,627,783,627,893111.85714285714286122,0,213,25,k^XSq<d*,969,627,783,627,893104.5122,0,213,25,k^XSq<d*,969,627,783,627,893\",\"1\":969,\"2\":5,\"3\":[122,0,213,25,\"k^XSq<d*\",969,627,783,627,893]}","{\"0\":\"971.375122,0,213,25,k^XSq<d*,969,627,783,627,893111.85714285714286122,0,213,25,k^XSq<d*,969,627,783,627,893104.5122,0,213,25,k^XSq<d*,969,627,783,627,893193.8122,0,213,25,k^XSq<d*,969,627,783,627,893\",\"1\":\"k^XSq<d*\",\"2\":4,\"3\":[122,0,213,25,\"k^XSq<d*\",969,627,783,627,893]}","{\"0\":\"971.375122,0,213,25,k^XSq<d*,969,627,783,627,893111.85714285714286122,0,213,25,k^XSq<d*,969,627,783,627,893104.5122,0,213,25,k^XSq<d*,969,627,783,627,893193.8122,0,213,25,k^XSq<d*,969,627,783,627,893NaN122,0,213,25,k^XSq<d*,969,627,783,627,893\",\"1\":25,\"2\":3,\"3\":[122,0,213,25,\"k^XSq<d*\",969,627,783,627,893]}","{\"0\":\"971.375122,0,213,25,k^XSq<d*,969,627,783,627,893111.85714285714286122,0,213,25,k^XSq<d*,969,627,783,627,893104.5122,0,213,25,k^XSq<d*,969,627,783,627,893193.8122,0,213,25,k^XSq<d*,969,627,783,627,893NaN122,0,213,25,k^XSq<d*,969,627,783,627,8938.333333333333334122,0,213,25,k^XSq<d*,969,627,783,627,893\",\"1\":213,\"2\":2,\"3\":[122,0,213,25,\"k^XSq<d*\",969,627,783,627,893]}","{\"0\":\"971.375122,0,213,25,k^XSq<d*,969,627,783,627,893111.85714285714286122,0,213,25,k^XSq<d*,969,627,783,627,893104.5122,0,213,25,k^XSq<d*,969,627,783,627,893193.8122,0,213,25,k^XSq<d*,969,627,783,627,893NaN122,0,213,25,k^XSq<d*,969,627,783,627,8938.333333333333334122,0,213,25,k^XSq<d*,969,627,783,627,893106.5122,0,213,25,k^XSq<d*,969,627,783,627,893\",\"1\":0,\"2\":1,\"3\":[122,0,213,25,\"k^XSq<d*\",969,627,783,627,893]}","{\"0\":\"971.375122,0,213,25,k^XSq<d*,969,627,783,627,893111.85714285714286122,0,213,25,k^XSq<d*,969,627,783,627,893104.5122,0,213,25,k^XSq<d*,969,627,783,627,893193.8122,0,213,25,k^XSq<d*,969,627,783,627,893NaN122,0,213,25,k^XSq<d*,969,627,783,627,8938.333333333333334122,0,213,25,k^XSq<d*,969,627,783,627,893106.5122,0,213,25,k^XSq<d*,969,627,783,627,8930122,0,213,25,k^XSq<d*,969,627,783,627,893\",\"1\":122,\"2\":0,\"3\":[122,0,213,25,\"k^XSq<d*\",969,627,783,627,893]}","{\"0\":null,\"1\":893,\"2\":9,\"3\":[122,0,213,25,969,969,627,783,627,893]}"]}