{"baseObjects":["[823,126,823]","[]","[823,126,823,null,null,null,null,true]","[823,126,823]"],"returnObjects":["null","\"NaN\"","\"1647823,126,823,,,,,true126823,126,823,,,,,true0823,126,823,,,,,true\"","\"Error\""],"callbackArgs":["{\"0\":823,\"1\":126,\"2\":1,\"3\":[823,126,823]}","{\"0\":null,\"1\":823,\"2\":0,\"3\":[823,126,823]}","{\"0\":{\"6\":{\"1.451870834992598e+308\":3.470375193816258e+307},\"\":1.279358028536629e+308},\"1\":823,\"2\":2,\"3\":[823,126,823]}","{\"0\":true,\"1\":823,\"2\":2,\"3\":[823,126,823]}","{\"0\":\"1647823,126,823,,,,,true\",\"1\":126,\"2\":1,\"3\":[823,126,823,null,null,null,null,true]}","{\"0\":\"1647823,126,823,,,,,true126823,126,823,,,,,true\",\"1\":823,\"2\":0,\"3\":[823,126,823,null,null,null,null,true]}","{\"0\":null,\"1\":823,\"2\":2,\"3\":[823,126,823]}"]}