{"baseObjects":["[157,126,1.7976931348623157e+308]","[157,126,1.7976931348623157e+308]","[157,[\"!\",\"64!U$\",\"G+;|\",\"]\"],1.7976931348623157e+308]","[157,126,1.7976931348623157e+308]"],"returnObjects":["\"[object Object]1.7976931348623157e+3082157,126,1.7976931348623157e+3081261157,126,1.7976931348623157e+3081570157,126,1.7976931348623157e+308\"","\"NaN157,126,1.7976931348623157e+308\"","\"1.0113962362326092e+308157,!,64!U$,G+;|,],1.7976931348623157e+308NaN157,!,64!U$,G+;|,],1.7976931348623157e+308Infinity157,!,64!U$,G+;|,],1.7976931348623157e+308\"","null"],"callbackArgs":["{\"0\":{},\"1\":1.7976931348623157e+308,\"2\":2,\"3\":[157,126,1.7976931348623157e+308]}","{\"0\":\"[object Object]1.7976931348623157e+3082157,126,1.7976931348623157e+308\",\"1\":126,\"2\":1,\"3\":[157,126,1.7976931348623157e+308]}","{\"0\":\"[object Object]1.7976931348623157e+3082157,126,1.7976931348623157e+3081261157,126,1.7976931348623157e+308\",\"1\":157,\"2\":0,\"3\":[157,126,1.7976931348623157e+308]}","{\"0\":1.7976931348623157e+308,\"1\":126,\"2\":1,\"3\":[157,126,1.7976931348623157e+308]}","{\"0\":\"Infinity157,126,1.7976931348623157e+308\",\"1\":157,\"2\":0,\"3\":[157,126,1.7976931348623157e+308]}","{\"0\":1.1254966880145125e+307,\"1\":1.7976931348623157e+308,\"2\":2,\"3\":[157,126,1.7976931348623157e+308]}","{\"0\":\"1.0113962362326092e+308157,!,64!U$,G+;|,],1.7976931348623157e+308\",\"1\":[\"!\",\"64!U$\",\"G+;|\",\"]\"],\"2\":1,\"3\":[157,[\"!\",\"64!U$\",\"G+;|\",\"]\"],1.7976931348623157e+308]}","{\"0\":\"1.0113962362326092e+308157,!,64!U$,G+;|,],1.7976931348623157e+308NaN157,!,64!U$,G+;|,],1.7976931348623157e+308\",\"1\":157,\"2\":0,\"3\":[157,[\"!\",\"64!U$\",\"G+;|\",\"]\"],1.7976931348623157e+308]}","{\"0\":false,\"1\":1.7976931348623157e+308,\"2\":2,\"3\":[157,126,1.7976931348623157e+308]}","{\"0\":null,\"1\":126,\"2\":1,\"3\":[157,126,1.7976931348623157e+308]}","{\"0\":null,\"1\":157,\"2\":0,\"3\":[157,126,1.7976931348623157e+308]}"]}