{"baseObjects":["[705,607,607,-1,122,100]","[705,607,607,-1,122,100]","[705,607,607,-1,122,100]","[705,607,607,-1,122,100]"],"returnObjects":["\"20705,607,607,-1,122,10030.5705,607,607,-1,122,100-0.3333333333333333705,607,607,-1,122,100303.5705,607,607,-1,122,100607705,607,607,-1,122,100Infinity705,607,607,-1,122,100\"","\"Error\"","null","\"Error\""],"callbackArgs":["{\"0\":false,\"1\":100,\"2\":5,\"3\":[705,607,607,-1,122,100]}","{\"0\":\"20705,607,607,-1,122,100\",\"1\":122,\"2\":4,\"3\":[705,607,607,-1,122,100]}","{\"0\":\"20705,607,607,-1,122,10030.5705,607,607,-1,122,100\",\"1\":-1,\"2\":3,\"3\":[705,607,607,-1,122,100]}","{\"0\":\"20705,607,607,-1,122,10030.5705,607,607,-1,122,100-0.3333333333333333705,607,607,-1,122,100\",\"1\":607,\"2\":2,\"3\":[705,607,607,-1,122,100]}","{\"0\":\"20705,607,607,-1,122,10030.5705,607,607,-1,122,100-0.3333333333333333705,607,607,-1,122,100303.5705,607,607,-1,122,100\",\"1\":607,\"2\":1,\"3\":[705,607,607,-1,122,100]}","{\"0\":\"20705,607,607,-1,122,10030.5705,607,607,-1,122,100-0.3333333333333333705,607,607,-1,122,100303.5705,607,607,-1,122,100607705,607,607,-1,122,100\",\"1\":705,\"2\":0,\"3\":[705,607,607,-1,122,100]}","{\"0\":1.4110720466464105e+308,\"1\":100,\"2\":5,\"3\":[705,607,607,-1,122,100]}","{\"0\":100,\"1\":122,\"2\":4,\"3\":[705,607,607,-1,122,100]}","{\"0\":null,\"1\":-1,\"2\":3,\"3\":[705,607,607,-1,122,100]}","{\"0\":null,\"1\":607,\"2\":2,\"3\":[705,607,607,-1,122,100]}","{\"0\":null,\"1\":607,\"2\":1,\"3\":[705,607,607,-1,122,100]}","{\"0\":null,\"1\":705,\"2\":0,\"3\":[705,607,607,-1,122,100]}","{\"0\":{\"49\":\"i\",\"-1\":\"=\",\"FrD\":1.3226147518389497e+308,\"UU\":9.043346436725795e+307},\"1\":100,\"2\":5,\"3\":[705,607,607,-1,122,100]}"]}