{"baseObjects":["[595,893,705,0,242,122,714,714,[82,59,714,1.7976931348623157e+308,843,627]]","\"y\"","[595,893,false,0,242,122,714,714]","[595,893,705,0,242,122,714,714,7.679614742782032e+307]"],"returnObjects":["null","\"NaN595,893,705,0,242,122,714,714\"","null","\"[object Object]7147595,893,705,0,242,122,714,714,7.679614742782032e+3077146595,893,705,0,242,122,714,714,7.679614742782032e+3071225595,893,705,0,242,122,714,714,7.679614742782032e+3072424595,893,705,0,242,122,714,714,7.679614742782032e+30703595,893,705,0,242,122,714,714,7.679614742782032e+3077052595,893,705,0,242,122,714,714,7.679614742782032e+3078931595,893,705,0,242,122,714,714,7.679614742782032e+3075950595,893,705,0,242,122,714,714,7.679614742782032e+307\""],"callbackArgs":["{\"0\":false,\"1\":714,\"2\":7,\"3\":[595,893,705,0,242,122,714,714]}","{\"0\":null,\"1\":714,\"2\":6,\"3\":[595,893,705,0,242,122,714,714,[82,59,714,1.7976931348623157e+308,843,627]]}","{\"0\":null,\"1\":122,\"2\":5,\"3\":[595,893,705,0,242,122,714,714,[82,59,714,1.7976931348623157e+308,843,627]]}","{\"0\":null,\"1\":242,\"2\":4,\"3\":[595,893,705,0,242,122,714,714,[82,59,714,1.7976931348623157e+308,843,627]]}","{\"0\":null,\"1\":0,\"2\":3,\"3\":[595,893,705,0,242,122,714,714,[82,59,714,1.7976931348623157e+308,843,627]]}","{\"0\":null,\"1\":705,\"2\":2,\"3\":[595,893,705,0,242,122,714,714,[82,59,714,1.7976931348623157e+308,843,627]]}","{\"0\":null,\"1\":893,\"2\":1,\"3\":[595,893,705,0,242,122,714,714,[82,59,714,1.7976931348623157e+308,843,627]]}","{\"0\":null,\"1\":595,\"2\":0,\"3\":[595,893,705,0,242,122,714,714,[82,59,714,1.7976931348623157e+308,843,627]]}","{\"0\":714,\"1\":714,\"2\":6,\"3\":[595,893,705,0,242,122,714,714]}","{\"0\":\"509790595,893,705,0,242,122,714,714\",\"1\":122,\"2\":5,\"3\":[595,893,705,0,242,122,714,714]}","{\"0\":\"NaN595,893,705,0,242,122,714,714\",\"1\":242,\"2\":4,\"3\":[595,893,705,0,242,122,714,714]}","{\"0\":\"NaN595,893,705,0,242,122,714,714\",\"1\":0,\"2\":3,\"3\":[595,893,705,0,242,122,714,714]}","{\"0\":\"NaN595,893,705,0,242,122,714,714\",\"1\":705,\"2\":2,\"3\":[595,893,705,0,242,122,714,714]}","{\"0\":\"NaN595,893,705,0,242,122,714,714\",\"1\":893,\"2\":1,\"3\":[595,893,705,0,242,122,714,714]}","{\"0\":\"NaN595,893,705,0,242,122,714,714\",\"1\":595,\"2\":0,\"3\":[595,893,705,0,242,122,714,714]}","{\"0\":{},\"1\":714,\"2\":7,\"3\":[595,893,705,0,242,122,714,714]}","{\"0\":null,\"1\":714,\"2\":6,\"3\":[595,893,false,0,242,122,714,714]}","{\"0\":null,\"1\":122,\"2\":5,\"3\":[595,893,false,0,242,122,714,714]}","{\"0\":null,\"1\":242,\"2\":4,\"3\":[595,893,false,0,242,122,714,714]}","{\"0\":null,\"1\":0,\"2\":3,\"3\":[595,893,false,0,242,122,714,714]}","{\"0\":null,\"1\":false,\"2\":2,\"3\":[595,893,false,0,242,122,714,714]}","{\"0\":null,\"1\":893,\"2\":1,\"3\":[595,893,false,0,242,122,714,714]}","{\"0\":null,\"1\":595,\"2\":0,\"3\":[595,893,false,0,242,122,714,714]}","{\"0\":{\"59\":1.4801023708803116e+308,\"607\":\"z\",\"6.098955696676638e+307\":\"\",\"5e-324\":969,\"a\":595,\"G:\":2.3262972873991687e+307},\"1\":714,\"2\":7,\"3\":[595,893,705,0,242,122,714,714]}","{\"0\":\"[object Object]7147595,893,705,0,242,122,714,714,7.679614742782032e+307\",\"1\":714,\"2\":6,\"3\":[595,893,705,0,242,122,714,714,7.679614742782032e+307]}","{\"0\":\"[object Object]7147595,893,705,0,242,122,714,714,7.679614742782032e+3077146595,893,705,0,242,122,714,714,7.679614742782032e+307\",\"1\":122,\"2\":5,\"3\":[595,893,705,0,242,122,714,714,7.679614742782032e+307]}","{\"0\":\"[object Object]7147595,893,705,0,242,122,714,714,7.679614742782032e+3077146595,893,705,0,242,122,714,714,7.679614742782032e+3071225595,893,705,0,242,122,714,714,7.679614742782032e+307\",\"1\":242,\"2\":4,\"3\":[595,893,705,0,242,122,714,714,7.679614742782032e+307]}","{\"0\":\"[object Object]7147595,893,705,0,242,122,714,714,7.679614742782032e+3077146595,893,705,0,242,122,714,714,7.679614742782032e+3071225595,893,705,0,242,122,714,714,7.679614742782032e+3072424595,893,705,0,242,122,714,714,7.679614742782032e+307\",\"1\":0,\"2\":3,\"3\":[595,893,705,0,242,122,714,714,7.679614742782032e+307]}","{\"0\":\"[object Object]7147595,893,705,0,242,122,714,714,7.679614742782032e+3077146595,893,705,0,242,122,714,714,7.679614742782032e+3071225595,893,705,0,242,122,714,714,7.679614742782032e+3072424595,893,705,0,242,122,714,714,7.679614742782032e+30703595,893,705,0,242,122,714,714,7.679614742782032e+307\",\"1\":705,\"2\":2,\"3\":[595,893,705,0,242,122,714,714,7.679614742782032e+307]}","{\"0\":\"[object Object]7147595,893,705,0,242,122,714,714,7.679614742782032e+3077146595,893,705,0,242,122,714,714,7.679614742782032e+3071225595,893,705,0,242,122,714,714,7.679614742782032e+3072424595,893,705,0,242,122,714,714,7.679614742782032e+30703595,893,705,0,242,122,714,714,7.679614742782032e+3077052595,893,705,0,242,122,714,714,7.679614742782032e+307\",\"1\":893,\"2\":1,\"3\":[595,893,705,0,242,122,714,714,7.679614742782032e+307]}","{\"0\":\"[object Object]7147595,893,705,0,242,122,714,714,7.679614742782032e+3077146595,893,705,0,242,122,714,714,7.679614742782032e+3071225595,893,705,0,242,122,714,714,7.679614742782032e+3072424595,893,705,0,242,122,714,714,7.679614742782032e+30703595,893,705,0,242,122,714,714,7.679614742782032e+3077052595,893,705,0,242,122,714,714,7.679614742782032e+3078931595,893,705,0,242,122,714,714,7.679614742782032e+307\",\"1\":595,\"2\":0,\"3\":[595,893,705,0,242,122,714,714,7.679614742782032e+307]}"]}