{"baseObjects":["[969,1.7976931348623157e+308]","[969,1.7976931348623157e+308]","[969,1.7976931348623157e+308]","[969,1.7976931348623157e+308]"],"returnObjects":["null","\"Error\"","null","\"Error\""],"callbackArgs":["{\"0\":false,\"1\":1.7976931348623157e+308,\"2\":1,\"3\":[969,1.7976931348623157e+308]}","{\"0\":null,\"1\":969,\"2\":0,\"3\":[969,1.7976931348623157e+308]}","{\"0\":1.7976931348623157e+308,\"1\":969,\"2\":0,\"3\":[969,1.7976931348623157e+308]}","{\"0\":1.7976931348623157e+308,\"1\":969,\"2\":0,\"3\":[969,1.7976931348623157e+308]}","{\"1\":1.7976931348623157e+308,\"2\":1,\"3\":[969,1.7976931348623157e+308]}"]}