{"baseObjects":["[969,403,-1,0,607,49,0,157]","[969,403,-1,0,607,49,0,157]","[969,403,-1,0,607,49,0,157]","[969,403,-1,0,607,49,0,157]"],"returnObjects":["null","null","\"Error\"","\"Error\""],"callbackArgs":["{\"0\":\"\",\"1\":157,\"2\":7,\"3\":[969,403,-1,0,607,49,0,157]}","{\"0\":null,\"1\":0,\"2\":6,\"3\":[969,403,-1,0,607,49,0,157]}","{\"0\":null,\"1\":49,\"2\":5,\"3\":[969,403,-1,0,607,49,0,157]}","{\"0\":null,\"1\":607,\"2\":4,\"3\":[969,403,-1,0,607,49,0,157]}","{\"0\":null,\"1\":0,\"2\":3,\"3\":[969,403,-1,0,607,49,0,157]}","{\"0\":null,\"1\":-1,\"2\":2,\"3\":[969,403,-1,0,607,49,0,157]}","{\"0\":null,\"1\":403,\"2\":1,\"3\":[969,403,-1,0,607,49,0,157]}","{\"0\":null,\"1\":969,\"2\":0,\"3\":[969,403,-1,0,607,49,0,157]}","{\"0\":7.287345696250754e+307,\"1\":157,\"2\":7,\"3\":[969,403,-1,0,607,49,0,157]}","{\"0\":null,\"1\":0,\"2\":6,\"3\":[969,403,-1,0,607,49,0,157]}","{\"0\":null,\"1\":49,\"2\":5,\"3\":[969,403,-1,0,607,49,0,157]}","{\"0\":null,\"1\":607,\"2\":4,\"3\":[969,403,-1,0,607,49,0,157]}","{\"0\":null,\"1\":0,\"2\":3,\"3\":[969,403,-1,0,607,49,0,157]}","{\"0\":null,\"1\":-1,\"2\":2,\"3\":[969,403,-1,0,607,49,0,157]}","{\"0\":null,\"1\":403,\"2\":1,\"3\":[969,403,-1,0,607,49,0,157]}","{\"0\":null,\"1\":969,\"2\":0,\"3\":[969,403,-1,0,607,49,0,157]}","{\"1\":157,\"2\":7,\"3\":[969,403,-1,0,607,49,0,157]}","{\"0\":{\"\":4.437863424564278e+307,\";r\":\"\"},\"1\":157,\"2\":7,\"3\":[969,403,-1,0,607,49,0,157]}"]}