{"baseObjects":["[1.7976931348623157e+308,714,403,25,59,157,-1,82,82,783]","[1.7976931348623157e+308,714,403,25,59,157,-1,82,82,783]","[1.7976931348623157e+308,714,403,25,59,157,[969,893,82,460,126,126],82,82,783]","[1.7976931348623157e+308,714,403,25,59,157,-1,82,82,783]"],"returnObjects":["null","null","\"Error\"","\"Error\""],"callbackArgs":["{\"0\":783,\"1\":82,\"2\":8,\"3\":[1.7976931348623157e+308,714,403,25,59,157,-1,82,82,783]}","{\"0\":null,\"1\":82,\"2\":7,\"3\":[1.7976931348623157e+308,714,403,25,59,157,-1,82,82,783]}","{\"0\":null,\"1\":-1,\"2\":6,\"3\":[1.7976931348623157e+308,714,403,25,59,157,-1,82,82,783]}","{\"0\":null,\"1\":157,\"2\":5,\"3\":[1.7976931348623157e+308,714,403,25,59,157,-1,82,82,783]}","{\"0\":null,\"1\":59,\"2\":4,\"3\":[1.7976931348623157e+308,714,403,25,59,157,-1,82,82,783]}","{\"0\":null,\"1\":25,\"2\":3,\"3\":[1.7976931348623157e+308,714,403,25,59,157,-1,82,82,783]}","{\"0\":null,\"1\":403,\"2\":2,\"3\":[1.7976931348623157e+308,714,403,25,59,157,-1,82,82,783]}","{\"0\":null,\"1\":714,\"2\":1,\"3\":[1.7976931348623157e+308,714,403,25,59,157,-1,82,82,783]}","{\"0\":null,\"1\":1.7976931348623157e+308,\"2\":0,\"3\":[1.7976931348623157e+308,714,403,25,59,157,-1,82,82,783]}","{\"0\":{\"6\":null,\"9\":9.313205406231542e+307,\"403\":\"\",\"783\":\"\",\"{S\":25,\"Q\":\"\",\"1.7976931348623157e+308\":\"NK-\",\"w\":0},\"1\":783,\"2\":9,\"3\":[1.7976931348623157e+308,714,403,25,59,157,-1,82,82,783]}","{\"0\":null,\"1\":82,\"2\":8,\"3\":[1.7976931348623157e+308,714,403,25,59,157,-1,82,82,783]}","{\"0\":null,\"1\":82,\"2\":7,\"3\":[1.7976931348623157e+308,714,403,25,59,157,-1,82,82,783]}","{\"0\":null,\"1\":-1,\"2\":6,\"3\":[1.7976931348623157e+308,714,403,25,59,157,-1,82,82,783]}","{\"0\":null,\"1\":157,\"2\":5,\"3\":[1.7976931348623157e+308,714,403,25,59,157,-1,82,82,783]}","{\"0\":null,\"1\":59,\"2\":4,\"3\":[1.7976931348623157e+308,714,403,25,59,157,-1,82,82,783]}","{\"0\":null,\"1\":25,\"2\":3,\"3\":[1.7976931348623157e+308,714,403,25,59,157,-1,82,82,783]}","{\"0\":null,\"1\":403,\"2\":2,\"3\":[1.7976931348623157e+308,714,403,25,59,157,-1,82,82,783]}","{\"0\":null,\"1\":714,\"2\":1,\"3\":[1.7976931348623157e+308,714,403,25,59,157,-1,82,82,783]}","{\"0\":null,\"1\":1.7976931348623157e+308,\"2\":0,\"3\":[1.7976931348623157e+308,714,403,25,59,157,-1,82,82,783]}","{\"0\":null,\"1\":783,\"2\":9,\"3\":[1.7976931348623157e+308,714,403,25,59,157,-1,82,82,783]}","{\"0\":783,\"1\":82,\"2\":8,\"3\":[1.7976931348623157e+308,714,403,25,59,157,-1,82,82,783]}"]}