{"baseObjects":["[595,157,595,893,460,null,null,null,null,true]","[595,157,595,893,460]","[595,157,595,893,460]","[595,\"\",595,893,460]"],"returnObjects":["null","null","\"Error\"","\"1.0785820455660328e+308595,,595,893,460297.6666666666667595,,595,893,460297.5595,,595,893,4600595,,595,893,460Infinity595,,595,893,460\""],"callbackArgs":["{\"0\":242,\"1\":460,\"2\":4,\"3\":[595,157,595,893,460]}","{\"0\":null,\"1\":893,\"2\":3,\"3\":[595,157,595,893,460,null,null,null,null,true]}","{\"0\":null,\"1\":595,\"2\":2,\"3\":[595,157,595,893,460,null,null,null,null,true]}","{\"0\":null,\"1\":157,\"2\":1,\"3\":[595,157,595,893,460,null,null,null,null,true]}","{\"0\":null,\"1\":595,\"2\":0,\"3\":[595,157,595,893,460,null,null,null,null,true]}","{\"0\":true,\"1\":460,\"2\":4,\"3\":[595,157,595,893,460]}","{\"0\":null,\"1\":893,\"2\":3,\"3\":[595,157,595,893,460]}","{\"0\":null,\"1\":595,\"2\":2,\"3\":[595,157,595,893,460]}","{\"0\":null,\"1\":157,\"2\":1,\"3\":[595,157,595,893,460]}","{\"0\":null,\"1\":595,\"2\":0,\"3\":[595,157,595,893,460]}","{\"1\":460,\"2\":4,\"3\":[595,157,595,893,460]}","{\"0\":1.0785820455660328e+308,\"1\":460,\"2\":4,\"3\":[595,157,595,893,460]}","{\"0\":\"1.0785820455660328e+308595,,595,893,460\",\"1\":893,\"2\":3,\"3\":[595,\"\",595,893,460]}","{\"0\":\"1.0785820455660328e+308595,,595,893,460297.6666666666667595,,595,893,460\",\"1\":595,\"2\":2,\"3\":[595,\"\",595,893,460]}","{\"0\":\"1.0785820455660328e+308595,,595,893,460297.6666666666667595,,595,893,460297.5595,,595,893,460\",\"1\":\"\",\"2\":1,\"3\":[595,\"\",595,893,460]}","{\"0\":\"1.0785820455660328e+308595,,595,893,460297.6666666666667595,,595,893,460297.5595,,595,893,4600595,,595,893,460\",\"1\":595,\"2\":0,\"3\":[595,\"\",595,893,460]}"]}