{"baseObjects":["[\"e\",\"M\",{\"0\":\"p\",\"4.23828821453722e+307\":\"F!$4l\",\"1.5251545667722466e+308\":705,\"1.296467925069449e+308\":\"::\",\"3.972378139512312e+307\":\"E2\",\"3.9804138699008134e+307\":\"\"},\"O4\",null,null,null]","[\"e\",\"M\",\"s\",\"O4\"]","[\"e\",\"M\",\"s\",\"O4\"]","[\"e\",\"M\",\"s\",\"O4\"]"],"returnObjects":["null","\"Error\"","\"NaNe,M,s,O4\"","\"Error\""],"callbackArgs":["{\"0\":null,\"1\":\"O4\",\"2\":3,\"3\":[\"e\",\"M\",\"s\",\"O4\"]}","{\"0\":null,\"1\":{\"0\":\"p\",\"4.23828821453722e+307\":\"F!$4l\",\"1.5251545667722466e+308\":705,\"1.296467925069449e+308\":\"::\",\"3.972378139512312e+307\":\"E2\",\"3.9804138699008134e+307\":\"\"},\"2\":2,\"3\":[\"e\",\"M\",{\"0\":\"p\",\"4.23828821453722e+307\":\"F!$4l\",\"1.5251545667722466e+308\":705,\"1.296467925069449e+308\":\"::\",\"3.972378139512312e+307\":\"E2\",\"3.9804138699008134e+307\":\"\"},\"O4\",null,null,null]}","{\"0\":null,\"1\":\"M\",\"2\":1,\"3\":[\"e\",\"M\",{\"0\":\"p\",\"4.23828821453722e+307\":\"F!$4l\",\"1.5251545667722466e+308\":705,\"1.296467925069449e+308\":\"::\",\"3.972378139512312e+307\":\"E2\",\"3.9804138699008134e+307\":\"\"},\"O4\",null,null,null]}","{\"0\":null,\"1\":\"e\",\"2\":0,\"3\":[\"e\",\"M\",{\"0\":\"p\",\"4.23828821453722e+307\":\"F!$4l\",\"1.5251545667722466e+308\":705,\"1.296467925069449e+308\":\"::\",\"3.972378139512312e+307\":\"E2\",\"3.9804138699008134e+307\":\"\"},\"O4\",null,null,null]}","{\"0\":null,\"1\":\"O4\",\"2\":3,\"3\":[\"e\",\"M\",\"s\",\"O4\"]}","{\"0\":\"O4\",\"1\":\"s\",\"2\":2,\"3\":[\"e\",\"M\",\"s\",\"O4\"]}","{\"0\":\"NaNe,M,s,O4\",\"1\":\"M\",\"2\":1,\"3\":[\"e\",\"M\",\"s\",\"O4\"]}","{\"0\":\"NaNe,M,s,O4\",\"1\":\"e\",\"2\":0,\"3\":[\"e\",\"M\",\"s\",\"O4\"]}","{\"0\":{\"595\":\"\",\"1.3788309692694524e+308\":5e-324,\"\":1.0852710181541324e+308,\"A\":\"&WYS4\",\"9.927956148233684e+307\":1.7596871007859898e+308,\"1.5706450184473583e+308\":\"\",\"1.6095157234184756e+308\":1.0571006351595602e+308},\"1\":\"O4\",\"2\":3,\"3\":[\"e\",\"M\",\"s\",\"O4\"]}"]}