{"baseObjects":["[1.7976931348623157e+308,705,49]","[1.7976931348623157e+308,705,49]","[1.7976931348623157e+308,705,49]","[1.7976931348623157e+308,705,49]"],"returnObjects":["null","\"Error\"","\"Error\"","null"],"callbackArgs":["{\"0\":true,\"1\":49,\"2\":2,\"3\":[1.7976931348623157e+308,705,49]}","{\"0\":null,\"1\":705,\"2\":1,\"3\":[1.7976931348623157e+308,705,49]}","{\"0\":null,\"1\":1.7976931348623157e+308,\"2\":0,\"3\":[1.7976931348623157e+308,705,49]}","{\"0\":157,\"1\":49,\"2\":2,\"3\":[1.7976931348623157e+308,705,49]}","{\"0\":true,\"1\":49,\"2\":2,\"3\":[1.7976931348623157e+308,705,49]}","{\"0\":null,\"1\":705,\"2\":1,\"3\":[1.7976931348623157e+308,705,49]}","{\"0\":null,\"1\":1.7976931348623157e+308,\"2\":0,\"3\":[1.7976931348623157e+308,705,49]}"]}