{"baseObjects":["[\"[e\",\"`\",\"4\",\"Y\",\"zL\",\"C?\",\"n\"]","[\"[e\",\"`\",\"4\",\"Y\",\"zL\",\"C?\",\"n\"]","[\"[e\",\"`\",\"4\",\"Y\",\"zL\",\"C?\",\"n\",{\"893\":\"BA\",\"\":\"\",\">\":\"\",\"1.138485125049531e+308\":\"V\",\"t0G\":893,\"5.049917236330547e+307\":655,\"f\":100,\"5.83260437550614e+307\":\"\",\"8.563536317037757e+307\":5e-324}]","[\"[e\",\"`\",\"4\",\"Y\",\"zL\",\"C?\",\"n\"]"],"returnObjects":["\"Error\"","\"Error\"","\"NaN[e,`,4,Y,zL,C?,n,[object Object]\"","null"],"callbackArgs":["{\"0\":1.720672352712661e+308,\"1\":\"n\",\"2\":6,\"3\":[\"[e\",\"`\",\"4\",\"Y\",\"zL\",\"C?\",\"n\"]}","{\"1\":\"n\",\"2\":6,\"3\":[\"[e\",\"`\",\"4\",\"Y\",\"zL\",\"C?\",\"n\"]}","{\"0\":\"n\",\"1\":\"C?\",\"2\":5,\"3\":[\"[e\",\"`\",\"4\",\"Y\",\"zL\",\"C?\",\"n\"]}","{\"0\":\"NaN[e,`,4,Y,zL,C?,n,[object Object]\",\"1\":\"zL\",\"2\":4,\"3\":[\"[e\",\"`\",\"4\",\"Y\",\"zL\",\"C?\",\"n\",{\"893\":\"BA\",\"\":\"\",\">\":\"\",\"1.138485125049531e+308\":\"V\",\"t0G\":893,\"5.049917236330547e+307\":655,\"f\":100,\"5.83260437550614e+307\":\"\",\"8.563536317037757e+307\":5e-324}]}","{\"0\":\"NaN[e,`,4,Y,zL,C?,n,[object Object]\",\"1\":\"Y\",\"2\":3,\"3\":[\"[e\",\"`\",\"4\",\"Y\",\"zL\",\"C?\",\"n\",{\"893\":\"BA\",\"\":\"\",\">\":\"\",\"1.138485125049531e+308\":\"V\",\"t0G\":893,\"5.049917236330547e+307\":655,\"f\":100,\"5.83260437550614e+307\":\"\",\"8.563536317037757e+307\":5e-324}]}","{\"0\":\"NaN[e,`,4,Y,zL,C?,n,[object Object]\",\"1\":\"4\",\"2\":2,\"3\":[\"[e\",\"`\",\"4\",\"Y\",\"zL\",\"C?\",\"n\",{\"893\":\"BA\",\"\":\"\",\">\":\"\",\"1.138485125049531e+308\":\"V\",\"t0G\":893,\"5.049917236330547e+307\":655,\"f\":100,\"5.83260437550614e+307\":\"\",\"8.563536317037757e+307\":5e-324}]}","{\"0\":\"NaN[e,`,4,Y,zL,C?,n,[object Object]\",\"1\":\"`\",\"2\":1,\"3\":[\"[e\",\"`\",\"4\",\"Y\",\"zL\",\"C?\",\"n\",{\"893\":\"BA\",\"\":\"\",\">\":\"\",\"1.138485125049531e+308\":\"V\",\"t0G\":893,\"5.049917236330547e+307\":655,\"f\":100,\"5.83260437550614e+307\":\"\",\"8.563536317037757e+307\":5e-324}]}","{\"0\":\"NaN[e,`,4,Y,zL,C?,n,[object Object]\",\"1\":\"[e\",\"2\":0,\"3\":[\"[e\",\"`\",\"4\",\"Y\",\"zL\",\"C?\",\"n\",{\"893\":\"BA\",\"\":\"\",\">\":\"\",\"1.138485125049531e+308\":\"V\",\"t0G\":893,\"5.049917236330547e+307\":655,\"f\":100,\"5.83260437550614e+307\":\"\",\"8.563536317037757e+307\":5e-324}]}","{\"0\":\",|\",\"1\":\"n\",\"2\":6,\"3\":[\"[e\",\"`\",\"4\",\"Y\",\"zL\",\"C?\",\"n\"]}","{\"0\":null,\"1\":\"C?\",\"2\":5,\"3\":[\"[e\",\"`\",\"4\",\"Y\",\"zL\",\"C?\",\"n\"]}","{\"0\":null,\"1\":\"zL\",\"2\":4,\"3\":[\"[e\",\"`\",\"4\",\"Y\",\"zL\",\"C?\",\"n\"]}","{\"0\":null,\"1\":\"Y\",\"2\":3,\"3\":[\"[e\",\"`\",\"4\",\"Y\",\"zL\",\"C?\",\"n\"]}","{\"0\":null,\"1\":\"4\",\"2\":2,\"3\":[\"[e\",\"`\",\"4\",\"Y\",\"zL\",\"C?\",\"n\"]}","{\"0\":null,\"1\":\"`\",\"2\":1,\"3\":[\"[e\",\"`\",\"4\",\"Y\",\"zL\",\"C?\",\"n\"]}","{\"0\":null,\"1\":\"[e\",\"2\":0,\"3\":[\"[e\",\"`\",\"4\",\"Y\",\"zL\",\"C?\",\"n\"]}"]}