{"baseObjects":["[\"Y\",\"(\",893]","[\"Y\",\"(\",893]","[\"Y\",\"(\",893,null,null,null,null,null,\"\"]","[\"Y\",\"(\",893]"],"returnObjects":["null","\"NaNY,(,893\"","null","\"Error\""],"callbackArgs":["{\"0\":893,\"1\":\"(\",\"2\":1,\"3\":[\"Y\",\"(\",893]}","{\"0\":null,\"1\":\"Y\",\"2\":0,\"3\":[\"Y\",\"(\",893]}","{\"0\":{\"59\":714,\"\":\"X5&SSF\",\"1.0536067984774534e+308\":\"D\",\"7.905808927061414e+307\":\"\",\"5.821172748577782e+307\":595,\"I\":8.325897879441089e+307,\"|\":1.4980312657685384e+308,\"1.068526753923775e+308\":\"\",\"1.4038055264189595e+308\":122,\"1.3853658114630978e+308\":\"'\"},\"1\":893,\"2\":2,\"3\":[\"Y\",\"(\",893]}","{\"0\":\"NaNY,(,893\",\"1\":\"(\",\"2\":1,\"3\":[\"Y\",\"(\",893]}","{\"0\":\"NaNY,(,893\",\"1\":\"Y\",\"2\":0,\"3\":[\"Y\",\"(\",893]}","{\"0\":true,\"1\":893,\"2\":2,\"3\":[\"Y\",\"(\",893]}","{\"0\":null,\"1\":\"(\",\"2\":1,\"3\":[\"Y\",\"(\",893,null,null,null,null,null,\"\"]}","{\"0\":null,\"1\":\"Y\",\"2\":0,\"3\":[\"Y\",\"(\",893,null,null,null,null,null,\"\"]}","{\"1\":893,\"2\":2,\"3\":[\"Y\",\"(\",893]}"]}