{"baseObjects":["[823,655,714,5e-324,969,100,655,1.7976931348623157e+308]","[823,655,714,5e-324,969,100,655,1.7976931348623157e+308]","[823,655,714,5e-324,969,100,655,1.7976931348623157e+308]","[[\" B\",\"1G%&\",\"q%Tu\",\"2\",\"c\",\",\",\"J\",\"5\"],655,714,5e-324,969,100,655,1.7976931348623157e+308]"],"returnObjects":["null","\"Error\"","null","\"NaNNaNNaNNaNNaNNaNNaNNaN\""],"callbackArgs":["{\"0\":0,\"1\":1.7976931348623157e+308,\"2\":7,\"3\":[823,655,714,5e-324,969,100,655,1.7976931348623157e+308]}","{\"0\":null,\"1\":655,\"2\":6,\"3\":[823,655,714,5e-324,969,100,655,1.7976931348623157e+308]}","{\"0\":null,\"1\":100,\"2\":5,\"3\":[823,655,714,5e-324,969,100,655,1.7976931348623157e+308]}","{\"0\":null,\"1\":969,\"2\":4,\"3\":[823,655,714,5e-324,969,100,655,1.7976931348623157e+308]}","{\"0\":null,\"1\":5e-324,\"2\":3,\"3\":[823,655,714,5e-324,969,100,655,1.7976931348623157e+308]}","{\"0\":null,\"1\":714,\"2\":2,\"3\":[823,655,714,5e-324,969,100,655,1.7976931348623157e+308]}","{\"0\":null,\"1\":655,\"2\":1,\"3\":[823,655,714,5e-324,969,100,655,1.7976931348623157e+308]}","{\"0\":null,\"1\":823,\"2\":0,\"3\":[823,655,714,5e-324,969,100,655,1.7976931348623157e+308]}","{\"0\":null,\"1\":1.7976931348623157e+308,\"2\":7,\"3\":[823,655,714,5e-324,969,100,655,1.7976931348623157e+308]}","{\"0\":null,\"1\":1.7976931348623157e+308,\"2\":7,\"3\":[823,655,714,5e-324,969,100,655,1.7976931348623157e+308]}","{\"0\":null,\"1\":655,\"2\":6,\"3\":[823,655,714,5e-324,969,100,655,1.7976931348623157e+308]}","{\"0\":null,\"1\":100,\"2\":5,\"3\":[823,655,714,5e-324,969,100,655,1.7976931348623157e+308]}","{\"0\":null,\"1\":969,\"2\":4,\"3\":[823,655,714,5e-324,969,100,655,1.7976931348623157e+308]}","{\"0\":null,\"1\":5e-324,\"2\":3,\"3\":[823,655,714,5e-324,969,100,655,1.7976931348623157e+308]}","{\"0\":null,\"1\":714,\"2\":2,\"3\":[823,655,714,5e-324,969,100,655,1.7976931348623157e+308]}","{\"0\":null,\"1\":655,\"2\":1,\"3\":[823,655,714,5e-324,969,100,655,1.7976931348623157e+308]}","{\"0\":null,\"1\":823,\"2\":0,\"3\":[823,655,714,5e-324,969,100,655,1.7976931348623157e+308]}","{\"0\":\"\",\"1\":1.7976931348623157e+308,\"2\":7,\"3\":[823,655,714,5e-324,969,100,655,1.7976931348623157e+308]}","{\"0\":\"NaN\",\"1\":655,\"2\":6,\"3\":[[\" B\",\"1G%&\",\"q%Tu\",\"2\",\"c\",\",\",\"J\",\"5\"],655,714,5e-324,969,100,655,1.7976931348623157e+308]}","{\"0\":\"NaNNaN\",\"1\":100,\"2\":5,\"3\":[[\" B\",\"1G%&\",\"q%Tu\",\"2\",\"c\",\",\",\"J\",\"5\"],655,714,5e-324,969,100,655,1.7976931348623157e+308]}","{\"0\":\"NaNNaNNaN\",\"1\":969,\"2\":4,\"3\":[[\" B\",\"1G%&\",\"q%Tu\",\"2\",\"c\",\",\",\"J\",\"5\"],655,714,5e-324,969,100,655,1.7976931348623157e+308]}","{\"0\":\"NaNNaNNaNNaN\",\"1\":5e-324,\"2\":3,\"3\":[[\" B\",\"1G%&\",\"q%Tu\",\"2\",\"c\",\",\",\"J\",\"5\"],655,714,5e-324,969,100,655,1.7976931348623157e+308]}","{\"0\":\"NaNNaNNaNNaNNaN\",\"1\":714,\"2\":2,\"3\":[[\" B\",\"1G%&\",\"q%Tu\",\"2\",\"c\",\",\",\"J\",\"5\"],655,714,5e-324,969,100,655,1.7976931348623157e+308]}","{\"0\":\"NaNNaNNaNNaNNaNNaN\",\"1\":655,\"2\":1,\"3\":[[\" B\",\"1G%&\",\"q%Tu\",\"2\",\"c\",\",\",\"J\",\"5\"],655,714,5e-324,969,100,655,1.7976931348623157e+308]}","{\"0\":\"NaNNaNNaNNaNNaNNaNNaN\",\"1\":[\" B\",\"1G%&\",\"q%Tu\",\"2\",\"c\",\",\",\"J\",\"5\"],\"2\":0,\"3\":[[\" B\",\"1G%&\",\"q%Tu\",\"2\",\"c\",\",\",\"J\",\"5\"],655,714,5e-324,969,100,655,1.7976931348623157e+308]}"]}