{"baseObjects":["[969,705,618,618,157]","[969,705,618,618,157]","[969,705,618,618,157]","[969,705,618,618,157]"],"returnObjects":["null","null","\"Error\"","\"NaN969,705,618,618,157\""],"callbackArgs":["{\"0\":false,\"1\":157,\"2\":4,\"3\":[969,705,618,618,157]}","{\"0\":null,\"1\":618,\"2\":3,\"3\":[969,705,618,618,157]}","{\"0\":null,\"1\":618,\"2\":2,\"3\":[969,705,618,618,157]}","{\"0\":null,\"1\":705,\"2\":1,\"3\":[969,705,618,618,157]}","{\"0\":null,\"1\":969,\"2\":0,\"3\":[969,705,618,618,157]}","{\"0\":157,\"1\":618,\"2\":3,\"3\":[969,705,618,618,157]}","{\"0\":null,\"1\":618,\"2\":2,\"3\":[969,705,618,618,157]}","{\"0\":null,\"1\":705,\"2\":1,\"3\":[969,705,618,618,157]}","{\"0\":null,\"1\":969,\"2\":0,\"3\":[969,705,618,618,157]}","{\"1\":157,\"2\":4,\"3\":[969,705,618,618,157]}","{\"0\":3.2527318321714125e+307,\"1\":157,\"2\":4,\"3\":[969,705,618,618,157]}","{\"0\":\"5.179509286897153e+304969,705,618,618,157\",\"1\":618,\"2\":3,\"3\":[969,705,618,618,157]}","{\"0\":\"NaN969,705,618,618,157\",\"1\":618,\"2\":2,\"3\":[969,705,618,618,157]}","{\"0\":\"NaN969,705,618,618,157\",\"1\":705,\"2\":1,\"3\":[969,705,618,618,157]}","{\"0\":\"NaN969,705,618,618,157\",\"1\":969,\"2\":0,\"3\":[969,705,618,618,157]}"]}