{"baseObjects":["[122,893,100,783,1.7976931348623157e+308,126,595,213,403]","[122,893,100,783,1.7976931348623157e+308,126,595,213,403]","[122,893,100,783,1.7976931348623157e+308,126,595,213,403]","[122,893,100,783,1.7976931348623157e+308,126,595,213,403]"],"returnObjects":["null","\"Error\"","null","\"Error\""],"callbackArgs":["{\"0\":[122,705,460,1.7976931348623157e+308,893,5e-324,607,122,-100],\"1\":403,\"2\":8,\"3\":[122,893,100,783,1.7976931348623157e+308,126,595,213,403]}","{\"0\":null,\"1\":213,\"2\":7,\"3\":[122,893,100,783,1.7976931348623157e+308,126,595,213,403]}","{\"0\":null,\"1\":595,\"2\":6,\"3\":[122,893,100,783,1.7976931348623157e+308,126,595,213,403]}","{\"0\":null,\"1\":126,\"2\":5,\"3\":[122,893,100,783,1.7976931348623157e+308,126,595,213,403]}","{\"0\":null,\"1\":1.7976931348623157e+308,\"2\":4,\"3\":[122,893,100,783,1.7976931348623157e+308,126,595,213,403]}","{\"0\":null,\"1\":783,\"2\":3,\"3\":[122,893,100,783,1.7976931348623157e+308,126,595,213,403]}","{\"0\":null,\"1\":100,\"2\":2,\"3\":[122,893,100,783,1.7976931348623157e+308,126,595,213,403]}","{\"0\":null,\"1\":893,\"2\":1,\"3\":[122,893,100,783,1.7976931348623157e+308,126,595,213,403]}","{\"0\":null,\"1\":122,\"2\":0,\"3\":[122,893,100,783,1.7976931348623157e+308,126,595,213,403]}","{\"1\":403,\"2\":8,\"3\":[122,893,100,783,1.7976931348623157e+308,126,595,213,403]}","{\"0\":[-1,460,0,126,49,595,969,157,705],\"1\":403,\"2\":8,\"3\":[122,893,100,783,1.7976931348623157e+308,126,595,213,403]}","{\"0\":null,\"1\":213,\"2\":7,\"3\":[122,893,100,783,1.7976931348623157e+308,126,595,213,403]}","{\"0\":null,\"1\":595,\"2\":6,\"3\":[122,893,100,783,1.7976931348623157e+308,126,595,213,403]}","{\"0\":null,\"1\":126,\"2\":5,\"3\":[122,893,100,783,1.7976931348623157e+308,126,595,213,403]}","{\"0\":null,\"1\":1.7976931348623157e+308,\"2\":4,\"3\":[122,893,100,783,1.7976931348623157e+308,126,595,213,403]}","{\"0\":null,\"1\":783,\"2\":3,\"3\":[122,893,100,783,1.7976931348623157e+308,126,595,213,403]}","{\"0\":null,\"1\":100,\"2\":2,\"3\":[122,893,100,783,1.7976931348623157e+308,126,595,213,403]}","{\"0\":null,\"1\":893,\"2\":1,\"3\":[122,893,100,783,1.7976931348623157e+308,126,595,213,403]}","{\"0\":null,\"1\":122,\"2\":0,\"3\":[122,893,100,783,1.7976931348623157e+308,126,595,213,403]}","{\"0\":null,\"1\":403,\"2\":8,\"3\":[122,893,100,783,1.7976931348623157e+308,126,595,213,403]}"]}