{"baseObjects":["[655,843]","[655,843]","[]","[82,\"h\",\"3\",969,\"P8c\",\"H\",\"B\"]"],"returnObjects":["\"Error\"","\"NaN655,843\"","\"Error\"","null"],"callbackArgs":["{\"0\":false,\"1\":843,\"2\":1,\"3\":[655,843]}","{\"0\":[242,100],\"1\":843,\"2\":1,\"3\":[655,843]}","{\"0\":\"NaN655,843\",\"1\":655,\"2\":0,\"3\":[655,843]}","{\"0\":843,\"1\":655,\"2\":0,\"3\":[655,843]}","{\"0\":1.2115177157823008e+307,\"1\":843,\"2\":1,\"3\":[655,843]}","{\"0\":null,\"1\":[\"h\",126,\"=)=\",1.7976931348623157e+308,5e-324,969,\"5W\",618],\"2\":0,\"3\":[[\"h\",126,\"=)=\",1.7976931348623157e+308,5e-324,969,\"5W\",618],843]}"]}