{"baseObjects":["[\"Qr^<U=s\",\">\",\"rM\",\"E\",\"n(U\",\"2\",1.6527534900073757e+308,9.476996729349944e+307,\"o\"]","[\"Qr^<U=s\",\">\",\"rM\",\"E\",\"n(U\",\"2\",\"U+\",\"IX\",\"o\"]","[\"Qr^<U=s\",\">\",\"rM\",\"E\",\"n(U\",\"2\",\"U+\",\"IX\",\"o\"]","[\"Qr^<U=s\",\">\",\"rM\",\"E\",\"n(U\",\"2\",\"U+\",\"IX\",\"o\"]"],"returnObjects":["\"NaNQr^<U=s,>,rM,E,n(U,2,1.6527534900073757e+308,9.476996729349944e+307,o\"","null","\"NaNQr^<U=s,>,rM,E,n(U,2,U+,IX,o\"","\"NaNQr^<U=s,>,rM,E,n(U,2,U+,IX,o\""],"callbackArgs":["{\"1\":\"o\",\"2\":8,\"3\":[\"Qr^<U=s\",\">\",\"rM\",\"E\",\"n(U\",\"2\",\"U+\",\"IX\",\"o\"]}","{\"0\":\"NaNQr^<U=s,>,rM,E,n(U,2,1.6527534900073757e+308,9.476996729349944e+307,o\",\"1\":9.476996729349944e+307,\"2\":7,\"3\":[\"Qr^<U=s\",\">\",\"rM\",\"E\",\"n(U\",\"2\",1.6527534900073757e+308,9.476996729349944e+307,\"o\"]}","{\"0\":\"NaNQr^<U=s,>,rM,E,n(U,2,1.6527534900073757e+308,9.476996729349944e+307,o\",\"1\":1.6527534900073757e+308,\"2\":6,\"3\":[\"Qr^<U=s\",\">\",\"rM\",\"E\",\"n(U\",\"2\",1.6527534900073757e+308,9.476996729349944e+307,\"o\"]}","{\"0\":\"NaNQr^<U=s,>,rM,E,n(U,2,1.6527534900073757e+308,9.476996729349944e+307,o\",\"1\":\"2\",\"2\":5,\"3\":[\"Qr^<U=s\",\">\",\"rM\",\"E\",\"n(U\",\"2\",1.6527534900073757e+308,9.476996729349944e+307,\"o\"]}","{\"0\":\"NaNQr^<U=s,>,rM,E,n(U,2,1.6527534900073757e+308,9.476996729349944e+307,o\",\"1\":\"n(U\",\"2\":4,\"3\":[\"Qr^<U=s\",\">\",\"rM\",\"E\",\"n(U\",\"2\",1.6527534900073757e+308,9.476996729349944e+307,\"o\"]}","{\"0\":\"NaNQr^<U=s,>,rM,E,n(U,2,1.6527534900073757e+308,9.476996729349944e+307,o\",\"1\":\"E\",\"2\":3,\"3\":[\"Qr^<U=s\",\">\",\"rM\",\"E\",\"n(U\",\"2\",1.6527534900073757e+308,9.476996729349944e+307,\"o\"]}","{\"0\":\"NaNQr^<U=s,>,rM,E,n(U,2,1.6527534900073757e+308,9.476996729349944e+307,o\",\"1\":\"rM\",\"2\":2,\"3\":[\"Qr^<U=s\",\">\",\"rM\",\"E\",\"n(U\",\"2\",1.6527534900073757e+308,9.476996729349944e+307,\"o\"]}","{\"0\":\"NaNQr^<U=s,>,rM,E,n(U,2,1.6527534900073757e+308,9.476996729349944e+307,o\",\"1\":\">\",\"2\":1,\"3\":[\"Qr^<U=s\",\">\",\"rM\",\"E\",\"n(U\",\"2\",1.6527534900073757e+308,9.476996729349944e+307,\"o\"]}","{\"0\":\"NaNQr^<U=s,>,rM,E,n(U,2,1.6527534900073757e+308,9.476996729349944e+307,o\",\"1\":\"Qr^<U=s\",\"2\":0,\"3\":[\"Qr^<U=s\",\">\",\"rM\",\"E\",\"n(U\",\"2\",1.6527534900073757e+308,9.476996729349944e+307,\"o\"]}","{\"0\":\"o\",\"1\":\"IX\",\"2\":7,\"3\":[\"Qr^<U=s\",\">\",\"rM\",\"E\",\"n(U\",\"2\",\"U+\",\"IX\",\"o\"]}","{\"0\":null,\"1\":\"U+\",\"2\":6,\"3\":[\"Qr^<U=s\",\">\",\"rM\",\"E\",\"n(U\",\"2\",\"U+\",\"IX\",\"o\"]}","{\"0\":null,\"1\":\"2\",\"2\":5,\"3\":[\"Qr^<U=s\",\">\",\"rM\",\"E\",\"n(U\",\"2\",\"U+\",\"IX\",\"o\"]}","{\"0\":null,\"1\":\"n(U\",\"2\":4,\"3\":[\"Qr^<U=s\",\">\",\"rM\",\"E\",\"n(U\",\"2\",\"U+\",\"IX\",\"o\"]}","{\"0\":null,\"1\":\"E\",\"2\":3,\"3\":[\"Qr^<U=s\",\">\",\"rM\",\"E\",\"n(U\",\"2\",\"U+\",\"IX\",\"o\"]}","{\"0\":null,\"1\":\"rM\",\"2\":2,\"3\":[\"Qr^<U=s\",\">\",\"rM\",\"E\",\"n(U\",\"2\",\"U+\",\"IX\",\"o\"]}","{\"0\":null,\"1\":\">\",\"2\":1,\"3\":[\"Qr^<U=s\",\">\",\"rM\",\"E\",\"n(U\",\"2\",\"U+\",\"IX\",\"o\"]}","{\"0\":null,\"1\":\"Qr^<U=s\",\"2\":0,\"3\":[\"Qr^<U=s\",\">\",\"rM\",\"E\",\"n(U\",\"2\",\"U+\",\"IX\",\"o\"]}","{\"0\":\"o\",\"1\":\"IX\",\"2\":7,\"3\":[\"Qr^<U=s\",\">\",\"rM\",\"E\",\"n(U\",\"2\",\"U+\",\"IX\",\"o\"]}","{\"0\":\"NaNQr^<U=s,>,rM,E,n(U,2,U+,IX,o\",\"1\":\"U+\",\"2\":6,\"3\":[\"Qr^<U=s\",\">\",\"rM\",\"E\",\"n(U\",\"2\",\"U+\",\"IX\",\"o\"]}","{\"0\":\"NaNQr^<U=s,>,rM,E,n(U,2,U+,IX,o\",\"1\":\"2\",\"2\":5,\"3\":[\"Qr^<U=s\",\">\",\"rM\",\"E\",\"n(U\",\"2\",\"U+\",\"IX\",\"o\"]}","{\"0\":\"NaNQr^<U=s,>,rM,E,n(U,2,U+,IX,o\",\"1\":\"n(U\",\"2\":4,\"3\":[\"Qr^<U=s\",\">\",\"rM\",\"E\",\"n(U\",\"2\",\"U+\",\"IX\",\"o\"]}","{\"0\":\"NaNQr^<U=s,>,rM,E,n(U,2,U+,IX,o\",\"1\":\"E\",\"2\":3,\"3\":[\"Qr^<U=s\",\">\",\"rM\",\"E\",\"n(U\",\"2\",\"U+\",\"IX\",\"o\"]}","{\"0\":\"NaNQr^<U=s,>,rM,E,n(U,2,U+,IX,o\",\"1\":\"rM\",\"2\":2,\"3\":[\"Qr^<U=s\",\">\",\"rM\",\"E\",\"n(U\",\"2\",\"U+\",\"IX\",\"o\"]}","{\"0\":\"NaNQr^<U=s,>,rM,E,n(U,2,U+,IX,o\",\"1\":\">\",\"2\":1,\"3\":[\"Qr^<U=s\",\">\",\"rM\",\"E\",\"n(U\",\"2\",\"U+\",\"IX\",\"o\"]}","{\"0\":\"NaNQr^<U=s,>,rM,E,n(U,2,U+,IX,o\",\"1\":\"Qr^<U=s\",\"2\":0,\"3\":[\"Qr^<U=s\",\">\",\"rM\",\"E\",\"n(U\",\"2\",\"U+\",\"IX\",\"o\"]}","{\"0\":true,\"1\":\"o\",\"2\":8,\"3\":[\"Qr^<U=s\",\">\",\"rM\",\"E\",\"n(U\",\"2\",\"U+\",\"IX\",\"o\"]}","{\"0\":\"NaNQr^<U=s,>,rM,E,n(U,2,U+,IX,o\",\"1\":\"IX\",\"2\":7,\"3\":[\"Qr^<U=s\",\">\",\"rM\",\"E\",\"n(U\",\"2\",\"U+\",\"IX\",\"o\"]}","{\"0\":\"NaNQr^<U=s,>,rM,E,n(U,2,U+,IX,o\",\"1\":\"U+\",\"2\":6,\"3\":[\"Qr^<U=s\",\">\",\"rM\",\"E\",\"n(U\",\"2\",\"U+\",\"IX\",\"o\"]}","{\"0\":\"NaNQr^<U=s,>,rM,E,n(U,2,U+,IX,o\",\"1\":\"2\",\"2\":5,\"3\":[\"Qr^<U=s\",\">\",\"rM\",\"E\",\"n(U\",\"2\",\"U+\",\"IX\",\"o\"]}","{\"0\":\"NaNQr^<U=s,>,rM,E,n(U,2,U+,IX,o\",\"1\":\"n(U\",\"2\":4,\"3\":[\"Qr^<U=s\",\">\",\"rM\",\"E\",\"n(U\",\"2\",\"U+\",\"IX\",\"o\"]}","{\"0\":\"NaNQr^<U=s,>,rM,E,n(U,2,U+,IX,o\",\"1\":\"E\",\"2\":3,\"3\":[\"Qr^<U=s\",\">\",\"rM\",\"E\",\"n(U\",\"2\",\"U+\",\"IX\",\"o\"]}","{\"0\":\"NaNQr^<U=s,>,rM,E,n(U,2,U+,IX,o\",\"1\":\"rM\",\"2\":2,\"3\":[\"Qr^<U=s\",\">\",\"rM\",\"E\",\"n(U\",\"2\",\"U+\",\"IX\",\"o\"]}","{\"0\":\"NaNQr^<U=s,>,rM,E,n(U,2,U+,IX,o\",\"1\":\">\",\"2\":1,\"3\":[\"Qr^<U=s\",\">\",\"rM\",\"E\",\"n(U\",\"2\",\"U+\",\"IX\",\"o\"]}","{\"0\":\"NaNQr^<U=s,>,rM,E,n(U,2,U+,IX,o\",\"1\":\"Qr^<U=s\",\"2\":0,\"3\":[\"Qr^<U=s\",\">\",\"rM\",\"E\",\"n(U\",\"2\",\"U+\",\"IX\",\"o\"]}"]}