{"baseObjects":["[{\"1.0786099467495373e+308\":82,\"g\":1.476072347630277e+308,\"6.276586594021555e+307\":618},714,null,null,null,{\"893\":\"V\",\"-100\":\"\",\"\":1.2234641080444905e+308,\"KP\":403,\"PQ`\":\"l@a\",\"7.946828847605489e+306\":\"@7\"}]","[460,714]","[460,714,null,null,null,null,false]","[460,714,null]"],"returnObjects":["null","null","\"Error\"","\"Error\""],"callbackArgs":["{\"0\":714,\"1\":460,\"2\":0,\"3\":[460,714]}","{\"0\":\"NNT\",\"1\":714,\"2\":1,\"3\":[460,714]}","{\"0\":null,\"1\":460,\"2\":0,\"3\":[460,714]}","{\"0\":714,\"1\":460,\"2\":0,\"3\":[460,714]}","{\"0\":714,\"1\":460,\"2\":0,\"3\":[460,714]}"]}