{"baseObjects":["[1.7976931348623157e+308,\"&\"]","[1.7976931348623157e+308,\"&\",null,null,null,null]","[1.7976931348623157e+308,\"&\"]","[1.7976931348623157e+308,\"\"]"],"returnObjects":["\"Error\"","\"Error\"","\"Error\"","null"],"callbackArgs":["{\"0\":null,\"1\":\"&\",\"2\":1,\"3\":[1.7976931348623157e+308,\"&\"]}","{\"0\":783,\"1\":\"&\",\"2\":1,\"3\":[1.7976931348623157e+308,\"&\"]}","{\"0\":\"&\",\"1\":1.7976931348623157e+308,\"2\":0,\"3\":[1.7976931348623157e+308,\"&\"]}","{\"0\":\"&\",\"1\":1.7976931348623157e+308,\"2\":0,\"3\":[1.7976931348623157e+308,\"&\"]}"]}