{"baseObjects":["[\"Ys*yjP\",\"h\",\"gXL\",\"Jx\",\"5\",\"75A\",\"o[\",\"U2\",[25,705,100,25,595,122,0,157]]","[\"Ys*yjP\",\"h\",\"gXL\",\"Jx\",\"5\",\"75A\",\"o[\",\"U2\",{\"49\":242,\"843\":3.50775313451604e+305,\"\":\"K\",\"1.1508981221717804e+307\":4.907138319665248e+307,\"q9m\":595,\"(\":\"K\",\"3.023116731560942e+307\":\"R@\",\"6.291951990783069e+306\":6.84436757783497e+306,\"1.1823728225259848e+308\":157}]","[\"Ys*yjP\",\"h\",\"gXL\",\"x\",\"5\",\"75A\",\"o[\",\"U2\"]","[\"Ys*yjP\",\"h\",\"gXL\",\"Jx\",\"5\",\"75A\",\"o[\",\"U2\"]"],"returnObjects":["null","\"U2NaNNaNNaNNaNNaNNaNNaN\"","null","\"Error\""],"callbackArgs":["{\"0\":null,\"1\":\"U2\",\"2\":7,\"3\":[\"Ys*yjP\",\"h\",\"gXL\",\"Jx\",\"5\",\"75A\",\"o[\",\"U2\"]}","{\"0\":null,\"1\":\"o[\",\"2\":6,\"3\":[\"Ys*yjP\",\"h\",\"gXL\",\"Jx\",\"5\",\"75A\",\"o[\",\"U2\",[25,705,100,25,595,122,0,157]]}","{\"0\":null,\"1\":\"75A\",\"2\":5,\"3\":[\"Ys*yjP\",\"h\",\"gXL\",\"Jx\",\"5\",\"75A\",\"o[\",\"U2\",[25,705,100,25,595,122,0,157]]}","{\"0\":null,\"1\":\"5\",\"2\":4,\"3\":[\"Ys*yjP\",\"h\",\"gXL\",\"Jx\",\"5\",\"75A\",\"o[\",\"U2\",[25,705,100,25,595,122,0,157]]}","{\"0\":null,\"1\":\"Jx\",\"2\":3,\"3\":[\"Ys*yjP\",\"h\",\"gXL\",\"Jx\",\"5\",\"75A\",\"o[\",\"U2\",[25,705,100,25,595,122,0,157]]}","{\"0\":null,\"1\":\"gXL\",\"2\":2,\"3\":[\"Ys*yjP\",\"h\",\"gXL\",\"Jx\",\"5\",\"75A\",\"o[\",\"U2\",[25,705,100,25,595,122,0,157]]}","{\"0\":null,\"1\":\"h\",\"2\":1,\"3\":[\"Ys*yjP\",\"h\",\"gXL\",\"Jx\",\"5\",\"75A\",\"o[\",\"U2\",[25,705,100,25,595,122,0,157]]}","{\"0\":null,\"1\":\"Ys*yjP\",\"2\":0,\"3\":[\"Ys*yjP\",\"h\",\"gXL\",\"Jx\",\"5\",\"75A\",\"o[\",\"U2\",[25,705,100,25,595,122,0,157]]}","{\"0\":\"U2\",\"1\":\"o[\",\"2\":6,\"3\":[\"Ys*yjP\",\"h\",\"gXL\",\"Jx\",\"5\",\"75A\",\"o[\",\"U2\"]}","{\"0\":\"U2NaN\",\"1\":\"75A\",\"2\":5,\"3\":[\"Ys*yjP\",\"h\",\"gXL\",\"Jx\",\"5\",\"75A\",\"o[\",\"U2\",{\"49\":242,\"843\":3.50775313451604e+305,\"\":\"K\",\"1.1508981221717804e+307\":4.907138319665248e+307,\"q9m\":595,\"(\":\"K\",\"3.023116731560942e+307\":\"R@\",\"6.291951990783069e+306\":6.84436757783497e+306,\"1.1823728225259848e+308\":157}]}","{\"0\":\"U2NaNNaN\",\"1\":\"5\",\"2\":4,\"3\":[\"Ys*yjP\",\"h\",\"gXL\",\"Jx\",\"5\",\"75A\",\"o[\",\"U2\",{\"49\":242,\"843\":3.50775313451604e+305,\"\":\"K\",\"1.1508981221717804e+307\":4.907138319665248e+307,\"q9m\":595,\"(\":\"K\",\"3.023116731560942e+307\":\"R@\",\"6.291951990783069e+306\":6.84436757783497e+306,\"1.1823728225259848e+308\":157}]}","{\"0\":\"U2NaNNaNNaN\",\"1\":\"Jx\",\"2\":3,\"3\":[\"Ys*yjP\",\"h\",\"gXL\",\"Jx\",\"5\",\"75A\",\"o[\",\"U2\",{\"49\":242,\"843\":3.50775313451604e+305,\"\":\"K\",\"1.1508981221717804e+307\":4.907138319665248e+307,\"q9m\":595,\"(\":\"K\",\"3.023116731560942e+307\":\"R@\",\"6.291951990783069e+306\":6.84436757783497e+306,\"1.1823728225259848e+308\":157}]}","{\"0\":\"U2NaNNaNNaNNaN\",\"1\":\"gXL\",\"2\":2,\"3\":[\"Ys*yjP\",\"h\",\"gXL\",\"Jx\",\"5\",\"75A\",\"o[\",\"U2\",{\"49\":242,\"843\":3.50775313451604e+305,\"\":\"K\",\"1.1508981221717804e+307\":4.907138319665248e+307,\"q9m\":595,\"(\":\"K\",\"3.023116731560942e+307\":\"R@\",\"6.291951990783069e+306\":6.84436757783497e+306,\"1.1823728225259848e+308\":157}]}","{\"0\":\"U2NaNNaNNaNNaNNaN\",\"1\":\"h\",\"2\":1,\"3\":[\"Ys*yjP\",\"h\",\"gXL\",\"Jx\",\"5\",\"75A\",\"o[\",\"U2\",{\"49\":242,\"843\":3.50775313451604e+305,\"\":\"K\",\"1.1508981221717804e+307\":4.907138319665248e+307,\"q9m\":595,\"(\":\"K\",\"3.023116731560942e+307\":\"R@\",\"6.291951990783069e+306\":6.84436757783497e+306,\"1.1823728225259848e+308\":157}]}","{\"0\":\"U2NaNNaNNaNNaNNaNNaN\",\"1\":\"Ys*yjP\",\"2\":0,\"3\":[\"Ys*yjP\",\"h\",\"gXL\",\"Jx\",\"5\",\"75A\",\"o[\",\"U2\",{\"49\":242,\"843\":3.50775313451604e+305,\"\":\"K\",\"1.1508981221717804e+307\":4.907138319665248e+307,\"q9m\":595,\"(\":\"K\",\"3.023116731560942e+307\":\"R@\",\"6.291951990783069e+306\":6.84436757783497e+306,\"1.1823728225259848e+308\":157}]}","{\"0\":\"jy\",\"1\":\"U2\",\"2\":7,\"3\":[\"Ys*yjP\",\"h\",\"gXL\",\"Jx\",\"5\",\"75A\",\"o[\",\"U2\"]}","{\"0\":null,\"1\":\"o[\",\"2\":6,\"3\":[\"Ys*yjP\",\"h\",\"gXL\",\"x\",\"5\",\"75A\",\"o[\",\"U2\"]}","{\"0\":null,\"1\":\"75A\",\"2\":5,\"3\":[\"Ys*yjP\",\"h\",\"gXL\",\"x\",\"5\",\"75A\",\"o[\",\"U2\"]}","{\"0\":null,\"1\":\"5\",\"2\":4,\"3\":[\"Ys*yjP\",\"h\",\"gXL\",\"x\",\"5\",\"75A\",\"o[\",\"U2\"]}","{\"0\":null,\"1\":\"x\",\"2\":3,\"3\":[\"Ys*yjP\",\"h\",\"gXL\",\"x\",\"5\",\"75A\",\"o[\",\"U2\"]}","{\"0\":null,\"1\":\"gXL\",\"2\":2,\"3\":[\"Ys*yjP\",\"h\",\"gXL\",\"x\",\"5\",\"75A\",\"o[\",\"U2\"]}","{\"0\":null,\"1\":\"h\",\"2\":1,\"3\":[\"Ys*yjP\",\"h\",\"gXL\",\"x\",\"5\",\"75A\",\"o[\",\"U2\"]}","{\"0\":null,\"1\":\"Ys*yjP\",\"2\":0,\"3\":[\"Ys*yjP\",\"h\",\"gXL\",\"x\",\"5\",\"75A\",\"o[\",\"U2\"]}","{\"0\":\"U2\",\"1\":\"o[\",\"2\":6,\"3\":[\"Ys*yjP\",\"h\",\"gXL\",\"Jx\",\"5\",\"75A\",\"o[\",\"U2\"]}"]}