{"baseObjects":["[618,893,403,0,595,25,714,59]","[618,893,403,0,595,25,714,59]","[618,893,{\"618\":\"aZ\",\"655\":\"T\",\"783\":\"(\",\"_\":82,\"#\":8.457843870507349e+307,\"1.2315753469081407e+308\":\"U\",\"\":122,\"1.459797330446619e+308\":\";V\",\"7.358032610169914e+307\":\"L\",\"9.331936155695767e+307\":\"\"},0,595,25,714,59]","[618,893,403,0,595,25,714,59]"],"returnObjects":["null","\"Error\"","\"NaN618,893,[object Object],0,595,25,714,59\"","\"Error\""],"callbackArgs":["{\"0\":false,\"1\":59,\"2\":7,\"3\":[618,893,403,0,595,25,714,59]}","{\"0\":null,\"1\":714,\"2\":6,\"3\":[618,893,403,0,595,25,714,59]}","{\"0\":null,\"1\":25,\"2\":5,\"3\":[618,893,403,0,595,25,714,59]}","{\"0\":null,\"1\":595,\"2\":4,\"3\":[618,893,403,0,595,25,714,59]}","{\"0\":null,\"1\":0,\"2\":3,\"3\":[618,893,403,0,595,25,714,59]}","{\"0\":null,\"1\":403,\"2\":2,\"3\":[618,893,403,0,595,25,714,59]}","{\"0\":null,\"1\":893,\"2\":1,\"3\":[618,893,403,0,595,25,714,59]}","{\"0\":null,\"1\":618,\"2\":0,\"3\":[618,893,403,0,595,25,714,59]}","{\"0\":59,\"1\":714,\"2\":6,\"3\":[618,893,403,0,595,25,714,59]}","{\"0\":null,\"1\":59,\"2\":7,\"3\":[618,893,403,0,595,25,714,59]}","{\"0\":\"-7618,893,[object Object],0,595,25,714,59\",\"1\":714,\"2\":6,\"3\":[618,893,{\"618\":\"aZ\",\"655\":\"T\",\"783\":\"(\",\"_\":82,\"#\":8.457843870507349e+307,\"1.2315753469081407e+308\":\"U\",\"\":122,\"1.459797330446619e+308\":\";V\",\"7.358032610169914e+307\":\"L\",\"9.331936155695767e+307\":\"\"},0,595,25,714,59]}","{\"0\":\"NaN618,893,[object Object],0,595,25,714,59\",\"1\":25,\"2\":5,\"3\":[618,893,{\"618\":\"aZ\",\"655\":\"T\",\"783\":\"(\",\"_\":82,\"#\":8.457843870507349e+307,\"1.2315753469081407e+308\":\"U\",\"\":122,\"1.459797330446619e+308\":\";V\",\"7.358032610169914e+307\":\"L\",\"9.331936155695767e+307\":\"\"},0,595,25,714,59]}","{\"0\":\"NaN618,893,[object Object],0,595,25,714,59\",\"1\":595,\"2\":4,\"3\":[618,893,{\"618\":\"aZ\",\"655\":\"T\",\"783\":\"(\",\"_\":82,\"#\":8.457843870507349e+307,\"1.2315753469081407e+308\":\"U\",\"\":122,\"1.459797330446619e+308\":\";V\",\"7.358032610169914e+307\":\"L\",\"9.331936155695767e+307\":\"\"},0,595,25,714,59]}","{\"0\":\"NaN618,893,[object Object],0,595,25,714,59\",\"1\":0,\"2\":3,\"3\":[618,893,{\"618\":\"aZ\",\"655\":\"T\",\"783\":\"(\",\"_\":82,\"#\":8.457843870507349e+307,\"1.2315753469081407e+308\":\"U\",\"\":122,\"1.459797330446619e+308\":\";V\",\"7.358032610169914e+307\":\"L\",\"9.331936155695767e+307\":\"\"},0,595,25,714,59]}","{\"0\":\"NaN618,893,[object Object],0,595,25,714,59\",\"1\":{\"618\":\"aZ\",\"655\":\"T\",\"783\":\"(\",\"_\":82,\"#\":8.457843870507349e+307,\"1.2315753469081407e+308\":\"U\",\"\":122,\"1.459797330446619e+308\":\";V\",\"7.358032610169914e+307\":\"L\",\"9.331936155695767e+307\":\"\"},\"2\":2,\"3\":[618,893,{\"618\":\"aZ\",\"655\":\"T\",\"783\":\"(\",\"_\":82,\"#\":8.457843870507349e+307,\"1.2315753469081407e+308\":\"U\",\"\":122,\"1.459797330446619e+308\":\";V\",\"7.358032610169914e+307\":\"L\",\"9.331936155695767e+307\":\"\"},0,595,25,714,59]}","{\"0\":\"NaN618,893,[object Object],0,595,25,714,59\",\"1\":893,\"2\":1,\"3\":[618,893,{\"618\":\"aZ\",\"655\":\"T\",\"783\":\"(\",\"_\":82,\"#\":8.457843870507349e+307,\"1.2315753469081407e+308\":\"U\",\"\":122,\"1.459797330446619e+308\":\";V\",\"7.358032610169914e+307\":\"L\",\"9.331936155695767e+307\":\"\"},0,595,25,714,59]}","{\"0\":\"NaN618,893,[object Object],0,595,25,714,59\",\"1\":618,\"2\":0,\"3\":[618,893,{\"618\":\"aZ\",\"655\":\"T\",\"783\":\"(\",\"_\":82,\"#\":8.457843870507349e+307,\"1.2315753469081407e+308\":\"U\",\"\":122,\"1.459797330446619e+308\":\";V\",\"7.358032610169914e+307\":\"L\",\"9.331936155695767e+307\":\"\"},0,595,25,714,59]}","{\"0\":59,\"1\":714,\"2\":6,\"3\":[618,893,403,0,595,25,714,59]}"]}