{"baseObjects":["[1.7976931348623157e+308,893,242]","[1.7976931348623157e+308,893,242]","[1.7976931348623157e+308,893,242]","[1.7976931348623157e+308,893,242,null,null,null,null,null]"],"returnObjects":["null","null","null","null"],"callbackArgs":["{\"0\":242,\"1\":893,\"2\":1,\"3\":[1.7976931348623157e+308,893,242]}","{\"0\":null,\"1\":1.7976931348623157e+308,\"2\":0,\"3\":[1.7976931348623157e+308,893,242]}","{\"0\":242,\"1\":893,\"2\":1,\"3\":[1.7976931348623157e+308,893,242]}","{\"0\":null,\"1\":1.7976931348623157e+308,\"2\":0,\"3\":[1.7976931348623157e+308,893,242]}","{\"0\":true,\"1\":242,\"2\":2,\"3\":[1.7976931348623157e+308,893,242]}","{\"0\":null,\"1\":893,\"2\":1,\"3\":[1.7976931348623157e+308,893,242]}","{\"0\":null,\"1\":1.7976931348623157e+308,\"2\":0,\"3\":[1.7976931348623157e+308,893,242]}","{\"0\":true,\"1\":242,\"2\":2,\"3\":[1.7976931348623157e+308,893,242]}","{\"0\":null,\"1\":893,\"2\":1,\"3\":[1.7976931348623157e+308,893,242,null,null,null,null,null]}","{\"0\":null,\"1\":1.7976931348623157e+308,\"2\":0,\"3\":[1.7976931348623157e+308,893,242,null,null,null,null,null]}"]}