{"baseObjects":["[403,893,\"2\",-100]","[403,893,969,-100,2.370917240642088e+307]","[403,893,969,-100,true]","[403,893,969,-100]"],"returnObjects":["null","\"NaN403,893,969,-100,2.370917240642088e+307\"","null","null"],"callbackArgs":["{\"0\":null,\"1\":-100,\"2\":3,\"3\":[403,893,969,-100]}","{\"0\":null,\"1\":\"2\",\"2\":2,\"3\":[403,893,\"2\",-100]}","{\"0\":null,\"1\":893,\"2\":1,\"3\":[403,893,\"2\",-100]}","{\"0\":null,\"1\":403,\"2\":0,\"3\":[403,893,\"2\",-100]}","{\"0\":[\"Dyz\",\"o7\",\"I\"],\"1\":-100,\"2\":3,\"3\":[403,893,969,-100]}","{\"0\":\"NaN403,893,969,-100,2.370917240642088e+307\",\"1\":969,\"2\":2,\"3\":[403,893,969,-100,2.370917240642088e+307]}","{\"0\":\"NaN403,893,969,-100,2.370917240642088e+307\",\"1\":893,\"2\":1,\"3\":[403,893,969,-100,2.370917240642088e+307]}","{\"0\":\"NaN403,893,969,-100,2.370917240642088e+307\",\"1\":403,\"2\":0,\"3\":[403,893,969,-100,2.370917240642088e+307]}","{\"0\":-100,\"1\":969,\"2\":2,\"3\":[403,893,969,-100]}","{\"0\":null,\"1\":893,\"2\":1,\"3\":[403,893,969,-100,true]}","{\"0\":null,\"1\":403,\"2\":0,\"3\":[403,893,969,-100,true]}","{\"0\":{\"1.3968385313773494e+308\":\"f\",\"\":59,\"8(\":[\"^c\",\"<4@\",\"vP\",\"d\",\"=\",\"7\",\"e\",\"Z:h\",\"I\",\"v3\"]},\"1\":-100,\"2\":3,\"3\":[403,893,969,-100]}","{\"0\":null,\"1\":969,\"2\":2,\"3\":[403,893,969,-100]}","{\"0\":null,\"1\":893,\"2\":1,\"3\":[403,893,969,-100]}","{\"0\":null,\"1\":403,\"2\":0,\"3\":[403,893,969,-100]}"]}