{"baseObjects":["[893,126,460,618,49,1.7976931348623157e+308,783,823,783]","[893,126,460,618,49,1.7976931348623157e+308,783,823,783]","[893,126,460,618,49,1.7976931348623157e+308,783,823,783]","[893,126,460,618,49,1.7976931348623157e+308,783,823,783]"],"returnObjects":["\"Error\"","\"Error\"","\"Error\"","\"Error\""],"callbackArgs":["{\"0\":783,\"1\":823,\"2\":7,\"3\":[893,126,460,618,49,1.7976931348623157e+308,783,823,783]}","{\"0\":783,\"1\":823,\"2\":7,\"3\":[893,126,460,618,49,1.7976931348623157e+308,783,823,783]}","{\"0\":null,\"1\":783,\"2\":8,\"3\":[893,126,460,618,49,1.7976931348623157e+308,783,823,783]}","{\"0\":783,\"1\":823,\"2\":7,\"3\":[893,126,460,618,49,1.7976931348623157e+308,783,823,783]}"]}