{"baseObjects":["[\"r\",\"H\",\"=\",242,1.7976931348623157e+308,\"[$%\",\">\"]","[\"r\",\"H\",\"=\",242,1.7976931348623157e+308,\"[$%\",\">\"]","[\"r\",\"H\",\"=\",242,1.7976931348623157e+308,\"[$%\",\">\"]","[\"r\",\"H\",\"=\",242,1.7976931348623157e+308,\"[$%\",\">\"]"],"returnObjects":["\"NaNr,H,=,242,1.7976931348623157e+308,[$%,>\"","\"Error\"","\"Error\"","\"Error\""],"callbackArgs":["{\"0\":{\"0\":\"EDzv\",\"59\":9.769991451578944e+307,\"-100\":618,\"X9\":6.129389492924566e+307,\"GV\":\"\",\"\":\"\",\"`jL{\":893,\"8.860575838731721e+307\":6.774374258810923e+307,\"1.5046565786052023e+308\":2.410954668532999e+307},\"1\":\">\",\"2\":6,\"3\":[\"r\",\"H\",\"=\",242,1.7976931348623157e+308,\"[$%\",\">\"]}","{\"0\":\"NaNr,H,=,242,1.7976931348623157e+308,[$%,>\",\"1\":\"[$%\",\"2\":5,\"3\":[\"r\",\"H\",\"=\",242,1.7976931348623157e+308,\"[$%\",\">\"]}","{\"0\":\"NaNr,H,=,242,1.7976931348623157e+308,[$%,>\",\"1\":1.7976931348623157e+308,\"2\":4,\"3\":[\"r\",\"H\",\"=\",242,1.7976931348623157e+308,\"[$%\",\">\"]}","{\"0\":\"NaNr,H,=,242,1.7976931348623157e+308,[$%,>\",\"1\":242,\"2\":3,\"3\":[\"r\",\"H\",\"=\",242,1.7976931348623157e+308,\"[$%\",\">\"]}","{\"0\":\"NaNr,H,=,242,1.7976931348623157e+308,[$%,>\",\"1\":\"=\",\"2\":2,\"3\":[\"r\",\"H\",\"=\",242,1.7976931348623157e+308,\"[$%\",\">\"]}","{\"0\":\"NaNr,H,=,242,1.7976931348623157e+308,[$%,>\",\"1\":\"H\",\"2\":1,\"3\":[\"r\",\"H\",\"=\",242,1.7976931348623157e+308,\"[$%\",\">\"]}","{\"0\":\"NaNr,H,=,242,1.7976931348623157e+308,[$%,>\",\"1\":\"r\",\"2\":0,\"3\":[\"r\",\"H\",\"=\",242,1.7976931348623157e+308,\"[$%\",\">\"]}","{\"0\":null,\"1\":\">\",\"2\":6,\"3\":[\"r\",\"H\",\"=\",242,1.7976931348623157e+308,\"[$%\",\">\"]}","{\"1\":\">\",\"2\":6,\"3\":[\"r\",\"H\",\"=\",242,1.7976931348623157e+308,\"[$%\",\">\"]}","{\"0\":\">\",\"1\":\"[$%\",\"2\":5,\"3\":[\"r\",\"H\",\"=\",242,1.7976931348623157e+308,\"[$%\",\">\"]}"]}