{"baseObjects":["[460,655,-1,true,213]","[460,655,true,0,213]","[460,655,-1,0,213]","[460,655,-1,0,213]"],"returnObjects":["null","\"NaN460,655,true,0,213\"","\"[object Object]NaNNaNNaNNaNNaN\"","\"Error\""],"callbackArgs":["{\"0\":null,\"1\":213,\"2\":4,\"3\":[460,655,-1,0,213]}","{\"0\":null,\"1\":true,\"2\":3,\"3\":[460,655,-1,true,213]}","{\"0\":null,\"1\":-1,\"2\":2,\"3\":[460,655,-1,true,213]}","{\"0\":null,\"1\":655,\"2\":1,\"3\":[460,655,-1,true,213]}","{\"0\":null,\"1\":460,\"2\":0,\"3\":[460,655,-1,true,213]}","{\"0\":[\"[j1j\",\"4W\",\"sitF\",\"m4\",\"(\",\"t#\"],\"1\":213,\"2\":4,\"3\":[460,655,-1,0,213]}","{\"0\":\"NaN460,655,true,0,213\",\"1\":0,\"2\":3,\"3\":[460,655,true,0,213]}","{\"0\":\"NaN460,655,true,0,213\",\"1\":true,\"2\":2,\"3\":[460,655,true,0,213]}","{\"0\":\"NaN460,655,true,0,213\",\"1\":655,\"2\":1,\"3\":[460,655,true,0,213]}","{\"0\":\"NaN460,655,true,0,213\",\"1\":460,\"2\":0,\"3\":[460,655,true,0,213]}","{\"0\":{\"0\":\"\",\"6\":\"\",\"122\":6.634386949832804e+307,\"823\":893,\"2.570171362656094e+307\":1.6643863797324787e+308,\"7.771333950255652e+307\":1.4484043513052099e+307,\"2.3515813047988986e+307\":\"\",\"]@\":\"e\",\"\":618,\"&\":1.2078447903514724e+308},\"1\":213,\"2\":4,\"3\":[460,655,-1,0,213]}","{\"0\":\"[object Object]NaN\",\"1\":0,\"2\":3,\"3\":[460,655,-1,0,213]}","{\"0\":\"[object Object]NaNNaN\",\"1\":-1,\"2\":2,\"3\":[460,655,-1,0,213]}","{\"0\":\"[object Object]NaNNaNNaN\",\"1\":655,\"2\":1,\"3\":[460,655,-1,0,213]}","{\"0\":\"[object Object]NaNNaNNaNNaN\",\"1\":460,\"2\":0,\"3\":[460,655,-1,0,213]}","{\"1\":213,\"2\":4,\"3\":[460,655,-1,0,213]}"]}