{"baseObjects":["[403,82,714,893,25,1.7976931348623157e+308,823]","[403,82,714,893,25,1.7976931348623157e+308,823]","[403,82,714,893,25,1.7976931348623157e+308,823]","[403,82,714,893,25,1.7976931348623157e+308,823]"],"returnObjects":["null","\"Error\"","null","null"],"callbackArgs":["{\"0\":823,\"1\":1.7976931348623157e+308,\"2\":5,\"3\":[403,82,714,893,25,1.7976931348623157e+308,823]}","{\"0\":null,\"1\":25,\"2\":4,\"3\":[403,82,714,893,25,1.7976931348623157e+308,823]}","{\"0\":null,\"1\":893,\"2\":3,\"3\":[403,82,714,893,25,1.7976931348623157e+308,823]}","{\"0\":null,\"1\":714,\"2\":2,\"3\":[403,82,714,893,25,1.7976931348623157e+308,823]}","{\"0\":null,\"1\":82,\"2\":1,\"3\":[403,82,714,893,25,1.7976931348623157e+308,823]}","{\"0\":null,\"1\":403,\"2\":0,\"3\":[403,82,714,893,25,1.7976931348623157e+308,823]}","{\"1\":823,\"2\":6,\"3\":[403,82,714,893,25,1.7976931348623157e+308,823]}","{\"0\":{\"969\":242,\"tFw_\":1.3397539062288427e+308,\"\":\"\",\"M5etW>D\":1.098436747707739e+308},\"1\":823,\"2\":6,\"3\":[403,82,714,893,25,1.7976931348623157e+308,823]}","{\"0\":null,\"1\":1.7976931348623157e+308,\"2\":5,\"3\":[403,82,714,893,25,1.7976931348623157e+308,823]}","{\"0\":null,\"1\":25,\"2\":4,\"3\":[403,82,714,893,25,1.7976931348623157e+308,823]}","{\"0\":null,\"1\":893,\"2\":3,\"3\":[403,82,714,893,25,1.7976931348623157e+308,823]}","{\"0\":null,\"1\":714,\"2\":2,\"3\":[403,82,714,893,25,1.7976931348623157e+308,823]}","{\"0\":null,\"1\":82,\"2\":1,\"3\":[403,82,714,893,25,1.7976931348623157e+308,823]}","{\"0\":null,\"1\":403,\"2\":0,\"3\":[403,82,714,893,25,1.7976931348623157e+308,823]}","{\"0\":true,\"1\":823,\"2\":6,\"3\":[403,82,714,893,25,1.7976931348623157e+308,823]}","{\"0\":null,\"1\":1.7976931348623157e+308,\"2\":5,\"3\":[403,82,714,893,25,1.7976931348623157e+308,823]}","{\"0\":null,\"1\":25,\"2\":4,\"3\":[403,82,714,893,25,1.7976931348623157e+308,823]}","{\"0\":null,\"1\":893,\"2\":3,\"3\":[403,82,714,893,25,1.7976931348623157e+308,823]}","{\"0\":null,\"1\":714,\"2\":2,\"3\":[403,82,714,893,25,1.7976931348623157e+308,823]}","{\"0\":null,\"1\":82,\"2\":1,\"3\":[403,82,714,893,25,1.7976931348623157e+308,823]}","{\"0\":null,\"1\":403,\"2\":0,\"3\":[403,82,714,893,25,1.7976931348623157e+308,823]}"]}