{"baseObjects":["[122,-100,126]","[122,-100,126,null,null,null,null,false]","[122,-100,126,null,null,403]","[122,-100,126,null,null,null,null,[\"Z\",\"STc\",\"i\",\"u\",\":\",403,\")\",\"H\",\"e-\"]]"],"returnObjects":["null","\"NaN122,-100,126,,,,,false\"","null","null"],"callbackArgs":["{\"0\":157,\"1\":126,\"2\":2,\"3\":[122,-100,126]}","{\"0\":null,\"1\":-100,\"2\":1,\"3\":[122,-100,126]}","{\"0\":null,\"1\":122,\"2\":0,\"3\":[122,-100,126]}","{\"0\":126,\"1\":-100,\"2\":1,\"3\":[122,-100,126]}","{\"0\":\"-1.26122,-100,126,,,,,false\",\"1\":122,\"2\":0,\"3\":[122,-100,126,null,null,null,null,false]}","{\"0\":true,\"1\":126,\"2\":2,\"3\":[122,-100,126]}","{\"0\":null,\"1\":-100,\"2\":1,\"3\":[122,-100,126,null,null,403]}","{\"0\":null,\"1\":122,\"2\":0,\"3\":[122,-100,126,null,null,403]}","{\"0\":{\"4.991694439636766e+307\":1.5797295820828267e+308},\"1\":126,\"2\":2,\"3\":[122,-100,126]}","{\"0\":null,\"1\":-100,\"2\":1,\"3\":[122,-100,126,null,null,null,null,[\"Z\",\"STc\",\"i\",\"u\",\":\",403,\")\",\"H\",\"e-\"]]}","{\"0\":null,\"1\":122,\"2\":0,\"3\":[122,-100,126,null,null,null,null,[\"Z\",\"STc\",\"i\",\"u\",\":\",403,\")\",\"H\",\"e-\"]]}"]}