{"baseObjects":["[59,460,\"<T<F\",\"D\",{\"213\":\"\",\"893\":-1,\"5.513790239932847e+307\":2.994369492361557e+306,\"\":\"A\",\"1.7976931348623157e+308\":\"\",\"2.1687434807895552e+307\":1.5135020132745365e+308},-100,\"11\"]","[59,460,\"<T<F\",\"D\",714,-100,\"11\"]","[59,460,\"<T<F\",\"D\",714,-100,\"11\"]","[59,460,\"<T<F\",\"D\",714,-100,\"11\"]"],"returnObjects":["null","\"NaN59,460,<T<F,D,714,-100,11\"","null","\"Error\""],"callbackArgs":["{\"0\":false,\"1\":\"11\",\"2\":6,\"3\":[59,460,\"<T<F\",\"D\",714,-100,\"11\"]}","{\"0\":null,\"1\":-100,\"2\":5,\"3\":[59,460,\"<T<F\",\"D\",{\"213\":\"\",\"893\":-1,\"5.513790239932847e+307\":2.994369492361557e+306,\"\":\"A\",\"1.7976931348623157e+308\":\"\",\"2.1687434807895552e+307\":1.5135020132745365e+308},-100,\"11\"]}","{\"0\":null,\"1\":{\"213\":\"\",\"893\":-1,\"5.513790239932847e+307\":2.994369492361557e+306,\"\":\"A\",\"1.7976931348623157e+308\":\"\",\"2.1687434807895552e+307\":1.5135020132745365e+308},\"2\":4,\"3\":[59,460,\"<T<F\",\"D\",{\"213\":\"\",\"893\":-1,\"5.513790239932847e+307\":2.994369492361557e+306,\"\":\"A\",\"1.7976931348623157e+308\":\"\",\"2.1687434807895552e+307\":1.5135020132745365e+308},-100,\"11\"]}","{\"0\":null,\"1\":\"D\",\"2\":3,\"3\":[59,460,\"<T<F\",\"D\",{\"213\":\"\",\"893\":-1,\"5.513790239932847e+307\":2.994369492361557e+306,\"\":\"A\",\"1.7976931348623157e+308\":\"\",\"2.1687434807895552e+307\":1.5135020132745365e+308},-100,\"11\"]}","{\"0\":null,\"1\":\"<T<F\",\"2\":2,\"3\":[59,460,\"<T<F\",\"D\",{\"213\":\"\",\"893\":-1,\"5.513790239932847e+307\":2.994369492361557e+306,\"\":\"A\",\"1.7976931348623157e+308\":\"\",\"2.1687434807895552e+307\":1.5135020132745365e+308},-100,\"11\"]}","{\"0\":null,\"1\":460,\"2\":1,\"3\":[59,460,\"<T<F\",\"D\",{\"213\":\"\",\"893\":-1,\"5.513790239932847e+307\":2.994369492361557e+306,\"\":\"A\",\"1.7976931348623157e+308\":\"\",\"2.1687434807895552e+307\":1.5135020132745365e+308},-100,\"11\"]}","{\"0\":null,\"1\":59,\"2\":0,\"3\":[59,460,\"<T<F\",\"D\",{\"213\":\"\",\"893\":-1,\"5.513790239932847e+307\":2.994369492361557e+306,\"\":\"A\",\"1.7976931348623157e+308\":\"\",\"2.1687434807895552e+307\":1.5135020132745365e+308},-100,\"11\"]}","{\"0\":\"11\",\"1\":-100,\"2\":5,\"3\":[59,460,\"<T<F\",\"D\",714,-100,\"11\"]}","{\"0\":\"-109559,460,<T<F,D,714,-100,11\",\"1\":714,\"2\":4,\"3\":[59,460,\"<T<F\",\"D\",714,-100,\"11\"]}","{\"0\":\"NaN59,460,<T<F,D,714,-100,11\",\"1\":\"D\",\"2\":3,\"3\":[59,460,\"<T<F\",\"D\",714,-100,\"11\"]}","{\"0\":\"NaN59,460,<T<F,D,714,-100,11\",\"1\":\"<T<F\",\"2\":2,\"3\":[59,460,\"<T<F\",\"D\",714,-100,\"11\"]}","{\"0\":\"NaN59,460,<T<F,D,714,-100,11\",\"1\":460,\"2\":1,\"3\":[59,460,\"<T<F\",\"D\",714,-100,\"11\"]}","{\"0\":\"NaN59,460,<T<F,D,714,-100,11\",\"1\":59,\"2\":0,\"3\":[59,460,\"<T<F\",\"D\",714,-100,\"11\"]}","{\"0\":\"11\",\"1\":-100,\"2\":5,\"3\":[59,460,\"<T<F\",\"D\",714,-100,\"11\"]}","{\"0\":null,\"1\":714,\"2\":4,\"3\":[59,460,\"<T<F\",\"D\",714,-100,\"11\"]}","{\"0\":null,\"1\":\"D\",\"2\":3,\"3\":[59,460,\"<T<F\",\"D\",714,-100,\"11\"]}","{\"0\":null,\"1\":\"<T<F\",\"2\":2,\"3\":[59,460,\"<T<F\",\"D\",714,-100,\"11\"]}","{\"0\":null,\"1\":460,\"2\":1,\"3\":[59,460,\"<T<F\",\"D\",714,-100,\"11\"]}","{\"0\":null,\"1\":59,\"2\":0,\"3\":[59,460,\"<T<F\",\"D\",714,-100,\"11\"]}"]}