{"baseObjects":["[\"<\",\"k\",\"9\",\"V|D\",\"zH\",\"zs\",\"_\"]","[\"<\",true,\"9\",\"V|D\",{\"126\":1.3132925433868976e+308,\"618\":1.0387405339669805e+308,\"627\":\"8\",\"8.552330720199876e+307\":\"\",\"\":\"O\",\"1.4844476221929944e+308\":\"\",\"r7\":25,\"+$\":\"K'd\"},\"zs\",\"_\"]","\"md>\"","[\"<\",\"%\",\"9\",\"V|D\",\"zH\",\"zs\",\"_\"]"],"returnObjects":["\"NaN<,k,9,V|D,zH,zs,_\"","null","\"NaN<,k,9,V|D,zH,zs,_\"","\"Error\""],"callbackArgs":["{\"0\":\"_\",\"1\":\"zs\",\"2\":5,\"3\":[\"<\",\"k\",\"9\",\"V|D\",\"zH\",\"zs\",\"_\"]}","{\"0\":\"NaN<,k,9,V|D,zH,zs,_\",\"1\":\"zH\",\"2\":4,\"3\":[\"<\",\"k\",\"9\",\"V|D\",\"zH\",\"zs\",\"_\"]}","{\"0\":\"NaN<,k,9,V|D,zH,zs,_\",\"1\":\"V|D\",\"2\":3,\"3\":[\"<\",\"k\",\"9\",\"V|D\",\"zH\",\"zs\",\"_\"]}","{\"0\":\"NaN<,k,9,V|D,zH,zs,_\",\"1\":\"9\",\"2\":2,\"3\":[\"<\",\"k\",\"9\",\"V|D\",\"zH\",\"zs\",\"_\"]}","{\"0\":\"NaN<,k,9,V|D,zH,zs,_\",\"1\":\"k\",\"2\":1,\"3\":[\"<\",\"k\",\"9\",\"V|D\",\"zH\",\"zs\",\"_\"]}","{\"0\":\"NaN<,k,9,V|D,zH,zs,_\",\"1\":\"<\",\"2\":0,\"3\":[\"<\",\"k\",\"9\",\"V|D\",\"zH\",\"zs\",\"_\"]}","{\"0\":true,\"1\":\"_\",\"2\":6,\"3\":[\"<\",\"k\",\"9\",\"V|D\",\"zH\",\"zs\",\"_\"]}","{\"0\":null,\"1\":\"zs\",\"2\":5,\"3\":[\"<\",true,\"9\",\"V|D\",{\"126\":1.3132925433868976e+308,\"618\":1.0387405339669805e+308,\"627\":\"8\",\"8.552330720199876e+307\":\"\",\"\":\"O\",\"1.4844476221929944e+308\":\"\",\"r7\":25,\"+$\":\"K'd\"},\"zs\",\"_\"]}","{\"0\":null,\"1\":{\"126\":1.3132925433868976e+308,\"618\":1.0387405339669805e+308,\"627\":\"8\",\"8.552330720199876e+307\":\"\",\"\":\"O\",\"1.4844476221929944e+308\":\"\",\"r7\":25,\"+$\":\"K'd\"},\"2\":4,\"3\":[\"<\",true,\"9\",\"V|D\",{\"126\":1.3132925433868976e+308,\"618\":1.0387405339669805e+308,\"627\":\"8\",\"8.552330720199876e+307\":\"\",\"\":\"O\",\"1.4844476221929944e+308\":\"\",\"r7\":25,\"+$\":\"K'd\"},\"zs\",\"_\"]}","{\"0\":null,\"1\":\"V|D\",\"2\":3,\"3\":[\"<\",true,\"9\",\"V|D\",{\"126\":1.3132925433868976e+308,\"618\":1.0387405339669805e+308,\"627\":\"8\",\"8.552330720199876e+307\":\"\",\"\":\"O\",\"1.4844476221929944e+308\":\"\",\"r7\":25,\"+$\":\"K'd\"},\"zs\",\"_\"]}","{\"0\":null,\"1\":\"9\",\"2\":2,\"3\":[\"<\",true,\"9\",\"V|D\",{\"126\":1.3132925433868976e+308,\"618\":1.0387405339669805e+308,\"627\":\"8\",\"8.552330720199876e+307\":\"\",\"\":\"O\",\"1.4844476221929944e+308\":\"\",\"r7\":25,\"+$\":\"K'd\"},\"zs\",\"_\"]}","{\"0\":null,\"1\":true,\"2\":1,\"3\":[\"<\",true,\"9\",\"V|D\",{\"126\":1.3132925433868976e+308,\"618\":1.0387405339669805e+308,\"627\":\"8\",\"8.552330720199876e+307\":\"\",\"\":\"O\",\"1.4844476221929944e+308\":\"\",\"r7\":25,\"+$\":\"K'd\"},\"zs\",\"_\"]}","{\"0\":null,\"1\":\"<\",\"2\":0,\"3\":[\"<\",true,\"9\",\"V|D\",{\"126\":1.3132925433868976e+308,\"618\":1.0387405339669805e+308,\"627\":\"8\",\"8.552330720199876e+307\":\"\",\"\":\"O\",\"1.4844476221929944e+308\":\"\",\"r7\":25,\"+$\":\"K'd\"},\"zs\",\"_\"]}","{\"1\":\"_\",\"2\":6,\"3\":[\"<\",\"k\",\"9\",\"V|D\",\"zH\",\"zs\",\"_\"]}","{\"0\":\"NaN<,k,9,V|D,zH,zs,_\",\"1\":\"zs\",\"2\":5,\"3\":[\"<\",\"k\",\"9\",\"V|D\",\"zH\",\"zs\",\"_\"]}","{\"0\":\"NaN<,k,9,V|D,zH,zs,_\",\"1\":\"zH\",\"2\":4,\"3\":[\"<\",\"k\",\"9\",\"V|D\",\"zH\",\"zs\",\"_\"]}","{\"0\":\"NaN<,k,9,V|D,zH,zs,_\",\"1\":\"V|D\",\"2\":3,\"3\":[\"<\",\"k\",\"9\",\"V|D\",\"zH\",\"zs\",\"_\"]}","{\"0\":\"NaN<,k,9,V|D,zH,zs,_\",\"1\":\"9\",\"2\":2,\"3\":[\"<\",\"k\",\"9\",\"V|D\",\"zH\",\"zs\",\"_\"]}","{\"0\":\"NaN<,k,9,V|D,zH,zs,_\",\"1\":\"k\",\"2\":1,\"3\":[\"<\",\"k\",\"9\",\"V|D\",\"zH\",\"zs\",\"_\"]}","{\"0\":\"NaN<,k,9,V|D,zH,zs,_\",\"1\":\"<\",\"2\":0,\"3\":[\"<\",\"k\",\"9\",\"V|D\",\"zH\",\"zs\",\"_\"]}","{\"0\":\"_\",\"1\":\"zs\",\"2\":5,\"3\":[\"<\",\"k\",\"9\",\"V|D\",\"zH\",\"zs\",\"_\"]}"]}