{"baseObjects":["[213,82,627,null,null,null,null,{\"627\":1.0816677423920863e+308,\"655\":\"#\",\"\":823,\"^s\":1.6747728325755965e+308}]","[213,82,627]","[213,82,627]","[213,82,627]"],"returnObjects":["null","\"Error\"","null","\"Error\""],"callbackArgs":["{\"0\":null,\"1\":627,\"2\":2,\"3\":[213,82,627]}","{\"0\":null,\"1\":82,\"2\":1,\"3\":[213,82,627,null,null,null,null,{\"627\":1.0816677423920863e+308,\"655\":\"#\",\"\":823,\"^s\":1.6747728325755965e+308}]}","{\"0\":null,\"1\":213,\"2\":0,\"3\":[213,82,627,null,null,null,null,{\"627\":1.0816677423920863e+308,\"655\":\"#\",\"\":823,\"^s\":1.6747728325755965e+308}]}","{\"0\":126,\"1\":627,\"2\":2,\"3\":[213,82,627]}","{\"0\":\"@\",\"1\":627,\"2\":2,\"3\":[213,82,627]}","{\"0\":null,\"1\":82,\"2\":1,\"3\":[213,82,627]}","{\"0\":null,\"1\":213,\"2\":0,\"3\":[213,82,627]}","{\"1\":627,\"2\":2,\"3\":[213,82,627]}"]}