{"baseObjects":["[655,157,607,82,969,-1,705,460,460]","[655,157,607,null,969,-1,705,460,460]","[655,157,607,82,969,-1,705,460,460]","[655,157,607,82,969,-1,705,460,460]"],"returnObjects":["null","null","null","\"Error\""],"callbackArgs":["{\"0\":\"\",\"1\":460,\"2\":8,\"3\":[655,157,607,82,969,-1,705,460,460]}","{\"0\":null,\"1\":460,\"2\":7,\"3\":[655,157,607,82,969,-1,705,460,460]}","{\"0\":null,\"1\":705,\"2\":6,\"3\":[655,157,607,82,969,-1,705,460,460]}","{\"0\":null,\"1\":-1,\"2\":5,\"3\":[655,157,607,82,969,-1,705,460,460]}","{\"0\":null,\"1\":969,\"2\":4,\"3\":[655,157,607,82,969,-1,705,460,460]}","{\"0\":null,\"1\":82,\"2\":3,\"3\":[655,157,607,82,969,-1,705,460,460]}","{\"0\":null,\"1\":607,\"2\":2,\"3\":[655,157,607,82,969,-1,705,460,460]}","{\"0\":null,\"1\":157,\"2\":1,\"3\":[655,157,607,82,969,-1,705,460,460]}","{\"0\":null,\"1\":655,\"2\":0,\"3\":[655,157,607,82,969,-1,705,460,460]}","{\"0\":{\"25\":\"\",\"59\":4.513295104551401e+307,\"595\":126,\"893\":8.207248014735379e+307,\"7!\":\"P\",\"\":\"68M7\",\"u\":-100},\"1\":460,\"2\":8,\"3\":[655,157,607,82,969,-1,705,460,460]}","{\"0\":null,\"1\":460,\"2\":7,\"3\":[655,157,607,null,969,-1,705,460,460]}","{\"0\":null,\"1\":705,\"2\":6,\"3\":[655,157,607,null,969,-1,705,460,460]}","{\"0\":null,\"1\":-1,\"2\":5,\"3\":[655,157,607,null,969,-1,705,460,460]}","{\"0\":null,\"1\":969,\"2\":4,\"3\":[655,157,607,null,969,-1,705,460,460]}","{\"0\":null,\"1\":null,\"2\":3,\"3\":[655,157,607,null,969,-1,705,460,460]}","{\"0\":null,\"1\":607,\"2\":2,\"3\":[655,157,607,null,969,-1,705,460,460]}","{\"0\":null,\"1\":157,\"2\":1,\"3\":[655,157,607,null,969,-1,705,460,460]}","{\"0\":null,\"1\":655,\"2\":0,\"3\":[655,157,607,null,969,-1,705,460,460]}","{\"0\":460,\"1\":460,\"2\":7,\"3\":[655,157,607,82,969,-1,705,460,460]}","{\"0\":null,\"1\":705,\"2\":6,\"3\":[655,157,607,82,969,-1,705,460,460]}","{\"0\":null,\"1\":-1,\"2\":5,\"3\":[655,157,607,82,969,-1,705,460,460]}","{\"0\":null,\"1\":969,\"2\":4,\"3\":[655,157,607,82,969,-1,705,460,460]}","{\"0\":null,\"1\":82,\"2\":3,\"3\":[655,157,607,82,969,-1,705,460,460]}","{\"0\":null,\"1\":607,\"2\":2,\"3\":[655,157,607,82,969,-1,705,460,460]}","{\"0\":null,\"1\":157,\"2\":1,\"3\":[655,157,607,82,969,-1,705,460,460]}","{\"0\":null,\"1\":655,\"2\":0,\"3\":[655,157,607,82,969,-1,705,460,460]}"]}