{"baseObjects":["[1.7976931348623157e+308,714,126,59]","[1.7976931348623157e+308,714,126,59]","[1.7976931348623157e+308,714,126,59]","[1.7976931348623157e+308,714,\"\",59,null,null,null,{\"213\":1.299123502833143e+307}]"],"returnObjects":["\"r,[object Object],f:A,,NaNNaNNaNNaN\"","\"NaN1.7976931348623157e+308,714,126,59\"","null","null"],"callbackArgs":["{\"0\":[\"r\",\"C\",\"f:A\"],\"1\":59,\"2\":3,\"3\":[1.7976931348623157e+308,714,126,59]}","{\"0\":\"r,[object Object],f:A,,NaN\",\"1\":126,\"2\":2,\"3\":[1.7976931348623157e+308,714,126,59]}","{\"0\":\"r,[object Object],f:A,,NaNNaN\",\"1\":714,\"2\":1,\"3\":[1.7976931348623157e+308,714,126,59]}","{\"0\":\"r,[object Object],f:A,,NaNNaNNaN\",\"1\":1.7976931348623157e+308,\"2\":0,\"3\":[1.7976931348623157e+308,714,126,59]}","{\"0\":null,\"1\":59,\"2\":3,\"3\":[1.7976931348623157e+308,714,126,59]}","{\"0\":\"-31.7976931348623157e+308,714,126,59\",\"1\":126,\"2\":2,\"3\":[1.7976931348623157e+308,714,126,59]}","{\"0\":\"NaN1.7976931348623157e+308,714,126,59\",\"1\":714,\"2\":1,\"3\":[1.7976931348623157e+308,714,126,59]}","{\"0\":\"NaN1.7976931348623157e+308,714,126,59\",\"1\":1.7976931348623157e+308,\"2\":0,\"3\":[1.7976931348623157e+308,714,126,59]}","{\"0\":null,\"1\":59,\"2\":3,\"3\":[1.7976931348623157e+308,714,126,59]}","{\"0\":null,\"1\":126,\"2\":2,\"3\":[1.7976931348623157e+308,714,126,59]}","{\"0\":null,\"1\":714,\"2\":1,\"3\":[1.7976931348623157e+308,714,126,59]}","{\"0\":null,\"1\":1.7976931348623157e+308,\"2\":0,\"3\":[1.7976931348623157e+308,714,126,59]}","{\"1\":59,\"2\":3,\"3\":[1.7976931348623157e+308,714,126,59]}","{\"0\":null,\"1\":\"\",\"2\":2,\"3\":[1.7976931348623157e+308,714,\"\",59,null,null,null,{\"213\":1.299123502833143e+307}]}","{\"0\":null,\"1\":714,\"2\":1,\"3\":[1.7976931348623157e+308,714,\"\",59,null,null,null,{\"213\":1.299123502833143e+307}]}","{\"0\":null,\"1\":1.7976931348623157e+308,\"2\":0,\"3\":[1.7976931348623157e+308,714,\"\",59,null,null,null,{\"213\":1.299123502833143e+307}]}"]}