{"baseObjects":["[\"j\",\"D6\",\"qq\",\"Z2y\",null,{\"59\":\"\",\"\":403,\"7.065445933557627e+307\":\"n33-Z\"}]","[\"j\",1.1275090827334763e+308,\"qq\",\"Z2y\"]","[\"j\",{\"783\":8.97768001600169e+307,\"2.746181093833225e+306\":\"\",\"1.7185022844761307e+308\":\"\"},\"qq\",\"Z2y\",null,{\"126\":\"\",\"655\":49,\"783\":\"\",\"823\":\"\",\"\":969,\"7.898987986952965e+307\":\"Uc0d\",\"3.7461300985629674e+307\":\"\",\"-1\":\"C\",\"Tt\":\"i\"}]","[969,\"V\",\"O\",595]"],"returnObjects":["null","\"NaNj,1.1275090827334763e+308,qq,Z2yNaNj,1.1275090827334763e+308,qq,Z2y1.1275090827334763e+308j,1.1275090827334763e+308,qq,Z2yNaNj,1.1275090827334763e+308,qq,Z2y\"","\"undefinedZ2y3j,[object Object],qq,Z2y,,[object Object]qq2j,[object Object],qq,Z2y,,[object Object][object Object]1j,[object Object],qq,Z2y,,[object Object]j0j,[object Object],qq,Z2y,,[object Object]\"","null"],"callbackArgs":["{\"0\":\"Z2y\",\"1\":\"qq\",\"2\":2,\"3\":[\"j\",\"D6\",\"qq\",\"Z2y\"]}","{\"0\":null,\"1\":\"D6\",\"2\":1,\"3\":[\"j\",\"D6\",\"qq\",\"Z2y\",null,{\"59\":\"\",\"\":403,\"7.065445933557627e+307\":\"n33-Z\"}]}","{\"0\":null,\"1\":\"j\",\"2\":0,\"3\":[\"j\",\"D6\",\"qq\",\"Z2y\",null,{\"59\":\"\",\"\":403,\"7.065445933557627e+307\":\"n33-Z\"}]}","{\"0\":\"\",\"1\":\"Z2y\",\"2\":3,\"3\":[\"j\",\"D6\",\"qq\",\"Z2y\"]}","{\"0\":\"NaNj,1.1275090827334763e+308,qq,Z2y\",\"1\":\"qq\",\"2\":2,\"3\":[\"j\",1.1275090827334763e+308,\"qq\",\"Z2y\"]}","{\"0\":\"NaNj,1.1275090827334763e+308,qq,Z2yNaNj,1.1275090827334763e+308,qq,Z2y\",\"1\":1.1275090827334763e+308,\"2\":1,\"3\":[\"j\",1.1275090827334763e+308,\"qq\",\"Z2y\"]}","{\"0\":\"NaNj,1.1275090827334763e+308,qq,Z2yNaNj,1.1275090827334763e+308,qq,Z2y1.1275090827334763e+308j,1.1275090827334763e+308,qq,Z2y\",\"1\":\"j\",\"2\":0,\"3\":[\"j\",1.1275090827334763e+308,\"qq\",\"Z2y\"]}","{\"1\":\"Z2y\",\"2\":3,\"3\":[\"j\",\"D6\",\"qq\",\"Z2y\"]}","{\"0\":\"undefinedZ2y3j,[object Object],qq,Z2y,,[object Object]\",\"1\":\"qq\",\"2\":2,\"3\":[\"j\",{\"783\":8.97768001600169e+307,\"2.746181093833225e+306\":\"\",\"1.7185022844761307e+308\":\"\"},\"qq\",\"Z2y\",null,{\"126\":\"\",\"655\":49,\"783\":\"\",\"823\":\"\",\"\":969,\"7.898987986952965e+307\":\"Uc0d\",\"3.7461300985629674e+307\":\"\",\"-1\":\"C\",\"Tt\":\"i\"}]}","{\"0\":\"undefinedZ2y3j,[object Object],qq,Z2y,,[object Object]qq2j,[object Object],qq,Z2y,,[object Object]\",\"1\":{\"783\":8.97768001600169e+307,\"2.746181093833225e+306\":\"\",\"1.7185022844761307e+308\":\"\"},\"2\":1,\"3\":[\"j\",{\"783\":8.97768001600169e+307,\"2.746181093833225e+306\":\"\",\"1.7185022844761307e+308\":\"\"},\"qq\",\"Z2y\",null,{\"126\":\"\",\"655\":49,\"783\":\"\",\"823\":\"\",\"\":969,\"7.898987986952965e+307\":\"Uc0d\",\"3.7461300985629674e+307\":\"\",\"-1\":\"C\",\"Tt\":\"i\"}]}","{\"0\":\"undefinedZ2y3j,[object Object],qq,Z2y,,[object Object]qq2j,[object Object],qq,Z2y,,[object Object][object Object]1j,[object Object],qq,Z2y,,[object Object]\",\"1\":\"j\",\"2\":0,\"3\":[\"j\",{\"783\":8.97768001600169e+307,\"2.746181093833225e+306\":\"\",\"1.7185022844761307e+308\":\"\"},\"qq\",\"Z2y\",null,{\"126\":\"\",\"655\":49,\"783\":\"\",\"823\":\"\",\"\":969,\"7.898987986952965e+307\":\"Uc0d\",\"3.7461300985629674e+307\":\"\",\"-1\":\"C\",\"Tt\":\"i\"}]}","{\"0\":460,\"1\":\"Z2y\",\"2\":3,\"3\":[\"j\",\"D6\",\"qq\",\"Z2y\"]}","{\"0\":null,\"1\":\"qq\",\"2\":2,\"3\":[\"j\",\"D6\",\"qq\",\"Z2y\"]}","{\"0\":null,\"1\":\"D6\",\"2\":1,\"3\":[\"j\",\"D6\",\"qq\",\"Z2y\"]}","{\"0\":null,\"1\":\"j\",\"2\":0,\"3\":[\"j\",\"D6\",\"qq\",\"Z2y\"]}"]}