{"baseObjects":["[82,25,59,1.7976931348623157e+308,618,49]","[82,25,59,1.7976931348623157e+308,618,49]","[82,25,59,1.7976931348623157e+308,618,49]","[82,25,59,1.7976931348623157e+308,618,49]"],"returnObjects":["\"Error\"","\"NaN82,25,59,1.7976931348623157e+308,618,49\"","\"Error\"","\"Error\""],"callbackArgs":["{\"1\":49,\"2\":5,\"3\":[82,25,59,1.7976931348623157e+308,618,49]}","{\"0\":59,\"1\":49,\"2\":5,\"3\":[82,25,59,1.7976931348623157e+308,618,49]}","{\"0\":\"0.2408163265306122582,25,59,1.7976931348623157e+308,618,49\",\"1\":618,\"2\":4,\"3\":[82,25,59,1.7976931348623157e+308,618,49]}","{\"0\":\"NaN82,25,59,1.7976931348623157e+308,618,49\",\"1\":1.7976931348623157e+308,\"2\":3,\"3\":[82,25,59,1.7976931348623157e+308,618,49]}","{\"0\":\"NaN82,25,59,1.7976931348623157e+308,618,49\",\"1\":59,\"2\":2,\"3\":[82,25,59,1.7976931348623157e+308,618,49]}","{\"0\":\"NaN82,25,59,1.7976931348623157e+308,618,49\",\"1\":25,\"2\":1,\"3\":[82,25,59,1.7976931348623157e+308,618,49]}","{\"0\":\"NaN82,25,59,1.7976931348623157e+308,618,49\",\"1\":82,\"2\":0,\"3\":[82,25,59,1.7976931348623157e+308,618,49]}","{\"1\":49,\"2\":5,\"3\":[82,25,59,1.7976931348623157e+308,618,49]}","{\"0\":49,\"1\":618,\"2\":4,\"3\":[82,25,59,1.7976931348623157e+308,618,49]}"]}