{"baseObjects":["[969,618,null,157,0,82,{\"\":\"BZ\",\"E5@N\":\"\",\"7.834011997342561e+307\":595,\"xpU_\":1.7976931348623157e+308},49]","[969,618,627,157,0,82,460,25]","[[false],618,627,157,0,82,6.124583506497592e+307,49]","[false,618,627,[100,126,213,705,100,595,655],0,82,460,49,{\"{p\":\"W]j\",\"\":-1,\"8.21921212370915e+307\":\"z(j\",\"1.189696564691772e+308\":\"?\"}]"],"returnObjects":["null","null","\"NaNfalse,618,627,157,0,82,6.124583506497592e+307,49\"","\"NaNfalse,618,627,100,126,213,705,100,595,655,0,82,460,49,[object Object]\""],"callbackArgs":["{\"0\":[969,49],\"1\":49,\"2\":7,\"3\":[969,618,627,157,0,82,460,49]}","{\"0\":null,\"1\":{\"\":\"BZ\",\"E5@N\":\"\",\"7.834011997342561e+307\":595,\"xpU_\":1.7976931348623157e+308},\"2\":6,\"3\":[969,618,null,157,0,82,{\"\":\"BZ\",\"E5@N\":\"\",\"7.834011997342561e+307\":595,\"xpU_\":1.7976931348623157e+308},49]}","{\"0\":null,\"1\":82,\"2\":5,\"3\":[969,618,null,157,0,82,{\"\":\"BZ\",\"E5@N\":\"\",\"7.834011997342561e+307\":595,\"xpU_\":1.7976931348623157e+308},49]}","{\"0\":null,\"1\":0,\"2\":4,\"3\":[969,618,null,157,0,82,{\"\":\"BZ\",\"E5@N\":\"\",\"7.834011997342561e+307\":595,\"xpU_\":1.7976931348623157e+308},49]}","{\"0\":null,\"1\":157,\"2\":3,\"3\":[969,618,null,157,0,82,{\"\":\"BZ\",\"E5@N\":\"\",\"7.834011997342561e+307\":595,\"xpU_\":1.7976931348623157e+308},49]}","{\"0\":null,\"1\":null,\"2\":2,\"3\":[969,618,null,157,0,82,{\"\":\"BZ\",\"E5@N\":\"\",\"7.834011997342561e+307\":595,\"xpU_\":1.7976931348623157e+308},49]}","{\"0\":null,\"1\":618,\"2\":1,\"3\":[969,618,null,157,0,82,{\"\":\"BZ\",\"E5@N\":\"\",\"7.834011997342561e+307\":595,\"xpU_\":1.7976931348623157e+308},49]}","{\"0\":null,\"1\":969,\"2\":0,\"3\":[969,618,null,157,0,82,{\"\":\"BZ\",\"E5@N\":\"\",\"7.834011997342561e+307\":595,\"xpU_\":1.7976931348623157e+308},49]}","{\"0\":49,\"1\":460,\"2\":6,\"3\":[969,618,627,157,0,82,460,49]}","{\"0\":null,\"1\":82,\"2\":5,\"3\":[969,618,627,157,0,82,460,25]}","{\"0\":null,\"1\":0,\"2\":4,\"3\":[969,618,627,157,0,82,460,25]}","{\"0\":null,\"1\":157,\"2\":3,\"3\":[969,618,627,157,0,82,460,25]}","{\"0\":null,\"1\":627,\"2\":2,\"3\":[969,618,627,157,0,82,460,25]}","{\"0\":null,\"1\":618,\"2\":1,\"3\":[969,618,627,157,0,82,460,25]}","{\"0\":null,\"1\":969,\"2\":0,\"3\":[969,618,627,157,0,82,460,25]}","{\"0\":\"YQ\",\"1\":49,\"2\":7,\"3\":[969,618,627,157,0,82,460,49]}","{\"0\":\"NaNfalse,618,627,157,0,82,6.124583506497592e+307,49\",\"1\":6.124583506497592e+307,\"2\":6,\"3\":[[false],618,627,157,0,82,6.124583506497592e+307,49]}","{\"0\":\"NaNfalse,618,627,157,0,82,6.124583506497592e+307,49\",\"1\":82,\"2\":5,\"3\":[[false],618,627,157,0,82,6.124583506497592e+307,49]}","{\"0\":\"NaNfalse,618,627,157,0,82,6.124583506497592e+307,49\",\"1\":0,\"2\":4,\"3\":[[false],618,627,157,0,82,6.124583506497592e+307,49]}","{\"0\":\"NaNfalse,618,627,157,0,82,6.124583506497592e+307,49\",\"1\":157,\"2\":3,\"3\":[[false],618,627,157,0,82,6.124583506497592e+307,49]}","{\"0\":\"NaNfalse,618,627,157,0,82,6.124583506497592e+307,49\",\"1\":627,\"2\":2,\"3\":[[false],618,627,157,0,82,6.124583506497592e+307,49]}","{\"0\":\"NaNfalse,618,627,157,0,82,6.124583506497592e+307,49\",\"1\":618,\"2\":1,\"3\":[[false],618,627,157,0,82,6.124583506497592e+307,49]}","{\"0\":\"NaNfalse,618,627,157,0,82,6.124583506497592e+307,49\",\"1\":[false],\"2\":0,\"3\":[[false],618,627,157,0,82,6.124583506497592e+307,49]}","{\"0\":null,\"1\":49,\"2\":7,\"3\":[969,618,627,157,0,82,460,49]}","{\"0\":\"7false,618,627,100,126,213,705,100,595,655,0,82,460,49,[object Object]\",\"1\":460,\"2\":6,\"3\":[false,618,627,[100,126,213,705,100,595,655],0,82,460,49,{\"{p\":\"W]j\",\"\":-1,\"8.21921212370915e+307\":\"z(j\",\"1.189696564691772e+308\":\"?\"}]}","{\"0\":\"NaNfalse,618,627,100,126,213,705,100,595,655,0,82,460,49,[object Object]\",\"1\":82,\"2\":5,\"3\":[false,618,627,[100,126,213,705,100,595,655],0,82,460,49,{\"{p\":\"W]j\",\"\":-1,\"8.21921212370915e+307\":\"z(j\",\"1.189696564691772e+308\":\"?\"}]}","{\"0\":\"NaNfalse,618,627,100,126,213,705,100,595,655,0,82,460,49,[object Object]\",\"1\":0,\"2\":4,\"3\":[false,618,627,[100,126,213,705,100,595,655],0,82,460,49,{\"{p\":\"W]j\",\"\":-1,\"8.21921212370915e+307\":\"z(j\",\"1.189696564691772e+308\":\"?\"}]}","{\"0\":\"NaNfalse,618,627,100,126,213,705,100,595,655,0,82,460,49,[object Object]\",\"1\":[100,126,213,705,100,595,655],\"2\":3,\"3\":[false,618,627,[100,126,213,705,100,595,655],0,82,460,49,{\"{p\":\"W]j\",\"\":-1,\"8.21921212370915e+307\":\"z(j\",\"1.189696564691772e+308\":\"?\"}]}","{\"0\":\"NaNfalse,618,627,100,126,213,705,100,595,655,0,82,460,49,[object Object]\",\"1\":627,\"2\":2,\"3\":[false,618,627,[100,126,213,705,100,595,655],0,82,460,49,{\"{p\":\"W]j\",\"\":-1,\"8.21921212370915e+307\":\"z(j\",\"1.189696564691772e+308\":\"?\"}]}","{\"0\":\"NaNfalse,618,627,100,126,213,705,100,595,655,0,82,460,49,[object Object]\",\"1\":618,\"2\":1,\"3\":[false,618,627,[100,126,213,705,100,595,655],0,82,460,49,{\"{p\":\"W]j\",\"\":-1,\"8.21921212370915e+307\":\"z(j\",\"1.189696564691772e+308\":\"?\"}]}","{\"0\":\"NaNfalse,618,627,100,126,213,705,100,595,655,0,82,460,49,[object Object]\",\"1\":false,\"2\":0,\"3\":[false,618,627,[100,126,213,705,100,595,655],0,82,460,49,{\"{p\":\"W]j\",\"\":-1,\"8.21921212370915e+307\":\"z(j\",\"1.189696564691772e+308\":\"?\"}]}"]}