{"baseObjects":["[893,49,242,{\"59\":1.2942851428807114e+308,\"157\":\"0Hg=C\",\"823\":\"f\",\"1.5662802340822946e+308\":5e-324,\"Ue\":1.6525831431404438e+308,\"Fk\":1.6337711644853863e+308,\"7.532737685494146e+306\":9.659580130157542e+307,\"1.7245377870655897e+308\":\"\",\"4.020207868476994e+307\":\"!`\"}]","[893,49,242,627]","[[242,122,893,-1,1.7976931348623157e+308,1.7976931348623157e+308,783,59],49,242,627]","{\"213\":49,\"1.151243161446159e+308\":2.9679619949640434e+307,\"1.5118173517307163e+308\":1.021315614490685e+308,\"\":213,\"1.6496452698489395e+308\":\"\",\"eiZX(_T^\":969,\"Pk\":3.5512277209310213e+307,\"t\":\"\",\"8.881959842233924e+307\":969}"],"returnObjects":["\"Error\"","\"Error\"","null","\"Error\""],"callbackArgs":["{\"1\":627,\"2\":3,\"3\":[893,49,242,627]}","{\"1\":627,\"2\":3,\"3\":[893,49,242,627]}","{\"1\":627,\"2\":3,\"3\":[893,49,242,627]}","{\"0\":null,\"1\":242,\"2\":2,\"3\":[[242,122,893,-1,1.7976931348623157e+308,1.7976931348623157e+308,783,59],49,242,627]}","{\"0\":null,\"1\":49,\"2\":1,\"3\":[[242,122,893,-1,1.7976931348623157e+308,1.7976931348623157e+308,783,59],49,242,627]}","{\"0\":null,\"1\":[242,122,893,-1,1.7976931348623157e+308,1.7976931348623157e+308,783,59],\"2\":0,\"3\":[[242,122,893,-1,1.7976931348623157e+308,1.7976931348623157e+308,783,59],49,242,627]}","{\"0\":627,\"1\":242,\"2\":2,\"3\":[893,49,242,627]}"]}