{"baseObjects":["[true,705,618,823,655,460]","[705,705,618,823,655,460]","[705,705,618,823,655,460]","[705,705,618,823,655,460]"],"returnObjects":["\"465true,705,618,823,655,4606554true,705,618,823,655,4608233true,705,618,823,655,4606182true,705,618,823,655,4607051true,705,618,823,655,460true0true,705,618,823,655,460\"","\"92705,705,618,823,655,460163.75705,705,618,823,655,460274.3333333333333705,705,618,823,655,460309705,705,618,823,655,460705705,705,618,823,655,460Infinity705,705,618,823,655,460\"","\"NaN705,705,618,823,655,460\"","\"Error\""],"callbackArgs":["{\"0\":null,\"1\":460,\"2\":5,\"3\":[705,705,618,823,655,460]}","{\"0\":\"465true,705,618,823,655,460\",\"1\":655,\"2\":4,\"3\":[true,705,618,823,655,460]}","{\"0\":\"465true,705,618,823,655,4606554true,705,618,823,655,460\",\"1\":823,\"2\":3,\"3\":[true,705,618,823,655,460]}","{\"0\":\"465true,705,618,823,655,4606554true,705,618,823,655,4608233true,705,618,823,655,460\",\"1\":618,\"2\":2,\"3\":[true,705,618,823,655,460]}","{\"0\":\"465true,705,618,823,655,4606554true,705,618,823,655,4608233true,705,618,823,655,4606182true,705,618,823,655,460\",\"1\":705,\"2\":1,\"3\":[true,705,618,823,655,460]}","{\"0\":\"465true,705,618,823,655,4606554true,705,618,823,655,4608233true,705,618,823,655,4606182true,705,618,823,655,4607051true,705,618,823,655,460\",\"1\":true,\"2\":0,\"3\":[true,705,618,823,655,460]}","{\"0\":false,\"1\":460,\"2\":5,\"3\":[705,705,618,823,655,460]}","{\"0\":\"92705,705,618,823,655,460\",\"1\":655,\"2\":4,\"3\":[705,705,618,823,655,460]}","{\"0\":\"92705,705,618,823,655,460163.75705,705,618,823,655,460\",\"1\":823,\"2\":3,\"3\":[705,705,618,823,655,460]}","{\"0\":\"92705,705,618,823,655,460163.75705,705,618,823,655,460274.3333333333333705,705,618,823,655,460\",\"1\":618,\"2\":2,\"3\":[705,705,618,823,655,460]}","{\"0\":\"92705,705,618,823,655,460163.75705,705,618,823,655,460274.3333333333333705,705,618,823,655,460309705,705,618,823,655,460\",\"1\":705,\"2\":1,\"3\":[705,705,618,823,655,460]}","{\"0\":\"92705,705,618,823,655,460163.75705,705,618,823,655,460274.3333333333333705,705,618,823,655,460309705,705,618,823,655,460705705,705,618,823,655,460\",\"1\":705,\"2\":0,\"3\":[705,705,618,823,655,460]}","{\"0\":true,\"1\":460,\"2\":5,\"3\":[705,705,618,823,655,460]}","{\"0\":\"456705,705,618,823,655,460\",\"1\":655,\"2\":4,\"3\":[705,705,618,823,655,460]}","{\"0\":\"NaN705,705,618,823,655,460\",\"1\":823,\"2\":3,\"3\":[705,705,618,823,655,460]}","{\"0\":\"NaN705,705,618,823,655,460\",\"1\":618,\"2\":2,\"3\":[705,705,618,823,655,460]}","{\"0\":\"NaN705,705,618,823,655,460\",\"1\":705,\"2\":1,\"3\":[705,705,618,823,655,460]}","{\"0\":\"NaN705,705,618,823,655,460\",\"1\":705,\"2\":0,\"3\":[705,705,618,823,655,460]}","{\"0\":460,\"1\":655,\"2\":4,\"3\":[705,705,618,823,655,460]}"]}