{"baseObjects":["[-100,100,82,1.7976931348623157e+308,714,122,607]","[-100,100,82,1.7976931348623157e+308,714,122,607]","[-100,100,82,1.7976931348623157e+308,714,122,607]","[-100,100,82,1.7976931348623157e+308,714,122,607]"],"returnObjects":["null","null","null","null"],"callbackArgs":["{\"1\":607,\"2\":6,\"3\":[-100,100,82,1.7976931348623157e+308,714,122,607]}","{\"0\":null,\"1\":122,\"2\":5,\"3\":[-100,100,82,1.7976931348623157e+308,714,122,607]}","{\"0\":null,\"1\":714,\"2\":4,\"3\":[-100,100,82,1.7976931348623157e+308,714,122,607]}","{\"0\":null,\"1\":1.7976931348623157e+308,\"2\":3,\"3\":[-100,100,82,1.7976931348623157e+308,714,122,607]}","{\"0\":null,\"1\":82,\"2\":2,\"3\":[-100,100,82,1.7976931348623157e+308,714,122,607]}","{\"0\":null,\"1\":100,\"2\":1,\"3\":[-100,100,82,1.7976931348623157e+308,714,122,607]}","{\"0\":null,\"1\":-100,\"2\":0,\"3\":[-100,100,82,1.7976931348623157e+308,714,122,607]}","{\"0\":607,\"1\":122,\"2\":5,\"3\":[-100,100,82,1.7976931348623157e+308,714,122,607]}","{\"0\":null,\"1\":714,\"2\":4,\"3\":[-100,100,82,1.7976931348623157e+308,714,122,607]}","{\"0\":null,\"1\":1.7976931348623157e+308,\"2\":3,\"3\":[-100,100,82,1.7976931348623157e+308,714,122,607]}","{\"0\":null,\"1\":82,\"2\":2,\"3\":[-100,100,82,1.7976931348623157e+308,714,122,607]}","{\"0\":null,\"1\":100,\"2\":1,\"3\":[-100,100,82,1.7976931348623157e+308,714,122,607]}","{\"0\":null,\"1\":-100,\"2\":0,\"3\":[-100,100,82,1.7976931348623157e+308,714,122,607]}","{\"0\":607,\"1\":122,\"2\":5,\"3\":[-100,100,82,1.7976931348623157e+308,714,122,607]}","{\"0\":null,\"1\":714,\"2\":4,\"3\":[-100,100,82,1.7976931348623157e+308,714,122,607]}","{\"0\":null,\"1\":1.7976931348623157e+308,\"2\":3,\"3\":[-100,100,82,1.7976931348623157e+308,714,122,607]}","{\"0\":null,\"1\":82,\"2\":2,\"3\":[-100,100,82,1.7976931348623157e+308,714,122,607]}","{\"0\":null,\"1\":100,\"2\":1,\"3\":[-100,100,82,1.7976931348623157e+308,714,122,607]}","{\"0\":null,\"1\":-100,\"2\":0,\"3\":[-100,100,82,1.7976931348623157e+308,714,122,607]}","{\"0\":{},\"1\":607,\"2\":6,\"3\":[-100,100,82,1.7976931348623157e+308,714,122,607]}","{\"0\":null,\"1\":122,\"2\":5,\"3\":[-100,100,82,1.7976931348623157e+308,714,122,607]}","{\"0\":null,\"1\":714,\"2\":4,\"3\":[-100,100,82,1.7976931348623157e+308,714,122,607]}","{\"0\":null,\"1\":1.7976931348623157e+308,\"2\":3,\"3\":[-100,100,82,1.7976931348623157e+308,714,122,607]}","{\"0\":null,\"1\":82,\"2\":2,\"3\":[-100,100,82,1.7976931348623157e+308,714,122,607]}","{\"0\":null,\"1\":100,\"2\":1,\"3\":[-100,100,82,1.7976931348623157e+308,714,122,607]}","{\"0\":null,\"1\":-100,\"2\":0,\"3\":[-100,100,82,1.7976931348623157e+308,714,122,607]}"]}