{"baseObjects":["[969,1.7976931348623157e+308,460]","[969,1.7976931348623157e+308,460]","[969,1.7976931348623157e+308,null]","[969,1.7976931348623157e+308,460]"],"returnObjects":["\"Error\"","null","\"49,z920969,1.7976931348623157e+308,1.7976931348623157e+308969,1.7976931348623157e+308,0969,1.7976931348623157e+308,\"","\"Error\""],"callbackArgs":["{\"0\":true,\"1\":460,\"2\":2,\"3\":[969,1.7976931348623157e+308,460]}","{\"0\":true,\"1\":460,\"2\":2,\"3\":[969,1.7976931348623157e+308,460]}","{\"0\":null,\"1\":1.7976931348623157e+308,\"2\":1,\"3\":[969,1.7976931348623157e+308,460]}","{\"0\":null,\"1\":969,\"2\":0,\"3\":[969,1.7976931348623157e+308,460]}","{\"0\":[49,\"z\"],\"1\":460,\"2\":2,\"3\":[969,1.7976931348623157e+308,460]}","{\"0\":\"49,z920969,1.7976931348623157e+308,\",\"1\":1.7976931348623157e+308,\"2\":1,\"3\":[969,1.7976931348623157e+308,null]}","{\"0\":\"49,z920969,1.7976931348623157e+308,1.7976931348623157e+308969,1.7976931348623157e+308,\",\"1\":969,\"2\":0,\"3\":[969,1.7976931348623157e+308,null]}","{\"1\":460,\"2\":2,\"3\":[969,1.7976931348623157e+308,460]}"]}