{"baseObjects":["[5.010062923026587e+307,59,100,157,59,783]","[460,59,[893,49,49,49],157,59,783]","[460,59,100,157,59,783]","[460,59,100,157,59,783,null,null,null]"],"returnObjects":["null","null","\"Error\"","\"NaN460,59,100,157,59,783,,,\""],"callbackArgs":["{\"0\":{\"969\":\"3dS\",\"2.7962098247943417e+307\":5.51961854927657e+307},\"1\":783,\"2\":5,\"3\":[460,59,100,157,59,783]}","{\"0\":null,\"1\":59,\"2\":4,\"3\":[5.010062923026587e+307,59,100,157,59,783]}","{\"0\":null,\"1\":157,\"2\":3,\"3\":[5.010062923026587e+307,59,100,157,59,783]}","{\"0\":null,\"1\":100,\"2\":2,\"3\":[5.010062923026587e+307,59,100,157,59,783]}","{\"0\":null,\"1\":59,\"2\":1,\"3\":[5.010062923026587e+307,59,100,157,59,783]}","{\"0\":null,\"1\":5.010062923026587e+307,\"2\":0,\"3\":[5.010062923026587e+307,59,100,157,59,783]}","{\"0\":783,\"1\":59,\"2\":4,\"3\":[460,59,100,157,59,783]}","{\"0\":null,\"1\":157,\"2\":3,\"3\":[460,59,[893,49,49,49],157,59,783]}","{\"0\":null,\"1\":[893,49,49,49],\"2\":2,\"3\":[460,59,[893,49,49,49],157,59,783]}","{\"0\":null,\"1\":59,\"2\":1,\"3\":[460,59,[893,49,49,49],157,59,783]}","{\"0\":null,\"1\":460,\"2\":0,\"3\":[460,59,[893,49,49,49],157,59,783]}","{\"0\":{\"595\":\"OEE\",\"705\":\"RhQ=o\",\"\":1.6150844637543557e+308,\"C\":1.7976931348623157e+308},\"1\":783,\"2\":5,\"3\":[460,59,100,157,59,783]}","{\"0\":true,\"1\":783,\"2\":5,\"3\":[460,59,100,157,59,783]}","{\"0\":\"779460,59,100,157,59,783,,,\",\"1\":59,\"2\":4,\"3\":[460,59,100,157,59,783,null,null,null]}","{\"0\":\"NaN460,59,100,157,59,783,,,\",\"1\":157,\"2\":3,\"3\":[460,59,100,157,59,783,null,null,null]}","{\"0\":\"NaN460,59,100,157,59,783,,,\",\"1\":100,\"2\":2,\"3\":[460,59,100,157,59,783,null,null,null]}","{\"0\":\"NaN460,59,100,157,59,783,,,\",\"1\":59,\"2\":1,\"3\":[460,59,100,157,59,783,null,null,null]}","{\"0\":\"NaN460,59,100,157,59,783,,,\",\"1\":460,\"2\":0,\"3\":[460,59,100,157,59,783,null,null,null]}"]}