{"baseObjects":["[49,-1,49,595,893,25,823,-100]","[49,-1,49,595,893,25,823,-100]","[49,-1,49,595,893,25,823,-100]","[49,-1,49,595,893,25,823,-100]"],"returnObjects":["null","null","\"NaN49,-1,49,595,893,25,823,-100\"","\"Error\""],"callbackArgs":["{\"0\":-100,\"1\":823,\"2\":6,\"3\":[49,-1,49,595,893,25,823,-100]}","{\"0\":null,\"1\":25,\"2\":5,\"3\":[49,-1,49,595,893,25,823,-100]}","{\"0\":null,\"1\":893,\"2\":4,\"3\":[49,-1,49,595,893,25,823,-100]}","{\"0\":null,\"1\":595,\"2\":3,\"3\":[49,-1,49,595,893,25,823,-100]}","{\"0\":null,\"1\":49,\"2\":2,\"3\":[49,-1,49,595,893,25,823,-100]}","{\"0\":null,\"1\":-1,\"2\":1,\"3\":[49,-1,49,595,893,25,823,-100]}","{\"0\":null,\"1\":49,\"2\":0,\"3\":[49,-1,49,595,893,25,823,-100]}","{\"0\":126,\"1\":-100,\"2\":7,\"3\":[49,-1,49,595,893,25,823,-100]}","{\"0\":null,\"1\":823,\"2\":6,\"3\":[49,-1,49,595,893,25,823,-100]}","{\"0\":null,\"1\":25,\"2\":5,\"3\":[49,-1,49,595,893,25,823,-100]}","{\"0\":null,\"1\":893,\"2\":4,\"3\":[49,-1,49,595,893,25,823,-100]}","{\"0\":null,\"1\":595,\"2\":3,\"3\":[49,-1,49,595,893,25,823,-100]}","{\"0\":null,\"1\":49,\"2\":2,\"3\":[49,-1,49,595,893,25,823,-100]}","{\"0\":null,\"1\":-1,\"2\":1,\"3\":[49,-1,49,595,893,25,823,-100]}","{\"0\":null,\"1\":49,\"2\":0,\"3\":[49,-1,49,595,893,25,823,-100]}","{\"0\":{\"2\":969,\"25\":969,\"\":3.4029230545155165e+307,\"7?'\":\"\",\"6'\":1.2888861637169617e+308,\"3.6984635575052295e+307\":\"B\",\"w\":4.1956382481429786e+307,\"W\":\"\"},\"1\":-100,\"2\":7,\"3\":[49,-1,49,595,893,25,823,-100]}","{\"0\":\"NaN49,-1,49,595,893,25,823,-100\",\"1\":823,\"2\":6,\"3\":[49,-1,49,595,893,25,823,-100]}","{\"0\":\"NaN49,-1,49,595,893,25,823,-100\",\"1\":25,\"2\":5,\"3\":[49,-1,49,595,893,25,823,-100]}","{\"0\":\"NaN49,-1,49,595,893,25,823,-100\",\"1\":893,\"2\":4,\"3\":[49,-1,49,595,893,25,823,-100]}","{\"0\":\"NaN49,-1,49,595,893,25,823,-100\",\"1\":595,\"2\":3,\"3\":[49,-1,49,595,893,25,823,-100]}","{\"0\":\"NaN49,-1,49,595,893,25,823,-100\",\"1\":49,\"2\":2,\"3\":[49,-1,49,595,893,25,823,-100]}","{\"0\":\"NaN49,-1,49,595,893,25,823,-100\",\"1\":-1,\"2\":1,\"3\":[49,-1,49,595,893,25,823,-100]}","{\"0\":\"NaN49,-1,49,595,893,25,823,-100\",\"1\":49,\"2\":0,\"3\":[49,-1,49,595,893,25,823,-100]}","{\"0\":-100,\"1\":823,\"2\":6,\"3\":[49,-1,49,595,893,25,823,-100]}"]}