{"baseObjects":[null,"[59,59,823,5e-324,242,823,714,59,627]","[59,59,823,\";$\",242,823,714,59,627]","[59,59,823,5e-324,242,823,714,59,627]"],"returnObjects":["null","\"Error\"","\"NaN59,59,823,;$,242,823,714,59,627\"","\"Error\""],"callbackArgs":["{\"0\":{\"705\":242,\"1.1735955524648516e+308\":\"\",\"1.0658110861789657e+308\":\"\"},\"1\":627,\"2\":8,\"3\":[59,59,823,5e-324,242,823,714,59,627]}","{\"0\":null,\"1\":59,\"2\":7,\"3\":[59,59,823,5e-324,242,823,714,59,627]}","{\"0\":null,\"1\":714,\"2\":6,\"3\":[59,59,823,5e-324,242,823,714,59,627]}","{\"0\":null,\"1\":823,\"2\":5,\"3\":[59,59,823,5e-324,242,823,714,59,627]}","{\"0\":null,\"1\":242,\"2\":4,\"3\":[59,59,823,5e-324,242,823,714,59,627]}","{\"0\":null,\"1\":5e-324,\"2\":3,\"3\":[59,59,823,5e-324,242,823,714,59,627]}","{\"0\":null,\"1\":823,\"2\":2,\"3\":[59,59,823,5e-324,242,823,714,59,627]}","{\"0\":null,\"1\":59,\"2\":1,\"3\":[59,59,823,5e-324,242,823,714,59,627]}","{\"0\":null,\"1\":59,\"2\":0,\"3\":[59,59,823,5e-324,242,823,714,59,627]}","{\"1\":627,\"2\":8,\"3\":[59,59,823,5e-324,242,823,714,59,627]}","{\"0\":[\"d\",\"Q\",\"E47\",\"i\",\"^\"],\"1\":627,\"2\":8,\"3\":[59,59,823,5e-324,242,823,714,59,627]}","{\"0\":\"NaN59,59,823,;$,242,823,714,59,627\",\"1\":59,\"2\":7,\"3\":[59,59,823,\";$\",242,823,714,59,627]}","{\"0\":\"NaN59,59,823,;$,242,823,714,59,627\",\"1\":714,\"2\":6,\"3\":[59,59,823,\";$\",242,823,714,59,627]}","{\"0\":\"NaN59,59,823,;$,242,823,714,59,627\",\"1\":823,\"2\":5,\"3\":[59,59,823,\";$\",242,823,714,59,627]}","{\"0\":\"NaN59,59,823,;$,242,823,714,59,627\",\"1\":242,\"2\":4,\"3\":[59,59,823,\";$\",242,823,714,59,627]}","{\"0\":\"NaN59,59,823,;$,242,823,714,59,627\",\"1\":\";$\",\"2\":3,\"3\":[59,59,823,\";$\",242,823,714,59,627]}","{\"0\":\"NaN59,59,823,;$,242,823,714,59,627\",\"1\":823,\"2\":2,\"3\":[59,59,823,\";$\",242,823,714,59,627]}","{\"0\":\"NaN59,59,823,;$,242,823,714,59,627\",\"1\":59,\"2\":1,\"3\":[59,59,823,\";$\",242,823,714,59,627]}","{\"0\":\"NaN59,59,823,;$,242,823,714,59,627\",\"1\":59,\"2\":0,\"3\":[59,59,823,\";$\",242,823,714,59,627]}","{\"0\":627,\"1\":59,\"2\":7,\"3\":[59,59,823,5e-324,242,823,714,59,627]}"]}