{"baseObjects":["[1.7976931348623157e+308,783]","[1.7976931348623157e+308,783]","[1.7976931348623157e+308,783]","[1.7976931348623157e+308,783]"],"returnObjects":["\"Error\"","\"5.89378315334066e+3071.7976931348623157e+308,7831.7976931348623157e+30801.7976931348623157e+308,783\"","\"Error\"","\"Error\""],"callbackArgs":["{\"0\":null,\"1\":783,\"2\":1,\"3\":[1.7976931348623157e+308,783]}","{\"0\":5.89378315334066e+307,\"1\":783,\"2\":1,\"3\":[1.7976931348623157e+308,783]}","{\"0\":\"5.89378315334066e+3071.7976931348623157e+308,783\",\"1\":1.7976931348623157e+308,\"2\":0,\"3\":[1.7976931348623157e+308,783]}","{\"0\":null,\"1\":783,\"2\":1,\"3\":[1.7976931348623157e+308,783]}","{\"0\":783,\"1\":1.7976931348623157e+308,\"2\":0,\"3\":[1.7976931348623157e+308,783]}"]}