{"baseObjects":["[-1,242,969,618,126,595,705,5e-324,714]","[-1,242,969,618,126,595,705,5e-324,714]","[-1,242,969,618,126,595,{\"100\":893,\"714\":\"5\",\"4.3827238711509515e+307\":1.2652230436260715e+308,\"\":893},5e-324,714]","[-1,242,969,618,126,595,705,5e-324,714]"],"returnObjects":["null","null","\"NaN[object Object]NaN595NaN126NaN618NaN969NaN242NaN-1NaN\"","null"],"callbackArgs":["{\"0\":true,\"1\":714,\"2\":8,\"3\":[-1,242,969,618,126,595,705,5e-324,714]}","{\"0\":null,\"1\":5e-324,\"2\":7,\"3\":[-1,242,969,618,126,595,705,5e-324,714]}","{\"0\":null,\"1\":705,\"2\":6,\"3\":[-1,242,969,618,126,595,705,5e-324,714]}","{\"0\":null,\"1\":595,\"2\":5,\"3\":[-1,242,969,618,126,595,705,5e-324,714]}","{\"0\":null,\"1\":126,\"2\":4,\"3\":[-1,242,969,618,126,595,705,5e-324,714]}","{\"0\":null,\"1\":618,\"2\":3,\"3\":[-1,242,969,618,126,595,705,5e-324,714]}","{\"0\":null,\"1\":969,\"2\":2,\"3\":[-1,242,969,618,126,595,705,5e-324,714]}","{\"0\":null,\"1\":242,\"2\":1,\"3\":[-1,242,969,618,126,595,705,5e-324,714]}","{\"0\":null,\"1\":-1,\"2\":0,\"3\":[-1,242,969,618,126,595,705,5e-324,714]}","{\"0\":8.467349719149352e+306,\"1\":714,\"2\":8,\"3\":[-1,242,969,618,126,595,705,5e-324,714]}","{\"0\":null,\"1\":5e-324,\"2\":7,\"3\":[-1,242,969,618,126,595,705,5e-324,714]}","{\"0\":null,\"1\":705,\"2\":6,\"3\":[-1,242,969,618,126,595,705,5e-324,714]}","{\"0\":null,\"1\":595,\"2\":5,\"3\":[-1,242,969,618,126,595,705,5e-324,714]}","{\"0\":null,\"1\":126,\"2\":4,\"3\":[-1,242,969,618,126,595,705,5e-324,714]}","{\"0\":null,\"1\":618,\"2\":3,\"3\":[-1,242,969,618,126,595,705,5e-324,714]}","{\"0\":null,\"1\":969,\"2\":2,\"3\":[-1,242,969,618,126,595,705,5e-324,714]}","{\"0\":null,\"1\":242,\"2\":1,\"3\":[-1,242,969,618,126,595,705,5e-324,714]}","{\"0\":null,\"1\":-1,\"2\":0,\"3\":[-1,242,969,618,126,595,705,5e-324,714]}","{\"0\":714,\"1\":5e-324,\"2\":7,\"3\":[-1,242,969,618,126,595,705,5e-324,714]}","{\"0\":null,\"1\":{\"100\":893,\"714\":\"5\",\"4.3827238711509515e+307\":1.2652230436260715e+308,\"\":893},\"2\":6,\"3\":[-1,242,969,618,126,595,{\"100\":893,\"714\":\"5\",\"4.3827238711509515e+307\":1.2652230436260715e+308,\"\":893},5e-324,714]}","{\"0\":\"NaN[object Object]NaN\",\"1\":595,\"2\":5,\"3\":[-1,242,969,618,126,595,{\"100\":893,\"714\":\"5\",\"4.3827238711509515e+307\":1.2652230436260715e+308,\"\":893},5e-324,714]}","{\"0\":\"NaN[object Object]NaN595NaN\",\"1\":126,\"2\":4,\"3\":[-1,242,969,618,126,595,{\"100\":893,\"714\":\"5\",\"4.3827238711509515e+307\":1.2652230436260715e+308,\"\":893},5e-324,714]}","{\"0\":\"NaN[object Object]NaN595NaN126NaN\",\"1\":618,\"2\":3,\"3\":[-1,242,969,618,126,595,{\"100\":893,\"714\":\"5\",\"4.3827238711509515e+307\":1.2652230436260715e+308,\"\":893},5e-324,714]}","{\"0\":\"NaN[object Object]NaN595NaN126NaN618NaN\",\"1\":969,\"2\":2,\"3\":[-1,242,969,618,126,595,{\"100\":893,\"714\":\"5\",\"4.3827238711509515e+307\":1.2652230436260715e+308,\"\":893},5e-324,714]}","{\"0\":\"NaN[object Object]NaN595NaN126NaN618NaN969NaN\",\"1\":242,\"2\":1,\"3\":[-1,242,969,618,126,595,{\"100\":893,\"714\":\"5\",\"4.3827238711509515e+307\":1.2652230436260715e+308,\"\":893},5e-324,714]}","{\"0\":\"NaN[object Object]NaN595NaN126NaN618NaN969NaN242NaN\",\"1\":-1,\"2\":0,\"3\":[-1,242,969,618,126,595,{\"100\":893,\"714\":\"5\",\"4.3827238711509515e+307\":1.2652230436260715e+308,\"\":893},5e-324,714]}","{\"0\":\"\",\"1\":714,\"2\":8,\"3\":[-1,242,969,618,126,595,705,5e-324,714]}","{\"0\":null,\"1\":5e-324,\"2\":7,\"3\":[-1,242,969,618,126,595,705,5e-324,714]}","{\"0\":null,\"1\":705,\"2\":6,\"3\":[-1,242,969,618,126,595,705,5e-324,714]}","{\"0\":null,\"1\":595,\"2\":5,\"3\":[-1,242,969,618,126,595,705,5e-324,714]}","{\"0\":null,\"1\":126,\"2\":4,\"3\":[-1,242,969,618,126,595,705,5e-324,714]}","{\"0\":null,\"1\":618,\"2\":3,\"3\":[-1,242,969,618,126,595,705,5e-324,714]}","{\"0\":null,\"1\":969,\"2\":2,\"3\":[-1,242,969,618,126,595,705,5e-324,714]}","{\"0\":null,\"1\":242,\"2\":1,\"3\":[-1,242,969,618,126,595,705,5e-324,714]}","{\"0\":null,\"1\":-1,\"2\":0,\"3\":[-1,242,969,618,126,595,705,5e-324,714]}"]}