{"baseObjects":["[783,618,893,-1,59]","[783,618,893,-1,59]","[783,{\"714\":\"mf\",\"1.3783513772242074e+308\":\"\",\"`\":59,\"n\":1.7976931348623157e+308,\"9B\":\"\",\"6.343238964264347e+307\":\"97\",\"\":1.1382976686534847e+308},893,-1,59]","[783,618,893,-1,59]"],"returnObjects":["null","null","\"14.75783,[object Object],893,-1,59-0.3333333333333333783,[object Object],893,-1,59446.5783,[object Object],893,-1,59NaN783,[object Object],893,-1,59Infinity783,[object Object],893,-1,59\"","null"],"callbackArgs":["{\"0\":false,\"1\":59,\"2\":4,\"3\":[783,618,893,-1,59]}","{\"0\":null,\"1\":-1,\"2\":3,\"3\":[783,618,893,-1,59]}","{\"0\":null,\"1\":893,\"2\":2,\"3\":[783,618,893,-1,59]}","{\"0\":null,\"1\":618,\"2\":1,\"3\":[783,618,893,-1,59]}","{\"0\":null,\"1\":783,\"2\":0,\"3\":[783,618,893,-1,59]}","{\"0\":59,\"1\":-1,\"2\":3,\"3\":[783,618,893,-1,59]}","{\"0\":null,\"1\":893,\"2\":2,\"3\":[783,618,893,-1,59]}","{\"0\":null,\"1\":618,\"2\":1,\"3\":[783,618,893,-1,59]}","{\"0\":null,\"1\":783,\"2\":0,\"3\":[783,618,893,-1,59]}","{\"0\":false,\"1\":59,\"2\":4,\"3\":[783,618,893,-1,59]}","{\"0\":\"14.75783,[object Object],893,-1,59\",\"1\":-1,\"2\":3,\"3\":[783,{\"714\":\"mf\",\"1.3783513772242074e+308\":\"\",\"`\":59,\"n\":1.7976931348623157e+308,\"9B\":\"\",\"6.343238964264347e+307\":\"97\",\"\":1.1382976686534847e+308},893,-1,59]}","{\"0\":\"14.75783,[object Object],893,-1,59-0.3333333333333333783,[object Object],893,-1,59\",\"1\":893,\"2\":2,\"3\":[783,{\"714\":\"mf\",\"1.3783513772242074e+308\":\"\",\"`\":59,\"n\":1.7976931348623157e+308,\"9B\":\"\",\"6.343238964264347e+307\":\"97\",\"\":1.1382976686534847e+308},893,-1,59]}","{\"0\":\"14.75783,[object Object],893,-1,59-0.3333333333333333783,[object Object],893,-1,59446.5783,[object Object],893,-1,59\",\"1\":{\"714\":\"mf\",\"1.3783513772242074e+308\":\"\",\"`\":59,\"n\":1.7976931348623157e+308,\"9B\":\"\",\"6.343238964264347e+307\":\"97\",\"\":1.1382976686534847e+308},\"2\":1,\"3\":[783,{\"714\":\"mf\",\"1.3783513772242074e+308\":\"\",\"`\":59,\"n\":1.7976931348623157e+308,\"9B\":\"\",\"6.343238964264347e+307\":\"97\",\"\":1.1382976686534847e+308},893,-1,59]}","{\"0\":\"14.75783,[object Object],893,-1,59-0.3333333333333333783,[object Object],893,-1,59446.5783,[object Object],893,-1,59NaN783,[object Object],893,-1,59\",\"1\":783,\"2\":0,\"3\":[783,{\"714\":\"mf\",\"1.3783513772242074e+308\":\"\",\"`\":59,\"n\":1.7976931348623157e+308,\"9B\":\"\",\"6.343238964264347e+307\":\"97\",\"\":1.1382976686534847e+308},893,-1,59]}","{\"0\":null,\"1\":59,\"2\":4,\"3\":[783,618,893,-1,59]}","{\"0\":null,\"1\":-1,\"2\":3,\"3\":[783,618,893,-1,59]}","{\"0\":null,\"1\":893,\"2\":2,\"3\":[783,618,893,-1,59]}","{\"0\":null,\"1\":618,\"2\":1,\"3\":[783,618,893,-1,59]}","{\"0\":null,\"1\":783,\"2\":0,\"3\":[783,618,893,-1,59]}"]}