{"baseObjects":["[\"N\",\"j\",1.7976931348623157e+308,\"G\",618,25,893,595,\"e$\"]","[\"N\",\"j\",1.7976931348623157e+308,\"G\",618,25,893,595,\"e$\"]","[\"N\",\"j\",1.7976931348623157e+308,\"G\",618,25,893,595,\"e$\"]","[\"N\",\"j\",1.7976931348623157e+308,\"G\",618,25,893,595,\"e$\"]"],"returnObjects":["null","null","null","\"NaNN,j,1.7976931348623157e+308,G,618,25,893,595,e$\""],"callbackArgs":["{\"0\":\"e$\",\"1\":595,\"2\":7,\"3\":[\"N\",\"j\",1.7976931348623157e+308,\"G\",618,25,893,595,\"e$\"]}","{\"0\":null,\"1\":893,\"2\":6,\"3\":[\"N\",\"j\",1.7976931348623157e+308,\"G\",618,25,893,595,\"e$\"]}","{\"0\":null,\"1\":25,\"2\":5,\"3\":[\"N\",\"j\",1.7976931348623157e+308,\"G\",618,25,893,595,\"e$\"]}","{\"0\":null,\"1\":618,\"2\":4,\"3\":[\"N\",\"j\",1.7976931348623157e+308,\"G\",618,25,893,595,\"e$\"]}","{\"0\":null,\"1\":\"G\",\"2\":3,\"3\":[\"N\",\"j\",1.7976931348623157e+308,\"G\",618,25,893,595,\"e$\"]}","{\"0\":null,\"1\":1.7976931348623157e+308,\"2\":2,\"3\":[\"N\",\"j\",1.7976931348623157e+308,\"G\",618,25,893,595,\"e$\"]}","{\"0\":null,\"1\":\"j\",\"2\":1,\"3\":[\"N\",\"j\",1.7976931348623157e+308,\"G\",618,25,893,595,\"e$\"]}","{\"0\":null,\"1\":\"N\",\"2\":0,\"3\":[\"N\",\"j\",1.7976931348623157e+308,\"G\",618,25,893,595,\"e$\"]}","{\"0\":\"e$\",\"1\":595,\"2\":7,\"3\":[\"N\",\"j\",1.7976931348623157e+308,\"G\",618,25,893,595,\"e$\"]}","{\"0\":null,\"1\":893,\"2\":6,\"3\":[\"N\",\"j\",1.7976931348623157e+308,\"G\",618,25,893,595,\"e$\"]}","{\"0\":null,\"1\":25,\"2\":5,\"3\":[\"N\",\"j\",1.7976931348623157e+308,\"G\",618,25,893,595,\"e$\"]}","{\"0\":null,\"1\":618,\"2\":4,\"3\":[\"N\",\"j\",1.7976931348623157e+308,\"G\",618,25,893,595,\"e$\"]}","{\"0\":null,\"1\":\"G\",\"2\":3,\"3\":[\"N\",\"j\",1.7976931348623157e+308,\"G\",618,25,893,595,\"e$\"]}","{\"0\":null,\"1\":1.7976931348623157e+308,\"2\":2,\"3\":[\"N\",\"j\",1.7976931348623157e+308,\"G\",618,25,893,595,\"e$\"]}","{\"0\":null,\"1\":\"j\",\"2\":1,\"3\":[\"N\",\"j\",1.7976931348623157e+308,\"G\",618,25,893,595,\"e$\"]}","{\"0\":null,\"1\":\"N\",\"2\":0,\"3\":[\"N\",\"j\",1.7976931348623157e+308,\"G\",618,25,893,595,\"e$\"]}","{\"0\":\"e$\",\"1\":595,\"2\":7,\"3\":[\"N\",\"j\",1.7976931348623157e+308,\"G\",618,25,893,595,\"e$\"]}","{\"0\":null,\"1\":893,\"2\":6,\"3\":[\"N\",\"j\",1.7976931348623157e+308,\"G\",618,25,893,595,\"e$\"]}","{\"0\":null,\"1\":25,\"2\":5,\"3\":[\"N\",\"j\",1.7976931348623157e+308,\"G\",618,25,893,595,\"e$\"]}","{\"0\":null,\"1\":618,\"2\":4,\"3\":[\"N\",\"j\",1.7976931348623157e+308,\"G\",618,25,893,595,\"e$\"]}","{\"0\":null,\"1\":\"G\",\"2\":3,\"3\":[\"N\",\"j\",1.7976931348623157e+308,\"G\",618,25,893,595,\"e$\"]}","{\"0\":null,\"1\":1.7976931348623157e+308,\"2\":2,\"3\":[\"N\",\"j\",1.7976931348623157e+308,\"G\",618,25,893,595,\"e$\"]}","{\"0\":null,\"1\":\"j\",\"2\":1,\"3\":[\"N\",\"j\",1.7976931348623157e+308,\"G\",618,25,893,595,\"e$\"]}","{\"0\":null,\"1\":\"N\",\"2\":0,\"3\":[\"N\",\"j\",1.7976931348623157e+308,\"G\",618,25,893,595,\"e$\"]}","{\"0\":\"\",\"1\":\"e$\",\"2\":8,\"3\":[\"N\",\"j\",1.7976931348623157e+308,\"G\",618,25,893,595,\"e$\"]}","{\"0\":\"NaNN,j,1.7976931348623157e+308,G,618,25,893,595,e$\",\"1\":595,\"2\":7,\"3\":[\"N\",\"j\",1.7976931348623157e+308,\"G\",618,25,893,595,\"e$\"]}","{\"0\":\"NaNN,j,1.7976931348623157e+308,G,618,25,893,595,e$\",\"1\":893,\"2\":6,\"3\":[\"N\",\"j\",1.7976931348623157e+308,\"G\",618,25,893,595,\"e$\"]}","{\"0\":\"NaNN,j,1.7976931348623157e+308,G,618,25,893,595,e$\",\"1\":25,\"2\":5,\"3\":[\"N\",\"j\",1.7976931348623157e+308,\"G\",618,25,893,595,\"e$\"]}","{\"0\":\"NaNN,j,1.7976931348623157e+308,G,618,25,893,595,e$\",\"1\":618,\"2\":4,\"3\":[\"N\",\"j\",1.7976931348623157e+308,\"G\",618,25,893,595,\"e$\"]}","{\"0\":\"NaNN,j,1.7976931348623157e+308,G,618,25,893,595,e$\",\"1\":\"G\",\"2\":3,\"3\":[\"N\",\"j\",1.7976931348623157e+308,\"G\",618,25,893,595,\"e$\"]}","{\"0\":\"NaNN,j,1.7976931348623157e+308,G,618,25,893,595,e$\",\"1\":1.7976931348623157e+308,\"2\":2,\"3\":[\"N\",\"j\",1.7976931348623157e+308,\"G\",618,25,893,595,\"e$\"]}","{\"0\":\"NaNN,j,1.7976931348623157e+308,G,618,25,893,595,e$\",\"1\":\"j\",\"2\":1,\"3\":[\"N\",\"j\",1.7976931348623157e+308,\"G\",618,25,893,595,\"e$\"]}","{\"0\":\"NaNN,j,1.7976931348623157e+308,G,618,25,893,595,e$\",\"1\":\"N\",\"2\":0,\"3\":[\"N\",\"j\",1.7976931348623157e+308,\"G\",618,25,893,595,\"e$\"]}"]}