{"baseObjects":["[618,-1,82,126,893,783,969,126,705]","[618,-1,82,126,893,783,969,126,705]","[618,-1,82,126,893,783,969,126,705]","[618,-1,82,126,893,783,969,126,705]"],"returnObjects":["null","\"Error\"","null","null"],"callbackArgs":["{\"0\":{\"\":5.760340665657086e+307,\"m\":893},\"1\":705,\"2\":8,\"3\":[618,-1,82,126,893,783,969,126,705]}","{\"0\":null,\"1\":126,\"2\":7,\"3\":[618,-1,82,126,893,783,969,126,705]}","{\"0\":null,\"1\":969,\"2\":6,\"3\":[618,-1,82,126,893,783,969,126,705]}","{\"0\":null,\"1\":783,\"2\":5,\"3\":[618,-1,82,126,893,783,969,126,705]}","{\"0\":null,\"1\":893,\"2\":4,\"3\":[618,-1,82,126,893,783,969,126,705]}","{\"0\":null,\"1\":126,\"2\":3,\"3\":[618,-1,82,126,893,783,969,126,705]}","{\"0\":null,\"1\":82,\"2\":2,\"3\":[618,-1,82,126,893,783,969,126,705]}","{\"0\":null,\"1\":-1,\"2\":1,\"3\":[618,-1,82,126,893,783,969,126,705]}","{\"0\":null,\"1\":618,\"2\":0,\"3\":[618,-1,82,126,893,783,969,126,705]}","{\"0\":null,\"1\":705,\"2\":8,\"3\":[618,-1,82,126,893,783,969,126,705]}","{\"1\":705,\"2\":8,\"3\":[618,-1,82,126,893,783,969,126,705]}","{\"0\":null,\"1\":126,\"2\":7,\"3\":[618,-1,82,126,893,783,969,126,705]}","{\"0\":null,\"1\":969,\"2\":6,\"3\":[618,-1,82,126,893,783,969,126,705]}","{\"0\":null,\"1\":783,\"2\":5,\"3\":[618,-1,82,126,893,783,969,126,705]}","{\"0\":null,\"1\":893,\"2\":4,\"3\":[618,-1,82,126,893,783,969,126,705]}","{\"0\":null,\"1\":126,\"2\":3,\"3\":[618,-1,82,126,893,783,969,126,705]}","{\"0\":null,\"1\":82,\"2\":2,\"3\":[618,-1,82,126,893,783,969,126,705]}","{\"0\":null,\"1\":-1,\"2\":1,\"3\":[618,-1,82,126,893,783,969,126,705]}","{\"0\":null,\"1\":618,\"2\":0,\"3\":[618,-1,82,126,893,783,969,126,705]}","{\"0\":1.2929800369332806e+308,\"1\":705,\"2\":8,\"3\":[618,-1,82,126,893,783,969,126,705]}","{\"0\":null,\"1\":126,\"2\":7,\"3\":[618,-1,82,126,893,783,969,126,705]}","{\"0\":null,\"1\":969,\"2\":6,\"3\":[618,-1,82,126,893,783,969,126,705]}","{\"0\":null,\"1\":783,\"2\":5,\"3\":[618,-1,82,126,893,783,969,126,705]}","{\"0\":null,\"1\":893,\"2\":4,\"3\":[618,-1,82,126,893,783,969,126,705]}","{\"0\":null,\"1\":126,\"2\":3,\"3\":[618,-1,82,126,893,783,969,126,705]}","{\"0\":null,\"1\":82,\"2\":2,\"3\":[618,-1,82,126,893,783,969,126,705]}","{\"0\":null,\"1\":-1,\"2\":1,\"3\":[618,-1,82,126,893,783,969,126,705]}","{\"0\":null,\"1\":618,\"2\":0,\"3\":[618,-1,82,126,893,783,969,126,705]}"]}