{"baseObjects":["[-100,655,595,126,655]","[-100,595,595,126,655]","[-100,595,595,126,655]","[-100,595,595,126,655]"],"returnObjects":["\"NaN-100,655,595,126,655\"","null","null","null"],"callbackArgs":["{\"0\":655,\"1\":126,\"2\":3,\"3\":[-100,595,595,126,655]}","{\"0\":\"532-100,655,595,126,655\",\"1\":595,\"2\":2,\"3\":[-100,655,595,126,655]}","{\"0\":\"NaN-100,655,595,126,655\",\"1\":655,\"2\":1,\"3\":[-100,655,595,126,655]}","{\"0\":\"NaN-100,655,595,126,655\",\"1\":-100,\"2\":0,\"3\":[-100,655,595,126,655]}","{\"0\":false,\"1\":655,\"2\":4,\"3\":[-100,595,595,126,655]}","{\"0\":null,\"1\":126,\"2\":3,\"3\":[-100,595,595,126,655]}","{\"0\":null,\"1\":595,\"2\":2,\"3\":[-100,595,595,126,655]}","{\"0\":null,\"1\":595,\"2\":1,\"3\":[-100,595,595,126,655]}","{\"0\":null,\"1\":-100,\"2\":0,\"3\":[-100,595,595,126,655]}","{\"0\":{\"100\":9.603001801809452e+307,\"122\":893,\"213\":3.612539681431712e+307,\"823\":8.625881296167539e+307,\"1.0932416185064998e+307\":714,\"\":\"b!r\",\"7.575893632183418e+307\":893},\"1\":655,\"2\":4,\"3\":[-100,595,595,126,655]}","{\"0\":null,\"1\":126,\"2\":3,\"3\":[-100,595,595,126,655]}","{\"0\":null,\"1\":595,\"2\":2,\"3\":[-100,595,595,126,655]}","{\"0\":null,\"1\":595,\"2\":1,\"3\":[-100,595,595,126,655]}","{\"0\":null,\"1\":-100,\"2\":0,\"3\":[-100,595,595,126,655]}","{\"0\":655,\"1\":126,\"2\":3,\"3\":[-100,595,595,126,655]}","{\"0\":null,\"1\":595,\"2\":2,\"3\":[-100,595,595,126,655]}","{\"0\":null,\"1\":595,\"2\":1,\"3\":[-100,595,595,126,655]}","{\"0\":null,\"1\":-100,\"2\":0,\"3\":[-100,595,595,126,655]}"]}