{"baseObjects":["[607,893,-1,100,705,0]","[607,893,-1,100,705,0]","[607,893,-1,100,705,0]","[607,893,-1,100,705,0]"],"returnObjects":["null","null","\"NaN607,893,-1,100,705,0\"","null"],"callbackArgs":["{\"0\":0,\"1\":705,\"2\":4,\"3\":[607,893,-1,100,705,0]}","{\"0\":null,\"1\":100,\"2\":3,\"3\":[607,893,-1,100,705,0]}","{\"0\":null,\"1\":-1,\"2\":2,\"3\":[607,893,-1,100,705,0]}","{\"0\":null,\"1\":893,\"2\":1,\"3\":[607,893,-1,100,705,0]}","{\"0\":null,\"1\":607,\"2\":0,\"3\":[607,893,-1,100,705,0]}","{\"0\":0,\"1\":705,\"2\":4,\"3\":[607,893,-1,100,705,0]}","{\"0\":null,\"1\":100,\"2\":3,\"3\":[607,893,-1,100,705,0]}","{\"0\":null,\"1\":-1,\"2\":2,\"3\":[607,893,-1,100,705,0]}","{\"0\":null,\"1\":893,\"2\":1,\"3\":[607,893,-1,100,705,0]}","{\"0\":null,\"1\":607,\"2\":0,\"3\":[607,893,-1,100,705,0]}","{\"0\":0,\"1\":705,\"2\":4,\"3\":[607,893,-1,100,705,0]}","{\"0\":\"-2820607,893,-1,100,705,0\",\"1\":100,\"2\":3,\"3\":[607,893,-1,100,705,0]}","{\"0\":\"NaN607,893,-1,100,705,0\",\"1\":-1,\"2\":2,\"3\":[607,893,-1,100,705,0]}","{\"0\":\"NaN607,893,-1,100,705,0\",\"1\":893,\"2\":1,\"3\":[607,893,-1,100,705,0]}","{\"0\":\"NaN607,893,-1,100,705,0\",\"1\":607,\"2\":0,\"3\":[607,893,-1,100,705,0]}","{\"0\":{\"618\":1.5480892313984524e+307,\"2.2115682770454407e+307\":\"d\"},\"1\":0,\"2\":5,\"3\":[607,893,-1,100,705,0]}","{\"0\":null,\"1\":705,\"2\":4,\"3\":[607,893,-1,100,705,0]}","{\"0\":null,\"1\":100,\"2\":3,\"3\":[607,893,-1,100,705,0]}","{\"0\":null,\"1\":-1,\"2\":2,\"3\":[607,893,-1,100,705,0]}","{\"0\":null,\"1\":893,\"2\":1,\"3\":[607,893,-1,100,705,0]}","{\"0\":null,\"1\":607,\"2\":0,\"3\":[607,893,-1,100,705,0]}"]}