{"baseObjects":["[595,403,403,893,null,{\"213\":6.062884273695418e+307,\"\":9.726198943020177e+307,\"2.536315776646328e+307\":\"\",\"1.4918111572288288e+308\":607,\"8.05897432262219e+307\":\"\"}]","[595,403,403,893]","[595,403,403,893]","[595,403,403,893]"],"returnObjects":["null","\"Error\"","null","\"Error\""],"callbackArgs":["{\"0\":893,\"1\":403,\"2\":2,\"3\":[595,403,403,893]}","{\"0\":null,\"1\":403,\"2\":1,\"3\":[595,403,403,893,null,{\"213\":6.062884273695418e+307,\"\":9.726198943020177e+307,\"2.536315776646328e+307\":\"\",\"1.4918111572288288e+308\":607,\"8.05897432262219e+307\":\"\"}]}","{\"0\":null,\"1\":595,\"2\":0,\"3\":[595,403,403,893,null,{\"213\":6.062884273695418e+307,\"\":9.726198943020177e+307,\"2.536315776646328e+307\":\"\",\"1.4918111572288288e+308\":607,\"8.05897432262219e+307\":\"\"}]}","{\"0\":null,\"1\":893,\"2\":3,\"3\":[595,403,403,893]}","{\"0\":893,\"1\":403,\"2\":2,\"3\":[595,403,403,893]}","{\"0\":null,\"1\":403,\"2\":1,\"3\":[595,403,403,893]}","{\"0\":null,\"1\":595,\"2\":0,\"3\":[595,403,403,893]}","{\"0\":null,\"1\":893,\"2\":3,\"3\":[595,403,403,893]}"]}