{"baseObjects":["[126,1.7976931348623157e+308]","[126,1.7976931348623157e+308]","[126,1.7976931348623157e+308]","[126,1.7976931348623157e+308]"],"returnObjects":["\"Error\"","null","null","\"Error\""],"callbackArgs":["{\"0\":null,\"1\":1.7976931348623157e+308,\"2\":1,\"3\":[126,1.7976931348623157e+308]}","{\"0\":1.7976931348623157e+308,\"1\":126,\"2\":0,\"3\":[126,1.7976931348623157e+308]}","{\"0\":false,\"1\":1.7976931348623157e+308,\"2\":1,\"3\":[126,1.7976931348623157e+308]}","{\"0\":null,\"1\":126,\"2\":0,\"3\":[126,1.7976931348623157e+308]}","{\"0\":1.7976931348623157e+308,\"1\":126,\"2\":0,\"3\":[126,1.7976931348623157e+308]}"]}