{"baseObjects":["[783,\"f\",1.7976931348623157e+308,-100,460,\"B\",\"[NN\",\")u\"]","[783,\"f\",1.7976931348623157e+308,-100,460,\"B\",\"[NN\",\")u\"]","[783,460,1.7976931348623157e+308,-100,460,\"B\",\"[NN\",\")u\"]","[783,\"f\",1.7976931348623157e+308,-100,460,\"B\",\"[NN\",\")u\"]"],"returnObjects":["\"Error\"","\"Error\"","null","\"Error\""],"callbackArgs":["{\"0\":null,\"1\":\")u\",\"2\":7,\"3\":[783,\"f\",1.7976931348623157e+308,-100,460,\"B\",\"[NN\",\")u\"]}","{\"0\":\")u\",\"1\":\"[NN\",\"2\":6,\"3\":[783,\"f\",1.7976931348623157e+308,-100,460,\"B\",\"[NN\",\")u\"]}","{\"1\":\")u\",\"2\":7,\"3\":[783,\"f\",1.7976931348623157e+308,-100,460,\"B\",\"[NN\",\")u\"]}","{\"0\":null,\"1\":\"[NN\",\"2\":6,\"3\":[783,460,1.7976931348623157e+308,-100,460,\"B\",\"[NN\",\")u\"]}","{\"0\":null,\"1\":\"B\",\"2\":5,\"3\":[783,460,1.7976931348623157e+308,-100,460,\"B\",\"[NN\",\")u\"]}","{\"0\":null,\"1\":460,\"2\":4,\"3\":[783,460,1.7976931348623157e+308,-100,460,\"B\",\"[NN\",\")u\"]}","{\"0\":null,\"1\":-100,\"2\":3,\"3\":[783,460,1.7976931348623157e+308,-100,460,\"B\",\"[NN\",\")u\"]}","{\"0\":null,\"1\":1.7976931348623157e+308,\"2\":2,\"3\":[783,460,1.7976931348623157e+308,-100,460,\"B\",\"[NN\",\")u\"]}","{\"0\":null,\"1\":460,\"2\":1,\"3\":[783,460,1.7976931348623157e+308,-100,460,\"B\",\"[NN\",\")u\"]}","{\"0\":null,\"1\":783,\"2\":0,\"3\":[783,460,1.7976931348623157e+308,-100,460,\"B\",\"[NN\",\")u\"]}","{\"0\":{\"2\":25,\"59\":\"\",\"403\":1.1663398009080941e+308,\"823\":-100,\"\":\"AR\",\"|\":\")\",\"Z$j1\":\"\",\"7.893900955498604e+307\":59},\"1\":\")u\",\"2\":7,\"3\":[783,\"f\",1.7976931348623157e+308,-100,460,\"B\",\"[NN\",\")u\"]}"]}