{"baseObjects":["[595,100,655,213,25,122,25]","[595,100,655,213,25,122,25]","[595,100,655,213,25,122,25]","[595,100,655,213,25,122,null]"],"returnObjects":["null","\"Error\"","null","null"],"callbackArgs":["{\"0\":{\"11\":5.3253639865751e+307,\"705\":25,\"\":1.5365337553104073e+308,\"0i\":242,\"?\":607},\"1\":25,\"2\":6,\"3\":[595,100,655,213,25,122,25]}","{\"0\":null,\"1\":122,\"2\":5,\"3\":[595,100,655,213,25,122,25]}","{\"0\":null,\"1\":25,\"2\":4,\"3\":[595,100,655,213,25,122,25]}","{\"0\":null,\"1\":213,\"2\":3,\"3\":[595,100,655,213,25,122,25]}","{\"0\":null,\"1\":655,\"2\":2,\"3\":[595,100,655,213,25,122,25]}","{\"0\":null,\"1\":100,\"2\":1,\"3\":[595,100,655,213,25,122,25]}","{\"0\":null,\"1\":595,\"2\":0,\"3\":[595,100,655,213,25,122,25]}","{\"0\":null,\"1\":25,\"2\":6,\"3\":[595,100,655,213,25,122,25]}","{\"0\":25,\"1\":122,\"2\":5,\"3\":[595,100,655,213,25,122,25]}","{\"0\":null,\"1\":25,\"2\":4,\"3\":[595,100,655,213,25,122,25]}","{\"0\":null,\"1\":213,\"2\":3,\"3\":[595,100,655,213,25,122,25]}","{\"0\":null,\"1\":655,\"2\":2,\"3\":[595,100,655,213,25,122,25]}","{\"0\":null,\"1\":100,\"2\":1,\"3\":[595,100,655,213,25,122,25]}","{\"0\":null,\"1\":595,\"2\":0,\"3\":[595,100,655,213,25,122,25]}","{\"0\":{\"7.148677589985395e+307\":1.796998669169131e+307},\"1\":25,\"2\":6,\"3\":[595,100,655,213,25,122,25]}","{\"0\":null,\"1\":122,\"2\":5,\"3\":[595,100,655,213,25,122,null]}","{\"0\":null,\"1\":25,\"2\":4,\"3\":[595,100,655,213,25,122,null]}","{\"0\":null,\"1\":213,\"2\":3,\"3\":[595,100,655,213,25,122,null]}","{\"0\":null,\"1\":655,\"2\":2,\"3\":[595,100,655,213,25,122,null]}","{\"0\":null,\"1\":100,\"2\":1,\"3\":[595,100,655,213,25,122,null]}","{\"0\":null,\"1\":595,\"2\":0,\"3\":[595,100,655,213,25,122,null]}"]}