{"baseObjects":["[\"bs8\",\"_lP\",1.7976931348623157e+308,607,705]","[\"bs8\",\"_lP\",1.7976931348623157e+308,607,705]","[\"bs8\",\"_lP\",1.7976931348623157e+308,607,705]","[\"bs8\",\"_lP\",1.7976931348623157e+308,607,705]"],"returnObjects":["null","\"Error\"","\"NaNbs8,_lP,1.7976931348623157e+308,607,705\"","\"Error\""],"callbackArgs":["{\"0\":705,\"1\":607,\"2\":3,\"3\":[\"bs8\",\"_lP\",1.7976931348623157e+308,607,705]}","{\"0\":null,\"1\":1.7976931348623157e+308,\"2\":2,\"3\":[\"bs8\",\"_lP\",1.7976931348623157e+308,607,705]}","{\"0\":null,\"1\":\"_lP\",\"2\":1,\"3\":[\"bs8\",\"_lP\",1.7976931348623157e+308,607,705]}","{\"0\":null,\"1\":\"bs8\",\"2\":0,\"3\":[\"bs8\",\"_lP\",1.7976931348623157e+308,607,705]}","{\"0\":null,\"1\":705,\"2\":4,\"3\":[\"bs8\",\"_lP\",1.7976931348623157e+308,607,705]}","{\"0\":null,\"1\":705,\"2\":4,\"3\":[\"bs8\",\"_lP\",1.7976931348623157e+308,607,705]}","{\"0\":\"-4bs8,_lP,1.7976931348623157e+308,607,705\",\"1\":607,\"2\":3,\"3\":[\"bs8\",\"_lP\",1.7976931348623157e+308,607,705]}","{\"0\":\"NaNbs8,_lP,1.7976931348623157e+308,607,705\",\"1\":1.7976931348623157e+308,\"2\":2,\"3\":[\"bs8\",\"_lP\",1.7976931348623157e+308,607,705]}","{\"0\":\"NaNbs8,_lP,1.7976931348623157e+308,607,705\",\"1\":\"_lP\",\"2\":1,\"3\":[\"bs8\",\"_lP\",1.7976931348623157e+308,607,705]}","{\"0\":\"NaNbs8,_lP,1.7976931348623157e+308,607,705\",\"1\":\"bs8\",\"2\":0,\"3\":[\"bs8\",\"_lP\",1.7976931348623157e+308,607,705]}","{\"1\":705,\"2\":4,\"3\":[\"bs8\",\"_lP\",1.7976931348623157e+308,607,705]}"]}