{"baseObjects":["[618,893,null,null,null,2.5975651431371023e+307,false]","[618,{\"Fd\":5e-324,\"\":\"\",\"-100\":\"\"},null,null,\"\",{\"157\":1.2559538218849188e+308,\"655\":\"\",\"823\":122,\"?*\":\"8D*(N)\",\"\":1.236199985155341e+308,\"1.7819937856474542e+308\":82,\"2.7798921031962303e+307\":\"\",\"1.6867091063331294e+308\":969,\"1.0071186350169818e+308\":25}]","[618,[82,783,655],null,2.4296577289008485e+307]","[618,893,null,null,null,null]"],"returnObjects":["null","\"894618,[object Object],,,,[object Object]6180618,[object Object],,,,[object Object]\"","null","null"],"callbackArgs":["{\"0\":893,\"1\":618,\"2\":0,\"3\":[618,893]}","{\"0\":false,\"1\":893,\"2\":1,\"3\":[618,893]}","{\"0\":\"894618,[object Object],,,,[object Object]\",\"1\":618,\"2\":0,\"3\":[618,{\"Fd\":5e-324,\"\":\"\",\"-100\":\"\"},null,null,\"\",{\"157\":1.2559538218849188e+308,\"655\":\"\",\"823\":122,\"?*\":\"8D*(N)\",\"\":1.236199985155341e+308,\"1.7819937856474542e+308\":82,\"2.7798921031962303e+307\":\"\",\"1.6867091063331294e+308\":969,\"1.0071186350169818e+308\":25}]}","{\"0\":null,\"1\":893,\"2\":1,\"3\":[618,893]}","{\"0\":null,\"1\":618,\"2\":0,\"3\":[618,[82,783,655],null,2.4296577289008485e+307]}","{\"0\":893,\"1\":618,\"2\":0,\"3\":[618,893]}"]}