{"baseObjects":["[783,157,783,59,460,1.7976931348623157e+308]","[783,157,783,59,460,1.7976931348623157e+308]","[783,157,783,59,460,1.7976931348623157e+308]","[783,157,783,59,460,1.7976931348623157e+308]"],"returnObjects":["\"Error\"","\"Error\"","\"NaN783,157,783,59,460,1.7976931348623157e+308\"","\"Error\""],"callbackArgs":["{\"1\":1.7976931348623157e+308,\"2\":5,\"3\":[783,157,783,59,460,1.7976931348623157e+308]}","{\"0\":null,\"1\":1.7976931348623157e+308,\"2\":5,\"3\":[783,157,783,59,460,1.7976931348623157e+308]}","{\"0\":false,\"1\":1.7976931348623157e+308,\"2\":5,\"3\":[783,157,783,59,460,1.7976931348623157e+308]}","{\"0\":\"-Infinity783,157,783,59,460,1.7976931348623157e+308\",\"1\":460,\"2\":4,\"3\":[783,157,783,59,460,1.7976931348623157e+308]}","{\"0\":\"NaN783,157,783,59,460,1.7976931348623157e+308\",\"1\":59,\"2\":3,\"3\":[783,157,783,59,460,1.7976931348623157e+308]}","{\"0\":\"NaN783,157,783,59,460,1.7976931348623157e+308\",\"1\":783,\"2\":2,\"3\":[783,157,783,59,460,1.7976931348623157e+308]}","{\"0\":\"NaN783,157,783,59,460,1.7976931348623157e+308\",\"1\":157,\"2\":1,\"3\":[783,157,783,59,460,1.7976931348623157e+308]}","{\"0\":\"NaN783,157,783,59,460,1.7976931348623157e+308\",\"1\":783,\"2\":0,\"3\":[783,157,783,59,460,1.7976931348623157e+308]}","{\"0\":[655,25,783,627],\"1\":1.7976931348623157e+308,\"2\":5,\"3\":[783,157,783,59,460,1.7976931348623157e+308]}"]}