{"baseObjects":["[100,714,969,126,25]","[100,-100,969,126,25]","{\"\":8.267913975196238e+307,\"^\":6.556212563105225e+307,\"5e-324\":\"\",\"uuG'\":122,\"4.977539945669004e+307\":714}","[100,714,969,126,25]"],"returnObjects":["null","null","\"Error\"","\"Error\""],"callbackArgs":["{\"0\":true,\"1\":25,\"2\":4,\"3\":[100,714,969,126,25]}","{\"0\":null,\"1\":126,\"2\":3,\"3\":[100,714,969,126,25]}","{\"0\":null,\"1\":969,\"2\":2,\"3\":[100,714,969,126,25]}","{\"0\":null,\"1\":714,\"2\":1,\"3\":[100,714,969,126,25]}","{\"0\":null,\"1\":100,\"2\":0,\"3\":[100,714,969,126,25]}","{\"0\":25,\"1\":126,\"2\":3,\"3\":[100,714,969,126,25]}","{\"0\":null,\"1\":969,\"2\":2,\"3\":[100,-100,969,126,25]}","{\"0\":null,\"1\":-100,\"2\":1,\"3\":[100,-100,969,126,25]}","{\"0\":null,\"1\":100,\"2\":0,\"3\":[100,-100,969,126,25]}","{\"0\":25,\"1\":126,\"2\":3,\"3\":[100,714,969,126,25]}","{\"0\":25,\"1\":126,\"2\":3,\"3\":[100,714,969,126,25]}"]}