{"baseObjects":["[82,\"%>_F\",59,607,1.7976931348623157e+308,-100,\"u\",607,\";d\",783]","[82,\"%>_F\",59,607,1.7976931348623157e+308,-100,\"u\",607,\";d\",783]","[82,\"%>_F\",59,607,1.7976931348623157e+308,-100,\"u\",607,\";d\",783]","[82,\"%>_F\",59,607,1.7976931348623157e+308,[460,157,705,893,-100,893,783,714,618],\"u\",607,\";d\",783]"],"returnObjects":["null","null","null","null"],"callbackArgs":["{\"0\":true,\"1\":783,\"2\":9,\"3\":[82,\"%>_F\",59,607,1.7976931348623157e+308,-100,\"u\",607,\";d\",783]}","{\"0\":null,\"1\":\";d\",\"2\":8,\"3\":[82,\"%>_F\",59,607,1.7976931348623157e+308,-100,\"u\",607,\";d\",783]}","{\"0\":null,\"1\":607,\"2\":7,\"3\":[82,\"%>_F\",59,607,1.7976931348623157e+308,-100,\"u\",607,\";d\",783]}","{\"0\":null,\"1\":\"u\",\"2\":6,\"3\":[82,\"%>_F\",59,607,1.7976931348623157e+308,-100,\"u\",607,\";d\",783]}","{\"0\":null,\"1\":-100,\"2\":5,\"3\":[82,\"%>_F\",59,607,1.7976931348623157e+308,-100,\"u\",607,\";d\",783]}","{\"0\":null,\"1\":1.7976931348623157e+308,\"2\":4,\"3\":[82,\"%>_F\",59,607,1.7976931348623157e+308,-100,\"u\",607,\";d\",783]}","{\"0\":null,\"1\":607,\"2\":3,\"3\":[82,\"%>_F\",59,607,1.7976931348623157e+308,-100,\"u\",607,\";d\",783]}","{\"0\":null,\"1\":59,\"2\":2,\"3\":[82,\"%>_F\",59,607,1.7976931348623157e+308,-100,\"u\",607,\";d\",783]}","{\"0\":null,\"1\":\"%>_F\",\"2\":1,\"3\":[82,\"%>_F\",59,607,1.7976931348623157e+308,-100,\"u\",607,\";d\",783]}","{\"0\":null,\"1\":82,\"2\":0,\"3\":[82,\"%>_F\",59,607,1.7976931348623157e+308,-100,\"u\",607,\";d\",783]}","{\"0\":true,\"1\":783,\"2\":9,\"3\":[82,\"%>_F\",59,607,1.7976931348623157e+308,-100,\"u\",607,\";d\",783]}","{\"0\":null,\"1\":\";d\",\"2\":8,\"3\":[82,\"%>_F\",59,607,1.7976931348623157e+308,-100,\"u\",607,\";d\",783]}","{\"0\":null,\"1\":607,\"2\":7,\"3\":[82,\"%>_F\",59,607,1.7976931348623157e+308,-100,\"u\",607,\";d\",783]}","{\"0\":null,\"1\":\"u\",\"2\":6,\"3\":[82,\"%>_F\",59,607,1.7976931348623157e+308,-100,\"u\",607,\";d\",783]}","{\"0\":null,\"1\":-100,\"2\":5,\"3\":[82,\"%>_F\",59,607,1.7976931348623157e+308,-100,\"u\",607,\";d\",783]}","{\"0\":null,\"1\":1.7976931348623157e+308,\"2\":4,\"3\":[82,\"%>_F\",59,607,1.7976931348623157e+308,-100,\"u\",607,\";d\",783]}","{\"0\":null,\"1\":607,\"2\":3,\"3\":[82,\"%>_F\",59,607,1.7976931348623157e+308,-100,\"u\",607,\";d\",783]}","{\"0\":null,\"1\":59,\"2\":2,\"3\":[82,\"%>_F\",59,607,1.7976931348623157e+308,-100,\"u\",607,\";d\",783]}","{\"0\":null,\"1\":\"%>_F\",\"2\":1,\"3\":[82,\"%>_F\",59,607,1.7976931348623157e+308,-100,\"u\",607,\";d\",783]}","{\"0\":null,\"1\":82,\"2\":0,\"3\":[82,\"%>_F\",59,607,1.7976931348623157e+308,-100,\"u\",607,\";d\",783]}","{\"0\":1.1955209419566504e+308,\"1\":783,\"2\":9,\"3\":[82,\"%>_F\",59,607,1.7976931348623157e+308,-100,\"u\",607,\";d\",783]}","{\"0\":null,\"1\":\";d\",\"2\":8,\"3\":[82,\"%>_F\",59,607,1.7976931348623157e+308,-100,\"u\",607,\";d\",783]}","{\"0\":null,\"1\":607,\"2\":7,\"3\":[82,\"%>_F\",59,607,1.7976931348623157e+308,-100,\"u\",607,\";d\",783]}","{\"0\":null,\"1\":\"u\",\"2\":6,\"3\":[82,\"%>_F\",59,607,1.7976931348623157e+308,-100,\"u\",607,\";d\",783]}","{\"0\":null,\"1\":-100,\"2\":5,\"3\":[82,\"%>_F\",59,607,1.7976931348623157e+308,-100,\"u\",607,\";d\",783]}","{\"0\":null,\"1\":1.7976931348623157e+308,\"2\":4,\"3\":[82,\"%>_F\",59,607,1.7976931348623157e+308,-100,\"u\",607,\";d\",783]}","{\"0\":null,\"1\":607,\"2\":3,\"3\":[82,\"%>_F\",59,607,1.7976931348623157e+308,-100,\"u\",607,\";d\",783]}","{\"0\":null,\"1\":59,\"2\":2,\"3\":[82,\"%>_F\",59,607,1.7976931348623157e+308,-100,\"u\",607,\";d\",783]}","{\"0\":null,\"1\":\"%>_F\",\"2\":1,\"3\":[82,\"%>_F\",59,607,1.7976931348623157e+308,-100,\"u\",607,\";d\",783]}","{\"0\":null,\"1\":82,\"2\":0,\"3\":[82,\"%>_F\",59,607,1.7976931348623157e+308,-100,\"u\",607,\";d\",783]}","{\"0\":true,\"1\":783,\"2\":9,\"3\":[82,\"%>_F\",59,607,1.7976931348623157e+308,-100,\"u\",607,\";d\",783]}","{\"0\":null,\"1\":\";d\",\"2\":8,\"3\":[82,\"%>_F\",59,607,1.7976931348623157e+308,[460,157,705,893,-100,893,783,714,618],\"u\",607,\";d\",783]}","{\"0\":null,\"1\":607,\"2\":7,\"3\":[82,\"%>_F\",59,607,1.7976931348623157e+308,[460,157,705,893,-100,893,783,714,618],\"u\",607,\";d\",783]}","{\"0\":null,\"1\":\"u\",\"2\":6,\"3\":[82,\"%>_F\",59,607,1.7976931348623157e+308,[460,157,705,893,-100,893,783,714,618],\"u\",607,\";d\",783]}","{\"0\":null,\"1\":[460,157,705,893,-100,893,783,714,618],\"2\":5,\"3\":[82,\"%>_F\",59,607,1.7976931348623157e+308,[460,157,705,893,-100,893,783,714,618],\"u\",607,\";d\",783]}","{\"0\":null,\"1\":1.7976931348623157e+308,\"2\":4,\"3\":[82,\"%>_F\",59,607,1.7976931348623157e+308,[460,157,705,893,-100,893,783,714,618],\"u\",607,\";d\",783]}","{\"0\":null,\"1\":607,\"2\":3,\"3\":[82,\"%>_F\",59,607,1.7976931348623157e+308,[460,157,705,893,-100,893,783,714,618],\"u\",607,\";d\",783]}","{\"0\":null,\"1\":59,\"2\":2,\"3\":[82,\"%>_F\",59,607,1.7976931348623157e+308,[460,157,705,893,-100,893,783,714,618],\"u\",607,\";d\",783]}","{\"0\":null,\"1\":\"%>_F\",\"2\":1,\"3\":[82,\"%>_F\",59,607,1.7976931348623157e+308,[460,157,705,893,-100,893,783,714,618],\"u\",607,\";d\",783]}","{\"0\":null,\"1\":82,\"2\":0,\"3\":[82,\"%>_F\",59,607,1.7976931348623157e+308,[460,157,705,893,-100,893,783,714,618],\"u\",607,\";d\",783]}"]}