{"baseObjects":["[82,969]","[82,969]","[82,969]","[82,969]"],"returnObjects":["null","null","\"Error\"","\"NaN82,969\""],"callbackArgs":["{\"0\":969,\"1\":82,\"2\":0,\"3\":[82,969]}","{\"0\":{\"0\":null,\"403\":1.592499731865572e+307,\"KY`pKPHNw^D\":\"\",\"5.73453312688609e+307\":25,\"3.871869015654619e+307\":\"\",\"!Ae08\":1.5098788893756186e+308},\"1\":969,\"2\":1,\"3\":[82,969]}","{\"0\":null,\"1\":82,\"2\":0,\"3\":[82,969]}","{\"0\":null,\"1\":969,\"2\":1,\"3\":[82,969]}","{\"0\":8.776173320484915e+307,\"1\":969,\"2\":1,\"3\":[82,969]}","{\"0\":\"8.776173320484915e+30782,969\",\"1\":82,\"2\":0,\"3\":[82,969]}"]}