{"baseObjects":["[\"a\",100]","[82,607,100,-100]","[82,607,100,-100]","[82,607,100,-100,null,null,null,null,{\"823\":\"n`\",\"9.731670291840328e+307\":-1,\"1.1705882245452176e+308\":8.195430350352284e+307,\"1.3064412294633565e+308\":\"\"}]"],"returnObjects":["\"NaN82,607,100,-100\"","null","\"Error\"","null"],"callbackArgs":["{\"0\":-100,\"1\":100,\"2\":2,\"3\":[82,607,100,-100]}","{\"0\":\"-500082,607,100,-100\",\"1\":607,\"2\":1,\"3\":[82,607,100,-100]}","{\"0\":\"NaN82,607,100,-100\",\"1\":82,\"2\":0,\"3\":[82,607,100,-100]}","{\"0\":8.867095687250584e+307,\"1\":-100,\"2\":3,\"3\":[82,607,100,-100]}","{\"0\":null,\"1\":100,\"2\":2,\"3\":[82,607,100,-100]}","{\"0\":null,\"1\":607,\"2\":1,\"3\":[82,607,100,-100]}","{\"0\":null,\"1\":82,\"2\":0,\"3\":[82,607,100,-100]}","{\"1\":-100,\"2\":3,\"3\":[82,607,100,-100]}","{\"0\":false,\"1\":-100,\"2\":3,\"3\":[82,607,100,-100]}","{\"0\":null,\"1\":100,\"2\":2,\"3\":[82,607,100,-100,null,null,null,null,{\"823\":\"n`\",\"9.731670291840328e+307\":-1,\"1.1705882245452176e+308\":8.195430350352284e+307,\"1.3064412294633565e+308\":\"\"}]}","{\"0\":null,\"1\":607,\"2\":1,\"3\":[82,607,100,-100,null,null,null,null,{\"823\":\"n`\",\"9.731670291840328e+307\":-1,\"1.1705882245452176e+308\":8.195430350352284e+307,\"1.3064412294633565e+308\":\"\"}]}","{\"0\":null,\"1\":82,\"2\":0,\"3\":[82,607,100,-100,null,null,null,null,{\"823\":\"n`\",\"9.731670291840328e+307\":-1,\"1.1705882245452176e+308\":8.195430350352284e+307,\"1.3064412294633565e+308\":\"\"}]}"]}