{"baseObjects":["[403,100,705,627,460,null,null]","[403,100,705,627,460]","[403,100,705,627,460,null,null,null,[655,823,595,59,823,655,82]]","[403,100,705,627,460]"],"returnObjects":["null","null","null","null"],"callbackArgs":["{\"0\":460,\"1\":627,\"2\":3,\"3\":[403,100,705,627,460]}","{\"0\":null,\"1\":705,\"2\":2,\"3\":[403,100,705,627,460,null,null]}","{\"0\":null,\"1\":100,\"2\":1,\"3\":[403,100,705,627,460,null,null]}","{\"0\":null,\"1\":403,\"2\":0,\"3\":[403,100,705,627,460,null,null]}","{\"0\":[25,\"C B\",\"!\",\"p\"],\"1\":460,\"2\":4,\"3\":[403,100,705,627,460]}","{\"0\":null,\"1\":627,\"2\":3,\"3\":[403,100,705,627,460]}","{\"0\":null,\"1\":705,\"2\":2,\"3\":[403,100,705,627,460]}","{\"0\":null,\"1\":100,\"2\":1,\"3\":[403,100,705,627,460]}","{\"0\":null,\"1\":403,\"2\":0,\"3\":[403,100,705,627,460]}","{\"0\":460,\"1\":627,\"2\":3,\"3\":[403,100,705,627,460]}","{\"0\":null,\"1\":705,\"2\":2,\"3\":[403,100,705,627,460,null,null,null,[655,823,595,59,823,655,82]]}","{\"0\":null,\"1\":100,\"2\":1,\"3\":[403,100,705,627,460,null,null,null,[655,823,595,59,823,655,82]]}","{\"0\":null,\"1\":403,\"2\":0,\"3\":[403,100,705,627,460,null,null,null,[655,823,595,59,823,655,82]]}","{\"0\":{\"0\":714,\"126\":\"JtF\",\"1.6541991600572076e+307\":460,\"6.744170309014382e+307\":\"i\",\"1.855947792133103e+307\":\"r+dd*$<\",\"9.68403533937301e+307\":\"\",\"R\":1.2028188195061072e+308},\"1\":460,\"2\":4,\"3\":[403,100,705,627,460]}","{\"0\":null,\"1\":627,\"2\":3,\"3\":[403,100,705,627,460]}","{\"0\":null,\"1\":705,\"2\":2,\"3\":[403,100,705,627,460]}","{\"0\":null,\"1\":100,\"2\":1,\"3\":[403,100,705,627,460]}","{\"0\":null,\"1\":403,\"2\":0,\"3\":[403,100,705,627,460]}"]}