{"baseObjects":["[0,\"==,>;\",null,[823,823,-1]]","[0,\"==,>;\",false]","122","[0,\"==,>;\",null,null,{\"3\":1.392282022603362e+306,\"&-\":705,\"J\":\"3\",\"$u\":-100,\"5.091880966048685e+307\":49,\"8.52581987686938e+307\":0,\"\":\"w\",\"6.48462256079936e+307\":6.428245440695281e+307},null,null,null,null,655]"],"returnObjects":[null,null,"\"Error\"","\"==,>;\""],"callbackArgs":["{\"0\":0,\"1\":0,\"2\":[0,\"==,>;\"]}","{\"0\":\"==,>;\",\"1\":1,\"2\":[0,\"==,>;\",null,[823,823,-1]]}","{\"0\":0,\"1\":0,\"2\":[0,\"==,>;\"]}","{\"0\":\"==,>;\",\"1\":1,\"2\":[0,\"==,>;\",false]}","{\"0\":0,\"1\":0,\"2\":[0,\"==,>;\"]}","{\"0\":\"==,>;\",\"1\":1,\"2\":[0,\"==,>;\"]}","{\"0\":0,\"1\":0,\"2\":[0,\"==,>;\"]}","{\"0\":\"==,>;\",\"1\":1,\"2\":[0,\"==,>;\",null,null,{\"3\":1.392282022603362e+306,\"&-\":705,\"J\":\"3\",\"$u\":-100,\"5.091880966048685e+307\":49,\"8.52581987686938e+307\":0,\"\":\"w\",\"6.48462256079936e+307\":6.428245440695281e+307},null,null,null,null,655]}"]}