{"baseObjects":["[627,607,714,1.7976931348623157e+308,157,893,5e-324,-100,0]",null,"[627,607,714,1.7976931348623157e+308,157,893,5e-324,-100,1.7235136311133728e+308]","[627,607,714,1.7976931348623157e+308,157,893,5e-324,-100,0]"],"returnObjects":[null,"627",null,null],"callbackArgs":["{\"0\":627,\"1\":0,\"2\":[627,607,714,1.7976931348623157e+308,157,893,5e-324,-100,0]}","{\"0\":607,\"1\":1,\"2\":[627,607,714,1.7976931348623157e+308,157,893,5e-324,-100,0]}","{\"0\":714,\"1\":2,\"2\":[627,607,714,1.7976931348623157e+308,157,893,5e-324,-100,0]}","{\"0\":1.7976931348623157e+308,\"1\":3,\"2\":[627,607,714,1.7976931348623157e+308,157,893,5e-324,-100,0]}","{\"0\":157,\"1\":4,\"2\":[627,607,714,1.7976931348623157e+308,157,893,5e-324,-100,0]}","{\"0\":893,\"1\":5,\"2\":[627,607,714,1.7976931348623157e+308,157,893,5e-324,-100,0]}","{\"0\":5e-324,\"1\":6,\"2\":[627,607,714,1.7976931348623157e+308,157,893,5e-324,-100,0]}","{\"0\":-100,\"1\":7,\"2\":[627,607,714,1.7976931348623157e+308,157,893,5e-324,-100,0]}","{\"0\":0,\"1\":8,\"2\":[627,607,714,1.7976931348623157e+308,157,893,5e-324,-100,0]}","{\"0\":627,\"1\":0,\"2\":[627,607,714,1.7976931348623157e+308,157,893,5e-324,-100,0]}","{\"0\":627,\"1\":0,\"2\":[627,607,714,1.7976931348623157e+308,157,893,5e-324,-100,0]}","{\"0\":607,\"1\":1,\"2\":[627,607,714,1.7976931348623157e+308,157,893,5e-324,-100,1.7235136311133728e+308]}","{\"0\":714,\"1\":2,\"2\":[627,607,714,1.7976931348623157e+308,157,893,5e-324,-100,1.7235136311133728e+308]}","{\"0\":1.7976931348623157e+308,\"1\":3,\"2\":[627,607,714,1.7976931348623157e+308,157,893,5e-324,-100,1.7235136311133728e+308]}","{\"0\":157,\"1\":4,\"2\":[627,607,714,1.7976931348623157e+308,157,893,5e-324,-100,1.7235136311133728e+308]}","{\"0\":893,\"1\":5,\"2\":[627,607,714,1.7976931348623157e+308,157,893,5e-324,-100,1.7235136311133728e+308]}","{\"0\":5e-324,\"1\":6,\"2\":[627,607,714,1.7976931348623157e+308,157,893,5e-324,-100,1.7235136311133728e+308]}","{\"0\":-100,\"1\":7,\"2\":[627,607,714,1.7976931348623157e+308,157,893,5e-324,-100,1.7235136311133728e+308]}","{\"0\":1.7235136311133728e+308,\"1\":8,\"2\":[627,607,714,1.7976931348623157e+308,157,893,5e-324,-100,1.7235136311133728e+308]}","{\"0\":627,\"1\":0,\"2\":[627,607,714,1.7976931348623157e+308,157,893,5e-324,-100,0]}","{\"0\":607,\"1\":1,\"2\":[627,607,714,1.7976931348623157e+308,157,893,5e-324,-100,0]}","{\"0\":714,\"1\":2,\"2\":[627,607,714,1.7976931348623157e+308,157,893,5e-324,-100,0]}","{\"0\":1.7976931348623157e+308,\"1\":3,\"2\":[627,607,714,1.7976931348623157e+308,157,893,5e-324,-100,0]}","{\"0\":157,\"1\":4,\"2\":[627,607,714,1.7976931348623157e+308,157,893,5e-324,-100,0]}","{\"0\":893,\"1\":5,\"2\":[627,607,714,1.7976931348623157e+308,157,893,5e-324,-100,0]}","{\"0\":5e-324,\"1\":6,\"2\":[627,607,714,1.7976931348623157e+308,157,893,5e-324,-100,0]}","{\"0\":-100,\"1\":7,\"2\":[627,607,714,1.7976931348623157e+308,157,893,5e-324,-100,0]}","{\"0\":0,\"1\":8,\"2\":[627,607,714,1.7976931348623157e+308,157,893,5e-324,-100,0]}"]}