{"baseObjects":["[82,-1,893,893,59,783,1.7976931348623157e+308,122,783]","[82,-1,893,893,59,783,1.7976931348623157e+308,122,783]","[82,-1,893,893,59,783,1.7976931348623157e+308,122,783]","[82,-1,893,893,59,783,1.7976931348623157e+308,122,783]"],"returnObjects":[null,null,"82","\"Cannot set property '126' of undefined\""],"callbackArgs":["{\"0\":82,\"1\":0,\"2\":[82,-1,893,893,59,783,1.7976931348623157e+308,122,783]}","{\"0\":-1,\"1\":1,\"2\":[82,-1,893,893,59,783,1.7976931348623157e+308,122,783]}","{\"0\":893,\"1\":2,\"2\":[82,-1,893,893,59,783,1.7976931348623157e+308,122,783]}","{\"0\":893,\"1\":3,\"2\":[82,-1,893,893,59,783,1.7976931348623157e+308,122,783]}","{\"0\":59,\"1\":4,\"2\":[82,-1,893,893,59,783,1.7976931348623157e+308,122,783]}","{\"0\":783,\"1\":5,\"2\":[82,-1,893,893,59,783,1.7976931348623157e+308,122,783]}","{\"0\":1.7976931348623157e+308,\"1\":6,\"2\":[82,-1,893,893,59,783,1.7976931348623157e+308,122,783]}","{\"0\":122,\"1\":7,\"2\":[82,-1,893,893,59,783,1.7976931348623157e+308,122,783]}","{\"0\":783,\"1\":8,\"2\":[82,-1,893,893,59,783,1.7976931348623157e+308,122,783]}","{\"0\":82,\"1\":0,\"2\":[82,-1,893,893,59,783,1.7976931348623157e+308,122,783]}","{\"0\":-1,\"1\":1,\"2\":[82,-1,893,893,59,783,1.7976931348623157e+308,122,783]}","{\"0\":893,\"1\":2,\"2\":[82,-1,893,893,59,783,1.7976931348623157e+308,122,783]}","{\"0\":893,\"1\":3,\"2\":[82,-1,893,893,59,783,1.7976931348623157e+308,122,783]}","{\"0\":59,\"1\":4,\"2\":[82,-1,893,893,59,783,1.7976931348623157e+308,122,783]}","{\"0\":783,\"1\":5,\"2\":[82,-1,893,893,59,783,1.7976931348623157e+308,122,783]}","{\"0\":1.7976931348623157e+308,\"1\":6,\"2\":[82,-1,893,893,59,783,1.7976931348623157e+308,122,783]}","{\"0\":122,\"1\":7,\"2\":[82,-1,893,893,59,783,1.7976931348623157e+308,122,783]}","{\"0\":783,\"1\":8,\"2\":[82,-1,893,893,59,783,1.7976931348623157e+308,122,783]}","{\"0\":82,\"1\":0,\"2\":[82,-1,893,893,59,783,1.7976931348623157e+308,122,783]}","{\"0\":82,\"1\":0,\"2\":[82,-1,893,893,59,783,1.7976931348623157e+308,122,783]}"]}