{"baseObjects":["[\"+\",627,403,1.7976931348623157e+308,705,969,1.7976931348623157e+308,1.7976931348623157e+308]","[\"+\",627,403,1.7976931348623157e+308,705,969,1.7976931348623157e+308,1.7976931348623157e+308]","{\"157\":157,\"1.228479507406466e+308\":1.2774387974472828e+308,\"1.3085097901900093e+308\":\"\",\"p3\":49,\"\":\"\"}","[\"+\",627,403,1.7976931348623157e+308,705,969,1.7976931348623157e+308,1.7976931348623157e+308]"],"returnObjects":[null,"\"Cannot set property '1.0500354979187844e+308' of null\"",null,"\"Cannot set property '25' of undefined\""],"callbackArgs":["{\"0\":\"+\",\"1\":0,\"2\":[\"+\",627,403,1.7976931348623157e+308,705,969,1.7976931348623157e+308,1.7976931348623157e+308]}","{\"0\":627,\"1\":1,\"2\":[\"+\",627,403,1.7976931348623157e+308,705,969,1.7976931348623157e+308,1.7976931348623157e+308]}","{\"0\":403,\"1\":2,\"2\":[\"+\",627,403,1.7976931348623157e+308,705,969,1.7976931348623157e+308,1.7976931348623157e+308]}","{\"0\":1.7976931348623157e+308,\"1\":3,\"2\":[\"+\",627,403,1.7976931348623157e+308,705,969,1.7976931348623157e+308,1.7976931348623157e+308]}","{\"0\":705,\"1\":4,\"2\":[\"+\",627,403,1.7976931348623157e+308,705,969,1.7976931348623157e+308,1.7976931348623157e+308]}","{\"0\":969,\"1\":5,\"2\":[\"+\",627,403,1.7976931348623157e+308,705,969,1.7976931348623157e+308,1.7976931348623157e+308]}","{\"0\":1.7976931348623157e+308,\"1\":6,\"2\":[\"+\",627,403,1.7976931348623157e+308,705,969,1.7976931348623157e+308,1.7976931348623157e+308]}","{\"0\":1.7976931348623157e+308,\"1\":7,\"2\":[\"+\",627,403,1.7976931348623157e+308,705,969,1.7976931348623157e+308,1.7976931348623157e+308]}","{\"0\":\"+\",\"1\":0,\"2\":[\"+\",627,403,1.7976931348623157e+308,705,969,1.7976931348623157e+308,1.7976931348623157e+308]}","{\"0\":\"+\",\"1\":0,\"2\":[\"+\",627,403,1.7976931348623157e+308,705,969,1.7976931348623157e+308,1.7976931348623157e+308]}","{\"0\":627,\"1\":1,\"2\":[\"+\",627,403,1.7976931348623157e+308,705,969,1.7976931348623157e+308,1.7976931348623157e+308]}","{\"0\":403,\"1\":2,\"2\":[\"+\",627,403,1.7976931348623157e+308,705,969,1.7976931348623157e+308,1.7976931348623157e+308]}","{\"0\":1.7976931348623157e+308,\"1\":3,\"2\":[\"+\",627,403,1.7976931348623157e+308,705,969,1.7976931348623157e+308,1.7976931348623157e+308]}","{\"0\":705,\"1\":4,\"2\":[\"+\",627,403,1.7976931348623157e+308,705,969,1.7976931348623157e+308,1.7976931348623157e+308]}","{\"0\":969,\"1\":5,\"2\":[\"+\",627,403,1.7976931348623157e+308,705,969,1.7976931348623157e+308,1.7976931348623157e+308]}","{\"0\":1.7976931348623157e+308,\"1\":6,\"2\":[\"+\",627,403,1.7976931348623157e+308,705,969,1.7976931348623157e+308,1.7976931348623157e+308]}","{\"0\":1.7976931348623157e+308,\"1\":7,\"2\":[\"+\",627,403,1.7976931348623157e+308,705,969,1.7976931348623157e+308,1.7976931348623157e+308]}","{\"0\":\"+\",\"1\":0,\"2\":[\"+\",627,403,1.7976931348623157e+308,705,969,1.7976931348623157e+308,1.7976931348623157e+308]}"]}