{"baseObjects":["[618,242,783,893,25,460,100,1.7976931348623157e+308,{\"100\":893,\"607\":\"\",\"1.5427629552987087e+308\":122}]","[618,242,783,893,25,460,100,1.7976931348623157e+308,893]","[618,242,783,893,25,460,100,1.7976931348623157e+308,893]","[618,242,783,893,25,460,100,1.7976931348623157e+308,893]"],"returnObjects":[null,null,"\"Error\"","\"Error\""],"callbackArgs":["{\"0\":618,\"1\":0,\"2\":[618,242,783,893,25,460,100,1.7976931348623157e+308,893]}","{\"0\":242,\"1\":1,\"2\":[618,242,783,893,25,460,100,1.7976931348623157e+308,{\"100\":893,\"607\":\"\",\"1.5427629552987087e+308\":122}]}","{\"0\":783,\"1\":2,\"2\":[618,242,783,893,25,460,100,1.7976931348623157e+308,{\"100\":893,\"607\":\"\",\"1.5427629552987087e+308\":122}]}","{\"0\":893,\"1\":3,\"2\":[618,242,783,893,25,460,100,1.7976931348623157e+308,{\"100\":893,\"607\":\"\",\"1.5427629552987087e+308\":122}]}","{\"0\":25,\"1\":4,\"2\":[618,242,783,893,25,460,100,1.7976931348623157e+308,{\"100\":893,\"607\":\"\",\"1.5427629552987087e+308\":122}]}","{\"0\":460,\"1\":5,\"2\":[618,242,783,893,25,460,100,1.7976931348623157e+308,{\"100\":893,\"607\":\"\",\"1.5427629552987087e+308\":122}]}","{\"0\":100,\"1\":6,\"2\":[618,242,783,893,25,460,100,1.7976931348623157e+308,{\"100\":893,\"607\":\"\",\"1.5427629552987087e+308\":122}]}","{\"0\":1.7976931348623157e+308,\"1\":7,\"2\":[618,242,783,893,25,460,100,1.7976931348623157e+308,{\"100\":893,\"607\":\"\",\"1.5427629552987087e+308\":122}]}","{\"0\":{\"100\":893,\"607\":\"\",\"1.5427629552987087e+308\":122},\"1\":8,\"2\":[618,242,783,893,25,460,100,1.7976931348623157e+308,{\"100\":893,\"607\":\"\",\"1.5427629552987087e+308\":122}]}","{\"0\":618,\"1\":0,\"2\":[618,242,783,893,25,460,100,1.7976931348623157e+308,893]}","{\"0\":242,\"1\":1,\"2\":[618,242,783,893,25,460,100,1.7976931348623157e+308,893]}","{\"0\":783,\"1\":2,\"2\":[618,242,783,893,25,460,100,1.7976931348623157e+308,893]}","{\"0\":893,\"1\":3,\"2\":[618,242,783,893,25,460,100,1.7976931348623157e+308,893]}","{\"0\":25,\"1\":4,\"2\":[618,242,783,893,25,460,100,1.7976931348623157e+308,893]}","{\"0\":460,\"1\":5,\"2\":[618,242,783,893,25,460,100,1.7976931348623157e+308,893]}","{\"0\":100,\"1\":6,\"2\":[618,242,783,893,25,460,100,1.7976931348623157e+308,893]}","{\"0\":1.7976931348623157e+308,\"1\":7,\"2\":[618,242,783,893,25,460,100,1.7976931348623157e+308,893]}","{\"0\":893,\"1\":8,\"2\":[618,242,783,893,25,460,100,1.7976931348623157e+308,893]}","{\"0\":618,\"1\":0,\"2\":[618,242,783,893,25,460,100,1.7976931348623157e+308,893]}"]}