{"baseObjects":["[157,5e-324,[823,595,607]]","{\"k\":618,\"9.286973564934298e+307\":\"\"}","[157,5e-324,-1]","[157,null,-1]"],"returnObjects":[null,null,null,"157"],"callbackArgs":["{\"0\":157,\"1\":0,\"2\":[157,5e-324,-1]}","{\"0\":5e-324,\"1\":1,\"2\":[157,5e-324,[823,595,607]]}","{\"0\":[823,595,607],\"1\":2,\"2\":[157,5e-324,[823,595,607]]}","{\"0\":157,\"1\":0,\"2\":[157,5e-324,-1]}","{\"0\":false,\"1\":1,\"2\":[1.4621824369651073e+308,false,-1]}","{\"0\":-1,\"1\":2,\"2\":[1.4621824369651073e+308,false,-1]}","{\"0\":157,\"1\":0,\"2\":[157,5e-324,-1]}","{\"0\":5e-324,\"1\":1,\"2\":[157,5e-324,-1]}","{\"0\":-1,\"1\":2,\"2\":[157,5e-324,-1]}","{\"0\":157,\"1\":0,\"2\":[157,5e-324,-1]}"]}