{"baseObjects":["[213,1.7976931348623157e+308,122,969]","[213,1.7976931348623157e+308,122,-100]","[213,1.7976931348623157e+308,122,969]","[213,1.7976931348623157e+308,122,969,null,null,157]"],"returnObjects":["\"Cannot set property '5' of null\"",null,null,null],"callbackArgs":["{\"0\":213,\"1\":0,\"2\":[213,1.7976931348623157e+308,122,969]}","{\"0\":213,\"1\":0,\"2\":[213,1.7976931348623157e+308,122,969]}","{\"0\":1.7976931348623157e+308,\"1\":1,\"2\":[213,1.7976931348623157e+308,122,-100]}","{\"0\":122,\"1\":2,\"2\":[213,1.7976931348623157e+308,122,-100]}","{\"0\":-100,\"1\":3,\"2\":[213,1.7976931348623157e+308,122,-100]}","{\"0\":213,\"1\":0,\"2\":[213,1.7976931348623157e+308,122,969]}","{\"0\":1.7976931348623157e+308,\"1\":1,\"2\":[213,1.7976931348623157e+308,122,969]}","{\"0\":122,\"1\":2,\"2\":[213,1.7976931348623157e+308,122,969]}","{\"0\":969,\"1\":3,\"2\":[213,1.7976931348623157e+308,122,969]}","{\"0\":213,\"1\":0,\"2\":[213,1.7976931348623157e+308,122,969]}","{\"0\":1.7976931348623157e+308,\"1\":1,\"2\":[213,1.7976931348623157e+308,122,969,null,null,157]}","{\"0\":122,\"1\":2,\"2\":[213,1.7976931348623157e+308,122,969,null,null,157]}","{\"0\":969,\"1\":3,\"2\":[213,1.7976931348623157e+308,122,969,null,null,157]}"]}