{"baseObjects":["[25,0,-100]","[25,0,1.0057194269426143e+308]","[25,0,-100,null,null,null,null,{\"25\":\"fB{&\",\"714\":2.4044352599181386e+307,\"m S\":7.743037486916942e+307,\"6.473123347753847e+307\":6.891395815610235e+307,\"\":6.819737698366247e+307,\"|eMN\":82,\"Ya^\":-100}]","[{\"59\":\"bs:\",\"607\":5e-324,\"893\":403,\"8.294393601785119e+307\":1.7976931348623157e+308,\"\":\"%$]\",\"0N\":3.311912044279604e+307,\"m\":\"w8\",\"1.0141525046207299e+308\":\"\",\"-1\":7.00920347979095e+307,\"7.049913393054718e+307\":\"hO5\"},0,-100]"],"returnObjects":["\"Error\"",null,"25",null],"callbackArgs":["{\"0\":25,\"1\":0,\"2\":[25,0,-100]}","{\"0\":25,\"1\":0,\"2\":[25,0,-100]}","{\"0\":0,\"1\":1,\"2\":[25,0,1.0057194269426143e+308]}","{\"0\":1.0057194269426143e+308,\"1\":2,\"2\":[25,0,1.0057194269426143e+308]}","{\"0\":25,\"1\":0,\"2\":[25,0,-100]}","{\"0\":25,\"1\":0,\"2\":[25,0,-100]}","{\"0\":0,\"1\":1,\"2\":[{\"59\":\"bs:\",\"607\":5e-324,\"893\":403,\"8.294393601785119e+307\":1.7976931348623157e+308,\"\":\"%$]\",\"0N\":3.311912044279604e+307,\"m\":\"w8\",\"1.0141525046207299e+308\":\"\",\"-1\":7.00920347979095e+307,\"7.049913393054718e+307\":\"hO5\"},0,-100]}","{\"0\":-100,\"1\":2,\"2\":[{\"59\":\"bs:\",\"607\":5e-324,\"893\":403,\"8.294393601785119e+307\":1.7976931348623157e+308,\"\":\"%$]\",\"0N\":3.311912044279604e+307,\"m\":\"w8\",\"1.0141525046207299e+308\":\"\",\"-1\":7.00920347979095e+307,\"7.049913393054718e+307\":\"hO5\"},0,-100]}"]}