{"baseObjects":["[783,25,126,0,969,122]","[783,25,126,0,969,122]","[null,25,126,0,969,122]","[783,25,126,0,969,122,1.7774675434185068e+308]"],"returnObjects":["\"Cannot set property '893' of null\"",null,"\"Cannot set property '6' of null\"",null],"callbackArgs":["{\"0\":783,\"1\":0,\"2\":[783,25,126,0,969,122]}","{\"0\":783,\"1\":0,\"2\":[783,25,126,0,969,122]}","{\"0\":25,\"1\":1,\"2\":[783,25,126,0,969,122]}","{\"0\":126,\"1\":2,\"2\":[783,25,126,0,969,122]}","{\"0\":0,\"1\":3,\"2\":[783,25,126,0,969,122]}","{\"0\":969,\"1\":4,\"2\":[783,25,126,0,969,122]}","{\"0\":122,\"1\":5,\"2\":[783,25,126,0,969,122]}","{\"0\":783,\"1\":0,\"2\":[783,25,126,0,969,122]}","{\"0\":783,\"1\":0,\"2\":[783,25,126,0,969,122]}","{\"0\":25,\"1\":1,\"2\":[783,25,126,0,969,122,1.7774675434185068e+308]}","{\"0\":126,\"1\":2,\"2\":[783,25,126,0,969,122,1.7774675434185068e+308]}","{\"0\":0,\"1\":3,\"2\":[783,25,126,0,969,122,1.7774675434185068e+308]}","{\"0\":969,\"1\":4,\"2\":[783,25,126,0,969,122,1.7774675434185068e+308]}","{\"0\":122,\"1\":5,\"2\":[783,25,126,0,969,122,1.7774675434185068e+308]}"]}