{"baseObjects":["[0,242,1.7976931348623157e+308,126,893,627,126,\"F\",\"uGxj\"]","[0,242,1.7976931348623157e+308,126,893,627,126,\"F\",\"uGxj\"]","[0,242,1.7976931348623157e+308,126,893,627,126,\"F\",\"uGxj\"]","[0,242,1.7976931348623157e+308,126,893,627,126,\"F\",\"uGxj\"]"],"returnObjects":["\"Cannot set property '0' of null\"","\"F\"","\"Cannot set property '3.7668525981726295e+307' of null\"","\"argument9 is not defined\""],"callbackArgs":["{\"0\":0,\"1\":0,\"2\":[0,242,1.7976931348623157e+308,126,893,627,126,\"F\",\"uGxj\"]}","{\"0\":0,\"1\":0,\"2\":[0,242,1.7976931348623157e+308,126,893,627,126,\"F\",\"uGxj\"]}","{\"0\":242,\"1\":1,\"2\":[0,242,1.7976931348623157e+308,126,893,627,126,\"F\",\"uGxj\"]}","{\"0\":1.7976931348623157e+308,\"1\":2,\"2\":[0,242,1.7976931348623157e+308,126,893,627,126,\"F\",\"uGxj\"]}","{\"0\":126,\"1\":3,\"2\":[0,242,1.7976931348623157e+308,126,893,627,126,\"F\",\"uGxj\"]}","{\"0\":893,\"1\":4,\"2\":[0,242,1.7976931348623157e+308,126,893,627,126,\"F\",\"uGxj\"]}","{\"0\":627,\"1\":5,\"2\":[0,242,1.7976931348623157e+308,126,893,627,126,\"F\",\"uGxj\"]}","{\"0\":126,\"1\":6,\"2\":[0,242,1.7976931348623157e+308,126,893,627,126,\"F\",\"uGxj\"]}","{\"0\":\"F\",\"1\":7,\"2\":[0,242,1.7976931348623157e+308,126,893,627,126,\"F\",\"uGxj\"]}","{\"0\":0,\"1\":0,\"2\":[0,242,1.7976931348623157e+308,126,893,627,126,\"F\",\"uGxj\"]}","{\"0\":0,\"1\":0,\"2\":[0,242,1.7976931348623157e+308,126,893,627,126,\"F\",\"uGxj\"]}"]}