{"baseObjects":["[705,82,null,null,null,null,null,{\"655\":460,\"\":\"&b\",\"L \":\"P5\",\"2.8658677598373907e+307\":1.7976931348623157e+308,\"3.2604293163384133e+307\":5e-324,\"Go\":\"@\",\"-1\":\"#7\",\"1.7976931348623157e+308\":25}]",null,"[705,82]","[705,82,null,false]"],"returnObjects":["\"Error\"","705","\"Error\"","\"Error\""],"callbackArgs":["{\"0\":705,\"1\":0,\"2\":[705,82]}","{\"0\":705,\"1\":0,\"2\":[705,82]}","{\"0\":705,\"1\":0,\"2\":[705,82]}","{\"0\":705,\"1\":0,\"2\":[705,82]}"]}