{"baseObjects":["[627,627,49,49,607,25,893]","[627,627,49,49,607,25,893,null,{}]","[627,627,49,49,607,25,893]","[{\"2\":null,\"4\":\"PQ1Iu'\",\"213\":8.579533089520775e+306,\"9.080069650783196e+307\":1.6936035968839297e+308,\"1.369514178967104e+308\":1.6577584198241907e+308,\"t\":2.8833601803253676e+307,\"1.5953186448151014e+308\":\"\",\"Zay\":9.02298269930755e+307,\" \":213,\"s\":\"gQIsN\"},627,{\"893\":\"\",\"v&$J\":783},49,607,25,893]"],"returnObjects":[null,"627","627",null],"callbackArgs":["{\"0\":627,\"1\":0,\"2\":[627,627,49,49,607,25,893]}","{\"0\":627,\"1\":1,\"2\":[627,627,49,49,607,25,893]}","{\"0\":49,\"1\":2,\"2\":[627,627,49,49,607,25,893]}","{\"0\":49,\"1\":3,\"2\":[627,627,49,49,607,25,893]}","{\"0\":607,\"1\":4,\"2\":[627,627,49,49,607,25,893]}","{\"0\":25,\"1\":5,\"2\":[627,627,49,49,607,25,893]}","{\"0\":893,\"1\":6,\"2\":[627,627,49,49,607,25,893]}","{\"0\":627,\"1\":0,\"2\":[627,627,49,49,607,25,893]}","{\"0\":627,\"1\":0,\"2\":[627,627,49,49,607,25,893]}","{\"0\":627,\"1\":0,\"2\":[627,627,49,49,607,25,893]}","{\"0\":627,\"1\":1,\"2\":[{\"2\":null,\"4\":\"PQ1Iu'\",\"213\":8.579533089520775e+306,\"9.080069650783196e+307\":1.6936035968839297e+308,\"1.369514178967104e+308\":1.6577584198241907e+308,\"t\":2.8833601803253676e+307,\"1.5953186448151014e+308\":\"\",\"Zay\":9.02298269930755e+307,\" \":213,\"s\":\"gQIsN\"},627,{\"893\":\"\",\"v&$J\":783},49,607,25,893]}","{\"0\":{\"893\":\"\",\"v&$J\":783},\"1\":2,\"2\":[{\"2\":null,\"4\":\"PQ1Iu'\",\"213\":8.579533089520775e+306,\"9.080069650783196e+307\":1.6936035968839297e+308,\"1.369514178967104e+308\":1.6577584198241907e+308,\"t\":2.8833601803253676e+307,\"1.5953186448151014e+308\":\"\",\"Zay\":9.02298269930755e+307,\" \":213,\"s\":\"gQIsN\"},627,{\"893\":\"\",\"v&$J\":783},49,607,25,893]}","{\"0\":49,\"1\":3,\"2\":[{\"2\":null,\"4\":\"PQ1Iu'\",\"213\":8.579533089520775e+306,\"9.080069650783196e+307\":1.6936035968839297e+308,\"1.369514178967104e+308\":1.6577584198241907e+308,\"t\":2.8833601803253676e+307,\"1.5953186448151014e+308\":\"\",\"Zay\":9.02298269930755e+307,\" \":213,\"s\":\"gQIsN\"},627,{\"893\":\"\",\"v&$J\":783},49,607,25,893]}","{\"0\":607,\"1\":4,\"2\":[{\"2\":null,\"4\":\"PQ1Iu'\",\"213\":8.579533089520775e+306,\"9.080069650783196e+307\":1.6936035968839297e+308,\"1.369514178967104e+308\":1.6577584198241907e+308,\"t\":2.8833601803253676e+307,\"1.5953186448151014e+308\":\"\",\"Zay\":9.02298269930755e+307,\" \":213,\"s\":\"gQIsN\"},627,{\"893\":\"\",\"v&$J\":783},49,607,25,893]}","{\"0\":25,\"1\":5,\"2\":[{\"2\":null,\"4\":\"PQ1Iu'\",\"213\":8.579533089520775e+306,\"9.080069650783196e+307\":1.6936035968839297e+308,\"1.369514178967104e+308\":1.6577584198241907e+308,\"t\":2.8833601803253676e+307,\"1.5953186448151014e+308\":\"\",\"Zay\":9.02298269930755e+307,\" \":213,\"s\":\"gQIsN\"},627,{\"893\":\"\",\"v&$J\":783},49,607,25,893]}","{\"0\":893,\"1\":6,\"2\":[{\"2\":null,\"4\":\"PQ1Iu'\",\"213\":8.579533089520775e+306,\"9.080069650783196e+307\":1.6936035968839297e+308,\"1.369514178967104e+308\":1.6577584198241907e+308,\"t\":2.8833601803253676e+307,\"1.5953186448151014e+308\":\"\",\"Zay\":9.02298269930755e+307,\" \":213,\"s\":\"gQIsN\"},627,{\"893\":\"\",\"v&$J\":783},49,607,25,893]}"]}