{"baseObjects":["[843,705,843,618,0,403,null,null,null,{\"0\":893,\"655\":\"xl\",\"823\":\"V\",\"\":\"\",\"1.3107131183454087e+308\":\"\",\"e\":2.2217589797191006e+307,\"4.534792221502822e+307\":\"\"}]","[843,705,843,[823,242],0,403]","[843,705,843,618,0,403]","[843,705,843,618,0,null,1.7976931348623157e+308]"],"returnObjects":[null,null,null,null],"callbackArgs":["{\"0\":843,\"1\":0,\"2\":[843,705,843,618,0,403]}","{\"0\":705,\"1\":1,\"2\":[843,705,843,618,0,403,null,null,null,{\"0\":893,\"655\":\"xl\",\"823\":\"V\",\"\":\"\",\"1.3107131183454087e+308\":\"\",\"e\":2.2217589797191006e+307,\"4.534792221502822e+307\":\"\"}]}","{\"0\":843,\"1\":2,\"2\":[843,705,843,618,0,403,null,null,null,{\"0\":893,\"655\":\"xl\",\"823\":\"V\",\"\":\"\",\"1.3107131183454087e+308\":\"\",\"e\":2.2217589797191006e+307,\"4.534792221502822e+307\":\"\"}]}","{\"0\":618,\"1\":3,\"2\":[843,705,843,618,0,403,null,null,null,{\"0\":893,\"655\":\"xl\",\"823\":\"V\",\"\":\"\",\"1.3107131183454087e+308\":\"\",\"e\":2.2217589797191006e+307,\"4.534792221502822e+307\":\"\"}]}","{\"0\":0,\"1\":4,\"2\":[843,705,843,618,0,403,null,null,null,{\"0\":893,\"655\":\"xl\",\"823\":\"V\",\"\":\"\",\"1.3107131183454087e+308\":\"\",\"e\":2.2217589797191006e+307,\"4.534792221502822e+307\":\"\"}]}","{\"0\":403,\"1\":5,\"2\":[843,705,843,618,0,403,null,null,null,{\"0\":893,\"655\":\"xl\",\"823\":\"V\",\"\":\"\",\"1.3107131183454087e+308\":\"\",\"e\":2.2217589797191006e+307,\"4.534792221502822e+307\":\"\"}]}","{\"0\":843,\"1\":0,\"2\":[843,705,843,618,0,403]}","{\"0\":705,\"1\":1,\"2\":[843,705,843,[823,242],0,403]}","{\"0\":843,\"1\":2,\"2\":[843,705,843,[823,242],0,403]}","{\"0\":[823,242],\"1\":3,\"2\":[843,705,843,[823,242],0,403]}","{\"0\":0,\"1\":4,\"2\":[843,705,843,[823,242],0,403]}","{\"0\":403,\"1\":5,\"2\":[843,705,843,[823,242],0,403]}","{\"0\":843,\"1\":0,\"2\":[843,705,843,618,0,403]}","{\"0\":705,\"1\":1,\"2\":[843,705,843,618,0,403]}","{\"0\":843,\"1\":2,\"2\":[843,705,843,618,0,403]}","{\"0\":618,\"1\":3,\"2\":[843,705,843,618,0,403]}","{\"0\":0,\"1\":4,\"2\":[843,705,843,618,0,403]}","{\"0\":403,\"1\":5,\"2\":[843,705,843,618,0,403]}","{\"0\":843,\"1\":0,\"2\":[843,705,843,618,0,403]}","{\"0\":705,\"1\":1,\"2\":[843,705,843,618,0,null,1.7976931348623157e+308]}","{\"0\":843,\"1\":2,\"2\":[843,705,843,618,0,null,1.7976931348623157e+308]}","{\"0\":618,\"1\":3,\"2\":[843,705,843,618,0,null,1.7976931348623157e+308]}","{\"0\":0,\"1\":4,\"2\":[843,705,843,618,0,null,1.7976931348623157e+308]}","{\"0\":null,\"1\":5,\"2\":[843,705,843,618,0,null,1.7976931348623157e+308]}"]}