{"baseObjects":["[618,-1,714,627,1.7976931348623157e+308,893,213,null,242]","[618,-1,714,627,1.7976931348623157e+308,893,213]","[618,-1,714,627,1.7976931348623157e+308,893,213]","[618,-1,714,627,1.7976931348623157e+308,893,213]"],"returnObjects":[null,"\"Cannot set property '4' of undefined\"",null,"\"argument11 is not defined\""],"callbackArgs":["{\"0\":618,\"1\":0,\"2\":[618,-1,714,627,1.7976931348623157e+308,893,213]}","{\"0\":-1,\"1\":1,\"2\":[618,-1,714,627,1.7976931348623157e+308,893,213,null,242]}","{\"0\":714,\"1\":2,\"2\":[618,-1,714,627,1.7976931348623157e+308,893,213,null,242]}","{\"0\":627,\"1\":3,\"2\":[618,-1,714,627,1.7976931348623157e+308,893,213,null,242]}","{\"0\":1.7976931348623157e+308,\"1\":4,\"2\":[618,-1,714,627,1.7976931348623157e+308,893,213,null,242]}","{\"0\":893,\"1\":5,\"2\":[618,-1,714,627,1.7976931348623157e+308,893,213,null,242]}","{\"0\":213,\"1\":6,\"2\":[618,-1,714,627,1.7976931348623157e+308,893,213,null,242]}","{\"0\":618,\"1\":0,\"2\":[618,-1,714,627,1.7976931348623157e+308,893,213]}","{\"0\":618,\"1\":0,\"2\":[618,-1,714,627,1.7976931348623157e+308,893,213]}","{\"0\":-1,\"1\":1,\"2\":[618,-1,714,627,1.7976931348623157e+308,893,213]}","{\"0\":714,\"1\":2,\"2\":[618,-1,714,627,1.7976931348623157e+308,893,213]}","{\"0\":627,\"1\":3,\"2\":[618,-1,714,627,1.7976931348623157e+308,893,213]}","{\"0\":1.7976931348623157e+308,\"1\":4,\"2\":[618,-1,714,627,1.7976931348623157e+308,893,213]}","{\"0\":893,\"1\":5,\"2\":[618,-1,714,627,1.7976931348623157e+308,893,213]}","{\"0\":213,\"1\":6,\"2\":[618,-1,714,627,1.7976931348623157e+308,893,213]}","{\"0\":618,\"1\":0,\"2\":[618,-1,714,627,1.7976931348623157e+308,893,213]}"]}