{"baseObjects":["[714,5e-324,969,100,655,1.7976931348623157e+308,969,null,null,null]","[714,5e-324,969,100,655,true,969]","[714,5e-324,969,100,655,1.7976931348623157e+308,969]","[714,4.926640417894258e+307,969,100,655,1.7976931348623157e+308,969]"],"returnObjects":[null,null,null,null],"callbackArgs":["{\"0\":714,\"1\":0,\"2\":[714,5e-324,969,100,655,1.7976931348623157e+308,969]}","{\"0\":5e-324,\"1\":1,\"2\":[714,5e-324,969,100,655,1.7976931348623157e+308,969,null,null,null]}","{\"0\":969,\"1\":2,\"2\":[714,5e-324,969,100,655,1.7976931348623157e+308,969,null,null,null]}","{\"0\":100,\"1\":3,\"2\":[714,5e-324,969,100,655,1.7976931348623157e+308,969,null,null,null]}","{\"0\":655,\"1\":4,\"2\":[714,5e-324,969,100,655,1.7976931348623157e+308,969,null,null,null]}","{\"0\":1.7976931348623157e+308,\"1\":5,\"2\":[714,5e-324,969,100,655,1.7976931348623157e+308,969,null,null,null]}","{\"0\":969,\"1\":6,\"2\":[714,5e-324,969,100,655,1.7976931348623157e+308,969,null,null,null]}","{\"0\":714,\"1\":0,\"2\":[714,5e-324,969,100,655,1.7976931348623157e+308,969]}","{\"0\":5e-324,\"1\":1,\"2\":[714,5e-324,969,100,655,true,969]}","{\"0\":969,\"1\":2,\"2\":[714,5e-324,969,100,655,true,969]}","{\"0\":100,\"1\":3,\"2\":[714,5e-324,969,100,655,true,969]}","{\"0\":655,\"1\":4,\"2\":[714,5e-324,969,100,655,true,969]}","{\"0\":true,\"1\":5,\"2\":[714,5e-324,969,100,655,true,969]}","{\"0\":969,\"1\":6,\"2\":[714,5e-324,969,100,655,true,969]}","{\"0\":714,\"1\":0,\"2\":[714,5e-324,969,100,655,1.7976931348623157e+308,969]}","{\"0\":5e-324,\"1\":1,\"2\":[714,5e-324,969,100,655,1.7976931348623157e+308,969]}","{\"0\":969,\"1\":2,\"2\":[714,5e-324,969,100,655,1.7976931348623157e+308,969]}","{\"0\":100,\"1\":3,\"2\":[714,5e-324,969,100,655,1.7976931348623157e+308,969]}","{\"0\":655,\"1\":4,\"2\":[714,5e-324,969,100,655,1.7976931348623157e+308,969]}","{\"0\":1.7976931348623157e+308,\"1\":5,\"2\":[714,5e-324,969,100,655,1.7976931348623157e+308,969]}","{\"0\":969,\"1\":6,\"2\":[714,5e-324,969,100,655,1.7976931348623157e+308,969]}","{\"0\":714,\"1\":0,\"2\":[714,5e-324,969,100,655,1.7976931348623157e+308,969]}","{\"0\":4.926640417894258e+307,\"1\":1,\"2\":[714,4.926640417894258e+307,969,100,655,1.7976931348623157e+308,969]}","{\"0\":969,\"1\":2,\"2\":[714,4.926640417894258e+307,969,100,655,1.7976931348623157e+308,969]}","{\"0\":100,\"1\":3,\"2\":[714,4.926640417894258e+307,969,100,655,1.7976931348623157e+308,969]}","{\"0\":655,\"1\":4,\"2\":[714,4.926640417894258e+307,969,100,655,1.7976931348623157e+308,969]}","{\"0\":1.7976931348623157e+308,\"1\":5,\"2\":[714,4.926640417894258e+307,969,100,655,1.7976931348623157e+308,969]}","{\"0\":969,\"1\":6,\"2\":[714,4.926640417894258e+307,969,100,655,1.7976931348623157e+308,969]}"]}