{"baseObjects":["[\"[i\",\"\",[\"A\",\"Y\",\"U\",\"uF\",\"4\",\"4\",\"S\"]]","[true,\"#V\"]","[{\"1.1094187330968767e+308\":6.78884413500297e+305,\"\":\"\",\"1.2839139523672184e+308\":\"O\",\"F\":\"\",\"6.383943203810636e+307\":\"w\",\"5.194196762362845e+307\":1.936277577683017e+307,\"u]\":\"\"},\"#V\"]","[5.3723640046686135e+306,\"#V\",null]"],"returnObjects":["\"[i\"","\"[i\"",null,"\"[i\""],"callbackArgs":["{\"0\":\"[i\",\"1\":0,\"2\":[\"[i\",\"#V\"]}","{\"0\":\"[i\",\"1\":0,\"2\":[\"[i\",\"#V\"]}","{\"0\":\"[i\",\"1\":0,\"2\":[\"[i\",\"#V\"]}","{\"0\":\"#V\",\"1\":1,\"2\":[{\"1.1094187330968767e+308\":6.78884413500297e+305,\"\":\"\",\"1.2839139523672184e+308\":\"O\",\"F\":\"\",\"6.383943203810636e+307\":\"w\",\"5.194196762362845e+307\":1.936277577683017e+307,\"u]\":\"\"},\"#V\"]}","{\"0\":\"[i\",\"1\":0,\"2\":[\"[i\",\"#V\"]}"]}