{"baseObjects":["[1.7976931348623157e+308]","false","[1.7976931348623157e+308,null,null,null,null,null,null,1.5358533621546972e+308]","[1.7976931348623157e+308]"],"returnObjects":["1.7976931348623157e+308","\"Cannot set property '1' of undefined\"",null,"1.7976931348623157e+308"],"callbackArgs":["{\"0\":1.7976931348623157e+308,\"1\":0,\"2\":[1.7976931348623157e+308]}","{\"0\":1.7976931348623157e+308,\"1\":0,\"2\":[1.7976931348623157e+308]}","{\"0\":1.7976931348623157e+308,\"1\":0,\"2\":[1.7976931348623157e+308]}","{\"0\":1.7976931348623157e+308,\"1\":0,\"2\":[1.7976931348623157e+308]}"]}