{"baseObjects":["[403,126,5.885123788779586e+307,607,null,25,783,157,607,893]","[403,126,618,607,25,25,783,157,607,893]","[403,126,618,607,25,25,783,157,607,893]","[403,126,618,607,25,25,783,157,607,893]"],"returnObjects":[null,null,"403","\"Error\""],"callbackArgs":["{\"0\":403,\"1\":0,\"2\":[403,126,618,607,25,25,783,157,607,893]}","{\"0\":126,\"1\":1,\"2\":[403,126,5.885123788779586e+307,607,null,25,783,157,607,893]}","{\"0\":5.885123788779586e+307,\"1\":2,\"2\":[403,126,5.885123788779586e+307,607,null,25,783,157,607,893]}","{\"0\":607,\"1\":3,\"2\":[403,126,5.885123788779586e+307,607,null,25,783,157,607,893]}","{\"0\":null,\"1\":4,\"2\":[403,126,5.885123788779586e+307,607,null,25,783,157,607,893]}","{\"0\":25,\"1\":5,\"2\":[403,126,5.885123788779586e+307,607,null,25,783,157,607,893]}","{\"0\":783,\"1\":6,\"2\":[403,126,5.885123788779586e+307,607,null,25,783,157,607,893]}","{\"0\":157,\"1\":7,\"2\":[403,126,5.885123788779586e+307,607,null,25,783,157,607,893]}","{\"0\":607,\"1\":8,\"2\":[403,126,5.885123788779586e+307,607,null,25,783,157,607,893]}","{\"0\":893,\"1\":9,\"2\":[403,126,5.885123788779586e+307,607,null,25,783,157,607,893]}","{\"0\":403,\"1\":0,\"2\":[403,126,618,607,25,25,783,157,607,893]}","{\"0\":126,\"1\":1,\"2\":[403,126,618,607,25,25,783,157,607,893]}","{\"0\":618,\"1\":2,\"2\":[403,126,618,607,25,25,783,157,607,893]}","{\"0\":607,\"1\":3,\"2\":[403,126,618,607,25,25,783,157,607,893]}","{\"0\":25,\"1\":4,\"2\":[403,126,618,607,25,25,783,157,607,893]}","{\"0\":25,\"1\":5,\"2\":[403,126,618,607,25,25,783,157,607,893]}","{\"0\":783,\"1\":6,\"2\":[403,126,618,607,25,25,783,157,607,893]}","{\"0\":157,\"1\":7,\"2\":[403,126,618,607,25,25,783,157,607,893]}","{\"0\":607,\"1\":8,\"2\":[403,126,618,607,25,25,783,157,607,893]}","{\"0\":893,\"1\":9,\"2\":[403,126,618,607,25,25,783,157,607,893]}","{\"0\":403,\"1\":0,\"2\":[403,126,618,607,25,25,783,157,607,893]}"]}