{"baseObjects":["[714,5.441956733855995e+307,-1,893,213,242,893,618,607]","[714,3.197301480793767e+307,-1,893,213,242,893,618,607]","[714,122,-1,893,false,242,893,618,607]","[714,122,-1,893,213,242,893,618,607]"],"returnObjects":[null,null,null,"\"argument9 is not defined\""],"callbackArgs":["{\"0\":714,\"1\":0,\"2\":[714,122,-1,893,213,242,893,618,607]}","{\"0\":5.441956733855995e+307,\"1\":1,\"2\":[714,5.441956733855995e+307,-1,893,213,242,893,618,607]}","{\"0\":-1,\"1\":2,\"2\":[714,5.441956733855995e+307,-1,893,213,242,893,618,607]}","{\"0\":893,\"1\":3,\"2\":[714,5.441956733855995e+307,-1,893,213,242,893,618,607]}","{\"0\":213,\"1\":4,\"2\":[714,5.441956733855995e+307,-1,893,213,242,893,618,607]}","{\"0\":242,\"1\":5,\"2\":[714,5.441956733855995e+307,-1,893,213,242,893,618,607]}","{\"0\":893,\"1\":6,\"2\":[714,5.441956733855995e+307,-1,893,213,242,893,618,607]}","{\"0\":618,\"1\":7,\"2\":[714,5.441956733855995e+307,-1,893,213,242,893,618,607]}","{\"0\":607,\"1\":8,\"2\":[714,5.441956733855995e+307,-1,893,213,242,893,618,607]}","{\"0\":714,\"1\":0,\"2\":[714,122,-1,893,213,242,893,618,607]}","{\"0\":3.197301480793767e+307,\"1\":1,\"2\":[714,3.197301480793767e+307,-1,893,213,242,893,618,607]}","{\"0\":-1,\"1\":2,\"2\":[714,3.197301480793767e+307,-1,893,213,242,893,618,607]}","{\"0\":893,\"1\":3,\"2\":[714,3.197301480793767e+307,-1,893,213,242,893,618,607]}","{\"0\":213,\"1\":4,\"2\":[714,3.197301480793767e+307,-1,893,213,242,893,618,607]}","{\"0\":242,\"1\":5,\"2\":[714,3.197301480793767e+307,-1,893,213,242,893,618,607]}","{\"0\":893,\"1\":6,\"2\":[714,3.197301480793767e+307,-1,893,213,242,893,618,607]}","{\"0\":618,\"1\":7,\"2\":[714,3.197301480793767e+307,-1,893,213,242,893,618,607]}","{\"0\":607,\"1\":8,\"2\":[714,3.197301480793767e+307,-1,893,213,242,893,618,607]}","{\"0\":714,\"1\":0,\"2\":[714,122,-1,893,213,242,893,618,607]}","{\"0\":122,\"1\":1,\"2\":[714,122,-1,893,false,242,893,618,607]}","{\"0\":-1,\"1\":2,\"2\":[714,122,-1,893,false,242,893,618,607]}","{\"0\":893,\"1\":3,\"2\":[714,122,-1,893,false,242,893,618,607]}","{\"0\":false,\"1\":4,\"2\":[714,122,-1,893,false,242,893,618,607]}","{\"0\":242,\"1\":5,\"2\":[714,122,-1,893,false,242,893,618,607]}","{\"0\":893,\"1\":6,\"2\":[714,122,-1,893,false,242,893,618,607]}","{\"0\":618,\"1\":7,\"2\":[714,122,-1,893,false,242,893,618,607]}","{\"0\":607,\"1\":8,\"2\":[714,122,-1,893,false,242,893,618,607]}","{\"0\":714,\"1\":0,\"2\":[714,122,-1,893,213,242,893,618,607]}"]}