{"baseObjects":["[1.7976931348623157e+308,1.7976931348623157e+308,627,\"+\",-100,\"f\",595,\"u\"]","[1.7976931348623157e+308,1.7976931348623157e+308,627,\"+\",-100,122,595,\"u\"]","[1.7976931348623157e+308,1.7976931348623157e+308,627,\"+\",-100,\"f\",595,\"u\"]","[1.7976931348623157e+308,1.7976931348623157e+308,627,\"+\",true,\"f\",595,\"u\"]"],"returnObjects":["1.7976931348623157e+308",null,"\"Error\"",null],"callbackArgs":["{\"0\":1.7976931348623157e+308,\"1\":0,\"2\":[1.7976931348623157e+308,1.7976931348623157e+308,627,\"+\",-100,\"f\",595,\"u\"]}","{\"0\":1.7976931348623157e+308,\"1\":0,\"2\":[1.7976931348623157e+308,1.7976931348623157e+308,627,\"+\",-100,\"f\",595,\"u\"]}","{\"0\":1.7976931348623157e+308,\"1\":1,\"2\":[1.7976931348623157e+308,1.7976931348623157e+308,627,\"+\",-100,122,595,\"u\"]}","{\"0\":627,\"1\":2,\"2\":[1.7976931348623157e+308,1.7976931348623157e+308,627,\"+\",-100,122,595,\"u\"]}","{\"0\":\"+\",\"1\":3,\"2\":[1.7976931348623157e+308,1.7976931348623157e+308,627,\"+\",-100,122,595,\"u\"]}","{\"0\":-100,\"1\":4,\"2\":[1.7976931348623157e+308,1.7976931348623157e+308,627,\"+\",-100,122,595,\"u\"]}","{\"0\":122,\"1\":5,\"2\":[1.7976931348623157e+308,1.7976931348623157e+308,627,\"+\",-100,122,595,\"u\"]}","{\"0\":595,\"1\":6,\"2\":[1.7976931348623157e+308,1.7976931348623157e+308,627,\"+\",-100,122,595,\"u\"]}","{\"0\":\"u\",\"1\":7,\"2\":[1.7976931348623157e+308,1.7976931348623157e+308,627,\"+\",-100,122,595,\"u\"]}","{\"0\":1.7976931348623157e+308,\"1\":0,\"2\":[1.7976931348623157e+308,1.7976931348623157e+308,627,\"+\",-100,\"f\",595,\"u\"]}","{\"0\":1.7976931348623157e+308,\"1\":0,\"2\":[1.7976931348623157e+308,1.7976931348623157e+308,627,\"+\",-100,\"f\",595,\"u\"]}","{\"0\":1.7976931348623157e+308,\"1\":1,\"2\":[1.7976931348623157e+308,1.7976931348623157e+308,627,\"+\",true,\"f\",595,\"u\"]}","{\"0\":627,\"1\":2,\"2\":[1.7976931348623157e+308,1.7976931348623157e+308,627,\"+\",true,\"f\",595,\"u\"]}","{\"0\":\"+\",\"1\":3,\"2\":[1.7976931348623157e+308,1.7976931348623157e+308,627,\"+\",true,\"f\",595,\"u\"]}","{\"0\":true,\"1\":4,\"2\":[1.7976931348623157e+308,1.7976931348623157e+308,627,\"+\",true,\"f\",595,\"u\"]}","{\"0\":\"f\",\"1\":5,\"2\":[1.7976931348623157e+308,1.7976931348623157e+308,627,\"+\",true,\"f\",595,\"u\"]}","{\"0\":595,\"1\":6,\"2\":[1.7976931348623157e+308,1.7976931348623157e+308,627,\"+\",true,\"f\",595,\"u\"]}","{\"0\":\"u\",\"1\":7,\"2\":[1.7976931348623157e+308,1.7976931348623157e+308,627,\"+\",true,\"f\",595,\"u\"]}"]}