{"baseObjects":["[0,823,783,122,1.7976931348623157e+308,49,618]","[0,823,783,122,1.7976931348623157e+308,49,618]","[0,823,783,122,1.7976931348623157e+308,49,618]","[0,823,783,122,1.7976931348623157e+308,49,618]"],"returnObjects":[null,null,null,"\"Error\""],"callbackArgs":["{\"0\":0,\"1\":0,\"2\":[0,823,783,122,1.7976931348623157e+308,49,618]}","{\"0\":823,\"1\":1,\"2\":[0,823,783,122,1.7976931348623157e+308,49,618]}","{\"0\":783,\"1\":2,\"2\":[0,823,783,122,1.7976931348623157e+308,49,618]}","{\"0\":122,\"1\":3,\"2\":[0,823,783,122,1.7976931348623157e+308,49,618]}","{\"0\":1.7976931348623157e+308,\"1\":4,\"2\":[0,823,783,122,1.7976931348623157e+308,49,618]}","{\"0\":49,\"1\":5,\"2\":[0,823,783,122,1.7976931348623157e+308,49,618]}","{\"0\":618,\"1\":6,\"2\":[0,823,783,122,1.7976931348623157e+308,49,618]}","{\"0\":0,\"1\":0,\"2\":[0,823,783,122,1.7976931348623157e+308,49,618]}","{\"0\":823,\"1\":1,\"2\":[0,823,783,122,1.7976931348623157e+308,49,618]}","{\"0\":783,\"1\":2,\"2\":[0,823,783,122,1.7976931348623157e+308,49,618]}","{\"0\":122,\"1\":3,\"2\":[0,823,783,122,1.7976931348623157e+308,49,618]}","{\"0\":1.7976931348623157e+308,\"1\":4,\"2\":[0,823,783,122,1.7976931348623157e+308,49,618]}","{\"0\":49,\"1\":5,\"2\":[0,823,783,122,1.7976931348623157e+308,49,618]}","{\"0\":618,\"1\":6,\"2\":[0,823,783,122,1.7976931348623157e+308,49,618]}","{\"0\":0,\"1\":0,\"2\":[0,823,783,122,1.7976931348623157e+308,49,618]}","{\"0\":823,\"1\":1,\"2\":[0,823,783,122,1.7976931348623157e+308,49,618]}","{\"0\":783,\"1\":2,\"2\":[0,823,783,122,1.7976931348623157e+308,49,618]}","{\"0\":122,\"1\":3,\"2\":[0,823,783,122,1.7976931348623157e+308,49,618]}","{\"0\":1.7976931348623157e+308,\"1\":4,\"2\":[0,823,783,122,1.7976931348623157e+308,49,618]}","{\"0\":49,\"1\":5,\"2\":[0,823,783,122,1.7976931348623157e+308,49,618]}","{\"0\":618,\"1\":6,\"2\":[0,823,783,122,1.7976931348623157e+308,49,618]}","{\"0\":0,\"1\":0,\"2\":[0,823,783,122,1.7976931348623157e+308,49,618]}"]}