{"baseObjects":["[714,1.7976931348623157e+308,\"okoB\",122,\",\",\"yM\",-100]","[714,1.7976931348623157e+308,\"okoB\",122,\",\",\"yM\",-100]","[714,1.7976931348623157e+308,\"okoB\",122,\",\",\"yM\",-100]","[714,1.7976931348623157e+308,\"okoB\",122,\",\",\"yM\",-100]"],"returnObjects":["\"Cannot set property '1.0500354979187844e+308' of undefined\"","\"Cannot set property 'f-d' of null\"","\"okoB\"","714"],"callbackArgs":["{\"0\":714,\"1\":0,\"2\":[714,1.7976931348623157e+308,\"okoB\",122,\",\",\"yM\",-100]}","{\"0\":714,\"1\":0,\"2\":[714,1.7976931348623157e+308,\"okoB\",122,\",\",\"yM\",-100]}","{\"0\":714,\"1\":0,\"2\":[714,1.7976931348623157e+308,\"okoB\",122,\",\",\"yM\",-100]}","{\"0\":1.7976931348623157e+308,\"1\":1,\"2\":[714,1.7976931348623157e+308,\"okoB\",122,\",\",\"yM\",-100]}","{\"0\":\"okoB\",\"1\":2,\"2\":[714,1.7976931348623157e+308,\"okoB\",122,\",\",\"yM\",-100]}","{\"0\":714,\"1\":0,\"2\":[714,1.7976931348623157e+308,\"okoB\",122,\",\",\"yM\",-100]}"]}