{"baseObjects":["[627,100,595,49,-1,49,5e-324,618,{\"242\":1.7976931348623157e+308}]","[627,100,595,49,-1,49,5e-324,618,-100]","[627,100,595,49,-1,49,5e-324,618,-100]","[627,100,595,49,-1,49,5e-324,618,-100]"],"returnObjects":["627","\"Cannot set property '8.748669805137695e+307' of null\"","627","\"argument9 is not defined\""],"callbackArgs":["{\"0\":627,\"1\":0,\"2\":[627,100,595,49,-1,49,5e-324,618,-100]}","{\"0\":627,\"1\":0,\"2\":[627,100,595,49,-1,49,5e-324,618,-100]}","{\"0\":627,\"1\":0,\"2\":[627,100,595,49,-1,49,5e-324,618,-100]}","{\"0\":627,\"1\":0,\"2\":[627,100,595,49,-1,49,5e-324,618,-100]}"]}