{"baseObjects":["[25,100,403,25,122,618,1.7976931348623157e+308]","[25,100,403,25,122,618,1.7976931348623157e+308]","[25,100,403,25,122,618,1.7976931348623157e+308]","[25,100,403,25,122,618,1.7976931348623157e+308]"],"returnObjects":[null,null,"\"Error\"","\"Error\""],"callbackArgs":["{\"0\":25,\"1\":0,\"2\":[25,100,403,25,122,618,1.7976931348623157e+308]}","{\"0\":100,\"1\":1,\"2\":[25,100,403,25,122,618,1.7976931348623157e+308]}","{\"0\":403,\"1\":2,\"2\":[25,100,403,25,122,618,1.7976931348623157e+308]}","{\"0\":25,\"1\":3,\"2\":[25,100,403,25,122,618,1.7976931348623157e+308]}","{\"0\":122,\"1\":4,\"2\":[25,100,403,25,122,618,1.7976931348623157e+308]}","{\"0\":618,\"1\":5,\"2\":[25,100,403,25,122,618,1.7976931348623157e+308]}","{\"0\":1.7976931348623157e+308,\"1\":6,\"2\":[25,100,403,25,122,618,1.7976931348623157e+308]}","{\"0\":25,\"1\":0,\"2\":[25,100,403,25,122,618,1.7976931348623157e+308]}","{\"0\":100,\"1\":1,\"2\":[25,100,403,25,122,618,1.7976931348623157e+308]}","{\"0\":403,\"1\":2,\"2\":[25,100,403,25,122,618,1.7976931348623157e+308]}","{\"0\":25,\"1\":3,\"2\":[25,100,403,25,122,618,1.7976931348623157e+308]}","{\"0\":122,\"1\":4,\"2\":[25,100,403,25,122,618,1.7976931348623157e+308]}","{\"0\":618,\"1\":5,\"2\":[25,100,403,25,122,618,1.7976931348623157e+308]}","{\"0\":1.7976931348623157e+308,\"1\":6,\"2\":[25,100,403,25,122,618,1.7976931348623157e+308]}","{\"0\":25,\"1\":0,\"2\":[25,100,403,25,122,618,1.7976931348623157e+308]}","{\"0\":25,\"1\":0,\"2\":[25,100,403,25,122,618,1.7976931348623157e+308]}"]}