{"baseObjects":["[49,126,-1,25,1.7976931348623157e+308,null,[59]]","[49,126,\"a)XN7\",25,1.7976931348623157e+308]","[49,126,-1,25,1.7976931348623157e+308,null,[\"%M<\",\"FC\",\"nWkp\",\"!m\",\"6b\",\"P\",\"as\",\"G(n(k\",\"t\"]]","[49,126,-1,25,1.7976931348623157e+308]"],"returnObjects":["49",null,null,"\"argument9 is not defined\""],"callbackArgs":["{\"0\":49,\"1\":0,\"2\":[49,126,-1,25,1.7976931348623157e+308]}","{\"0\":49,\"1\":0,\"2\":[49,126,-1,25,1.7976931348623157e+308]}","{\"0\":126,\"1\":1,\"2\":[49,126,\"a)XN7\",25,1.7976931348623157e+308]}","{\"0\":\"a)XN7\",\"1\":2,\"2\":[49,126,\"a)XN7\",25,1.7976931348623157e+308]}","{\"0\":25,\"1\":3,\"2\":[49,126,\"a)XN7\",25,1.7976931348623157e+308]}","{\"0\":1.7976931348623157e+308,\"1\":4,\"2\":[49,126,\"a)XN7\",25,1.7976931348623157e+308]}","{\"0\":49,\"1\":0,\"2\":[49,126,-1,25,1.7976931348623157e+308]}","{\"0\":126,\"1\":1,\"2\":[49,126,-1,25,1.7976931348623157e+308,null,[\"%M<\",\"FC\",\"nWkp\",\"!m\",\"6b\",\"P\",\"as\",\"G(n(k\",\"t\"]]}","{\"0\":-1,\"1\":2,\"2\":[49,126,-1,25,1.7976931348623157e+308,null,[\"%M<\",\"FC\",\"nWkp\",\"!m\",\"6b\",\"P\",\"as\",\"G(n(k\",\"t\"]]}","{\"0\":25,\"1\":3,\"2\":[49,126,-1,25,1.7976931348623157e+308,null,[\"%M<\",\"FC\",\"nWkp\",\"!m\",\"6b\",\"P\",\"as\",\"G(n(k\",\"t\"]]}","{\"0\":1.7976931348623157e+308,\"1\":4,\"2\":[49,126,-1,25,1.7976931348623157e+308,null,[\"%M<\",\"FC\",\"nWkp\",\"!m\",\"6b\",\"P\",\"as\",\"G(n(k\",\"t\"]]}","{\"0\":49,\"1\":0,\"2\":[49,126,-1,25,1.7976931348623157e+308]}"]}