{"baseObjects":["[1.7976931348623157e+308,893,242]","[1.7976931348623157e+308,893,242]","[1.7976931348623157e+308,893,242]","[1.7976931348623157e+308,893,242,null,null]"],"returnObjects":["1.7976931348623157e+308",null,"1.7976931348623157e+308",null],"callbackArgs":["{\"0\":1.7976931348623157e+308,\"1\":0,\"2\":[1.7976931348623157e+308,893,242]}","{\"0\":1.7976931348623157e+308,\"1\":0,\"2\":[1.7976931348623157e+308,893,242]}","{\"0\":893,\"1\":1,\"2\":[1.7976931348623157e+308,893,242]}","{\"0\":242,\"1\":2,\"2\":[1.7976931348623157e+308,893,242]}","{\"0\":1.7976931348623157e+308,\"1\":0,\"2\":[1.7976931348623157e+308,893,242]}","{\"0\":1.7976931348623157e+308,\"1\":0,\"2\":[1.7976931348623157e+308,893,242]}","{\"0\":893,\"1\":1,\"2\":[1.7976931348623157e+308,893,242,null,null]}","{\"0\":242,\"1\":2,\"2\":[1.7976931348623157e+308,893,242,null,null]}"]}