{"baseObjects":["[0,126,627,100,213,893,843,82]","[0,{\"\":6.061805781353472e+307,\"4.1660335719982363e+307\":4.4373914416799297e+307},627,100,213,893,843,82]","[0,126,627,100,213,893,843,82]","[0,126,627,100,213,893,843,82]"],"returnObjects":[null,null,"0","\"argument9 is not defined\""],"callbackArgs":["{\"0\":0,\"1\":0,\"2\":[0,126,627,100,213,893,843,82]}","{\"0\":126,\"1\":1,\"2\":[0,126,627,100,213,893,843,82]}","{\"0\":627,\"1\":2,\"2\":[0,126,627,100,213,893,843,82]}","{\"0\":100,\"1\":3,\"2\":[0,126,627,100,213,893,843,82]}","{\"0\":213,\"1\":4,\"2\":[0,126,627,100,213,893,843,82]}","{\"0\":893,\"1\":5,\"2\":[0,126,627,100,213,893,843,82]}","{\"0\":843,\"1\":6,\"2\":[0,126,627,100,213,893,843,82]}","{\"0\":82,\"1\":7,\"2\":[0,126,627,100,213,893,843,82]}","{\"0\":0,\"1\":0,\"2\":[0,126,627,100,213,893,843,82]}","{\"0\":{\"\":6.061805781353472e+307,\"4.1660335719982363e+307\":4.4373914416799297e+307},\"1\":1,\"2\":[0,{\"\":6.061805781353472e+307,\"4.1660335719982363e+307\":4.4373914416799297e+307},627,100,213,893,843,82]}","{\"0\":627,\"1\":2,\"2\":[0,{\"\":6.061805781353472e+307,\"4.1660335719982363e+307\":4.4373914416799297e+307},627,100,213,893,843,82]}","{\"0\":100,\"1\":3,\"2\":[0,{\"\":6.061805781353472e+307,\"4.1660335719982363e+307\":4.4373914416799297e+307},627,100,213,893,843,82]}","{\"0\":213,\"1\":4,\"2\":[0,{\"\":6.061805781353472e+307,\"4.1660335719982363e+307\":4.4373914416799297e+307},627,100,213,893,843,82]}","{\"0\":893,\"1\":5,\"2\":[0,{\"\":6.061805781353472e+307,\"4.1660335719982363e+307\":4.4373914416799297e+307},627,100,213,893,843,82]}","{\"0\":843,\"1\":6,\"2\":[0,{\"\":6.061805781353472e+307,\"4.1660335719982363e+307\":4.4373914416799297e+307},627,100,213,893,843,82]}","{\"0\":82,\"1\":7,\"2\":[0,{\"\":6.061805781353472e+307,\"4.1660335719982363e+307\":4.4373914416799297e+307},627,100,213,893,843,82]}","{\"0\":0,\"1\":0,\"2\":[0,126,627,100,213,893,843,82]}","{\"0\":0,\"1\":0,\"2\":[0,126,627,100,213,893,843,82]}"]}