{"baseObjects":["[1.7976931348623157e+308,\"E\",\"U\",0,893,823,\"+-@k\"]","[1.7976931348623157e+308,\"E\",\"U\",0,893,823,\"+-@k\"]","[1.7976931348623157e+308,\"E\",\"U\",0,893,823,\"+-@k\"]","[1.7976931348623157e+308,\"E\",\"U\",0,893,823,\"+-@k\"]"],"returnObjects":["\"E\"",null,null,"\"argument8 is not defined\""],"callbackArgs":["{\"0\":1.7976931348623157e+308,\"1\":0,\"2\":[1.7976931348623157e+308,\"E\",\"U\",0,893,823,\"+-@k\"]}","{\"0\":\"E\",\"1\":1,\"2\":[1.7976931348623157e+308,\"E\",\"U\",0,893,823,\"+-@k\"]}","{\"0\":1.7976931348623157e+308,\"1\":0,\"2\":[1.7976931348623157e+308,\"E\",\"U\",0,893,823,\"+-@k\"]}","{\"0\":\"E\",\"1\":1,\"2\":[1.7976931348623157e+308,\"E\",\"U\",0,893,823,\"+-@k\"]}","{\"0\":\"U\",\"1\":2,\"2\":[1.7976931348623157e+308,\"E\",\"U\",0,893,823,\"+-@k\"]}","{\"0\":0,\"1\":3,\"2\":[1.7976931348623157e+308,\"E\",\"U\",0,893,823,\"+-@k\"]}","{\"0\":893,\"1\":4,\"2\":[1.7976931348623157e+308,\"E\",\"U\",0,893,823,\"+-@k\"]}","{\"0\":823,\"1\":5,\"2\":[1.7976931348623157e+308,\"E\",\"U\",0,893,823,\"+-@k\"]}","{\"0\":\"+-@k\",\"1\":6,\"2\":[1.7976931348623157e+308,\"E\",\"U\",0,893,823,\"+-@k\"]}","{\"0\":1.7976931348623157e+308,\"1\":0,\"2\":[1.7976931348623157e+308,\"E\",\"U\",0,893,823,\"+-@k\"]}","{\"0\":\"E\",\"1\":1,\"2\":[1.7976931348623157e+308,\"E\",\"U\",0,893,823,\"+-@k\"]}","{\"0\":\"U\",\"1\":2,\"2\":[1.7976931348623157e+308,\"E\",\"U\",0,893,823,\"+-@k\"]}","{\"0\":0,\"1\":3,\"2\":[1.7976931348623157e+308,\"E\",\"U\",0,893,823,\"+-@k\"]}","{\"0\":893,\"1\":4,\"2\":[1.7976931348623157e+308,\"E\",\"U\",0,893,823,\"+-@k\"]}","{\"0\":823,\"1\":5,\"2\":[1.7976931348623157e+308,\"E\",\"U\",0,893,823,\"+-@k\"]}","{\"0\":\"+-@k\",\"1\":6,\"2\":[1.7976931348623157e+308,\"E\",\"U\",0,893,823,\"+-@k\"]}","{\"0\":1.7976931348623157e+308,\"1\":0,\"2\":[1.7976931348623157e+308,\"E\",\"U\",0,893,823,\"+-@k\"]}"]}