{"baseObjects":["[705,157,0,460,0,126,714]","[705,157,0,460,0,126,714]","[705,157,{\"242\":\"X\",\"1.8233147087370219e+307\":6.776886775093255e+307,\"\":1.231145298402946e+308,\"H\":595,\"6.554752476909879e+307\":1.3612998837583666e+308},460,0,126,714]","[705,157,0,460,0,126,714]"],"returnObjects":["705",null,"705",null],"callbackArgs":["{\"0\":705,\"1\":0,\"2\":[705,157,0,460,0,126,714]}","{\"0\":705,\"1\":0,\"2\":[705,157,0,460,0,126,714]}","{\"0\":157,\"1\":1,\"2\":[705,157,0,460,0,126,714]}","{\"0\":0,\"1\":2,\"2\":[705,157,0,460,0,126,714]}","{\"0\":460,\"1\":3,\"2\":[705,157,0,460,0,126,714]}","{\"0\":0,\"1\":4,\"2\":[705,157,0,460,0,126,714]}","{\"0\":126,\"1\":5,\"2\":[705,157,0,460,0,126,714]}","{\"0\":714,\"1\":6,\"2\":[705,157,0,460,0,126,714]}","{\"0\":705,\"1\":0,\"2\":[705,157,0,460,0,126,714]}","{\"0\":705,\"1\":0,\"2\":[705,157,0,460,0,126,714]}","{\"0\":157,\"1\":1,\"2\":[705,157,0,460,0,126,714]}","{\"0\":0,\"1\":2,\"2\":[705,157,0,460,0,126,714]}","{\"0\":460,\"1\":3,\"2\":[705,157,0,460,0,126,714]}","{\"0\":0,\"1\":4,\"2\":[705,157,0,460,0,126,714]}","{\"0\":126,\"1\":5,\"2\":[705,157,0,460,0,126,714]}","{\"0\":714,\"1\":6,\"2\":[705,157,0,460,0,126,714]}"]}