{"baseObjects":["[843,59,25,823,0]","[843,59,25,[49,969,705,783,49,893,-1,-100,1.7976931348623157e+308],0]","[843,59,25,823,0]","[49,969,705,783,49,893,-1,-100,1.7976931348623157e+308]"],"returnObjects":["\"Cannot set property '^h' of null\"","[49,969,705,783,49,893,-1,-100,1.7976931348623157e+308]","\"Cannot set property 'AO?' of null\"","\"argument8 is not defined\""],"callbackArgs":["{\"0\":843,\"1\":0,\"2\":[843,59,25,823,0]}","{\"0\":843,\"1\":0,\"2\":[843,59,25,823,0]}","{\"0\":59,\"1\":1,\"2\":[843,59,25,[49,969,705,783,49,893,-1,-100,1.7976931348623157e+308],0]}","{\"0\":25,\"1\":2,\"2\":[843,59,25,[49,969,705,783,49,893,-1,-100,1.7976931348623157e+308],0]}","{\"0\":[49,969,705,783,49,893,-1,-100,1.7976931348623157e+308],\"1\":3,\"2\":[843,59,25,[49,969,705,783,49,893,-1,-100,1.7976931348623157e+308],0]}","{\"0\":843,\"1\":0,\"2\":[843,59,25,823,0]}","{\"0\":49,\"1\":0,\"2\":[49,969,705,783,49,893,-1,-100,1.7976931348623157e+308]}"]}