{"baseObjects":["[705,49,122,82,[122,\"<qV4c`\",\"(\",122,\"1\",1.7976931348623157e+308,823,\"rdq\"],595]","[705,49,122,[25,823,655,49,460,618,100,893,82],-1,595]","[25,823,655,49,true,618,100,893,82]","[25,823,655,49,true,618,100,893,82]"],"returnObjects":[null,"[25,823,655,49,true,618,100,893,82]","\"Cannot set property '8' of undefined\"","\"Cannot set property '627' of undefined\""],"callbackArgs":["{\"0\":705,\"1\":0,\"2\":[705,49,122,82,-1,595]}","{\"0\":49,\"1\":1,\"2\":[705,49,122,82,[122,\"<qV4c`\",\"(\",122,\"1\",1.7976931348623157e+308,823,\"rdq\"],595]}","{\"0\":122,\"1\":2,\"2\":[705,49,122,82,[122,\"<qV4c`\",\"(\",122,\"1\",1.7976931348623157e+308,823,\"rdq\"],595]}","{\"0\":82,\"1\":3,\"2\":[705,49,122,82,[122,\"<qV4c`\",\"(\",122,\"1\",1.7976931348623157e+308,823,\"rdq\"],595]}","{\"0\":[122,\"<qV4c`\",\"(\",122,\"1\",1.7976931348623157e+308,823,\"rdq\"],\"1\":4,\"2\":[705,49,122,82,[122,\"<qV4c`\",\"(\",122,\"1\",1.7976931348623157e+308,823,\"rdq\"],595]}","{\"0\":595,\"1\":5,\"2\":[705,49,122,82,[122,\"<qV4c`\",\"(\",122,\"1\",1.7976931348623157e+308,823,\"rdq\"],595]}","{\"0\":705,\"1\":0,\"2\":[705,49,122,82,-1,595]}","{\"0\":49,\"1\":1,\"2\":[705,49,122,[25,823,655,49,460,618,100,893,82],-1,595]}","{\"0\":122,\"1\":2,\"2\":[705,49,122,[25,823,655,49,460,618,100,893,82],-1,595]}","{\"0\":[25,823,655,49,460,618,100,893,82],\"1\":3,\"2\":[705,49,122,[25,823,655,49,460,618,100,893,82],-1,595]}","{\"0\":25,\"1\":0,\"2\":[25,823,655,49,460,618,100,893,82]}","{\"0\":25,\"1\":0,\"2\":[25,823,655,49,460,618,100,893,82]}"]}