{"baseObjects":["[126,242]","[126,242,null,{\"1.7155014929404864e+307\":4.4309948432942184e+307,\"\":\"!NhC1\"},null,null,false]","[126,242]","[126,242]"],"returnObjects":["\"Cannot set property '460' of null\"",null,null,"\"argument9 is not defined\""],"callbackArgs":["{\"0\":126,\"1\":0,\"2\":[126,242]}","{\"0\":126,\"1\":0,\"2\":[126,242]}","{\"0\":242,\"1\":1,\"2\":[126,242,null,{\"1.7155014929404864e+307\":4.4309948432942184e+307,\"\":\"!NhC1\"},null,null,false]}","{\"0\":126,\"1\":0,\"2\":[126,242]}","{\"0\":242,\"1\":1,\"2\":[126,242]}","{\"0\":126,\"1\":0,\"2\":[126,242]}"]}