{"baseObjects":["[\"V\",122,\"Z]\",1.7976931348623157e+308,\"s\",969,\"3\",655,705,213]","[\"V\",122,\"Z]\",1.7976931348623157e+308,\"s\",969,\"3\",655,705,213]","[\"V\",122,\"Z]\",1.7976931348623157e+308,\"s\",969,\"3\",655,705,213]","[\"V\",122,\"Z]\",1.7976931348623157e+308,\"s\",969,\"3\",655,705,213]"],"returnObjects":[null,null,null,"\"argument11 is not defined\""],"callbackArgs":["{\"0\":\"V\",\"1\":0,\"2\":[\"V\",122,\"Z]\",1.7976931348623157e+308,\"s\",969,\"3\",655,705,213]}","{\"0\":122,\"1\":1,\"2\":[\"V\",122,\"Z]\",1.7976931348623157e+308,\"s\",969,\"3\",655,705,213]}","{\"0\":\"Z]\",\"1\":2,\"2\":[\"V\",122,\"Z]\",1.7976931348623157e+308,\"s\",969,\"3\",655,705,213]}","{\"0\":1.7976931348623157e+308,\"1\":3,\"2\":[\"V\",122,\"Z]\",1.7976931348623157e+308,\"s\",969,\"3\",655,705,213]}","{\"0\":\"s\",\"1\":4,\"2\":[\"V\",122,\"Z]\",1.7976931348623157e+308,\"s\",969,\"3\",655,705,213]}","{\"0\":969,\"1\":5,\"2\":[\"V\",122,\"Z]\",1.7976931348623157e+308,\"s\",969,\"3\",655,705,213]}","{\"0\":\"3\",\"1\":6,\"2\":[\"V\",122,\"Z]\",1.7976931348623157e+308,\"s\",969,\"3\",655,705,213]}","{\"0\":655,\"1\":7,\"2\":[\"V\",122,\"Z]\",1.7976931348623157e+308,\"s\",969,\"3\",655,705,213]}","{\"0\":705,\"1\":8,\"2\":[\"V\",122,\"Z]\",1.7976931348623157e+308,\"s\",969,\"3\",655,705,213]}","{\"0\":213,\"1\":9,\"2\":[\"V\",122,\"Z]\",1.7976931348623157e+308,\"s\",969,\"3\",655,705,213]}","{\"0\":\"V\",\"1\":0,\"2\":[\"V\",122,\"Z]\",1.7976931348623157e+308,\"s\",969,\"3\",655,705,213]}","{\"0\":122,\"1\":1,\"2\":[\"V\",122,\"Z]\",1.7976931348623157e+308,\"s\",969,\"3\",655,705,213]}","{\"0\":\"Z]\",\"1\":2,\"2\":[\"V\",122,\"Z]\",1.7976931348623157e+308,\"s\",969,\"3\",655,705,213]}","{\"0\":1.7976931348623157e+308,\"1\":3,\"2\":[\"V\",122,\"Z]\",1.7976931348623157e+308,\"s\",969,\"3\",655,705,213]}","{\"0\":\"s\",\"1\":4,\"2\":[\"V\",122,\"Z]\",1.7976931348623157e+308,\"s\",969,\"3\",655,705,213]}","{\"0\":969,\"1\":5,\"2\":[\"V\",122,\"Z]\",1.7976931348623157e+308,\"s\",969,\"3\",655,705,213]}","{\"0\":\"3\",\"1\":6,\"2\":[\"V\",122,\"Z]\",1.7976931348623157e+308,\"s\",969,\"3\",655,705,213]}","{\"0\":655,\"1\":7,\"2\":[\"V\",122,\"Z]\",1.7976931348623157e+308,\"s\",969,\"3\",655,705,213]}","{\"0\":705,\"1\":8,\"2\":[\"V\",122,\"Z]\",1.7976931348623157e+308,\"s\",969,\"3\",655,705,213]}","{\"0\":213,\"1\":9,\"2\":[\"V\",122,\"Z]\",1.7976931348623157e+308,\"s\",969,\"3\",655,705,213]}","{\"0\":\"V\",\"1\":0,\"2\":[\"V\",122,\"Z]\",1.7976931348623157e+308,\"s\",969,\"3\",655,705,213]}","{\"0\":122,\"1\":1,\"2\":[\"V\",122,\"Z]\",1.7976931348623157e+308,\"s\",969,\"3\",655,705,213]}","{\"0\":\"Z]\",\"1\":2,\"2\":[\"V\",122,\"Z]\",1.7976931348623157e+308,\"s\",969,\"3\",655,705,213]}","{\"0\":1.7976931348623157e+308,\"1\":3,\"2\":[\"V\",122,\"Z]\",1.7976931348623157e+308,\"s\",969,\"3\",655,705,213]}","{\"0\":\"s\",\"1\":4,\"2\":[\"V\",122,\"Z]\",1.7976931348623157e+308,\"s\",969,\"3\",655,705,213]}","{\"0\":969,\"1\":5,\"2\":[\"V\",122,\"Z]\",1.7976931348623157e+308,\"s\",969,\"3\",655,705,213]}","{\"0\":\"3\",\"1\":6,\"2\":[\"V\",122,\"Z]\",1.7976931348623157e+308,\"s\",969,\"3\",655,705,213]}","{\"0\":655,\"1\":7,\"2\":[\"V\",122,\"Z]\",1.7976931348623157e+308,\"s\",969,\"3\",655,705,213]}","{\"0\":705,\"1\":8,\"2\":[\"V\",122,\"Z]\",1.7976931348623157e+308,\"s\",969,\"3\",655,705,213]}","{\"0\":213,\"1\":9,\"2\":[\"V\",122,\"Z]\",1.7976931348623157e+308,\"s\",969,\"3\",655,705,213]}","{\"0\":\"V\",\"1\":0,\"2\":[\"V\",122,\"Z]\",1.7976931348623157e+308,\"s\",969,\"3\",655,705,213]}"]}