{"baseObjects":["[714,null,null,null,null,null,null,null,null,823]","[1.9708722862618804e+307,null,null,null,null,null,1.3101525724389729e+308]","[5e-324,null,null,null,null,null,null,1.4665899131287556e+308]","[5e-324]"],"returnObjects":["5e-324",null,"5e-324","5e-324"],"callbackArgs":["{\"0\":5e-324,\"1\":0,\"2\":[5e-324]}","{\"0\":5e-324,\"1\":0,\"2\":[5e-324]}","{\"0\":5e-324,\"1\":0,\"2\":[5e-324]}","{\"0\":5e-324,\"1\":0,\"2\":[5e-324]}"]}