{"baseObjects":["[100,[969,969,49,-1,618,595,714,59,618],82,969,25,59,213,49,823]","[100,403,82,969,25,59,213,49,823]","[100,403,82,969,25,59,213,49,823]","[100,403,82,969,{\"25\":1.7413536540811452e+308,\"59\":595,\"Xwd]\":25,\"P@$\":1.567744168619351e+308,\"\":-100,\"A\":82},{\"82\":\"q\",\"403\":\"\",\"607\":1.3997511860959649e+308,\"714\":\"Uo\",\"3.0435305493846615e+306\":\"\",\"1.4127682444287207e+308\":\"\",\"9.64729308697182e+307\":\"\",\"WV\":126,\"'`$\":705,\"2.891280932586968e+307\":8.157049401183507e+307},213,49,823]"],"returnObjects":[null,"\"Error\"",null,null],"callbackArgs":["{\"0\":100,\"1\":0,\"2\":[100,403,82,969,25,59,213,49,823]}","{\"0\":[969,969,49,-1,618,595,714,59,618],\"1\":1,\"2\":[100,[969,969,49,-1,618,595,714,59,618],82,969,25,59,213,49,823]}","{\"0\":82,\"1\":2,\"2\":[100,[969,969,49,-1,618,595,714,59,618],82,969,25,59,213,49,823]}","{\"0\":969,\"1\":3,\"2\":[100,[969,969,49,-1,618,595,714,59,618],82,969,25,59,213,49,823]}","{\"0\":25,\"1\":4,\"2\":[100,[969,969,49,-1,618,595,714,59,618],82,969,25,59,213,49,823]}","{\"0\":59,\"1\":5,\"2\":[100,[969,969,49,-1,618,595,714,59,618],82,969,25,59,213,49,823]}","{\"0\":213,\"1\":6,\"2\":[100,[969,969,49,-1,618,595,714,59,618],82,969,25,59,213,49,823]}","{\"0\":49,\"1\":7,\"2\":[100,[969,969,49,-1,618,595,714,59,618],82,969,25,59,213,49,823]}","{\"0\":823,\"1\":8,\"2\":[100,[969,969,49,-1,618,595,714,59,618],82,969,25,59,213,49,823]}","{\"0\":100,\"1\":0,\"2\":[100,403,82,969,25,59,213,49,823]}","{\"0\":100,\"1\":0,\"2\":[100,403,82,969,25,59,213,49,823]}","{\"0\":403,\"1\":1,\"2\":[100,403,82,969,25,59,213,49,823]}","{\"0\":82,\"1\":2,\"2\":[100,403,82,969,25,59,213,49,823]}","{\"0\":969,\"1\":3,\"2\":[100,403,82,969,25,59,213,49,823]}","{\"0\":25,\"1\":4,\"2\":[100,403,82,969,25,59,213,49,823]}","{\"0\":59,\"1\":5,\"2\":[100,403,82,969,25,59,213,49,823]}","{\"0\":213,\"1\":6,\"2\":[100,403,82,969,25,59,213,49,823]}","{\"0\":49,\"1\":7,\"2\":[100,403,82,969,25,59,213,49,823]}","{\"0\":823,\"1\":8,\"2\":[100,403,82,969,25,59,213,49,823]}","{\"0\":100,\"1\":0,\"2\":[100,403,82,969,25,59,213,49,823]}","{\"0\":403,\"1\":1,\"2\":[100,403,82,969,{\"25\":1.7413536540811452e+308,\"59\":595,\"Xwd]\":25,\"P@$\":1.567744168619351e+308,\"\":-100,\"A\":82},{\"82\":\"q\",\"403\":\"\",\"607\":1.3997511860959649e+308,\"714\":\"Uo\",\"3.0435305493846615e+306\":\"\",\"1.4127682444287207e+308\":\"\",\"9.64729308697182e+307\":\"\",\"WV\":126,\"'`$\":705,\"2.891280932586968e+307\":8.157049401183507e+307},213,49,823]}","{\"0\":82,\"1\":2,\"2\":[100,403,82,969,{\"25\":1.7413536540811452e+308,\"59\":595,\"Xwd]\":25,\"P@$\":1.567744168619351e+308,\"\":-100,\"A\":82},{\"82\":\"q\",\"403\":\"\",\"607\":1.3997511860959649e+308,\"714\":\"Uo\",\"3.0435305493846615e+306\":\"\",\"1.4127682444287207e+308\":\"\",\"9.64729308697182e+307\":\"\",\"WV\":126,\"'`$\":705,\"2.891280932586968e+307\":8.157049401183507e+307},213,49,823]}","{\"0\":969,\"1\":3,\"2\":[100,403,82,969,{\"25\":1.7413536540811452e+308,\"59\":595,\"Xwd]\":25,\"P@$\":1.567744168619351e+308,\"\":-100,\"A\":82},{\"82\":\"q\",\"403\":\"\",\"607\":1.3997511860959649e+308,\"714\":\"Uo\",\"3.0435305493846615e+306\":\"\",\"1.4127682444287207e+308\":\"\",\"9.64729308697182e+307\":\"\",\"WV\":126,\"'`$\":705,\"2.891280932586968e+307\":8.157049401183507e+307},213,49,823]}","{\"0\":{\"25\":1.7413536540811452e+308,\"59\":595,\"Xwd]\":25,\"P@$\":1.567744168619351e+308,\"\":-100,\"A\":82},\"1\":4,\"2\":[100,403,82,969,{\"25\":1.7413536540811452e+308,\"59\":595,\"Xwd]\":25,\"P@$\":1.567744168619351e+308,\"\":-100,\"A\":82},{\"82\":\"q\",\"403\":\"\",\"607\":1.3997511860959649e+308,\"714\":\"Uo\",\"3.0435305493846615e+306\":\"\",\"1.4127682444287207e+308\":\"\",\"9.64729308697182e+307\":\"\",\"WV\":126,\"'`$\":705,\"2.891280932586968e+307\":8.157049401183507e+307},213,49,823]}","{\"0\":{\"82\":\"q\",\"403\":\"\",\"607\":1.3997511860959649e+308,\"714\":\"Uo\",\"3.0435305493846615e+306\":\"\",\"1.4127682444287207e+308\":\"\",\"9.64729308697182e+307\":\"\",\"WV\":126,\"'`$\":705,\"2.891280932586968e+307\":8.157049401183507e+307},\"1\":5,\"2\":[100,403,82,969,{\"25\":1.7413536540811452e+308,\"59\":595,\"Xwd]\":25,\"P@$\":1.567744168619351e+308,\"\":-100,\"A\":82},{\"82\":\"q\",\"403\":\"\",\"607\":1.3997511860959649e+308,\"714\":\"Uo\",\"3.0435305493846615e+306\":\"\",\"1.4127682444287207e+308\":\"\",\"9.64729308697182e+307\":\"\",\"WV\":126,\"'`$\":705,\"2.891280932586968e+307\":8.157049401183507e+307},213,49,823]}","{\"0\":213,\"1\":6,\"2\":[100,403,82,969,{\"25\":1.7413536540811452e+308,\"59\":595,\"Xwd]\":25,\"P@$\":1.567744168619351e+308,\"\":-100,\"A\":82},{\"82\":\"q\",\"403\":\"\",\"607\":1.3997511860959649e+308,\"714\":\"Uo\",\"3.0435305493846615e+306\":\"\",\"1.4127682444287207e+308\":\"\",\"9.64729308697182e+307\":\"\",\"WV\":126,\"'`$\":705,\"2.891280932586968e+307\":8.157049401183507e+307},213,49,823]}","{\"0\":49,\"1\":7,\"2\":[100,403,82,969,{\"25\":1.7413536540811452e+308,\"59\":595,\"Xwd]\":25,\"P@$\":1.567744168619351e+308,\"\":-100,\"A\":82},{\"82\":\"q\",\"403\":\"\",\"607\":1.3997511860959649e+308,\"714\":\"Uo\",\"3.0435305493846615e+306\":\"\",\"1.4127682444287207e+308\":\"\",\"9.64729308697182e+307\":\"\",\"WV\":126,\"'`$\":705,\"2.891280932586968e+307\":8.157049401183507e+307},213,49,823]}","{\"0\":823,\"1\":8,\"2\":[100,403,82,969,{\"25\":1.7413536540811452e+308,\"59\":595,\"Xwd]\":25,\"P@$\":1.567744168619351e+308,\"\":-100,\"A\":82},{\"82\":\"q\",\"403\":\"\",\"607\":1.3997511860959649e+308,\"714\":\"Uo\",\"3.0435305493846615e+306\":\"\",\"1.4127682444287207e+308\":\"\",\"9.64729308697182e+307\":\"\",\"WV\":126,\"'`$\":705,\"2.891280932586968e+307\":8.157049401183507e+307},213,49,823]}"]}