{"baseObjects":["[595,\"o]\",403,126,126,25,705,1.7976931348623157e+308]","[595,403,403,126,126,25,705,1.7976931348623157e+308]","[\"%\",\"E\"]","[\"^\",403,403,126,null,25,705,1.7976931348623157e+308]"],"returnObjects":[null,"\"Cannot set property '126' of undefined\"",null,null],"callbackArgs":["{\"0\":595,\"1\":0,\"2\":[595,403,403,126,126,25,705,1.7976931348623157e+308]}","{\"0\":\"o]\",\"1\":1,\"2\":[595,\"o]\",403,126,126,25,705,1.7976931348623157e+308]}","{\"0\":403,\"1\":2,\"2\":[595,\"o]\",403,126,126,25,705,1.7976931348623157e+308]}","{\"0\":126,\"1\":3,\"2\":[595,\"o]\",403,126,126,25,705,1.7976931348623157e+308]}","{\"0\":126,\"1\":4,\"2\":[595,\"o]\",403,126,126,25,705,1.7976931348623157e+308]}","{\"0\":25,\"1\":5,\"2\":[595,\"o]\",403,126,126,25,705,1.7976931348623157e+308]}","{\"0\":705,\"1\":6,\"2\":[595,\"o]\",403,126,126,25,705,1.7976931348623157e+308]}","{\"0\":1.7976931348623157e+308,\"1\":7,\"2\":[595,\"o]\",403,126,126,25,705,1.7976931348623157e+308]}","{\"0\":595,\"1\":0,\"2\":[595,403,403,126,126,25,705,1.7976931348623157e+308]}","{\"0\":595,\"1\":0,\"2\":[595,403,403,126,126,25,705,1.7976931348623157e+308]}","{\"0\":403,\"1\":1,\"2\":[595,403,403,126,126,25,705,\")13\"]}","{\"0\":403,\"1\":2,\"2\":[595,403,403,126,126,25,705,\")13\"]}","{\"0\":126,\"1\":3,\"2\":[595,403,403,126,126,25,705,\")13\"]}","{\"0\":126,\"1\":4,\"2\":[595,403,403,126,126,25,705,\")13\"]}","{\"0\":25,\"1\":5,\"2\":[595,403,403,126,126,25,705,\")13\"]}","{\"0\":705,\"1\":6,\"2\":[595,403,403,126,126,25,705,\")13\"]}","{\"0\":\")13\",\"1\":7,\"2\":[595,403,403,126,126,25,705,\")13\"]}","{\"0\":595,\"1\":0,\"2\":[595,403,403,126,126,25,705,1.7976931348623157e+308]}","{\"0\":403,\"1\":1,\"2\":[\"^\",403,403,126,null,25,705,1.7976931348623157e+308]}","{\"0\":403,\"1\":2,\"2\":[\"^\",403,403,126,null,25,705,1.7976931348623157e+308]}","{\"0\":126,\"1\":3,\"2\":[\"^\",403,403,126,null,25,705,1.7976931348623157e+308]}","{\"0\":null,\"1\":4,\"2\":[\"^\",403,403,126,null,25,705,1.7976931348623157e+308]}","{\"0\":25,\"1\":5,\"2\":[\"^\",403,403,126,null,25,705,1.7976931348623157e+308]}","{\"0\":705,\"1\":6,\"2\":[\"^\",403,403,126,null,25,705,1.7976931348623157e+308]}","{\"0\":1.7976931348623157e+308,\"1\":7,\"2\":[\"^\",403,403,126,null,25,705,1.7976931348623157e+308]}"]}