{"baseObjects":["[655,-100,157,893,{\"YP\":\"\",\"4.285838971554726e+307\":\"\",\"#\":1.13041269022903e+308},0,122]","[655,-100,157,893,82,0,122]","[null,-100,157,893,82,0,122]","[655,-100,157,893,82,0,122]"],"returnObjects":[null,"\"Error\"","\"Error\"","\"Error\""],"callbackArgs":["{\"0\":655,\"1\":0,\"2\":[655,-100,157,893,82,0,122]}","{\"0\":-100,\"1\":1,\"2\":[655,-100,157,893,{\"YP\":\"\",\"4.285838971554726e+307\":\"\",\"#\":1.13041269022903e+308},0,122]}","{\"0\":157,\"1\":2,\"2\":[655,-100,157,893,{\"YP\":\"\",\"4.285838971554726e+307\":\"\",\"#\":1.13041269022903e+308},0,122]}","{\"0\":893,\"1\":3,\"2\":[655,-100,157,893,{\"YP\":\"\",\"4.285838971554726e+307\":\"\",\"#\":1.13041269022903e+308},0,122]}","{\"0\":{\"YP\":\"\",\"4.285838971554726e+307\":\"\",\"#\":1.13041269022903e+308},\"1\":4,\"2\":[655,-100,157,893,{\"YP\":\"\",\"4.285838971554726e+307\":\"\",\"#\":1.13041269022903e+308},0,122]}","{\"0\":0,\"1\":5,\"2\":[655,-100,157,893,{\"YP\":\"\",\"4.285838971554726e+307\":\"\",\"#\":1.13041269022903e+308},0,122]}","{\"0\":122,\"1\":6,\"2\":[655,-100,157,893,{\"YP\":\"\",\"4.285838971554726e+307\":\"\",\"#\":1.13041269022903e+308},0,122]}","{\"0\":655,\"1\":0,\"2\":[655,-100,157,893,82,0,122]}","{\"0\":655,\"1\":0,\"2\":[655,-100,157,893,82,0,122]}","{\"0\":655,\"1\":0,\"2\":[655,-100,157,893,82,0,122]}"]}