{"baseObjects":["[893,[893,618],893]","[893,1.7976931348623157e+308,893]","[893,{\"893\":7.970713238389835e+307,\"-1\":0,\"S;g\":618,\"\":823,\"9.064539944373592e+307\":\"\",\"8.594402437432404e+307\":157,\"]\":1.5355982435705995e+308,\">'i\":6.635500126601379e+307,\"7.449915336269174e+307\":\"\"},893,null,1.6661264878100317e+307]","[893,1.7976931348623157e+308,893]"],"returnObjects":[null,null,null,"\"Error\""],"callbackArgs":["{\"0\":893,\"1\":0,\"2\":[893,1.7976931348623157e+308,893]}","{\"0\":[893,618],\"1\":1,\"2\":[893,[893,618],893]}","{\"0\":893,\"1\":2,\"2\":[893,[893,618],893]}","{\"0\":893,\"1\":0,\"2\":[893,1.7976931348623157e+308,893]}","{\"0\":1.7976931348623157e+308,\"1\":1,\"2\":[893,1.7976931348623157e+308,893]}","{\"0\":893,\"1\":2,\"2\":[893,1.7976931348623157e+308,893]}","{\"0\":893,\"1\":0,\"2\":[893,1.7976931348623157e+308,893]}","{\"0\":{\"893\":7.970713238389835e+307,\"-1\":0,\"S;g\":618,\"\":823,\"9.064539944373592e+307\":\"\",\"8.594402437432404e+307\":157,\"]\":1.5355982435705995e+308,\">'i\":6.635500126601379e+307,\"7.449915336269174e+307\":\"\"},\"1\":1,\"2\":[893,{\"893\":7.970713238389835e+307,\"-1\":0,\"S;g\":618,\"\":823,\"9.064539944373592e+307\":\"\",\"8.594402437432404e+307\":157,\"]\":1.5355982435705995e+308,\">'i\":6.635500126601379e+307,\"7.449915336269174e+307\":\"\"},893,null,1.6661264878100317e+307]}","{\"0\":893,\"1\":2,\"2\":[893,{\"893\":7.970713238389835e+307,\"-1\":0,\"S;g\":618,\"\":823,\"9.064539944373592e+307\":\"\",\"8.594402437432404e+307\":157,\"]\":1.5355982435705995e+308,\">'i\":6.635500126601379e+307,\"7.449915336269174e+307\":\"\"},893,null,1.6661264878100317e+307]}","{\"0\":893,\"1\":0,\"2\":[893,1.7976931348623157e+308,893]}"]}