{"baseObjects":["[1.7976931348623157e+308,627,893,null,\"FZ\"]","[1.7976931348623157e+308,627,893]","[1.7976931348623157e+308,627,null]","[1.7976931348623157e+308,627,893]"],"returnObjects":[null,"\"Cannot set property '1' of undefined\"",null,"\"argument8 is not defined\""],"callbackArgs":["{\"0\":1.7976931348623157e+308,\"1\":0,\"2\":[1.7976931348623157e+308,627,893]}","{\"0\":627,\"1\":1,\"2\":[1.7976931348623157e+308,627,893,null,\"FZ\"]}","{\"0\":893,\"1\":2,\"2\":[1.7976931348623157e+308,627,893,null,\"FZ\"]}","{\"0\":1.7976931348623157e+308,\"1\":0,\"2\":[1.7976931348623157e+308,627,893]}","{\"0\":1.7976931348623157e+308,\"1\":0,\"2\":[1.7976931348623157e+308,627,893]}","{\"0\":627,\"1\":1,\"2\":[1.7976931348623157e+308,627,null]}","{\"0\":null,\"1\":2,\"2\":[1.7976931348623157e+308,627,null]}","{\"0\":1.7976931348623157e+308,\"1\":0,\"2\":[1.7976931348623157e+308,627,893]}"]}