{"baseObjects":["[595,783,595,1.7976931348623157e+308,59,157,null,714,213]","[595,783,null,618,59,157,122,714,213]","[595,\"\",595,618,59,157,122,714,213]","[595,783,595,618,59,157,122,714,213]"],"returnObjects":[null,null,null,"\"Cannot set property '4' of undefined\""],"callbackArgs":["{\"0\":595,\"1\":0,\"2\":[595,783,595,618,59,157,122,714,213]}","{\"0\":783,\"1\":1,\"2\":[595,783,595,1.7976931348623157e+308,59,157,null,714,213]}","{\"0\":595,\"1\":2,\"2\":[595,783,595,1.7976931348623157e+308,59,157,null,714,213]}","{\"0\":1.7976931348623157e+308,\"1\":3,\"2\":[595,783,595,1.7976931348623157e+308,59,157,null,714,213]}","{\"0\":59,\"1\":4,\"2\":[595,783,595,1.7976931348623157e+308,59,157,null,714,213]}","{\"0\":157,\"1\":5,\"2\":[595,783,595,1.7976931348623157e+308,59,157,null,714,213]}","{\"0\":null,\"1\":6,\"2\":[595,783,595,1.7976931348623157e+308,59,157,null,714,213]}","{\"0\":714,\"1\":7,\"2\":[595,783,595,1.7976931348623157e+308,59,157,null,714,213]}","{\"0\":213,\"1\":8,\"2\":[595,783,595,1.7976931348623157e+308,59,157,null,714,213]}","{\"0\":595,\"1\":0,\"2\":[595,783,595,618,59,157,122,714,213]}","{\"0\":783,\"1\":1,\"2\":[595,783,null,618,59,157,122,714,213]}","{\"0\":null,\"1\":2,\"2\":[595,783,null,618,59,157,122,714,213]}","{\"0\":618,\"1\":3,\"2\":[595,783,null,618,59,157,122,714,213]}","{\"0\":59,\"1\":4,\"2\":[595,783,null,618,59,157,122,714,213]}","{\"0\":157,\"1\":5,\"2\":[595,783,null,618,59,157,122,714,213]}","{\"0\":122,\"1\":6,\"2\":[595,783,null,618,59,157,122,714,213]}","{\"0\":714,\"1\":7,\"2\":[595,783,null,618,59,157,122,714,213]}","{\"0\":213,\"1\":8,\"2\":[595,783,null,618,59,157,122,714,213]}","{\"0\":595,\"1\":0,\"2\":[595,783,595,618,59,157,122,714,213]}","{\"0\":\"\",\"1\":1,\"2\":[595,\"\",595,618,59,157,122,714,213]}","{\"0\":595,\"1\":2,\"2\":[595,\"\",595,618,59,157,122,714,213]}","{\"0\":618,\"1\":3,\"2\":[595,\"\",595,618,59,157,122,714,213]}","{\"0\":59,\"1\":4,\"2\":[595,\"\",595,618,59,157,122,714,213]}","{\"0\":157,\"1\":5,\"2\":[595,\"\",595,618,59,157,122,714,213]}","{\"0\":122,\"1\":6,\"2\":[595,\"\",595,618,59,157,122,714,213]}","{\"0\":714,\"1\":7,\"2\":[595,\"\",595,618,59,157,122,714,213]}","{\"0\":213,\"1\":8,\"2\":[595,\"\",595,618,59,157,122,714,213]}","{\"0\":595,\"1\":0,\"2\":[595,783,595,618,59,157,122,714,213]}"]}