{"baseObjects":["[-1,1.7976931348623157e+308,969,\"Eet\",1.7976931348623157e+308,714,893,-100,969]","[-1,1.7976931348623157e+308,969,213,1.7976931348623157e+308,714,893,-100,969]","[-1,1.7976931348623157e+308,969,213,1.7976931348623157e+308,714,893,-100,969]","[-1,1.7976931348623157e+308,969,213,1.7976931348623157e+308,714,893,-100,969]"],"returnObjects":[null,null,null,null],"callbackArgs":["{\"0\":-1,\"1\":0,\"2\":[-1,1.7976931348623157e+308,969,213,1.7976931348623157e+308,714,893,-100,969]}","{\"0\":1.7976931348623157e+308,\"1\":1,\"2\":[-1,1.7976931348623157e+308,969,\"Eet\",1.7976931348623157e+308,714,893,-100,969]}","{\"0\":969,\"1\":2,\"2\":[-1,1.7976931348623157e+308,969,\"Eet\",1.7976931348623157e+308,714,893,-100,969]}","{\"0\":\"Eet\",\"1\":3,\"2\":[-1,1.7976931348623157e+308,969,\"Eet\",1.7976931348623157e+308,714,893,-100,969]}","{\"0\":1.7976931348623157e+308,\"1\":4,\"2\":[-1,1.7976931348623157e+308,969,\"Eet\",1.7976931348623157e+308,714,893,-100,969]}","{\"0\":714,\"1\":5,\"2\":[-1,1.7976931348623157e+308,969,\"Eet\",1.7976931348623157e+308,714,893,-100,969]}","{\"0\":893,\"1\":6,\"2\":[-1,1.7976931348623157e+308,969,\"Eet\",1.7976931348623157e+308,714,893,-100,969]}","{\"0\":-100,\"1\":7,\"2\":[-1,1.7976931348623157e+308,969,\"Eet\",1.7976931348623157e+308,714,893,-100,969]}","{\"0\":969,\"1\":8,\"2\":[-1,1.7976931348623157e+308,969,\"Eet\",1.7976931348623157e+308,714,893,-100,969]}","{\"0\":-1,\"1\":0,\"2\":[-1,1.7976931348623157e+308,969,213,1.7976931348623157e+308,714,893,-100,969]}","{\"0\":1.7976931348623157e+308,\"1\":1,\"2\":[-1,1.7976931348623157e+308,969,213,1.7976931348623157e+308,714,893,-100,969]}","{\"0\":969,\"1\":2,\"2\":[-1,1.7976931348623157e+308,969,213,1.7976931348623157e+308,714,893,-100,969]}","{\"0\":213,\"1\":3,\"2\":[-1,1.7976931348623157e+308,969,213,1.7976931348623157e+308,714,893,-100,969]}","{\"0\":1.7976931348623157e+308,\"1\":4,\"2\":[-1,1.7976931348623157e+308,969,213,1.7976931348623157e+308,714,893,-100,969]}","{\"0\":714,\"1\":5,\"2\":[-1,1.7976931348623157e+308,969,213,1.7976931348623157e+308,714,893,-100,969]}","{\"0\":893,\"1\":6,\"2\":[-1,1.7976931348623157e+308,969,213,1.7976931348623157e+308,714,893,-100,969]}","{\"0\":-100,\"1\":7,\"2\":[-1,1.7976931348623157e+308,969,213,1.7976931348623157e+308,714,893,-100,969]}","{\"0\":969,\"1\":8,\"2\":[-1,1.7976931348623157e+308,969,213,1.7976931348623157e+308,714,893,-100,969]}","{\"0\":-1,\"1\":0,\"2\":[-1,1.7976931348623157e+308,969,213,1.7976931348623157e+308,714,893,-100,969]}","{\"0\":1.7976931348623157e+308,\"1\":1,\"2\":[-1,1.7976931348623157e+308,969,213,1.7976931348623157e+308,714,893,-100,969]}","{\"0\":969,\"1\":2,\"2\":[-1,1.7976931348623157e+308,969,213,1.7976931348623157e+308,714,893,-100,969]}","{\"0\":213,\"1\":3,\"2\":[-1,1.7976931348623157e+308,969,213,1.7976931348623157e+308,714,893,-100,969]}","{\"0\":1.7976931348623157e+308,\"1\":4,\"2\":[-1,1.7976931348623157e+308,969,213,1.7976931348623157e+308,714,893,-100,969]}","{\"0\":714,\"1\":5,\"2\":[-1,1.7976931348623157e+308,969,213,1.7976931348623157e+308,714,893,-100,969]}","{\"0\":893,\"1\":6,\"2\":[-1,1.7976931348623157e+308,969,213,1.7976931348623157e+308,714,893,-100,969]}","{\"0\":-100,\"1\":7,\"2\":[-1,1.7976931348623157e+308,969,213,1.7976931348623157e+308,714,893,-100,969]}","{\"0\":969,\"1\":8,\"2\":[-1,1.7976931348623157e+308,969,213,1.7976931348623157e+308,714,893,-100,969]}","{\"0\":-1,\"1\":0,\"2\":[-1,1.7976931348623157e+308,969,213,1.7976931348623157e+308,714,893,-100,969]}","{\"0\":1.7976931348623157e+308,\"1\":1,\"2\":[-1,1.7976931348623157e+308,969,213,1.7976931348623157e+308,714,893,-100,969]}","{\"0\":969,\"1\":2,\"2\":[-1,1.7976931348623157e+308,969,213,1.7976931348623157e+308,714,893,-100,969]}","{\"0\":213,\"1\":3,\"2\":[-1,1.7976931348623157e+308,969,213,1.7976931348623157e+308,714,893,-100,969]}","{\"0\":1.7976931348623157e+308,\"1\":4,\"2\":[-1,1.7976931348623157e+308,969,213,1.7976931348623157e+308,714,893,-100,969]}","{\"0\":714,\"1\":5,\"2\":[-1,1.7976931348623157e+308,969,213,1.7976931348623157e+308,714,893,-100,969]}","{\"0\":893,\"1\":6,\"2\":[-1,1.7976931348623157e+308,969,213,1.7976931348623157e+308,714,893,-100,969]}","{\"0\":-100,\"1\":7,\"2\":[-1,1.7976931348623157e+308,969,213,1.7976931348623157e+308,714,893,-100,969]}","{\"0\":969,\"1\":8,\"2\":[-1,1.7976931348623157e+308,969,213,1.7976931348623157e+308,714,893,-100,969]}"]}