{"baseObjects":["[{\"0\":4.1015720569873723e+307,\"%(-\":\"\"},49,82,714,595]","[59,49,82,714,595]","[59,49,82,714,595,null,null,null]","[59,49,82,714,595]"],"returnObjects":[null,"59",null,null],"callbackArgs":["{\"0\":59,\"1\":0,\"2\":[59,49,82,714,595]}","{\"0\":49,\"1\":1,\"2\":[{\"0\":4.1015720569873723e+307,\"%(-\":\"\"},49,82,714,595]}","{\"0\":82,\"1\":2,\"2\":[{\"0\":4.1015720569873723e+307,\"%(-\":\"\"},49,82,714,595]}","{\"0\":714,\"1\":3,\"2\":[{\"0\":4.1015720569873723e+307,\"%(-\":\"\"},49,82,714,595]}","{\"0\":595,\"1\":4,\"2\":[{\"0\":4.1015720569873723e+307,\"%(-\":\"\"},49,82,714,595]}","{\"0\":59,\"1\":0,\"2\":[59,49,82,714,595]}","{\"0\":59,\"1\":0,\"2\":[59,49,82,714,595]}","{\"0\":49,\"1\":1,\"2\":[59,49,82,714,595,null,null,null]}","{\"0\":82,\"1\":2,\"2\":[59,49,82,714,595,null,null,null]}","{\"0\":714,\"1\":3,\"2\":[59,49,82,714,595,null,null,null]}","{\"0\":595,\"1\":4,\"2\":[59,49,82,714,595,null,null,null]}","{\"0\":59,\"1\":0,\"2\":[59,49,82,714,595]}","{\"0\":49,\"1\":1,\"2\":[59,49,82,714,595]}","{\"0\":82,\"1\":2,\"2\":[59,49,82,714,595]}","{\"0\":714,\"1\":3,\"2\":[59,49,82,714,595]}","{\"0\":595,\"1\":4,\"2\":[59,49,82,714,595]}"]}