{"baseObjects":["1.7976931348623157e+308","{\"9.249533137066292e+307\":\"2\",\"u\":6.168965759983793e+307}","[122,618,655,969]","[122,618,655,969]"],"returnObjects":[null,null,"\"Cannot set property '403' of null\"",null],"callbackArgs":["{\"0\":122,\"1\":0,\"2\":[122,618,655,969]}","{\"0\":618,\"1\":1,\"2\":[122,618,655,969]}","{\"0\":655,\"1\":2,\"2\":[122,618,655,969]}","{\"0\":969,\"1\":3,\"2\":[122,618,655,969]}","{\"0\":122,\"1\":0,\"2\":[122,618,655,969]}","{\"0\":618,\"1\":1,\"2\":[122,618,655,969]}","{\"0\":655,\"1\":2,\"2\":[122,618,655,969]}","{\"0\":969,\"1\":3,\"2\":[122,618,655,969]}","{\"0\":122,\"1\":0,\"2\":[122,618,655,969]}","{\"0\":122,\"1\":0,\"2\":[122,618,655,969]}","{\"0\":618,\"1\":1,\"2\":[122,618,655,969]}","{\"0\":655,\"1\":2,\"2\":[122,618,655,969]}","{\"0\":969,\"1\":3,\"2\":[122,618,655,969]}"]}