{"baseObjects":["[[157,969],\"29};yY\",607,null,null,1.1483938206578753e+308]","[714,\"29};yY\",607]","[714,\"29};yY\",607]","[714,\"29};yY\",607]"],"returnObjects":["\"29};yY\"",null,"714","\"Cannot set property '783' of null\""],"callbackArgs":["{\"0\":714,\"1\":0,\"2\":[714,\"29};yY\",607]}","{\"0\":\"29};yY\",\"1\":1,\"2\":[[157,969],\"29};yY\",607,null,null,1.1483938206578753e+308]}","{\"0\":714,\"1\":0,\"2\":[714,\"29};yY\",607]}","{\"0\":\"29};yY\",\"1\":1,\"2\":[714,\"29};yY\",607]}","{\"0\":607,\"1\":2,\"2\":[714,\"29};yY\",607]}","{\"0\":714,\"1\":0,\"2\":[714,\"29};yY\",607]}","{\"0\":714,\"1\":0,\"2\":[714,\"29};yY\",607]}"]}