{"baseObjects":["[595,893]","[595,893,null,null,null,null,null,null,null,1.4753482190303739e+308]","[595,893]","[595,893]"],"returnObjects":[null,null,"\"Error\"",null],"callbackArgs":["{\"0\":595,\"1\":0,\"2\":[595,893]}","{\"0\":893,\"1\":1,\"2\":[595,893]}","{\"0\":595,\"1\":0,\"2\":[595,893]}","{\"0\":893,\"1\":1,\"2\":[595,893,null,null,null,null,null,null,null,1.4753482190303739e+308]}","{\"0\":595,\"1\":0,\"2\":[595,893]}","{\"0\":595,\"1\":0,\"2\":[595,893]}","{\"0\":893,\"1\":1,\"2\":[595,893]}"]}