{"baseObjects":["[893,25,null,null,null,null,{\"82\":6.347285173192741e+306,\"126\":\"w\",\"618\":\"\",\"893\":\"\",\"969\":1.739753060127196e+308,\"\":4.500160311563022e+307,\"1.6501253252992801e+307\":\"B\",\"1.7455633695092769e+308\":\"\"},null]","[893,25]","[893,25]","[893,25]"],"returnObjects":[null,"\"Cannot set property '0' of undefined\"","\"Cannot set property '5' of undefined\"","\"argument9 is not defined\""],"callbackArgs":["{\"0\":893,\"1\":0,\"2\":[893,25]}","{\"0\":25,\"1\":1,\"2\":[893,25,null,null,null,null,{\"82\":6.347285173192741e+306,\"126\":\"w\",\"618\":\"\",\"893\":\"\",\"969\":1.739753060127196e+308,\"\":4.500160311563022e+307,\"1.6501253252992801e+307\":\"B\",\"1.7455633695092769e+308\":\"\"},null]}","{\"0\":893,\"1\":0,\"2\":[893,25]}","{\"0\":893,\"1\":0,\"2\":[893,25]}","{\"0\":893,\"1\":0,\"2\":[893,25]}"]}