{"baseObjects":["[{\"59\":\"\",\"@z\":\",\",\"1.889650785832688e+307\":\"\"},\"@\",null]","[\"{\",\"@\",{\"0\":\"=v\",\"2\":1.2215858579413061e+307,\"82\":1.7112633077306521e+308,\"607\":\"\",\"705\":5.069830540616556e+307,\"893\":1.4536617123292348e+308,\"1.7976931348623157e+308\":\";\",\"\":\"'\",\"1.5960736029641476e+308\":\"d\",\"f\":1.4491847584408095e+307}]","[{\"403\":\"\",\"595\":1.1266870669512564e+308,\"783\":\"\",\"9.323435168156194e+307\":7.530607368672627e+306,\"4.3055675149882927e+307\":1.3463009577694051e+308,\"\":8.143137626455915e+307,\"9p\":\"!\",\"1.2260543441987487e+308\":\"\"},\"@\",\"X\"]","[\"{\",\"@\",\"X\"]"],"returnObjects":[null,null,null,"\"Error\""],"callbackArgs":["{\"0\":\"{\",\"1\":0,\"2\":[\"{\",\"@\",\"X\"]}","{\"0\":\"@\",\"1\":1,\"2\":[{\"59\":\"\",\"@z\":\",\",\"1.889650785832688e+307\":\"\"},\"@\",null]}","{\"0\":null,\"1\":2,\"2\":[{\"59\":\"\",\"@z\":\",\",\"1.889650785832688e+307\":\"\"},\"@\",null]}","{\"0\":\"{\",\"1\":0,\"2\":[\"{\",\"@\",\"X\"]}","{\"0\":\"@\",\"1\":1,\"2\":[\"{\",\"@\",{\"0\":\"=v\",\"2\":1.2215858579413061e+307,\"82\":1.7112633077306521e+308,\"607\":\"\",\"705\":5.069830540616556e+307,\"893\":1.4536617123292348e+308,\"1.7976931348623157e+308\":\";\",\"\":\"'\",\"1.5960736029641476e+308\":\"d\",\"f\":1.4491847584408095e+307}]}","{\"0\":{\"0\":\"=v\",\"2\":1.2215858579413061e+307,\"82\":1.7112633077306521e+308,\"607\":\"\",\"705\":5.069830540616556e+307,\"893\":1.4536617123292348e+308,\"1.7976931348623157e+308\":\";\",\"\":\"'\",\"1.5960736029641476e+308\":\"d\",\"f\":1.4491847584408095e+307},\"1\":2,\"2\":[\"{\",\"@\",{\"0\":\"=v\",\"2\":1.2215858579413061e+307,\"82\":1.7112633077306521e+308,\"607\":\"\",\"705\":5.069830540616556e+307,\"893\":1.4536617123292348e+308,\"1.7976931348623157e+308\":\";\",\"\":\"'\",\"1.5960736029641476e+308\":\"d\",\"f\":1.4491847584408095e+307}]}","{\"0\":\"{\",\"1\":0,\"2\":[\"{\",\"@\",\"X\"]}","{\"0\":\"@\",\"1\":1,\"2\":[{\"403\":\"\",\"595\":1.1266870669512564e+308,\"783\":\"\",\"9.323435168156194e+307\":7.530607368672627e+306,\"4.3055675149882927e+307\":1.3463009577694051e+308,\"\":8.143137626455915e+307,\"9p\":\"!\",\"1.2260543441987487e+308\":\"\"},\"@\",\"X\"]}","{\"0\":\"X\",\"1\":2,\"2\":[{\"403\":\"\",\"595\":1.1266870669512564e+308,\"783\":\"\",\"9.323435168156194e+307\":7.530607368672627e+306,\"4.3055675149882927e+307\":1.3463009577694051e+308,\"\":8.143137626455915e+307,\"9p\":\"!\",\"1.2260543441987487e+308\":\"\"},\"@\",\"X\"]}"]}