{"baseObjects":["[157,618,969,null,null]","[157,618,969]","[157,618,969,null,null,null,null,null,{\"627\":49,\"5e-324\":843}]","[{\"618\":595,\"783\":\"\",\"saIK\":\"^\",\"?\":122,\"\":\"\",\"-1\":\"WSAHA#pfG\",\"1.2507664354987203e+308\":\"el\",\"T\":5.029314734178809e+307,\"1.3233427154684192e+307\":1.6186873313747958e+308,\"G\":\";Mh\"},618,969,null,{\"59\":\"\",\"213\":\" \",\"\":1.4160554814290556e+308,\"7.226330244244626e+307\":460}]"],"returnObjects":["157","\"Cannot set property '4' of undefined\"","\"Cannot set property '4' of undefined\"",null],"callbackArgs":["{\"0\":157,\"1\":0,\"2\":[157,618,969]}","{\"0\":157,\"1\":0,\"2\":[157,618,969]}","{\"0\":157,\"1\":0,\"2\":[157,618,969]}","{\"0\":157,\"1\":0,\"2\":[157,618,969]}","{\"0\":618,\"1\":1,\"2\":[{\"618\":595,\"783\":\"\",\"saIK\":\"^\",\"?\":122,\"\":\"\",\"-1\":\"WSAHA#pfG\",\"1.2507664354987203e+308\":\"el\",\"T\":5.029314734178809e+307,\"1.3233427154684192e+307\":1.6186873313747958e+308,\"G\":\";Mh\"},618,969,null,{\"59\":\"\",\"213\":\" \",\"\":1.4160554814290556e+308,\"7.226330244244626e+307\":460}]}","{\"0\":969,\"1\":2,\"2\":[{\"618\":595,\"783\":\"\",\"saIK\":\"^\",\"?\":122,\"\":\"\",\"-1\":\"WSAHA#pfG\",\"1.2507664354987203e+308\":\"el\",\"T\":5.029314734178809e+307,\"1.3233427154684192e+307\":1.6186873313747958e+308,\"G\":\";Mh\"},618,969,null,{\"59\":\"\",\"213\":\" \",\"\":1.4160554814290556e+308,\"7.226330244244626e+307\":460}]}"]}