{"baseObjects":["[{\"3.411500715464612e+307\":\";s&yv(\",\"8.404230556325729e+307\":893,\"N\":1.0364904167393744e+308,\"6.458824692350761e+307\":25,\"1.5871414587560982e+308\":\"\",\"5.567868593008714e+307\":7.015785779997418e+307,\"7.994445146835088e+307\":\"km\"},\"gF\",\"!BO\",\"6\",\"L\",\"zr\",null]","[\"(]\",\"gF\",\"!BO\",\"6\",\"L\",\"zr\",\"K\"]","[\"(]\",\"gF\",\"!BO\",\"6\",\"L\",\"zr\",\"K\",null,null,null]","[\"(]\",\"gF\",\"!BO\",\"6\",\"L\",\"zr\",\"K\",\"\",{\"460\":1.7225810522066861e+308,\"9.051335159139241e+307\":\"K\",\"5.094771876806349e+307\":157,\"G\":-1,\"\":823,\"6.415799832835954e+307\":\"TD\",\"n\":\"\",\"Aa\":714,\"1.0847806651105625e+308\":\"V\"}]"],"returnObjects":[null,"\"Error\"",null,"\"(]\""],"callbackArgs":["{\"0\":\"(]\",\"1\":0,\"2\":[\"(]\",\"gF\",\"!BO\",\"6\",\"L\",\"zr\",\"K\"]}","{\"0\":\"gF\",\"1\":1,\"2\":[{\"3.411500715464612e+307\":\";s&yv(\",\"8.404230556325729e+307\":893,\"N\":1.0364904167393744e+308,\"6.458824692350761e+307\":25,\"1.5871414587560982e+308\":\"\",\"5.567868593008714e+307\":7.015785779997418e+307,\"7.994445146835088e+307\":\"km\"},\"gF\",\"!BO\",\"6\",\"L\",\"zr\",null]}","{\"0\":\"!BO\",\"1\":2,\"2\":[{\"3.411500715464612e+307\":\";s&yv(\",\"8.404230556325729e+307\":893,\"N\":1.0364904167393744e+308,\"6.458824692350761e+307\":25,\"1.5871414587560982e+308\":\"\",\"5.567868593008714e+307\":7.015785779997418e+307,\"7.994445146835088e+307\":\"km\"},\"gF\",\"!BO\",\"6\",\"L\",\"zr\",null]}","{\"0\":\"6\",\"1\":3,\"2\":[{\"3.411500715464612e+307\":\";s&yv(\",\"8.404230556325729e+307\":893,\"N\":1.0364904167393744e+308,\"6.458824692350761e+307\":25,\"1.5871414587560982e+308\":\"\",\"5.567868593008714e+307\":7.015785779997418e+307,\"7.994445146835088e+307\":\"km\"},\"gF\",\"!BO\",\"6\",\"L\",\"zr\",null]}","{\"0\":\"L\",\"1\":4,\"2\":[{\"3.411500715464612e+307\":\";s&yv(\",\"8.404230556325729e+307\":893,\"N\":1.0364904167393744e+308,\"6.458824692350761e+307\":25,\"1.5871414587560982e+308\":\"\",\"5.567868593008714e+307\":7.015785779997418e+307,\"7.994445146835088e+307\":\"km\"},\"gF\",\"!BO\",\"6\",\"L\",\"zr\",null]}","{\"0\":\"zr\",\"1\":5,\"2\":[{\"3.411500715464612e+307\":\";s&yv(\",\"8.404230556325729e+307\":893,\"N\":1.0364904167393744e+308,\"6.458824692350761e+307\":25,\"1.5871414587560982e+308\":\"\",\"5.567868593008714e+307\":7.015785779997418e+307,\"7.994445146835088e+307\":\"km\"},\"gF\",\"!BO\",\"6\",\"L\",\"zr\",null]}","{\"0\":null,\"1\":6,\"2\":[{\"3.411500715464612e+307\":\";s&yv(\",\"8.404230556325729e+307\":893,\"N\":1.0364904167393744e+308,\"6.458824692350761e+307\":25,\"1.5871414587560982e+308\":\"\",\"5.567868593008714e+307\":7.015785779997418e+307,\"7.994445146835088e+307\":\"km\"},\"gF\",\"!BO\",\"6\",\"L\",\"zr\",null]}","{\"0\":\"(]\",\"1\":0,\"2\":[\"(]\",\"gF\",\"!BO\",\"6\",\"L\",\"zr\",\"K\"]}","{\"0\":\"gF\",\"1\":1,\"2\":[\"(]\",\"gF\",\"!BO\",\"6\",\"L\",\"zr\",\"K\",null,null,null]}","{\"0\":\"!BO\",\"1\":2,\"2\":[\"(]\",\"gF\",\"!BO\",\"6\",\"L\",\"zr\",\"K\",null,null,null]}","{\"0\":\"6\",\"1\":3,\"2\":[\"(]\",\"gF\",\"!BO\",\"6\",\"L\",\"zr\",\"K\",null,null,null]}","{\"0\":\"L\",\"1\":4,\"2\":[\"(]\",\"gF\",\"!BO\",\"6\",\"L\",\"zr\",\"K\",null,null,null]}","{\"0\":\"zr\",\"1\":5,\"2\":[\"(]\",\"gF\",\"!BO\",\"6\",\"L\",\"zr\",\"K\",null,null,null]}","{\"0\":\"K\",\"1\":6,\"2\":[\"(]\",\"gF\",\"!BO\",\"6\",\"L\",\"zr\",\"K\",null,null,null]}","{\"0\":\"(]\",\"1\":0,\"2\":[\"(]\",\"gF\",\"!BO\",\"6\",\"L\",\"zr\",\"K\"]}"]}