{"baseObjects":["[100,1.7976931348623157e+308,969,595,714,100,82,627,null,[1.7976931348623157e+308,595]]","[100,1.7976931348623157e+308,969,595,714,100,82,627]","[100,1.7976931348623157e+308,969,595,714,100,82,627]","[100,1.7976931348623157e+308,969,595,714,100,82,627]"],"returnObjects":[null,"\"Cannot set property '8.748669805137695e+307' of null\"","\"argument8 is not defined\"","\"argument9 is not defined\""],"callbackArgs":["{\"0\":100,\"1\":0,\"2\":[100,1.7976931348623157e+308,969,595,714,100,82,627]}","{\"0\":1.7976931348623157e+308,\"1\":1,\"2\":[100,1.7976931348623157e+308,969,595,714,100,82,627,null,[1.7976931348623157e+308,595]]}","{\"0\":969,\"1\":2,\"2\":[100,1.7976931348623157e+308,969,595,714,100,82,627,null,[1.7976931348623157e+308,595]]}","{\"0\":595,\"1\":3,\"2\":[100,1.7976931348623157e+308,969,595,714,100,82,627,null,[1.7976931348623157e+308,595]]}","{\"0\":714,\"1\":4,\"2\":[100,1.7976931348623157e+308,969,595,714,100,82,627,null,[1.7976931348623157e+308,595]]}","{\"0\":100,\"1\":5,\"2\":[100,1.7976931348623157e+308,969,595,714,100,82,627,null,[1.7976931348623157e+308,595]]}","{\"0\":82,\"1\":6,\"2\":[100,1.7976931348623157e+308,969,595,714,100,82,627,null,[1.7976931348623157e+308,595]]}","{\"0\":627,\"1\":7,\"2\":[100,1.7976931348623157e+308,969,595,714,100,82,627,null,[1.7976931348623157e+308,595]]}","{\"0\":100,\"1\":0,\"2\":[100,1.7976931348623157e+308,969,595,714,100,82,627]}","{\"0\":100,\"1\":0,\"2\":[100,1.7976931348623157e+308,969,595,714,100,82,627]}","{\"0\":100,\"1\":0,\"2\":[100,1.7976931348623157e+308,969,595,714,100,82,627]}"]}