{"baseObjects":["[823,1.7976931348623157e+308]","[823,1.7976931348623157e+308]","[823,1.7976931348623157e+308]","[823,1.7976931348623157e+308]"],"returnObjects":[null,null,"\"Cannot set property '5' of undefined\"",null],"callbackArgs":["{\"0\":823,\"1\":0,\"2\":[823,1.7976931348623157e+308]}","{\"0\":1.7976931348623157e+308,\"1\":1,\"2\":[823,1.7976931348623157e+308]}","{\"0\":823,\"1\":0,\"2\":[823,1.7976931348623157e+308]}","{\"0\":1.7976931348623157e+308,\"1\":1,\"2\":[823,1.7976931348623157e+308]}","{\"0\":823,\"1\":0,\"2\":[823,1.7976931348623157e+308]}","{\"0\":823,\"1\":0,\"2\":[823,1.7976931348623157e+308]}","{\"0\":1.7976931348623157e+308,\"1\":1,\"2\":[823,1.7976931348623157e+308]}"]}