{"baseObjects":["[714,705]","[714,705,null,null,null,null,\"v\"]","[714,705,null,null,null,{\"49\":25,\"783\":\"[;r\",\"Iuo}\":607,\"\":\"Io\",\"1.7167784435133103e+308\":\"\",\"7.036808995769047e+307\":\"8G\"}]","[714,{\"59\":\"R\",\"Z&\":783,\"vh[_\":1.7976931348623157e+308,\"\":\"\",\"2.6808572565813255e+307\":\"h\",\"Q\":618,\" y]\":607,\"1.0708030633719312e+308\":1.0217356273296604e+308}]"],"returnObjects":[null,null,null,"714"],"callbackArgs":["{\"0\":714,\"1\":0,\"2\":[714,705]}","{\"0\":705,\"1\":1,\"2\":[714,705]}","{\"0\":714,\"1\":0,\"2\":[714,705]}","{\"0\":705,\"1\":1,\"2\":[714,705,null,null,null,null,\"v\"]}","{\"0\":714,\"1\":0,\"2\":[714,705]}","{\"0\":705,\"1\":1,\"2\":[714,705,null,null,null,{\"49\":25,\"783\":\"[;r\",\"Iuo}\":607,\"\":\"Io\",\"1.7167784435133103e+308\":\"\",\"7.036808995769047e+307\":\"8G\"}]}","{\"0\":714,\"1\":0,\"2\":[714,705]}"]}