{"baseObjects":["[59,783,893,1.7976931348623157e+308,100,618,460,126]","[59,783,893,1.7976931348623157e+308,100,618,460,126]","[59,783,893,1.7976931348623157e+308,100,618,460,126]","[59,783,893,1.7976931348623157e+308,100,618,460,126]"],"returnObjects":["\"Cannot set property '6' of undefined\"",null,"\"argument6 is not defined\"","\"argument6 is not defined\""],"callbackArgs":["{\"0\":59,\"1\":0,\"2\":[59,783,893,1.7976931348623157e+308,100,618,460,126]}","{\"0\":59,\"1\":0,\"2\":[59,783,893,1.7976931348623157e+308,100,618,460,126]}","{\"0\":783,\"1\":1,\"2\":[59,783,893,1.7976931348623157e+308,100,618,460,126]}","{\"0\":893,\"1\":2,\"2\":[59,783,893,1.7976931348623157e+308,100,618,460,126]}","{\"0\":1.7976931348623157e+308,\"1\":3,\"2\":[59,783,893,1.7976931348623157e+308,100,618,460,126]}","{\"0\":100,\"1\":4,\"2\":[59,783,893,1.7976931348623157e+308,100,618,460,126]}","{\"0\":618,\"1\":5,\"2\":[59,783,893,1.7976931348623157e+308,100,618,460,126]}","{\"0\":460,\"1\":6,\"2\":[59,783,893,1.7976931348623157e+308,100,618,460,126]}","{\"0\":126,\"1\":7,\"2\":[59,783,893,1.7976931348623157e+308,100,618,460,126]}","{\"0\":59,\"1\":0,\"2\":[59,783,893,1.7976931348623157e+308,100,618,460,126]}","{\"0\":59,\"1\":0,\"2\":[59,783,893,1.7976931348623157e+308,100,618,460,126]}"]}