{"baseObjects":["[59,403,25,\"{\",\"}\",595]","[59,403,25,\"{\",\"}\",595,{\"82\":607,\"893\":\"\",\"-\":\"\",\"8.514157604646127e+307\":0,\"1.5091633110297124e+308\":1.4932443257027246e+308,\">\":\"|\",\"H\":5.985567583202208e+307,\"I\":\"+\",\"<x\":126}]","[59,403,25,\"{\",\"}\",595]","\"*,\""],"returnObjects":["\"Error\"","\"Error\"",null,"\"Error\""],"callbackArgs":["{\"0\":59,\"1\":0,\"2\":[59,403,25,\"{\",\"}\",595]}","{\"0\":59,\"1\":0,\"2\":[59,403,25,\"{\",\"}\",595]}","{\"0\":59,\"1\":0,\"2\":[59,403,25,\"{\",\"}\",595]}","{\"0\":403,\"1\":1,\"2\":[59,403,25,\"{\",\"}\",595]}","{\"0\":25,\"1\":2,\"2\":[59,403,25,\"{\",\"}\",595]}","{\"0\":\"{\",\"1\":3,\"2\":[59,403,25,\"{\",\"}\",595]}","{\"0\":\"}\",\"1\":4,\"2\":[59,403,25,\"{\",\"}\",595]}","{\"0\":595,\"1\":5,\"2\":[59,403,25,\"{\",\"}\",595]}","{\"0\":59,\"1\":0,\"2\":[59,403,25,\"{\",\"}\",595]}"]}