{"baseObjects":["[843,-1,122,null,null,null,null,null,[\"(\",\"7\",49,893,\"i+\",-100]]","[843,-1,122,null,null,null,null,null,{\"655\":\"\",\"705\":\"4\",\"1.372744036303978e+308\":1.7348024155988105e+307,\"\":\"\",\"7.771364682169291e+307\":0,\")\":-100,\"5.943106094549105e+307\":595,\"5e-324\":\"\",\"fU\":\">\"}]","[843,false,122]","[843,-1,122]"],"returnObjects":[null,null,"\"Cannot set property '1.399309004356655e+308' of null\"","\"Cannot set property '4' of undefined\""],"callbackArgs":["{\"0\":843,\"1\":0,\"2\":[843,-1,122]}","{\"0\":-1,\"1\":1,\"2\":[843,-1,122,null,null,null,null,null,[\"(\",\"7\",49,893,\"i+\",-100]]}","{\"0\":122,\"1\":2,\"2\":[843,-1,122,null,null,null,null,null,[\"(\",\"7\",49,893,\"i+\",-100]]}","{\"0\":843,\"1\":0,\"2\":[843,-1,122]}","{\"0\":-1,\"1\":1,\"2\":[843,-1,122,null,null,null,null,null,{\"655\":\"\",\"705\":\"4\",\"1.372744036303978e+308\":1.7348024155988105e+307,\"\":\"\",\"7.771364682169291e+307\":0,\")\":-100,\"5.943106094549105e+307\":595,\"5e-324\":\"\",\"fU\":\">\"}]}","{\"0\":122,\"1\":2,\"2\":[843,-1,122,null,null,null,null,null,{\"655\":\"\",\"705\":\"4\",\"1.372744036303978e+308\":1.7348024155988105e+307,\"\":\"\",\"7.771364682169291e+307\":0,\")\":-100,\"5.943106094549105e+307\":595,\"5e-324\":\"\",\"fU\":\">\"}]}","{\"0\":843,\"1\":0,\"2\":[843,-1,122]}","{\"0\":843,\"1\":0,\"2\":[843,-1,122]}"]}