{"baseObjects":["[-100,893,627,\"e(d\",3.0419445421915035e+307,126,\"R\",\"i\"]","[-100,893,627,\"e(d\",122,126,\"R\",\"i\"]","[-100,893,627,\"e(d\",122,126,\"R\",\"i\"]","[-100,893,627,\"e(d\",122,126,\"R\",\"i\"]"],"returnObjects":[null,"\"Cannot set property '460' of null\"","\"Cannot set property '2' of null\"","\"Cannot set property '3' of undefined\""],"callbackArgs":["{\"0\":-100,\"1\":0,\"2\":[-100,893,627,\"e(d\",122,126,\"R\",\"i\"]}","{\"0\":893,\"1\":1,\"2\":[-100,893,627,\"e(d\",3.0419445421915035e+307,126,\"R\",\"i\"]}","{\"0\":627,\"1\":2,\"2\":[-100,893,627,\"e(d\",3.0419445421915035e+307,126,\"R\",\"i\"]}","{\"0\":\"e(d\",\"1\":3,\"2\":[-100,893,627,\"e(d\",3.0419445421915035e+307,126,\"R\",\"i\"]}","{\"0\":3.0419445421915035e+307,\"1\":4,\"2\":[-100,893,627,\"e(d\",3.0419445421915035e+307,126,\"R\",\"i\"]}","{\"0\":126,\"1\":5,\"2\":[-100,893,627,\"e(d\",3.0419445421915035e+307,126,\"R\",\"i\"]}","{\"0\":\"R\",\"1\":6,\"2\":[-100,893,627,\"e(d\",3.0419445421915035e+307,126,\"R\",\"i\"]}","{\"0\":\"i\",\"1\":7,\"2\":[-100,893,627,\"e(d\",3.0419445421915035e+307,126,\"R\",\"i\"]}","{\"0\":-100,\"1\":0,\"2\":[-100,893,627,\"e(d\",122,126,\"R\",\"i\"]}","{\"0\":-100,\"1\":0,\"2\":[-100,893,627,\"e(d\",122,126,\"R\",\"i\"]}","{\"0\":-100,\"1\":0,\"2\":[-100,893,627,\"e(d\",122,126,\"R\",\"i\"]}"]}