{"baseObjects":["[\"JzHqbw\",157,595,\"z4;\",\"AR\",-1,893]","[\"JzHqbw\",{\"126\":823,\"783\":\"\",\"823\":6.731062239147249e+307,\"1.5757376492799887e+308\":\"\",\"\":\"^\",\"Bl\":\"]\",\"1.5291086817185e+308\":1.7484510713516794e+308},595,\"z4;\",\"AR\",-1,893]","[\"JzHqbw\",157,595,\"z4;\",\"AR\",-1,893]","[\"JzHqbw\",157,595,\"z4;\",\"AR\",-1,893]"],"returnObjects":["\"JzHqbw\"",null,null,null],"callbackArgs":["{\"0\":\"JzHqbw\",\"1\":0,\"2\":[\"JzHqbw\",157,595,\"z4;\",\"AR\",-1,893]}","{\"0\":\"JzHqbw\",\"1\":0,\"2\":[\"JzHqbw\",157,595,\"z4;\",\"AR\",-1,893]}","{\"0\":{\"126\":823,\"783\":\"\",\"823\":6.731062239147249e+307,\"1.5757376492799887e+308\":\"\",\"\":\"^\",\"Bl\":\"]\",\"1.5291086817185e+308\":1.7484510713516794e+308},\"1\":1,\"2\":[\"JzHqbw\",{\"126\":823,\"783\":\"\",\"823\":6.731062239147249e+307,\"1.5757376492799887e+308\":\"\",\"\":\"^\",\"Bl\":\"]\",\"1.5291086817185e+308\":1.7484510713516794e+308},595,\"z4;\",\"AR\",-1,893]}","{\"0\":595,\"1\":2,\"2\":[\"JzHqbw\",{\"126\":823,\"783\":\"\",\"823\":6.731062239147249e+307,\"1.5757376492799887e+308\":\"\",\"\":\"^\",\"Bl\":\"]\",\"1.5291086817185e+308\":1.7484510713516794e+308},595,\"z4;\",\"AR\",-1,893]}","{\"0\":\"z4;\",\"1\":3,\"2\":[\"JzHqbw\",{\"126\":823,\"783\":\"\",\"823\":6.731062239147249e+307,\"1.5757376492799887e+308\":\"\",\"\":\"^\",\"Bl\":\"]\",\"1.5291086817185e+308\":1.7484510713516794e+308},595,\"z4;\",\"AR\",-1,893]}","{\"0\":\"AR\",\"1\":4,\"2\":[\"JzHqbw\",{\"126\":823,\"783\":\"\",\"823\":6.731062239147249e+307,\"1.5757376492799887e+308\":\"\",\"\":\"^\",\"Bl\":\"]\",\"1.5291086817185e+308\":1.7484510713516794e+308},595,\"z4;\",\"AR\",-1,893]}","{\"0\":-1,\"1\":5,\"2\":[\"JzHqbw\",{\"126\":823,\"783\":\"\",\"823\":6.731062239147249e+307,\"1.5757376492799887e+308\":\"\",\"\":\"^\",\"Bl\":\"]\",\"1.5291086817185e+308\":1.7484510713516794e+308},595,\"z4;\",\"AR\",-1,893]}","{\"0\":893,\"1\":6,\"2\":[\"JzHqbw\",{\"126\":823,\"783\":\"\",\"823\":6.731062239147249e+307,\"1.5757376492799887e+308\":\"\",\"\":\"^\",\"Bl\":\"]\",\"1.5291086817185e+308\":1.7484510713516794e+308},595,\"z4;\",\"AR\",-1,893]}","{\"0\":\"JzHqbw\",\"1\":0,\"2\":[\"JzHqbw\",157,595,\"z4;\",\"AR\",-1,893]}","{\"0\":157,\"1\":1,\"2\":[\"JzHqbw\",157,595,\"z4;\",\"AR\",-1,893]}","{\"0\":595,\"1\":2,\"2\":[\"JzHqbw\",157,595,\"z4;\",\"AR\",-1,893]}","{\"0\":\"z4;\",\"1\":3,\"2\":[\"JzHqbw\",157,595,\"z4;\",\"AR\",-1,893]}","{\"0\":\"AR\",\"1\":4,\"2\":[\"JzHqbw\",157,595,\"z4;\",\"AR\",-1,893]}","{\"0\":-1,\"1\":5,\"2\":[\"JzHqbw\",157,595,\"z4;\",\"AR\",-1,893]}","{\"0\":893,\"1\":6,\"2\":[\"JzHqbw\",157,595,\"z4;\",\"AR\",-1,893]}","{\"0\":\"JzHqbw\",\"1\":0,\"2\":[\"JzHqbw\",157,595,\"z4;\",\"AR\",-1,893]}","{\"0\":157,\"1\":1,\"2\":[\"JzHqbw\",157,595,\"z4;\",\"AR\",-1,893]}","{\"0\":595,\"1\":2,\"2\":[\"JzHqbw\",157,595,\"z4;\",\"AR\",-1,893]}","{\"0\":\"z4;\",\"1\":3,\"2\":[\"JzHqbw\",157,595,\"z4;\",\"AR\",-1,893]}","{\"0\":\"AR\",\"1\":4,\"2\":[\"JzHqbw\",157,595,\"z4;\",\"AR\",-1,893]}","{\"0\":-1,\"1\":5,\"2\":[\"JzHqbw\",157,595,\"z4;\",\"AR\",-1,893]}","{\"0\":893,\"1\":6,\"2\":[\"JzHqbw\",157,595,\"z4;\",\"AR\",-1,893]}"]}