{"baseObjects":["[714,705,{\"213\":\"\",\"1.2161717678201955e+308\":2.0928851846317986e+307,\"\":7.559566533382003e+307,\"'\":25,\"p\":5.497514877795282e+307,\"1.7976931348623157e+308\":1.1589979347167729e+308},true,607,714,403,969]","[714,705,618,783,607,714,403,969]","[714,705,618,783,607,714,403,969]","[714,705,618,783,607,714,403,969]"],"returnObjects":[null,"714","\"Cannot set property '705' of null\"","714"],"callbackArgs":["{\"0\":714,\"1\":0,\"2\":[714,705,618,783,607,714,403,969]}","{\"0\":705,\"1\":1,\"2\":[714,705,{\"213\":\"\",\"1.2161717678201955e+308\":2.0928851846317986e+307,\"\":7.559566533382003e+307,\"'\":25,\"p\":5.497514877795282e+307,\"1.7976931348623157e+308\":1.1589979347167729e+308},true,607,714,403,969]}","{\"0\":{\"213\":\"\",\"1.2161717678201955e+308\":2.0928851846317986e+307,\"\":7.559566533382003e+307,\"'\":25,\"p\":5.497514877795282e+307,\"1.7976931348623157e+308\":1.1589979347167729e+308},\"1\":2,\"2\":[714,705,{\"213\":\"\",\"1.2161717678201955e+308\":2.0928851846317986e+307,\"\":7.559566533382003e+307,\"'\":25,\"p\":5.497514877795282e+307,\"1.7976931348623157e+308\":1.1589979347167729e+308},true,607,714,403,969]}","{\"0\":true,\"1\":3,\"2\":[714,705,{\"213\":\"\",\"1.2161717678201955e+308\":2.0928851846317986e+307,\"\":7.559566533382003e+307,\"'\":25,\"p\":5.497514877795282e+307,\"1.7976931348623157e+308\":1.1589979347167729e+308},true,607,714,403,969]}","{\"0\":607,\"1\":4,\"2\":[714,705,{\"213\":\"\",\"1.2161717678201955e+308\":2.0928851846317986e+307,\"\":7.559566533382003e+307,\"'\":25,\"p\":5.497514877795282e+307,\"1.7976931348623157e+308\":1.1589979347167729e+308},true,607,714,403,969]}","{\"0\":714,\"1\":5,\"2\":[714,705,{\"213\":\"\",\"1.2161717678201955e+308\":2.0928851846317986e+307,\"\":7.559566533382003e+307,\"'\":25,\"p\":5.497514877795282e+307,\"1.7976931348623157e+308\":1.1589979347167729e+308},true,607,714,403,969]}","{\"0\":403,\"1\":6,\"2\":[714,705,{\"213\":\"\",\"1.2161717678201955e+308\":2.0928851846317986e+307,\"\":7.559566533382003e+307,\"'\":25,\"p\":5.497514877795282e+307,\"1.7976931348623157e+308\":1.1589979347167729e+308},true,607,714,403,969]}","{\"0\":969,\"1\":7,\"2\":[714,705,{\"213\":\"\",\"1.2161717678201955e+308\":2.0928851846317986e+307,\"\":7.559566533382003e+307,\"'\":25,\"p\":5.497514877795282e+307,\"1.7976931348623157e+308\":1.1589979347167729e+308},true,607,714,403,969]}","{\"0\":714,\"1\":0,\"2\":[714,705,618,783,607,714,403,969]}","{\"0\":714,\"1\":0,\"2\":[714,705,618,783,607,714,403,969]}","{\"0\":714,\"1\":0,\"2\":[714,705,618,783,607,714,403,969]}"]}