{"baseObjects":["{\"4\":\"b\",\"P4\":1.7342974168490648e+307,\"\":9.665900857961654e+307,\"9.737268416983257e+307\":\"\",\"1.2599699125824873e+308\":\" \",\"T\":969}","[969,969]","[969,969]","[969,969]"],"returnObjects":["\"Cannot set property '6' of undefined\"",null,null,null],"callbackArgs":["{\"0\":969,\"1\":0,\"2\":[969,969]}","{\"0\":969,\"1\":1,\"2\":[969,969,null,null,\"b\"]}","{\"0\":969,\"1\":0,\"2\":[969,969]}","{\"0\":969,\"1\":1,\"2\":[969,969]}","{\"0\":969,\"1\":0,\"2\":[969,969]}","{\"0\":969,\"1\":1,\"2\":[969,969]}","{\"0\":969,\"1\":0,\"2\":[969,969]}","{\"0\":969,\"1\":1,\"2\":[969,969]}"]}