{"baseObjects":["[59,{\"\":783,\"I\":7.523684756244842e+307},122,655,783,157]","[59,655,122,655,783,157]","[59,655,122,655,783,157]","[59,655,null,655,783,157]"],"returnObjects":[null,"\"#<Object> is not a function\"",null,"59"],"callbackArgs":["{\"0\":59,\"1\":0,\"2\":[59,655,122,655,783,157]}","{\"0\":{\"\":783,\"I\":7.523684756244842e+307},\"1\":1,\"2\":[59,{\"\":783,\"I\":7.523684756244842e+307},122,655,783,157]}","{\"0\":122,\"1\":2,\"2\":[59,{\"\":783,\"I\":7.523684756244842e+307},122,655,783,157]}","{\"0\":655,\"1\":3,\"2\":[59,{\"\":783,\"I\":7.523684756244842e+307},122,655,783,157]}","{\"0\":783,\"1\":4,\"2\":[59,{\"\":783,\"I\":7.523684756244842e+307},122,655,783,157]}","{\"0\":157,\"1\":5,\"2\":[59,{\"\":783,\"I\":7.523684756244842e+307},122,655,783,157]}","{\"0\":59,\"1\":0,\"2\":[59,655,122,655,783,157]}","{\"0\":655,\"1\":1,\"2\":[59,655,122,655,783,157]}","{\"0\":122,\"1\":2,\"2\":[59,655,122,655,783,157]}","{\"0\":655,\"1\":3,\"2\":[59,655,122,655,783,157]}","{\"0\":783,\"1\":4,\"2\":[59,655,122,655,783,157]}","{\"0\":157,\"1\":5,\"2\":[59,655,122,655,783,157]}","{\"0\":59,\"1\":0,\"2\":[59,655,122,655,783,157]}"]}