{"baseObjects":["[242,49,0,25]","[242,49,0,25,null,null,null,null,{\"82\":\"h\",\"403\":8.32554296935757e+307,\"4.885240157322788e+307\":\"\",\"\":627,\"w\":\"\",\"Nu\":25},null]","[242,49,0,25,null,null,null,null,null]","[242,49,0,\"\"]"],"returnObjects":[null,null,null,null],"callbackArgs":["{\"0\":242,\"1\":0,\"2\":[242,49,0,25]}","{\"0\":49,\"1\":1,\"2\":[242,49,0,25]}","{\"0\":0,\"1\":2,\"2\":[242,49,0,25]}","{\"0\":25,\"1\":3,\"2\":[242,49,0,25]}","{\"0\":242,\"1\":0,\"2\":[242,49,0,25]}","{\"0\":49,\"1\":1,\"2\":[242,49,0,25,null,null,null,null,{\"82\":\"h\",\"403\":8.32554296935757e+307,\"4.885240157322788e+307\":\"\",\"\":627,\"w\":\"\",\"Nu\":25},null]}","{\"0\":0,\"1\":2,\"2\":[242,49,0,25,null,null,null,null,{\"82\":\"h\",\"403\":8.32554296935757e+307,\"4.885240157322788e+307\":\"\",\"\":627,\"w\":\"\",\"Nu\":25},null]}","{\"0\":25,\"1\":3,\"2\":[242,49,0,25,null,null,null,null,{\"82\":\"h\",\"403\":8.32554296935757e+307,\"4.885240157322788e+307\":\"\",\"\":627,\"w\":\"\",\"Nu\":25},null]}","{\"0\":242,\"1\":0,\"2\":[242,49,0,25]}","{\"0\":49,\"1\":1,\"2\":[242,49,0,25,null,null,null,null,null]}","{\"0\":0,\"1\":2,\"2\":[242,49,0,25,null,null,null,null,null]}","{\"0\":25,\"1\":3,\"2\":[242,49,0,25,null,null,null,null,null]}","{\"0\":242,\"1\":0,\"2\":[242,49,0,25]}","{\"0\":49,\"1\":1,\"2\":[242,49,0,\"\"]}","{\"0\":0,\"1\":2,\"2\":[242,49,0,\"\"]}","{\"0\":\"\",\"1\":3,\"2\":[242,49,0,\"\"]}"]}