{"baseObjects":["[595,5e-324,705,59,595,122,1.7976931348623157e+308]","[595,5e-324,705,59,595,122,1.7976931348623157e+308]","[595,5e-324,705,59,595,122,1.7976931348623157e+308,\"\"]","[595,5e-324,705,59,595,122,1.7976931348623157e+308]"],"returnObjects":[null,"\"Cannot set property '6' of null\"","\"Cannot set property '705' of undefined\"","\"argument11 is not defined\""],"callbackArgs":["{\"0\":595,\"1\":0,\"2\":[595,5e-324,705,59,595,122,1.7976931348623157e+308]}","{\"0\":5e-324,\"1\":1,\"2\":[595,5e-324,705,59,595,122,1.7976931348623157e+308]}","{\"0\":705,\"1\":2,\"2\":[595,5e-324,705,59,595,122,1.7976931348623157e+308]}","{\"0\":59,\"1\":3,\"2\":[595,5e-324,705,59,595,122,1.7976931348623157e+308]}","{\"0\":595,\"1\":4,\"2\":[595,5e-324,705,59,595,122,1.7976931348623157e+308]}","{\"0\":122,\"1\":5,\"2\":[595,5e-324,705,59,595,122,1.7976931348623157e+308]}","{\"0\":1.7976931348623157e+308,\"1\":6,\"2\":[595,5e-324,705,59,595,122,1.7976931348623157e+308]}","{\"0\":595,\"1\":0,\"2\":[595,5e-324,705,59,595,122,1.7976931348623157e+308]}","{\"0\":595,\"1\":0,\"2\":[595,5e-324,705,59,595,122,1.7976931348623157e+308]}","{\"0\":595,\"1\":0,\"2\":[595,5e-324,705,59,595,122,1.7976931348623157e+308]}"]}