{"baseObjects":["[49,893,1.7976931348623157e+308,0]","[49,893,1.7976931348623157e+308,0]","[49,false,1.7976931348623157e+308,0]","[49,893,1.7976931348623157e+308,0]"],"returnObjects":["\"Error\"","\"Error\"",null,"\"Error\""],"callbackArgs":["{\"0\":49,\"1\":0,\"2\":[49,893,1.7976931348623157e+308,0]}","{\"0\":49,\"1\":0,\"2\":[49,893,1.7976931348623157e+308,0]}","{\"0\":49,\"1\":0,\"2\":[49,893,1.7976931348623157e+308,0]}","{\"0\":false,\"1\":1,\"2\":[49,false,1.7976931348623157e+308,0]}","{\"0\":1.7976931348623157e+308,\"1\":2,\"2\":[49,false,1.7976931348623157e+308,0]}","{\"0\":0,\"1\":3,\"2\":[49,false,1.7976931348623157e+308,0]}","{\"0\":49,\"1\":0,\"2\":[49,893,1.7976931348623157e+308,0]}"]}