{"baseObjects":["[126,82,null,null,{\"655\":1.4075025766174452e+308,\"\":403,\"9Je\":1.6152525549542885e+308,\"1.29290605933447e+308\":1.466807220356932e+308,\"9.818022986609848e+307\":618,\"=n\":1.5803295895997119e+308,\"9BN\":\"s\"}]","[126,82]","[126,82]","[126,82,[\"62\",\";k\",\"k0\",\"0>Dr\",\"E\",\"x\",\"f3?\",\"e\",\"Cb$lJ\",\"t\"]]"],"returnObjects":[null,null,"\"Cannot set property '403' of undefined\"","\"Cannot set property '2' of undefined\""],"callbackArgs":["{\"0\":126,\"1\":0,\"2\":[126,82]}","{\"0\":82,\"1\":1,\"2\":[126,82,null,null,{\"655\":1.4075025766174452e+308,\"\":403,\"9Je\":1.6152525549542885e+308,\"1.29290605933447e+308\":1.466807220356932e+308,\"9.818022986609848e+307\":618,\"=n\":1.5803295895997119e+308,\"9BN\":\"s\"}]}","{\"0\":126,\"1\":0,\"2\":[126,82]}","{\"0\":82,\"1\":1,\"2\":[126,82]}","{\"0\":126,\"1\":0,\"2\":[126,82]}","{\"0\":126,\"1\":0,\"2\":[126,82]}"]}