{"baseObjects":["[714,\"qO\",\"-\",\"I|\",1.7976931348623157e+308,\"-\",\"k\",\"<\",\"gZmex\"]","[714,\"qO\",\"-\",\"I|\",1.7976931348623157e+308,\"-\",\"k\",\"<\",\"gZmex\"]","[714,\"qO\",\"-\",\"I|\",1.7976931348623157e+308,\"-\",\"k\",\"<\",\"gZmex\"]","[714,\"qO\",\"-\",\"I|\",1.7976931348623157e+308,\"-\",\"k\",\"<\",\"gZmex\"]"],"returnObjects":[null,null,null,"\"argument8 is not defined\""],"callbackArgs":["{\"0\":714,\"1\":0,\"2\":[714,\"qO\",\"-\",\"I|\",1.7976931348623157e+308,\"-\",\"k\",\"<\",\"gZmex\"]}","{\"0\":\"qO\",\"1\":1,\"2\":[714,\"qO\",\"-\",\"I|\",1.7976931348623157e+308,\"-\",\"k\",\"<\",\"gZmex\"]}","{\"0\":\"-\",\"1\":2,\"2\":[714,\"qO\",\"-\",\"I|\",1.7976931348623157e+308,\"-\",\"k\",\"<\",\"gZmex\"]}","{\"0\":\"I|\",\"1\":3,\"2\":[714,\"qO\",\"-\",\"I|\",1.7976931348623157e+308,\"-\",\"k\",\"<\",\"gZmex\"]}","{\"0\":1.7976931348623157e+308,\"1\":4,\"2\":[714,\"qO\",\"-\",\"I|\",1.7976931348623157e+308,\"-\",\"k\",\"<\",\"gZmex\"]}","{\"0\":\"-\",\"1\":5,\"2\":[714,\"qO\",\"-\",\"I|\",1.7976931348623157e+308,\"-\",\"k\",\"<\",\"gZmex\"]}","{\"0\":\"k\",\"1\":6,\"2\":[714,\"qO\",\"-\",\"I|\",1.7976931348623157e+308,\"-\",\"k\",\"<\",\"gZmex\"]}","{\"0\":\"<\",\"1\":7,\"2\":[714,\"qO\",\"-\",\"I|\",1.7976931348623157e+308,\"-\",\"k\",\"<\",\"gZmex\"]}","{\"0\":\"gZmex\",\"1\":8,\"2\":[714,\"qO\",\"-\",\"I|\",1.7976931348623157e+308,\"-\",\"k\",\"<\",\"gZmex\"]}","{\"0\":714,\"1\":0,\"2\":[714,\"qO\",\"-\",\"I|\",1.7976931348623157e+308,\"-\",\"k\",\"<\",\"gZmex\"]}","{\"0\":\"qO\",\"1\":1,\"2\":[714,\"qO\",\"-\",\"I|\",1.7976931348623157e+308,\"-\",\"k\",\"<\",\"gZmex\"]}","{\"0\":\"-\",\"1\":2,\"2\":[714,\"qO\",\"-\",\"I|\",1.7976931348623157e+308,\"-\",\"k\",\"<\",\"gZmex\"]}","{\"0\":\"I|\",\"1\":3,\"2\":[714,\"qO\",\"-\",\"I|\",1.7976931348623157e+308,\"-\",\"k\",\"<\",\"gZmex\"]}","{\"0\":1.7976931348623157e+308,\"1\":4,\"2\":[714,\"qO\",\"-\",\"I|\",1.7976931348623157e+308,\"-\",\"k\",\"<\",\"gZmex\"]}","{\"0\":\"-\",\"1\":5,\"2\":[714,\"qO\",\"-\",\"I|\",1.7976931348623157e+308,\"-\",\"k\",\"<\",\"gZmex\"]}","{\"0\":\"k\",\"1\":6,\"2\":[714,\"qO\",\"-\",\"I|\",1.7976931348623157e+308,\"-\",\"k\",\"<\",\"gZmex\"]}","{\"0\":\"<\",\"1\":7,\"2\":[714,\"qO\",\"-\",\"I|\",1.7976931348623157e+308,\"-\",\"k\",\"<\",\"gZmex\"]}","{\"0\":\"gZmex\",\"1\":8,\"2\":[714,\"qO\",\"-\",\"I|\",1.7976931348623157e+308,\"-\",\"k\",\"<\",\"gZmex\"]}","{\"0\":714,\"1\":0,\"2\":[714,\"qO\",\"-\",\"I|\",1.7976931348623157e+308,\"-\",\"k\",\"<\",\"gZmex\"]}","{\"0\":\"qO\",\"1\":1,\"2\":[714,\"qO\",\"-\",\"I|\",1.7976931348623157e+308,\"-\",\"k\",\"<\",\"gZmex\"]}","{\"0\":\"-\",\"1\":2,\"2\":[714,\"qO\",\"-\",\"I|\",1.7976931348623157e+308,\"-\",\"k\",\"<\",\"gZmex\"]}","{\"0\":\"I|\",\"1\":3,\"2\":[714,\"qO\",\"-\",\"I|\",1.7976931348623157e+308,\"-\",\"k\",\"<\",\"gZmex\"]}","{\"0\":1.7976931348623157e+308,\"1\":4,\"2\":[714,\"qO\",\"-\",\"I|\",1.7976931348623157e+308,\"-\",\"k\",\"<\",\"gZmex\"]}","{\"0\":\"-\",\"1\":5,\"2\":[714,\"qO\",\"-\",\"I|\",1.7976931348623157e+308,\"-\",\"k\",\"<\",\"gZmex\"]}","{\"0\":\"k\",\"1\":6,\"2\":[714,\"qO\",\"-\",\"I|\",1.7976931348623157e+308,\"-\",\"k\",\"<\",\"gZmex\"]}","{\"0\":\"<\",\"1\":7,\"2\":[714,\"qO\",\"-\",\"I|\",1.7976931348623157e+308,\"-\",\"k\",\"<\",\"gZmex\"]}","{\"0\":\"gZmex\",\"1\":8,\"2\":[714,\"qO\",\"-\",\"I|\",1.7976931348623157e+308,\"-\",\"k\",\"<\",\"gZmex\"]}","{\"0\":714,\"1\":0,\"2\":[714,\"qO\",\"-\",\"I|\",1.7976931348623157e+308,\"-\",\"k\",\"<\",\"gZmex\"]}"]}