{"baseObjects":["[714,213,843,1.7976931348623157e+308,126,403]","[714,213,843,1.7976931348623157e+308,126,403]","[714,213,null,1.7976931348623157e+308,126,403]","[\"bm{\",\"G<\",\"Aq\"]"],"returnObjects":["714",null,null,"\"argument9 is not defined\""],"callbackArgs":["{\"0\":714,\"1\":0,\"2\":[714,213,843,1.7976931348623157e+308,126,403]}","{\"0\":714,\"1\":0,\"2\":[714,213,843,1.7976931348623157e+308,126,403]}","{\"0\":213,\"1\":1,\"2\":[714,213,843,1.7976931348623157e+308,126,403]}","{\"0\":843,\"1\":2,\"2\":[714,213,843,1.7976931348623157e+308,126,403]}","{\"0\":1.7976931348623157e+308,\"1\":3,\"2\":[714,213,843,1.7976931348623157e+308,126,403]}","{\"0\":126,\"1\":4,\"2\":[714,213,843,1.7976931348623157e+308,126,403]}","{\"0\":403,\"1\":5,\"2\":[714,213,843,1.7976931348623157e+308,126,403]}","{\"0\":714,\"1\":0,\"2\":[714,213,843,1.7976931348623157e+308,126,403]}","{\"0\":213,\"1\":1,\"2\":[714,213,null,1.7976931348623157e+308,126,403]}","{\"0\":null,\"1\":2,\"2\":[714,213,null,1.7976931348623157e+308,126,403]}","{\"0\":1.7976931348623157e+308,\"1\":3,\"2\":[714,213,null,1.7976931348623157e+308,126,403]}","{\"0\":126,\"1\":4,\"2\":[714,213,null,1.7976931348623157e+308,126,403]}","{\"0\":403,\"1\":5,\"2\":[714,213,null,1.7976931348623157e+308,126,403]}","{\"0\":714,\"1\":0,\"2\":[714,213,843,1.7976931348623157e+308,126,403]}"]}