{"baseObjects":["[122,242,82,-100,618]","[1.7542699960119048e+308,242,82,-100,618]","[122,242,82,-100,618]","[122,242,82,-100,618]"],"returnObjects":[null,null,null,"\"argument9 is not defined\""],"callbackArgs":["{\"0\":122,\"1\":0,\"2\":[122,242,82,-100,618]}","{\"0\":242,\"1\":1,\"2\":[122,242,82,-100,618]}","{\"0\":82,\"1\":2,\"2\":[122,242,82,-100,618]}","{\"0\":-100,\"1\":3,\"2\":[122,242,82,-100,618]}","{\"0\":618,\"1\":4,\"2\":[122,242,82,-100,618]}","{\"0\":122,\"1\":0,\"2\":[122,242,82,-100,618]}","{\"0\":242,\"1\":1,\"2\":[1.7542699960119048e+308,242,82,-100,618]}","{\"0\":82,\"1\":2,\"2\":[1.7542699960119048e+308,242,82,-100,618]}","{\"0\":-100,\"1\":3,\"2\":[1.7542699960119048e+308,242,82,-100,618]}","{\"0\":618,\"1\":4,\"2\":[1.7542699960119048e+308,242,82,-100,618]}","{\"0\":122,\"1\":0,\"2\":[122,242,82,-100,618]}","{\"0\":242,\"1\":1,\"2\":[122,242,82,-100,618]}","{\"0\":82,\"1\":2,\"2\":[122,242,82,-100,618]}","{\"0\":-100,\"1\":3,\"2\":[122,242,82,-100,618]}","{\"0\":618,\"1\":4,\"2\":[122,242,82,-100,618]}","{\"0\":122,\"1\":0,\"2\":[122,242,82,-100,618]}"]}