{"baseObjects":["[969,213,5e-324,618]","[157,893,157,82,242,655]","[157,893,157,{\"2O\":\"\",\"\":\":\",\"1.3429398230843351e+308\":2.7422155992360478e+306},242,655]","[157,893,\"\",82,242,655]"],"returnObjects":[null,"\"Error\"","157","157"],"callbackArgs":["{\"0\":157,\"1\":0,\"2\":[157,893,157,82,242,655]}","{\"0\":893,\"1\":1,\"2\":[157,893,157,82,242,655,null,null,null,true]}","{\"0\":157,\"1\":2,\"2\":[157,893,157,82,242,655,null,null,null,true]}","{\"0\":82,\"1\":3,\"2\":[157,893,157,82,242,655,null,null,null,true]}","{\"0\":242,\"1\":4,\"2\":[157,893,157,82,242,655,null,null,null,true]}","{\"0\":655,\"1\":5,\"2\":[157,893,157,82,242,655,null,null,null,true]}","{\"0\":157,\"1\":0,\"2\":[157,893,157,82,242,655]}","{\"0\":157,\"1\":0,\"2\":[157,893,157,82,242,655]}","{\"0\":157,\"1\":0,\"2\":[157,893,157,82,242,655]}"]}