{"baseObjects":["[595,-100,969,655,82,157,1.7976931348623157e+308,157]","[595,-100,969,655,82,157,1.7976931348623157e+308,157]","[595,-100,969,655,82,157,1.7976931348623157e+308,157]","[595,-100,969,655,82,157,1.7976931348623157e+308,157]"],"returnObjects":["\"Error\"",null,null,"\"Error\""],"callbackArgs":["{\"0\":595,\"1\":0,\"2\":[595,-100,969,655,82,157,1.7976931348623157e+308,157]}","{\"0\":595,\"1\":0,\"2\":[595,-100,969,655,82,157,1.7976931348623157e+308,157]}","{\"0\":-100,\"1\":1,\"2\":[595,-100,969,655,82,157,1.7976931348623157e+308,157]}","{\"0\":969,\"1\":2,\"2\":[595,-100,969,655,82,157,1.7976931348623157e+308,157]}","{\"0\":655,\"1\":3,\"2\":[595,-100,969,655,82,157,1.7976931348623157e+308,157]}","{\"0\":82,\"1\":4,\"2\":[595,-100,969,655,82,157,1.7976931348623157e+308,157]}","{\"0\":157,\"1\":5,\"2\":[595,-100,969,655,82,157,1.7976931348623157e+308,157]}","{\"0\":1.7976931348623157e+308,\"1\":6,\"2\":[595,-100,969,655,82,157,1.7976931348623157e+308,157]}","{\"0\":157,\"1\":7,\"2\":[595,-100,969,655,82,157,1.7976931348623157e+308,157]}","{\"0\":595,\"1\":0,\"2\":[595,-100,969,655,82,157,1.7976931348623157e+308,157]}","{\"0\":-100,\"1\":1,\"2\":[595,-100,969,655,82,157,1.7976931348623157e+308,157]}","{\"0\":969,\"1\":2,\"2\":[595,-100,969,655,82,157,1.7976931348623157e+308,157]}","{\"0\":655,\"1\":3,\"2\":[595,-100,969,655,82,157,1.7976931348623157e+308,157]}","{\"0\":82,\"1\":4,\"2\":[595,-100,969,655,82,157,1.7976931348623157e+308,157]}","{\"0\":157,\"1\":5,\"2\":[595,-100,969,655,82,157,1.7976931348623157e+308,157]}","{\"0\":1.7976931348623157e+308,\"1\":6,\"2\":[595,-100,969,655,82,157,1.7976931348623157e+308,157]}","{\"0\":157,\"1\":7,\"2\":[595,-100,969,655,82,157,1.7976931348623157e+308,157]}","{\"0\":595,\"1\":0,\"2\":[595,-100,969,655,82,157,1.7976931348623157e+308,157]}"]}