{"baseObjects":["[969,126,59,-100]","[969,126,59,-100]","{\"627\":1.1352487806532909e+308,\"\":\"\",\"T\":1.4860939836142392e+307}","[969,126,59,-100]"],"returnObjects":[null,"\"Cannot set property '1.0500354979187844e+308' of null\"","969","\"Cannot set property '6' of null\""],"callbackArgs":["{\"0\":969,\"1\":0,\"2\":[969,126,59,-100]}","{\"0\":126,\"1\":1,\"2\":[969,126,59,-100]}","{\"0\":59,\"1\":2,\"2\":[969,126,59,-100]}","{\"0\":-100,\"1\":3,\"2\":[969,126,59,-100]}","{\"0\":969,\"1\":0,\"2\":[969,126,59,-100]}","{\"0\":969,\"1\":0,\"2\":[969,126,59,-100]}","{\"0\":969,\"1\":0,\"2\":[969,126,59,-100]}"]}