{"baseObjects":["[\"XE\",\"JF\",\"Xy\"]","[\"XE\",\"JF\",\"Xy\"]","[\"XE\",\"JF\",\"Xy\"]","[\"XE\",{\"0\":8.139715103002371e+307,\"893\":\"\",\"\":2.9365640301940837e+306,\"XM<\":893,\">:\":\"l\",\"k\":\"\",\"1.7976931348623157e+308\":126,\"1.6216716139016795e+308\":\"4\",\"1.1121018614080896e+308\":\"&\",\"1.2187489870587425e+308\":100},\"Xy\"]"],"returnObjects":["\"XE\"",null,null,null],"callbackArgs":["{\"0\":\"XE\",\"1\":0,\"2\":[\"XE\",\"JF\",\"Xy\"]}","{\"0\":\"XE\",\"1\":0,\"2\":[\"XE\",\"JF\",\"Xy\"]}","{\"0\":\"JF\",\"1\":1,\"2\":[\"XE\",\"JF\",\"Xy\"]}","{\"0\":\"Xy\",\"1\":2,\"2\":[\"XE\",\"JF\",\"Xy\"]}","{\"0\":\"XE\",\"1\":0,\"2\":[\"XE\",\"JF\",\"Xy\"]}","{\"0\":\"JF\",\"1\":1,\"2\":[\"XE\",\"JF\",\"Xy\"]}","{\"0\":\"Xy\",\"1\":2,\"2\":[\"XE\",\"JF\",\"Xy\"]}","{\"0\":\"XE\",\"1\":0,\"2\":[\"XE\",\"JF\",\"Xy\"]}","{\"0\":{\"0\":8.139715103002371e+307,\"893\":\"\",\"\":2.9365640301940837e+306,\"XM<\":893,\">:\":\"l\",\"k\":\"\",\"1.7976931348623157e+308\":126,\"1.6216716139016795e+308\":\"4\",\"1.1121018614080896e+308\":\"&\",\"1.2187489870587425e+308\":100},\"1\":1,\"2\":[\"XE\",{\"0\":8.139715103002371e+307,\"893\":\"\",\"\":2.9365640301940837e+306,\"XM<\":893,\">:\":\"l\",\"k\":\"\",\"1.7976931348623157e+308\":126,\"1.6216716139016795e+308\":\"4\",\"1.1121018614080896e+308\":\"&\",\"1.2187489870587425e+308\":100},\"Xy\"]}","{\"0\":\"Xy\",\"1\":2,\"2\":[\"XE\",{\"0\":8.139715103002371e+307,\"893\":\"\",\"\":2.9365640301940837e+306,\"XM<\":893,\">:\":\"l\",\"k\":\"\",\"1.7976931348623157e+308\":126,\"1.6216716139016795e+308\":\"4\",\"1.1121018614080896e+308\":\"&\",\"1.2187489870587425e+308\":100},\"Xy\"]}"]}