{"baseObjects":["[\"ynp\",403,1.7976931348623157e+308,82,618]","[\"ynp\",403,1.7976931348623157e+308,82,618]","[\"ynp\",403,1.7976931348623157e+308,82,618]","[\"ynp\",403,1.7976931348623157e+308,82,618]"],"returnObjects":["\"Error\"",null,null,null],"callbackArgs":["{\"0\":\"ynp\",\"1\":0,\"2\":[\"ynp\",403,1.7976931348623157e+308,82,618]}","{\"0\":\"ynp\",\"1\":0,\"2\":[\"ynp\",403,1.7976931348623157e+308,82,618]}","{\"0\":403,\"1\":1,\"2\":[\"ynp\",403,1.7976931348623157e+308,82,618]}","{\"0\":1.7976931348623157e+308,\"1\":2,\"2\":[\"ynp\",403,1.7976931348623157e+308,82,618]}","{\"0\":82,\"1\":3,\"2\":[\"ynp\",403,1.7976931348623157e+308,82,618]}","{\"0\":618,\"1\":4,\"2\":[\"ynp\",403,1.7976931348623157e+308,82,618]}","{\"0\":\"ynp\",\"1\":0,\"2\":[\"ynp\",403,1.7976931348623157e+308,82,618]}","{\"0\":403,\"1\":1,\"2\":[\"ynp\",403,1.7976931348623157e+308,82,618]}","{\"0\":1.7976931348623157e+308,\"1\":2,\"2\":[\"ynp\",403,1.7976931348623157e+308,82,618]}","{\"0\":82,\"1\":3,\"2\":[\"ynp\",403,1.7976931348623157e+308,82,618]}","{\"0\":618,\"1\":4,\"2\":[\"ynp\",403,1.7976931348623157e+308,82,618]}","{\"0\":\"ynp\",\"1\":0,\"2\":[\"ynp\",403,1.7976931348623157e+308,82,618]}","{\"0\":403,\"1\":1,\"2\":[\"ynp\",403,1.7976931348623157e+308,82,618]}","{\"0\":1.7976931348623157e+308,\"1\":2,\"2\":[\"ynp\",403,1.7976931348623157e+308,82,618]}","{\"0\":82,\"1\":3,\"2\":[\"ynp\",403,1.7976931348623157e+308,82,618]}","{\"0\":618,\"1\":4,\"2\":[\"ynp\",403,1.7976931348623157e+308,82,618]}"]}