{"baseObjects":["[122,1.7976931348623157e+308,714,-1,1.7976931348623157e+308,157,3.8111221675732446e+306,null,null,[1.7976931348623157e+308,595,627,843,595,618]]","[122,1.7976931348623157e+308,714,-1,1.7976931348623157e+308,157]","[122,1.7976931348623157e+308,714,-1,1.7976931348623157e+308,157]","[122,1.7976931348623157e+308,714,-1,1.7976931348623157e+308,157]"],"returnObjects":["122","\"Cannot set property '^h' of null\"","\"Cannot set property '6' of undefined\"","\"argument11 is not defined\""],"callbackArgs":["{\"0\":122,\"1\":0,\"2\":[122,1.7976931348623157e+308,714,-1,1.7976931348623157e+308,157]}","{\"0\":122,\"1\":0,\"2\":[122,1.7976931348623157e+308,714,-1,1.7976931348623157e+308,157]}","{\"0\":122,\"1\":0,\"2\":[122,1.7976931348623157e+308,714,-1,1.7976931348623157e+308,157]}","{\"0\":122,\"1\":0,\"2\":[122,1.7976931348623157e+308,714,-1,1.7976931348623157e+308,157]}"]}