{"baseObjects":["[0,\"Gc@\",null,null,null,null,[\"#0\",\"Yt\",\"-\",\"&h:\",\"[\",\"]\",\"b\",\"p\",\"r\"],null,{\"@^\":1.0159967239947215e+308,\"i\":59,\"\":705,\"6.019504428165783e+307\":5.207614748987645e+307,\"6.201153422039201e+306\":\"\",\"8.207833640839383e+307\":\"-\",\"1.4804344884196164e+308\":\"\",\"E\":1.073680361298059e+308}]","[{\"\":\"O\"},\"Gc@\"]","[{\"\":705},\"Gc@\"]","[0,\"Gc@\"]"],"returnObjects":["\"Gc@\"","\"Cannot set property '1.399309004356655e+308' of undefined\"",null,null],"callbackArgs":["{\"0\":0,\"1\":0,\"2\":[0,\"Gc@\"]}","{\"0\":\"Gc@\",\"1\":1,\"2\":[0,\"Gc@\",null,null,null,null,[\"#0\",\"Yt\",\"-\",\"&h:\",\"[\",\"]\",\"b\",\"p\",\"r\"],null,{\"@^\":1.0159967239947215e+308,\"i\":59,\"\":705,\"6.019504428165783e+307\":5.207614748987645e+307,\"6.201153422039201e+306\":\"\",\"8.207833640839383e+307\":\"-\",\"1.4804344884196164e+308\":\"\",\"E\":1.073680361298059e+308}]}","{\"0\":0,\"1\":0,\"2\":[0,\"Gc@\"]}","{\"0\":0,\"1\":0,\"2\":[0,\"Gc@\"]}","{\"0\":\"Gc@\",\"1\":1,\"2\":[{\"\":705},\"Gc@\"]}","{\"0\":0,\"1\":0,\"2\":[0,\"Gc@\"]}","{\"0\":\"Gc@\",\"1\":1,\"2\":[0,\"Gc@\"]}"]}