{"baseObjects":["[1.7976931348623157e+308,607,\"\",893,\"\",242,49]","[1.7976931348623157e+308,607,25,893,607,242,49]","[1.7976931348623157e+308,607,25,893,607,242,49,\"\"]","[1.7976931348623157e+308,607,25,893,607,242,49]"],"returnObjects":["\"Cannot set property '!j' of null\"",null,"1.7976931348623157e+308","\"argument11 is not defined\""],"callbackArgs":["{\"0\":1.7976931348623157e+308,\"1\":0,\"2\":[1.7976931348623157e+308,607,25,893,607,242,49]}","{\"0\":1.7976931348623157e+308,\"1\":0,\"2\":[1.7976931348623157e+308,607,25,893,607,242,49]}","{\"0\":607,\"1\":1,\"2\":[1.7976931348623157e+308,607,25,893,607,242,49]}","{\"0\":25,\"1\":2,\"2\":[1.7976931348623157e+308,607,25,893,607,242,49]}","{\"0\":893,\"1\":3,\"2\":[1.7976931348623157e+308,607,25,893,607,242,49]}","{\"0\":607,\"1\":4,\"2\":[1.7976931348623157e+308,607,25,893,607,242,49]}","{\"0\":242,\"1\":5,\"2\":[1.7976931348623157e+308,607,25,893,607,242,49]}","{\"0\":49,\"1\":6,\"2\":[1.7976931348623157e+308,607,25,893,607,242,49]}","{\"0\":1.7976931348623157e+308,\"1\":0,\"2\":[1.7976931348623157e+308,607,25,893,607,242,49]}","{\"0\":1.7976931348623157e+308,\"1\":0,\"2\":[1.7976931348623157e+308,607,25,893,607,242,49]}"]}