{"baseObjects":["[100,242,1.7976931348623157e+308,126,82,969]","[100,242,1.7976931348623157e+308,126,82,969]","[100,242,1.7976931348623157e+308,\"\",82,969]","[100,242,1.7976931348623157e+308,126,82,969]"],"returnObjects":[null,null,"\"\"",null],"callbackArgs":["{\"0\":100,\"1\":0,\"2\":[100,242,1.7976931348623157e+308,126,82,969]}","{\"0\":242,\"1\":1,\"2\":[100,242,1.7976931348623157e+308,126,82,969]}","{\"0\":1.7976931348623157e+308,\"1\":2,\"2\":[100,242,1.7976931348623157e+308,126,82,969]}","{\"0\":126,\"1\":3,\"2\":[100,242,1.7976931348623157e+308,126,82,969]}","{\"0\":82,\"1\":4,\"2\":[100,242,1.7976931348623157e+308,126,82,969]}","{\"0\":969,\"1\":5,\"2\":[100,242,1.7976931348623157e+308,126,82,969]}","{\"0\":100,\"1\":0,\"2\":[100,242,1.7976931348623157e+308,126,82,969]}","{\"0\":242,\"1\":1,\"2\":[100,242,1.7976931348623157e+308,126,82,969]}","{\"0\":1.7976931348623157e+308,\"1\":2,\"2\":[100,242,1.7976931348623157e+308,126,82,969]}","{\"0\":126,\"1\":3,\"2\":[100,242,1.7976931348623157e+308,126,82,969]}","{\"0\":82,\"1\":4,\"2\":[100,242,1.7976931348623157e+308,126,82,969]}","{\"0\":969,\"1\":5,\"2\":[100,242,1.7976931348623157e+308,126,82,969]}","{\"0\":100,\"1\":0,\"2\":[100,242,1.7976931348623157e+308,126,82,969]}","{\"0\":242,\"1\":1,\"2\":[100,242,1.7976931348623157e+308,\"\",82,969]}","{\"0\":1.7976931348623157e+308,\"1\":2,\"2\":[100,242,1.7976931348623157e+308,\"\",82,969]}","{\"0\":\"\",\"1\":3,\"2\":[100,242,1.7976931348623157e+308,\"\",82,969]}","{\"0\":100,\"1\":0,\"2\":[100,242,1.7976931348623157e+308,126,82,969]}","{\"0\":242,\"1\":1,\"2\":[100,242,1.7976931348623157e+308,126,82,969]}","{\"0\":1.7976931348623157e+308,\"1\":2,\"2\":[100,242,1.7976931348623157e+308,126,82,969]}","{\"0\":126,\"1\":3,\"2\":[100,242,1.7976931348623157e+308,126,82,969]}","{\"0\":82,\"1\":4,\"2\":[100,242,1.7976931348623157e+308,126,82,969]}","{\"0\":969,\"1\":5,\"2\":[100,242,1.7976931348623157e+308,126,82,969]}"]}