{"baseObjects":["[823]","[823,595,627,\"Mx;'rA\",1.7976931348623157e+308,714]","[5.757548595668794e+307,595,627,122,1.7976931348623157e+308,714]","[823,595,627,122,1.7976931348623157e+308,714]"],"returnObjects":["823","\"Cannot set property '5' of undefined\"",null,null],"callbackArgs":["{\"0\":823,\"1\":0,\"2\":[823,595,627,122,1.7976931348623157e+308,714]}","{\"0\":823,\"1\":0,\"2\":[823,595,627,122,1.7976931348623157e+308,714]}","{\"0\":823,\"1\":0,\"2\":[823,595,627,122,1.7976931348623157e+308,714]}","{\"0\":595,\"1\":1,\"2\":[5.757548595668794e+307,595,627,122,1.7976931348623157e+308,714]}","{\"0\":627,\"1\":2,\"2\":[5.757548595668794e+307,595,627,122,1.7976931348623157e+308,714]}","{\"0\":122,\"1\":3,\"2\":[5.757548595668794e+307,595,627,122,1.7976931348623157e+308,714]}","{\"0\":1.7976931348623157e+308,\"1\":4,\"2\":[5.757548595668794e+307,595,627,122,1.7976931348623157e+308,714]}","{\"0\":714,\"1\":5,\"2\":[5.757548595668794e+307,595,627,122,1.7976931348623157e+308,714]}","{\"0\":823,\"1\":0,\"2\":[823,595,627,122,1.7976931348623157e+308,714]}","{\"0\":595,\"1\":1,\"2\":[823,595,627,122,1.7976931348623157e+308,714]}","{\"0\":627,\"1\":2,\"2\":[823,595,627,122,1.7976931348623157e+308,714]}","{\"0\":122,\"1\":3,\"2\":[823,595,627,122,1.7976931348623157e+308,714]}","{\"0\":1.7976931348623157e+308,\"1\":4,\"2\":[823,595,627,122,1.7976931348623157e+308,714]}","{\"0\":714,\"1\":5,\"2\":[823,595,627,122,1.7976931348623157e+308,714]}"]}