{"baseObjects":["[82,823,-100,627,460,100,\"\",627]","[82,823,-100,627,460,100,627,627]","[82,823,-100,627,460,100,627,627]","[82,823,-100,627,460,100,627,627,{\"1.7698442656716652e+308\":655,\"n\":9.95096299958929e+306,\"#=\":\"\"}]"],"returnObjects":["\"Cannot set property '0' of undefined\"","82","82",null],"callbackArgs":["{\"0\":82,\"1\":0,\"2\":[82,823,-100,627,460,100,627,627]}","{\"0\":82,\"1\":0,\"2\":[82,823,-100,627,460,100,627,627]}","{\"0\":82,\"1\":0,\"2\":[82,823,-100,627,460,100,627,627]}","{\"0\":82,\"1\":0,\"2\":[82,823,-100,627,460,100,627,627]}","{\"0\":823,\"1\":1,\"2\":[82,823,-100,627,460,100,627,627,{\"1.7698442656716652e+308\":655,\"n\":9.95096299958929e+306,\"#=\":\"\"}]}","{\"0\":-100,\"1\":2,\"2\":[82,823,-100,627,460,100,627,627,{\"1.7698442656716652e+308\":655,\"n\":9.95096299958929e+306,\"#=\":\"\"}]}","{\"0\":627,\"1\":3,\"2\":[82,823,-100,627,460,100,627,627,{\"1.7698442656716652e+308\":655,\"n\":9.95096299958929e+306,\"#=\":\"\"}]}","{\"0\":460,\"1\":4,\"2\":[82,823,-100,627,460,100,627,627,{\"1.7698442656716652e+308\":655,\"n\":9.95096299958929e+306,\"#=\":\"\"}]}","{\"0\":100,\"1\":5,\"2\":[82,823,-100,627,460,100,627,627,{\"1.7698442656716652e+308\":655,\"n\":9.95096299958929e+306,\"#=\":\"\"}]}","{\"0\":627,\"1\":6,\"2\":[82,823,-100,627,460,100,627,627,{\"1.7698442656716652e+308\":655,\"n\":9.95096299958929e+306,\"#=\":\"\"}]}","{\"0\":627,\"1\":7,\"2\":[82,823,-100,627,460,100,627,627,{\"1.7698442656716652e+308\":655,\"n\":9.95096299958929e+306,\"#=\":\"\"}]}"]}