{"baseObjects":["[403,157]","[403,157,null,null,null,null,null,null,3.095278779408131e+307]","[403,157,null,null,null,null,null,null,null,{\"595\":\"\",\"9.364118021449204e+306\":157,\"Su\":\"'\",\"\":\"\",\"u\":1.5745827602378453e+308,\"6.165520825114779e+306\":\"YO\",\"6.330459348552803e+307\":9.698492729232685e+307,\"1.2803117002004353e+308\":1.5352238233551495e+308,\",g\":4.318802207124417e+306}]","[403,157,null,59]"],"returnObjects":["\"Cannot set property '0' of undefined\"",null,null,"\"Cannot set property '5' of undefined\""],"callbackArgs":["{\"0\":403,\"1\":0,\"2\":[403,157]}","{\"0\":403,\"1\":0,\"2\":[403,157]}","{\"0\":157,\"1\":1,\"2\":[403,157,null,null,null,null,null,null,3.095278779408131e+307]}","{\"0\":403,\"1\":0,\"2\":[403,157]}","{\"0\":157,\"1\":1,\"2\":[403,157,null,null,null,null,null,null,null,{\"595\":\"\",\"9.364118021449204e+306\":157,\"Su\":\"'\",\"\":\"\",\"u\":1.5745827602378453e+308,\"6.165520825114779e+306\":\"YO\",\"6.330459348552803e+307\":9.698492729232685e+307,\"1.2803117002004353e+308\":1.5352238233551495e+308,\",g\":4.318802207124417e+306}]}","{\"0\":403,\"1\":0,\"2\":[403,157]}"]}