{"baseObjects":["[969,157,655,595,618,242,1.7976931348623157e+308,1.1215828637918373e+308]","[969,157,655,595,618,242,1.7976931348623157e+308,157]","[969,157,655,595,618,242,1.7976931348623157e+308,157]","[969,157,655,595,618,242,1.7976931348623157e+308,157,null,{\"o\":\"\"}]"],"returnObjects":[null,null,"\"#<Object> is not a function\"",null],"callbackArgs":["{\"0\":969,\"1\":0,\"2\":[969,157,655,595,618,242,1.7976931348623157e+308,157]}","{\"0\":157,\"1\":1,\"2\":[969,157,655,595,618,242,1.7976931348623157e+308,1.1215828637918373e+308]}","{\"0\":655,\"1\":2,\"2\":[969,157,655,595,618,242,1.7976931348623157e+308,1.1215828637918373e+308]}","{\"0\":595,\"1\":3,\"2\":[969,157,655,595,618,242,1.7976931348623157e+308,1.1215828637918373e+308]}","{\"0\":618,\"1\":4,\"2\":[969,157,655,595,618,242,1.7976931348623157e+308,1.1215828637918373e+308]}","{\"0\":242,\"1\":5,\"2\":[969,157,655,595,618,242,1.7976931348623157e+308,1.1215828637918373e+308]}","{\"0\":1.7976931348623157e+308,\"1\":6,\"2\":[969,157,655,595,618,242,1.7976931348623157e+308,1.1215828637918373e+308]}","{\"0\":1.1215828637918373e+308,\"1\":7,\"2\":[969,157,655,595,618,242,1.7976931348623157e+308,1.1215828637918373e+308]}","{\"0\":969,\"1\":0,\"2\":[969,157,655,595,618,242,1.7976931348623157e+308,157]}","{\"0\":157,\"1\":1,\"2\":[969,157,655,595,618,242,1.7976931348623157e+308,157]}","{\"0\":655,\"1\":2,\"2\":[969,157,655,595,618,242,1.7976931348623157e+308,157]}","{\"0\":595,\"1\":3,\"2\":[969,157,655,595,618,242,1.7976931348623157e+308,157]}","{\"0\":618,\"1\":4,\"2\":[969,157,655,595,618,242,1.7976931348623157e+308,157]}","{\"0\":242,\"1\":5,\"2\":[969,157,655,595,618,242,1.7976931348623157e+308,157]}","{\"0\":1.7976931348623157e+308,\"1\":6,\"2\":[969,157,655,595,618,242,1.7976931348623157e+308,157]}","{\"0\":157,\"1\":7,\"2\":[969,157,655,595,618,242,1.7976931348623157e+308,157]}","{\"0\":969,\"1\":0,\"2\":[969,157,655,595,618,242,1.7976931348623157e+308,157]}","{\"0\":157,\"1\":1,\"2\":[969,157,655,595,618,242,1.7976931348623157e+308,157,null,{\"o\":\"\"}]}","{\"0\":655,\"1\":2,\"2\":[969,157,655,595,618,242,1.7976931348623157e+308,157,null,{\"o\":\"\"}]}","{\"0\":595,\"1\":3,\"2\":[969,157,655,595,618,242,1.7976931348623157e+308,157,null,{\"o\":\"\"}]}","{\"0\":618,\"1\":4,\"2\":[969,157,655,595,618,242,1.7976931348623157e+308,157,null,{\"o\":\"\"}]}","{\"0\":242,\"1\":5,\"2\":[969,157,655,595,618,242,1.7976931348623157e+308,157,null,{\"o\":\"\"}]}","{\"0\":1.7976931348623157e+308,\"1\":6,\"2\":[969,157,655,595,618,242,1.7976931348623157e+308,157,null,{\"o\":\"\"}]}","{\"0\":157,\"1\":7,\"2\":[969,157,655,595,618,242,1.7976931348623157e+308,157,null,{\"o\":\"\"}]}"]}