{"baseObjects":["[242,-100,100,0,242,1.7976931348623157e+308]","[242,-100,100,0,242,1.7976931348623157e+308]","[242,-100,100,0,242,1.7976931348623157e+308]","[242,-100,100,0,242,1.7976931348623157e+308]"],"returnObjects":[null,"\"Cannot set property '0' of undefined\"",null,"\"Cannot set property '5' of undefined\""],"callbackArgs":["{\"0\":242,\"1\":0,\"2\":[242,-100,100,0,242,1.7976931348623157e+308]}","{\"0\":-100,\"1\":1,\"2\":[242,-100,100,0,242,1.7976931348623157e+308]}","{\"0\":100,\"1\":2,\"2\":[242,-100,100,0,242,1.7976931348623157e+308]}","{\"0\":0,\"1\":3,\"2\":[242,-100,100,0,242,1.7976931348623157e+308]}","{\"0\":242,\"1\":4,\"2\":[242,-100,100,0,242,1.7976931348623157e+308]}","{\"0\":1.7976931348623157e+308,\"1\":5,\"2\":[242,-100,100,0,242,1.7976931348623157e+308]}","{\"0\":242,\"1\":0,\"2\":[242,-100,100,0,242,1.7976931348623157e+308]}","{\"0\":242,\"1\":0,\"2\":[242,-100,100,0,242,1.7976931348623157e+308]}","{\"0\":-100,\"1\":1,\"2\":[242,-100,100,0,242,1.7976931348623157e+308]}","{\"0\":100,\"1\":2,\"2\":[242,-100,100,0,242,1.7976931348623157e+308]}","{\"0\":0,\"1\":3,\"2\":[242,-100,100,0,242,1.7976931348623157e+308]}","{\"0\":242,\"1\":4,\"2\":[242,-100,100,0,242,1.7976931348623157e+308]}","{\"0\":1.7976931348623157e+308,\"1\":5,\"2\":[242,-100,100,0,242,1.7976931348623157e+308]}","{\"0\":242,\"1\":0,\"2\":[242,-100,100,0,242,1.7976931348623157e+308]}"]}