{"baseObjects":["[893,655,157,25,100,0,0,403]","[893,7.541878176952894e+307,157,25,100,0,0,403]","[893,655,157,25,100,0,0,403]","[893,655,157,25,100,0,0,403]"],"returnObjects":[null,null,null,null],"callbackArgs":["{\"0\":893,\"1\":0,\"2\":[893,655,157,25,100,0,0,403]}","{\"0\":655,\"1\":1,\"2\":[893,655,157,25,100,0,0,403]}","{\"0\":157,\"1\":2,\"2\":[893,655,157,25,100,0,0,403]}","{\"0\":25,\"1\":3,\"2\":[893,655,157,25,100,0,0,403]}","{\"0\":100,\"1\":4,\"2\":[893,655,157,25,100,0,0,403]}","{\"0\":0,\"1\":5,\"2\":[893,655,157,25,100,0,0,403]}","{\"0\":0,\"1\":6,\"2\":[893,655,157,25,100,0,0,403]}","{\"0\":403,\"1\":7,\"2\":[893,655,157,25,100,0,0,403]}","{\"0\":893,\"1\":0,\"2\":[893,655,157,25,100,0,0,403]}","{\"0\":7.541878176952894e+307,\"1\":1,\"2\":[893,7.541878176952894e+307,157,25,100,0,0,403]}","{\"0\":157,\"1\":2,\"2\":[893,7.541878176952894e+307,157,25,100,0,0,403]}","{\"0\":25,\"1\":3,\"2\":[893,7.541878176952894e+307,157,25,100,0,0,403]}","{\"0\":100,\"1\":4,\"2\":[893,7.541878176952894e+307,157,25,100,0,0,403]}","{\"0\":0,\"1\":5,\"2\":[893,7.541878176952894e+307,157,25,100,0,0,403]}","{\"0\":0,\"1\":6,\"2\":[893,7.541878176952894e+307,157,25,100,0,0,403]}","{\"0\":403,\"1\":7,\"2\":[893,7.541878176952894e+307,157,25,100,0,0,403]}","{\"0\":893,\"1\":0,\"2\":[893,655,157,25,100,0,0,403]}","{\"0\":655,\"1\":1,\"2\":[893,655,157,25,100,0,0,403]}","{\"0\":157,\"1\":2,\"2\":[893,655,157,25,100,0,0,403]}","{\"0\":25,\"1\":3,\"2\":[893,655,157,25,100,0,0,403]}","{\"0\":100,\"1\":4,\"2\":[893,655,157,25,100,0,0,403]}","{\"0\":0,\"1\":5,\"2\":[893,655,157,25,100,0,0,403]}","{\"0\":0,\"1\":6,\"2\":[893,655,157,25,100,0,0,403]}","{\"0\":403,\"1\":7,\"2\":[893,655,157,25,100,0,0,403]}","{\"0\":893,\"1\":0,\"2\":[893,655,157,25,100,0,0,403]}","{\"0\":655,\"1\":1,\"2\":[893,655,157,25,100,0,0,403]}","{\"0\":157,\"1\":2,\"2\":[893,655,157,25,100,0,0,403]}","{\"0\":25,\"1\":3,\"2\":[893,655,157,25,100,0,0,403]}","{\"0\":100,\"1\":4,\"2\":[893,655,157,25,100,0,0,403]}","{\"0\":0,\"1\":5,\"2\":[893,655,157,25,100,0,0,403]}","{\"0\":0,\"1\":6,\"2\":[893,655,157,25,100,0,0,403]}","{\"0\":403,\"1\":7,\"2\":[893,655,157,25,100,0,0,403]}"]}