{"baseObjects":["[705,5e-324,893,1.7976931348623157e+308,82,893,126,242,82,49]","[705,5e-324,893,1.7976931348623157e+308,82,893,126,242,82,49]","[705,5e-324,893,1.7976931348623157e+308,82,893,126,242,82,49]","[705,5e-324,893,1.7976931348623157e+308,82,893,126,242,82,49]"],"returnObjects":["\"Error\"",null,"\"Error\"","\"Error\""],"callbackArgs":["{\"0\":705,\"1\":0,\"2\":[705,5e-324,893,1.7976931348623157e+308,82,893,126,242,82,49]}","{\"0\":705,\"1\":0,\"2\":[705,5e-324,893,1.7976931348623157e+308,82,893,126,242,82,49]}","{\"0\":5e-324,\"1\":1,\"2\":[705,5e-324,893,1.7976931348623157e+308,82,893,126,242,82,49]}","{\"0\":893,\"1\":2,\"2\":[705,5e-324,893,1.7976931348623157e+308,82,893,126,242,82,49]}","{\"0\":1.7976931348623157e+308,\"1\":3,\"2\":[705,5e-324,893,1.7976931348623157e+308,82,893,126,242,82,49]}","{\"0\":82,\"1\":4,\"2\":[705,5e-324,893,1.7976931348623157e+308,82,893,126,242,82,49]}","{\"0\":893,\"1\":5,\"2\":[705,5e-324,893,1.7976931348623157e+308,82,893,126,242,82,49]}","{\"0\":126,\"1\":6,\"2\":[705,5e-324,893,1.7976931348623157e+308,82,893,126,242,82,49]}","{\"0\":242,\"1\":7,\"2\":[705,5e-324,893,1.7976931348623157e+308,82,893,126,242,82,49]}","{\"0\":82,\"1\":8,\"2\":[705,5e-324,893,1.7976931348623157e+308,82,893,126,242,82,49]}","{\"0\":49,\"1\":9,\"2\":[705,5e-324,893,1.7976931348623157e+308,82,893,126,242,82,49]}","{\"0\":705,\"1\":0,\"2\":[705,5e-324,893,1.7976931348623157e+308,82,893,126,242,82,49]}","{\"0\":705,\"1\":0,\"2\":[705,5e-324,893,1.7976931348623157e+308,82,893,126,242,82,49]}"]}