{"baseObjects":["[893,1.7976931348623157e+308,705,157,0,-100]","[893,1.7976931348623157e+308,705,157,0,-100,null,null,null,2.6011833149003685e+307]","[893,1.7976931348623157e+308,705,157,0,-100]","[893,1.7976931348623157e+308,705,157,0,-100]"],"returnObjects":[null,null,"893","\"Error\""],"callbackArgs":["{\"0\":893,\"1\":0,\"2\":[893,1.7976931348623157e+308,705,157,0,-100]}","{\"0\":1.7976931348623157e+308,\"1\":1,\"2\":[893,1.7976931348623157e+308,705,157,0,-100]}","{\"0\":705,\"1\":2,\"2\":[893,1.7976931348623157e+308,705,157,0,-100]}","{\"0\":157,\"1\":3,\"2\":[893,1.7976931348623157e+308,705,157,0,-100]}","{\"0\":0,\"1\":4,\"2\":[893,1.7976931348623157e+308,705,157,0,-100]}","{\"0\":-100,\"1\":5,\"2\":[893,1.7976931348623157e+308,705,157,0,-100]}","{\"0\":893,\"1\":0,\"2\":[893,1.7976931348623157e+308,705,157,0,-100]}","{\"0\":1.7976931348623157e+308,\"1\":1,\"2\":[893,1.7976931348623157e+308,705,157,0,-100,null,null,null,2.6011833149003685e+307]}","{\"0\":705,\"1\":2,\"2\":[893,1.7976931348623157e+308,705,157,0,-100,null,null,null,2.6011833149003685e+307]}","{\"0\":157,\"1\":3,\"2\":[893,1.7976931348623157e+308,705,157,0,-100,null,null,null,2.6011833149003685e+307]}","{\"0\":0,\"1\":4,\"2\":[893,1.7976931348623157e+308,705,157,0,-100,null,null,null,2.6011833149003685e+307]}","{\"0\":-100,\"1\":5,\"2\":[893,1.7976931348623157e+308,705,157,0,-100,null,null,null,2.6011833149003685e+307]}","{\"0\":893,\"1\":0,\"2\":[893,1.7976931348623157e+308,705,157,0,-100]}"]}