{"baseObjects":["[403,823,783,null,-100,null,null,null,null,{\"618\":1.6088216436963044e+308,\"705\":213,\"714\":\"-t&\",\"*u=p\":627,\"\":\"I\",\"8.287861344630442e+307\":59,\"5.576873950195692e+307\":627}]","[403,823,783,403,-100]","[null,null,null,null,null,null,null,null,null]","[403,823,783,403,-100]"],"returnObjects":[null,"\"Cannot set property '1.399309004356655e+308' of null\"","403","\"argument12 is not defined\""],"callbackArgs":["{\"0\":403,\"1\":0,\"2\":[403,823,783,403,-100]}","{\"0\":823,\"1\":1,\"2\":[403,823,783,null,-100,null,null,null,null,{\"618\":1.6088216436963044e+308,\"705\":213,\"714\":\"-t&\",\"*u=p\":627,\"\":\"I\",\"8.287861344630442e+307\":59,\"5.576873950195692e+307\":627}]}","{\"0\":783,\"1\":2,\"2\":[403,823,783,null,-100,null,null,null,null,{\"618\":1.6088216436963044e+308,\"705\":213,\"714\":\"-t&\",\"*u=p\":627,\"\":\"I\",\"8.287861344630442e+307\":59,\"5.576873950195692e+307\":627}]}","{\"0\":null,\"1\":3,\"2\":[403,823,783,null,-100,null,null,null,null,{\"618\":1.6088216436963044e+308,\"705\":213,\"714\":\"-t&\",\"*u=p\":627,\"\":\"I\",\"8.287861344630442e+307\":59,\"5.576873950195692e+307\":627}]}","{\"0\":-100,\"1\":4,\"2\":[403,823,783,null,-100,null,null,null,null,{\"618\":1.6088216436963044e+308,\"705\":213,\"714\":\"-t&\",\"*u=p\":627,\"\":\"I\",\"8.287861344630442e+307\":59,\"5.576873950195692e+307\":627}]}","{\"0\":403,\"1\":0,\"2\":[403,823,783,403,-100]}","{\"0\":403,\"1\":0,\"2\":[403,823,783,403,-100]}","{\"0\":403,\"1\":0,\"2\":[403,823,783,403,-100]}"]}