{"baseObjects":["[460,969,-100,969,126,25,893,460,607]","[460,969,-100,969,126,25,893,{\"618\":969,\"1.7976931348623157e+308\":403,\"1.382151602079546e+308\":\"D\"},607]","[460,969,-100,969,126,25,893,[\"j\",\"e\",\"Tf\",\";C>{\"],{\"607\":823,\"\":1.6612818576172084e+308,\"9.62617508552278e+307\":1.715428662376767e+308,\"1.7976931348623157e+308\":\"8(\",\"-1\":1.448283032768923e+307}]","[460,969,-100,969,{\"126\":\"J-\",\"595\":460,\"1.3049539094462105e+308\":82,\"\":\"D,\",\"3.5591422650463515e+307\":\"\",\"R\":1.5194697577731207e+308},25,893,[\"h\",\"E\",\"i\"],607]"],"returnObjects":[null,null,null,null],"callbackArgs":["{\"0\":460,\"1\":0,\"2\":[460,969,-100,969,126,25,893,460,607]}","{\"0\":969,\"1\":1,\"2\":[460,969,-100,969,126,25,893,460,607]}","{\"0\":-100,\"1\":2,\"2\":[460,969,-100,969,126,25,893,460,607]}","{\"0\":969,\"1\":3,\"2\":[460,969,-100,969,126,25,893,460,607]}","{\"0\":126,\"1\":4,\"2\":[460,969,-100,969,126,25,893,460,607]}","{\"0\":25,\"1\":5,\"2\":[460,969,-100,969,126,25,893,460,607]}","{\"0\":893,\"1\":6,\"2\":[460,969,-100,969,126,25,893,460,607]}","{\"0\":460,\"1\":7,\"2\":[460,969,-100,969,126,25,893,460,607]}","{\"0\":607,\"1\":8,\"2\":[460,969,-100,969,126,25,893,460,607]}","{\"0\":460,\"1\":0,\"2\":[460,969,-100,969,126,25,893,460,607]}","{\"0\":969,\"1\":1,\"2\":[460,969,-100,969,126,25,893,{\"618\":969,\"1.7976931348623157e+308\":403,\"1.382151602079546e+308\":\"D\"},607]}","{\"0\":-100,\"1\":2,\"2\":[460,969,-100,969,126,25,893,{\"618\":969,\"1.7976931348623157e+308\":403,\"1.382151602079546e+308\":\"D\"},607]}","{\"0\":969,\"1\":3,\"2\":[460,969,-100,969,126,25,893,{\"618\":969,\"1.7976931348623157e+308\":403,\"1.382151602079546e+308\":\"D\"},607]}","{\"0\":126,\"1\":4,\"2\":[460,969,-100,969,126,25,893,{\"618\":969,\"1.7976931348623157e+308\":403,\"1.382151602079546e+308\":\"D\"},607]}","{\"0\":25,\"1\":5,\"2\":[460,969,-100,969,126,25,893,{\"618\":969,\"1.7976931348623157e+308\":403,\"1.382151602079546e+308\":\"D\"},607]}","{\"0\":893,\"1\":6,\"2\":[460,969,-100,969,126,25,893,{\"618\":969,\"1.7976931348623157e+308\":403,\"1.382151602079546e+308\":\"D\"},607]}","{\"0\":{\"618\":969,\"1.7976931348623157e+308\":403,\"1.382151602079546e+308\":\"D\"},\"1\":7,\"2\":[460,969,-100,969,126,25,893,{\"618\":969,\"1.7976931348623157e+308\":403,\"1.382151602079546e+308\":\"D\"},607]}","{\"0\":607,\"1\":8,\"2\":[460,969,-100,969,126,25,893,{\"618\":969,\"1.7976931348623157e+308\":403,\"1.382151602079546e+308\":\"D\"},607]}","{\"0\":460,\"1\":0,\"2\":[460,969,-100,969,126,25,893,460,607]}","{\"0\":969,\"1\":1,\"2\":[460,969,-100,969,126,25,893,[\"j\",\"e\",\"Tf\",\";C>{\"],{\"607\":823,\"\":1.6612818576172084e+308,\"9.62617508552278e+307\":1.715428662376767e+308,\"1.7976931348623157e+308\":\"8(\",\"-1\":1.448283032768923e+307}]}","{\"0\":-100,\"1\":2,\"2\":[460,969,-100,969,126,25,893,[\"j\",\"e\",\"Tf\",\";C>{\"],{\"607\":823,\"\":1.6612818576172084e+308,\"9.62617508552278e+307\":1.715428662376767e+308,\"1.7976931348623157e+308\":\"8(\",\"-1\":1.448283032768923e+307}]}","{\"0\":969,\"1\":3,\"2\":[460,969,-100,969,126,25,893,[\"j\",\"e\",\"Tf\",\";C>{\"],{\"607\":823,\"\":1.6612818576172084e+308,\"9.62617508552278e+307\":1.715428662376767e+308,\"1.7976931348623157e+308\":\"8(\",\"-1\":1.448283032768923e+307}]}","{\"0\":126,\"1\":4,\"2\":[460,969,-100,969,126,25,893,[\"j\",\"e\",\"Tf\",\";C>{\"],{\"607\":823,\"\":1.6612818576172084e+308,\"9.62617508552278e+307\":1.715428662376767e+308,\"1.7976931348623157e+308\":\"8(\",\"-1\":1.448283032768923e+307}]}","{\"0\":25,\"1\":5,\"2\":[460,969,-100,969,126,25,893,[\"j\",\"e\",\"Tf\",\";C>{\"],{\"607\":823,\"\":1.6612818576172084e+308,\"9.62617508552278e+307\":1.715428662376767e+308,\"1.7976931348623157e+308\":\"8(\",\"-1\":1.448283032768923e+307}]}","{\"0\":893,\"1\":6,\"2\":[460,969,-100,969,126,25,893,[\"j\",\"e\",\"Tf\",\";C>{\"],{\"607\":823,\"\":1.6612818576172084e+308,\"9.62617508552278e+307\":1.715428662376767e+308,\"1.7976931348623157e+308\":\"8(\",\"-1\":1.448283032768923e+307}]}","{\"0\":[\"j\",\"e\",\"Tf\",\";C>{\"],\"1\":7,\"2\":[460,969,-100,969,126,25,893,[\"j\",\"e\",\"Tf\",\";C>{\"],{\"607\":823,\"\":1.6612818576172084e+308,\"9.62617508552278e+307\":1.715428662376767e+308,\"1.7976931348623157e+308\":\"8(\",\"-1\":1.448283032768923e+307}]}","{\"0\":{\"607\":823,\"\":1.6612818576172084e+308,\"9.62617508552278e+307\":1.715428662376767e+308,\"1.7976931348623157e+308\":\"8(\",\"-1\":1.448283032768923e+307},\"1\":8,\"2\":[460,969,-100,969,126,25,893,[\"j\",\"e\",\"Tf\",\";C>{\"],{\"607\":823,\"\":1.6612818576172084e+308,\"9.62617508552278e+307\":1.715428662376767e+308,\"1.7976931348623157e+308\":\"8(\",\"-1\":1.448283032768923e+307}]}","{\"0\":460,\"1\":0,\"2\":[460,969,-100,969,126,25,893,460,607]}","{\"0\":969,\"1\":1,\"2\":[460,969,-100,969,{\"126\":\"J-\",\"595\":460,\"1.3049539094462105e+308\":82,\"\":\"D,\",\"3.5591422650463515e+307\":\"\",\"R\":1.5194697577731207e+308},25,893,[\"h\",\"E\",\"i\"],607]}","{\"0\":-100,\"1\":2,\"2\":[460,969,-100,969,{\"126\":\"J-\",\"595\":460,\"1.3049539094462105e+308\":82,\"\":\"D,\",\"3.5591422650463515e+307\":\"\",\"R\":1.5194697577731207e+308},25,893,[\"h\",\"E\",\"i\"],607]}","{\"0\":969,\"1\":3,\"2\":[460,969,-100,969,{\"126\":\"J-\",\"595\":460,\"1.3049539094462105e+308\":82,\"\":\"D,\",\"3.5591422650463515e+307\":\"\",\"R\":1.5194697577731207e+308},25,893,[\"h\",\"E\",\"i\"],607]}","{\"0\":{\"126\":\"J-\",\"595\":460,\"1.3049539094462105e+308\":82,\"\":\"D,\",\"3.5591422650463515e+307\":\"\",\"R\":1.5194697577731207e+308},\"1\":4,\"2\":[460,969,-100,969,{\"126\":\"J-\",\"595\":460,\"1.3049539094462105e+308\":82,\"\":\"D,\",\"3.5591422650463515e+307\":\"\",\"R\":1.5194697577731207e+308},25,893,[\"h\",\"E\",\"i\"],607]}","{\"0\":25,\"1\":5,\"2\":[460,969,-100,969,{\"126\":\"J-\",\"595\":460,\"1.3049539094462105e+308\":82,\"\":\"D,\",\"3.5591422650463515e+307\":\"\",\"R\":1.5194697577731207e+308},25,893,[\"h\",\"E\",\"i\"],607]}","{\"0\":893,\"1\":6,\"2\":[460,969,-100,969,{\"126\":\"J-\",\"595\":460,\"1.3049539094462105e+308\":82,\"\":\"D,\",\"3.5591422650463515e+307\":\"\",\"R\":1.5194697577731207e+308},25,893,[\"h\",\"E\",\"i\"],607]}","{\"0\":[\"h\",\"E\",\"i\"],\"1\":7,\"2\":[460,969,-100,969,{\"126\":\"J-\",\"595\":460,\"1.3049539094462105e+308\":82,\"\":\"D,\",\"3.5591422650463515e+307\":\"\",\"R\":1.5194697577731207e+308},25,893,[\"h\",\"E\",\"i\"],607]}","{\"0\":607,\"1\":8,\"2\":[460,969,-100,969,{\"126\":\"J-\",\"595\":460,\"1.3049539094462105e+308\":82,\"\":\"D,\",\"3.5591422650463515e+307\":\"\",\"R\":1.5194697577731207e+308},25,893,[\"h\",\"E\",\"i\"],607]}"]}