{"baseObjects":["[618,627,843,705,607,969,1.7976931348623157e+308,893,595]","[618,627,843,705,607,969,1.7976931348623157e+308,893,595]","[618,627,843,705,607,969,1.7976931348623157e+308,893,595]","[618,627,843,705,607,969,1.7976931348623157e+308,893,595]"],"returnObjects":["\"Cannot set property '126' of undefined\"",null,null,"\"null is not a function\""],"callbackArgs":["{\"0\":618,\"1\":0,\"2\":[618,627,843,705,607,969,1.7976931348623157e+308,893,595]}","{\"0\":618,\"1\":0,\"2\":[618,627,843,705,607,969,1.7976931348623157e+308,893,595]}","{\"0\":627,\"1\":1,\"2\":[618,627,843,705,607,969,1.7976931348623157e+308,893,595]}","{\"0\":843,\"1\":2,\"2\":[618,627,843,705,607,969,1.7976931348623157e+308,893,595]}","{\"0\":705,\"1\":3,\"2\":[618,627,843,705,607,969,1.7976931348623157e+308,893,595]}","{\"0\":607,\"1\":4,\"2\":[618,627,843,705,607,969,1.7976931348623157e+308,893,595]}","{\"0\":969,\"1\":5,\"2\":[618,627,843,705,607,969,1.7976931348623157e+308,893,595]}","{\"0\":1.7976931348623157e+308,\"1\":6,\"2\":[618,627,843,705,607,969,1.7976931348623157e+308,893,595]}","{\"0\":893,\"1\":7,\"2\":[618,627,843,705,607,969,1.7976931348623157e+308,893,595]}","{\"0\":595,\"1\":8,\"2\":[618,627,843,705,607,969,1.7976931348623157e+308,893,595]}","{\"0\":618,\"1\":0,\"2\":[618,627,843,705,607,969,1.7976931348623157e+308,893,595]}","{\"0\":627,\"1\":1,\"2\":[618,627,843,705,607,969,1.7976931348623157e+308,893,595]}","{\"0\":843,\"1\":2,\"2\":[618,627,843,705,607,969,1.7976931348623157e+308,893,595]}","{\"0\":705,\"1\":3,\"2\":[618,627,843,705,607,969,1.7976931348623157e+308,893,595]}","{\"0\":607,\"1\":4,\"2\":[618,627,843,705,607,969,1.7976931348623157e+308,893,595]}","{\"0\":969,\"1\":5,\"2\":[618,627,843,705,607,969,1.7976931348623157e+308,893,595]}","{\"0\":1.7976931348623157e+308,\"1\":6,\"2\":[618,627,843,705,607,969,1.7976931348623157e+308,893,595]}","{\"0\":893,\"1\":7,\"2\":[618,627,843,705,607,969,1.7976931348623157e+308,893,595]}","{\"0\":595,\"1\":8,\"2\":[618,627,843,705,607,969,1.7976931348623157e+308,893,595]}"]}