{"baseObjects":["[627,\"!\",false,823,\"AM\",\"O\"]","[-1,\"!\",705,823,\"AM\",\"O\"]","[627,\"!\",705,823,\"AM\",\"O\"]","[627,\"!\",705,823,\"AM\",\"O\",null,null,{\"82\":1.7119989077918475e+308,\"595\":3.625799668295006e+307,\"618\":\"5\",\"714\":\"5\",\"\":893,\"=g\":\"\",\"|\":\"e\",\"b\":\"\",\"*\":1.186040551622807e+308}]"],"returnObjects":[null,"627",null,null],"callbackArgs":["{\"0\":627,\"1\":0,\"2\":[627,\"!\",705,823,\"AM\",\"O\"]}","{\"0\":\"!\",\"1\":1,\"2\":[627,\"!\",false,823,\"AM\",\"O\"]}","{\"0\":false,\"1\":2,\"2\":[627,\"!\",false,823,\"AM\",\"O\"]}","{\"0\":823,\"1\":3,\"2\":[627,\"!\",false,823,\"AM\",\"O\"]}","{\"0\":\"AM\",\"1\":4,\"2\":[627,\"!\",false,823,\"AM\",\"O\"]}","{\"0\":\"O\",\"1\":5,\"2\":[627,\"!\",false,823,\"AM\",\"O\"]}","{\"0\":627,\"1\":0,\"2\":[627,\"!\",705,823,\"AM\",\"O\"]}","{\"0\":627,\"1\":0,\"2\":[627,\"!\",705,823,\"AM\",\"O\"]}","{\"0\":\"!\",\"1\":1,\"2\":[627,\"!\",705,823,\"AM\",\"O\"]}","{\"0\":705,\"1\":2,\"2\":[627,\"!\",705,823,\"AM\",\"O\"]}","{\"0\":823,\"1\":3,\"2\":[627,\"!\",705,823,\"AM\",\"O\"]}","{\"0\":\"AM\",\"1\":4,\"2\":[627,\"!\",705,823,\"AM\",\"O\"]}","{\"0\":\"O\",\"1\":5,\"2\":[627,\"!\",705,823,\"AM\",\"O\"]}","{\"0\":627,\"1\":0,\"2\":[627,\"!\",705,823,\"AM\",\"O\"]}","{\"0\":\"!\",\"1\":1,\"2\":[627,\"!\",705,823,\"AM\",\"O\",null,null,{\"82\":1.7119989077918475e+308,\"595\":3.625799668295006e+307,\"618\":\"5\",\"714\":\"5\",\"\":893,\"=g\":\"\",\"|\":\"e\",\"b\":\"\",\"*\":1.186040551622807e+308}]}","{\"0\":705,\"1\":2,\"2\":[627,\"!\",705,823,\"AM\",\"O\",null,null,{\"82\":1.7119989077918475e+308,\"595\":3.625799668295006e+307,\"618\":\"5\",\"714\":\"5\",\"\":893,\"=g\":\"\",\"|\":\"e\",\"b\":\"\",\"*\":1.186040551622807e+308}]}","{\"0\":823,\"1\":3,\"2\":[627,\"!\",705,823,\"AM\",\"O\",null,null,{\"82\":1.7119989077918475e+308,\"595\":3.625799668295006e+307,\"618\":\"5\",\"714\":\"5\",\"\":893,\"=g\":\"\",\"|\":\"e\",\"b\":\"\",\"*\":1.186040551622807e+308}]}","{\"0\":\"AM\",\"1\":4,\"2\":[627,\"!\",705,823,\"AM\",\"O\",null,null,{\"82\":1.7119989077918475e+308,\"595\":3.625799668295006e+307,\"618\":\"5\",\"714\":\"5\",\"\":893,\"=g\":\"\",\"|\":\"e\",\"b\":\"\",\"*\":1.186040551622807e+308}]}","{\"0\":\"O\",\"1\":5,\"2\":[627,\"!\",705,823,\"AM\",\"O\",null,null,{\"82\":1.7119989077918475e+308,\"595\":3.625799668295006e+307,\"618\":\"5\",\"714\":\"5\",\"\":893,\"=g\":\"\",\"|\":\"e\",\"b\":\"\",\"*\":1.186040551622807e+308}]}"]}