{"baseObjects":["[627,403,49,595,1.7976931348623157e+308,82,1.7976931348623157e+308]","[627,403,49,595,1.7976931348623157e+308,82,403,null,\"\"]","[627,403,49,595,1.7976931348623157e+308,82,1.7976931348623157e+308]","[627,403,49,595,1.7976931348623157e+308,82,1.7976931348623157e+308]"],"returnObjects":["\"Error\"",null,null,"\"Error\""],"callbackArgs":["{\"0\":627,\"1\":0,\"2\":[627,403,49,595,1.7976931348623157e+308,82,1.7976931348623157e+308]}","{\"0\":627,\"1\":0,\"2\":[627,403,49,595,1.7976931348623157e+308,82,1.7976931348623157e+308]}","{\"0\":403,\"1\":1,\"2\":[627,403,49,595,1.7976931348623157e+308,82,403,null,\"\"]}","{\"0\":49,\"1\":2,\"2\":[627,403,49,595,1.7976931348623157e+308,82,403,null,\"\"]}","{\"0\":595,\"1\":3,\"2\":[627,403,49,595,1.7976931348623157e+308,82,403,null,\"\"]}","{\"0\":1.7976931348623157e+308,\"1\":4,\"2\":[627,403,49,595,1.7976931348623157e+308,82,403,null,\"\"]}","{\"0\":82,\"1\":5,\"2\":[627,403,49,595,1.7976931348623157e+308,82,403,null,\"\"]}","{\"0\":403,\"1\":6,\"2\":[627,403,49,595,1.7976931348623157e+308,82,403,null,\"\"]}","{\"0\":627,\"1\":0,\"2\":[627,403,49,595,1.7976931348623157e+308,82,1.7976931348623157e+308]}","{\"0\":403,\"1\":1,\"2\":[627,403,49,595,1.7976931348623157e+308,82,1.7976931348623157e+308]}","{\"0\":49,\"1\":2,\"2\":[627,403,49,595,1.7976931348623157e+308,82,1.7976931348623157e+308]}","{\"0\":595,\"1\":3,\"2\":[627,403,49,595,1.7976931348623157e+308,82,1.7976931348623157e+308]}","{\"0\":1.7976931348623157e+308,\"1\":4,\"2\":[627,403,49,595,1.7976931348623157e+308,82,1.7976931348623157e+308]}","{\"0\":82,\"1\":5,\"2\":[627,403,49,595,1.7976931348623157e+308,82,1.7976931348623157e+308]}","{\"0\":1.7976931348623157e+308,\"1\":6,\"2\":[627,403,49,595,1.7976931348623157e+308,82,1.7976931348623157e+308]}","{\"0\":627,\"1\":0,\"2\":[627,403,49,595,1.7976931348623157e+308,82,1.7976931348623157e+308]}"]}