{"baseObjects":["[595,82,126,1.7976931348623157e+308,893,403,25,59]","[595,82,126,1.7976931348623157e+308,893,403,25,59]","[595,82,126,1.7976931348623157e+308,893,403,25,59]","[595,82,126,1.7976931348623157e+308,893,403,25,59]"],"returnObjects":["595","595",null,"595"],"callbackArgs":["{\"0\":595,\"1\":0,\"2\":[595,82,126,1.7976931348623157e+308,893,403,25,59]}","{\"0\":595,\"1\":0,\"2\":[595,82,126,1.7976931348623157e+308,893,403,25,59]}","{\"0\":595,\"1\":0,\"2\":[595,82,126,1.7976931348623157e+308,893,403,25,59]}","{\"0\":82,\"1\":1,\"2\":[595,82,126,1.7976931348623157e+308,893,403,25,59]}","{\"0\":126,\"1\":2,\"2\":[595,82,126,1.7976931348623157e+308,893,403,25,59]}","{\"0\":1.7976931348623157e+308,\"1\":3,\"2\":[595,82,126,1.7976931348623157e+308,893,403,25,59]}","{\"0\":893,\"1\":4,\"2\":[595,82,126,1.7976931348623157e+308,893,403,25,59]}","{\"0\":403,\"1\":5,\"2\":[595,82,126,1.7976931348623157e+308,893,403,25,59]}","{\"0\":25,\"1\":6,\"2\":[595,82,126,1.7976931348623157e+308,893,403,25,59]}","{\"0\":59,\"1\":7,\"2\":[595,82,126,1.7976931348623157e+308,893,403,25,59]}","{\"0\":595,\"1\":0,\"2\":[595,82,126,1.7976931348623157e+308,893,403,25,59]}"]}