{"baseObjects":["[1.7976931348623157e+308,\"Z\",242,\"n\",\"rr\",100,82,595,\"xH1DZ\"]","[1.7976931348623157e+308,\"Z\",242,\"n\",\"rr\",100,82,595,\"xH1DZ\"]","[1.7976931348623157e+308,\"Z\",242,\"n\",\"rr\",100,82,595,\"xH1DZ\"]","[1.7976931348623157e+308,\"Z\",242,\"n\",\"rr\",100,82,595,\"xH1DZ\"]"],"returnObjects":["1.7976931348623157e+308",null,"\"[object Array] is not a function\"","\"Cannot set property '3.7668525981726295e+307' of null\""],"callbackArgs":["{\"0\":1.7976931348623157e+308,\"1\":0,\"2\":[1.7976931348623157e+308,\"Z\",242,\"n\",\"rr\",100,82,595,\"xH1DZ\"]}","{\"0\":1.7976931348623157e+308,\"1\":0,\"2\":[1.7976931348623157e+308,\"Z\",242,\"n\",\"rr\",100,82,595,\"xH1DZ\"]}","{\"0\":\"Z\",\"1\":1,\"2\":[1.7976931348623157e+308,\"Z\",242,\"n\",\"rr\",100,82,595,\"xH1DZ\"]}","{\"0\":242,\"1\":2,\"2\":[1.7976931348623157e+308,\"Z\",242,\"n\",\"rr\",100,82,595,\"xH1DZ\"]}","{\"0\":\"n\",\"1\":3,\"2\":[1.7976931348623157e+308,\"Z\",242,\"n\",\"rr\",100,82,595,\"xH1DZ\"]}","{\"0\":\"rr\",\"1\":4,\"2\":[1.7976931348623157e+308,\"Z\",242,\"n\",\"rr\",100,82,595,\"xH1DZ\"]}","{\"0\":100,\"1\":5,\"2\":[1.7976931348623157e+308,\"Z\",242,\"n\",\"rr\",100,82,595,\"xH1DZ\"]}","{\"0\":82,\"1\":6,\"2\":[1.7976931348623157e+308,\"Z\",242,\"n\",\"rr\",100,82,595,\"xH1DZ\"]}","{\"0\":595,\"1\":7,\"2\":[1.7976931348623157e+308,\"Z\",242,\"n\",\"rr\",100,82,595,\"xH1DZ\"]}","{\"0\":\"xH1DZ\",\"1\":8,\"2\":[1.7976931348623157e+308,\"Z\",242,\"n\",\"rr\",100,82,595,\"xH1DZ\"]}","{\"0\":1.7976931348623157e+308,\"1\":0,\"2\":[1.7976931348623157e+308,\"Z\",242,\"n\",\"rr\",100,82,595,\"xH1DZ\"]}"]}