{"baseObjects":["0","[705,714,893,618,126,126]","[705,714,893,618,{\"0\":\"y=\",\"1.5718385565048628e+308\":1.6166255795076769e+308,\"\":\"@yX\",\"1.5814839635681582e+308\":705},126]","[705,714,893,618,126,126]"],"returnObjects":["\"Cannot set property '3' of undefined\"",null,null,null],"callbackArgs":["{\"0\":705,\"1\":0,\"2\":[705,714,893,618,126,126]}","{\"0\":714,\"1\":1,\"2\":[705,714,893,618,126,126]}","{\"0\":705,\"1\":0,\"2\":[705,714,893,618,126,126]}","{\"0\":714,\"1\":1,\"2\":[705,714,893,618,126,126]}","{\"0\":893,\"1\":2,\"2\":[705,714,893,618,126,126]}","{\"0\":618,\"1\":3,\"2\":[705,714,893,618,126,126]}","{\"0\":126,\"1\":4,\"2\":[705,714,893,618,126,126]}","{\"0\":126,\"1\":5,\"2\":[705,714,893,618,126,126]}","{\"0\":705,\"1\":0,\"2\":[705,714,893,618,126,126]}","{\"0\":714,\"1\":1,\"2\":[705,714,893,618,{\"0\":\"y=\",\"1.5718385565048628e+308\":1.6166255795076769e+308,\"\":\"@yX\",\"1.5814839635681582e+308\":705},126]}","{\"0\":893,\"1\":2,\"2\":[705,714,893,618,{\"0\":\"y=\",\"1.5718385565048628e+308\":1.6166255795076769e+308,\"\":\"@yX\",\"1.5814839635681582e+308\":705},126]}","{\"0\":618,\"1\":3,\"2\":[705,714,893,618,{\"0\":\"y=\",\"1.5718385565048628e+308\":1.6166255795076769e+308,\"\":\"@yX\",\"1.5814839635681582e+308\":705},126]}","{\"0\":{\"0\":\"y=\",\"1.5718385565048628e+308\":1.6166255795076769e+308,\"\":\"@yX\",\"1.5814839635681582e+308\":705},\"1\":4,\"2\":[705,714,893,618,{\"0\":\"y=\",\"1.5718385565048628e+308\":1.6166255795076769e+308,\"\":\"@yX\",\"1.5814839635681582e+308\":705},126]}","{\"0\":126,\"1\":5,\"2\":[705,714,893,618,{\"0\":\"y=\",\"1.5718385565048628e+308\":1.6166255795076769e+308,\"\":\"@yX\",\"1.5814839635681582e+308\":705},126]}","{\"0\":705,\"1\":0,\"2\":[705,714,893,618,126,126]}","{\"0\":714,\"1\":1,\"2\":[705,714,893,618,126,126]}","{\"0\":893,\"1\":2,\"2\":[705,714,893,618,126,126]}","{\"0\":618,\"1\":3,\"2\":[705,714,893,618,126,126]}","{\"0\":126,\"1\":4,\"2\":[705,714,893,618,126,126]}","{\"0\":126,\"1\":5,\"2\":[705,714,893,618,126,126]}"]}