{"baseObjects":["[59,126,969,126,1.7976931348623157e+308,[126,242,25,-100,-100,460,618,82,157]]","[59,126,969,126,1.7976931348623157e+308]","[59,126,969,126,1.7976931348623157e+308,null,null,null,false]","[59,126,969,126,1.7976931348623157e+308]"],"returnObjects":[null,null,"\"Cannot set property '1.1881593224845412e+308' of undefined\"","\"Cannot set property 'f-d' of undefined\""],"callbackArgs":["{\"0\":59,\"1\":0,\"2\":[59,126,969,126,1.7976931348623157e+308]}","{\"0\":126,\"1\":1,\"2\":[59,126,969,126,1.7976931348623157e+308,[126,242,25,-100,-100,460,618,82,157]]}","{\"0\":969,\"1\":2,\"2\":[59,126,969,126,1.7976931348623157e+308,[126,242,25,-100,-100,460,618,82,157]]}","{\"0\":126,\"1\":3,\"2\":[59,126,969,126,1.7976931348623157e+308,[126,242,25,-100,-100,460,618,82,157]]}","{\"0\":1.7976931348623157e+308,\"1\":4,\"2\":[59,126,969,126,1.7976931348623157e+308,[126,242,25,-100,-100,460,618,82,157]]}","{\"0\":59,\"1\":0,\"2\":[59,126,969,126,1.7976931348623157e+308]}","{\"0\":126,\"1\":1,\"2\":[59,126,969,126,1.7976931348623157e+308]}","{\"0\":969,\"1\":2,\"2\":[59,126,969,126,1.7976931348623157e+308]}","{\"0\":126,\"1\":3,\"2\":[59,126,969,126,1.7976931348623157e+308]}","{\"0\":1.7976931348623157e+308,\"1\":4,\"2\":[59,126,969,126,1.7976931348623157e+308]}","{\"0\":59,\"1\":0,\"2\":[59,126,969,126,1.7976931348623157e+308]}","{\"0\":59,\"1\":0,\"2\":[59,126,969,126,1.7976931348623157e+308]}"]}