{"baseObjects":["[[618,1.7976931348623157e+308,893,59,705],655,607]","[-100,655,607,null,null,null,null,null,{\"714\":618,\"\":\"Aq\",\"u\":\"\",\"X\":783}]","[-100,655,607]","[-100,655,607,null,null,null,null,{\"1.6981573316919315e+308\":\"a[\"}]"],"returnObjects":["-100",null,"\"Error\"",null],"callbackArgs":["{\"0\":-100,\"1\":0,\"2\":[-100,655,607]}","{\"0\":-100,\"1\":0,\"2\":[-100,655,607]}","{\"0\":655,\"1\":1,\"2\":[-100,655,607,null,null,null,null,null,{\"714\":618,\"\":\"Aq\",\"u\":\"\",\"X\":783}]}","{\"0\":607,\"1\":2,\"2\":[-100,655,607,null,null,null,null,null,{\"714\":618,\"\":\"Aq\",\"u\":\"\",\"X\":783}]}","{\"0\":-100,\"1\":0,\"2\":[-100,655,607]}","{\"0\":-100,\"1\":0,\"2\":[-100,655,607]}","{\"0\":655,\"1\":1,\"2\":[-100,655,607,null,null,null,null,{\"1.6981573316919315e+308\":\"a[\"}]}","{\"0\":607,\"1\":2,\"2\":[-100,655,607,null,null,null,null,{\"1.6981573316919315e+308\":\"a[\"}]}"]}