{"baseObjects":["[595,126,-1]","[595,126,-1]","[595,126,-1,null,null,null,null,8.98323141390125e+307]","[595,126,-1]"],"returnObjects":["\"Error\"",null,null,null],"callbackArgs":["{\"0\":595,\"1\":0,\"2\":[595,126,-1]}","{\"0\":595,\"1\":0,\"2\":[595,126,-1]}","{\"0\":126,\"1\":1,\"2\":[595,126,-1]}","{\"0\":-1,\"1\":2,\"2\":[595,126,-1]}","{\"0\":595,\"1\":0,\"2\":[595,126,-1]}","{\"0\":126,\"1\":1,\"2\":[595,126,-1,null,null,null,null,8.98323141390125e+307]}","{\"0\":-1,\"1\":2,\"2\":[595,126,-1,null,null,null,null,8.98323141390125e+307]}","{\"0\":595,\"1\":0,\"2\":[595,126,-1]}","{\"0\":126,\"1\":1,\"2\":[595,126,-1]}","{\"0\":-1,\"1\":2,\"2\":[595,126,-1]}"]}