{"baseObjects":["[59,\"?_\",\"s\",{\"59\":\"\",\"460\":1.5922413924619628e+308,\"\":\"\"},null,null,null,null,{\"1\":\"3p\",\"595\":8.608092673388776e+307,\"(1\":\"4A*!\",\"1.3441115938125296e+308\":627,\"6.910862809860597e+307\":1.0345969755508728e+308,\"1.1094840744342195e+308\":1.7683647073136543e+308,\"\":25}]","[59,\"?_\",\"s\",\"K?\"]","[59,\"?_\",\"s\",\"K?\"]","[59,\"?_\",\"s\",\"K?\"]"],"returnObjects":["59",null,"\"argument8 is not defined\"","59"],"callbackArgs":["{\"0\":59,\"1\":0,\"2\":[59,\"?_\",\"s\",\"K?\"]}","{\"0\":59,\"1\":0,\"2\":[59,\"?_\",\"s\",\"K?\"]}","{\"0\":\"?_\",\"1\":1,\"2\":[59,\"?_\",\"s\",\"K?\"]}","{\"0\":\"s\",\"1\":2,\"2\":[59,\"?_\",\"s\",\"K?\"]}","{\"0\":\"K?\",\"1\":3,\"2\":[59,\"?_\",\"s\",\"K?\"]}","{\"0\":59,\"1\":0,\"2\":[59,\"?_\",\"s\",\"K?\"]}","{\"0\":59,\"1\":0,\"2\":[59,\"?_\",\"s\",\"K?\"]}"]}