{"baseObjects":["[242,969,1.7976931348623157e+308,705,843,1.7976931348623157e+308]","[{\"59\":\"\",\"969\":607,\"oO\":49,\"\":\"{BK4\",\"8W \":\"3\"},969,1.7976931348623157e+308,705,843,1.7976931348623157e+308]","\"\"","[242,969,1.7976931348623157e+308,705,843,1.7976931348623157e+308]"],"returnObjects":["\"Error\"",null,null,"242"],"callbackArgs":["{\"0\":242,\"1\":0,\"2\":[242,969,1.7976931348623157e+308,705,843,1.7976931348623157e+308]}","{\"0\":242,\"1\":0,\"2\":[242,969,1.7976931348623157e+308,705,843,1.7976931348623157e+308]}","{\"0\":969,\"1\":1,\"2\":[{\"59\":\"\",\"969\":607,\"oO\":49,\"\":\"{BK4\",\"8W \":\"3\"},969,1.7976931348623157e+308,705,843,1.7976931348623157e+308]}","{\"0\":1.7976931348623157e+308,\"1\":2,\"2\":[{\"59\":\"\",\"969\":607,\"oO\":49,\"\":\"{BK4\",\"8W \":\"3\"},969,1.7976931348623157e+308,705,843,1.7976931348623157e+308]}","{\"0\":705,\"1\":3,\"2\":[{\"59\":\"\",\"969\":607,\"oO\":49,\"\":\"{BK4\",\"8W \":\"3\"},969,1.7976931348623157e+308,705,843,1.7976931348623157e+308]}","{\"0\":843,\"1\":4,\"2\":[{\"59\":\"\",\"969\":607,\"oO\":49,\"\":\"{BK4\",\"8W \":\"3\"},969,1.7976931348623157e+308,705,843,1.7976931348623157e+308]}","{\"0\":1.7976931348623157e+308,\"1\":5,\"2\":[{\"59\":\"\",\"969\":607,\"oO\":49,\"\":\"{BK4\",\"8W \":\"3\"},969,1.7976931348623157e+308,705,843,1.7976931348623157e+308]}","{\"0\":242,\"1\":0,\"2\":[242,969,1.7976931348623157e+308,705,843,1.7976931348623157e+308]}","{\"0\":969,\"1\":1,\"2\":[242,969,1.7976931348623157e+308,705,843,1.7976931348623157e+308]}","{\"0\":1.7976931348623157e+308,\"1\":2,\"2\":[242,969,1.7976931348623157e+308,705,843,1.7976931348623157e+308]}","{\"0\":705,\"1\":3,\"2\":[242,969,1.7976931348623157e+308,705,843,1.7976931348623157e+308]}","{\"0\":843,\"1\":4,\"2\":[242,969,1.7976931348623157e+308,705,843,1.7976931348623157e+308]}","{\"0\":1.7976931348623157e+308,\"1\":5,\"2\":[242,969,1.7976931348623157e+308,705,843,1.7976931348623157e+308]}","{\"0\":242,\"1\":0,\"2\":[242,969,1.7976931348623157e+308,705,843,1.7976931348623157e+308]}"]}