{"baseObjects":["[783,213,1.7976931348623157e+308,403,49]","[783,213,1.7976931348623157e+308,403,49]","[783,213,1.7976931348623157e+308,403,49]","[783,213,1.7976931348623157e+308,403,49]"],"returnObjects":["783","\"Cannot set property '2' of null\"",null,null],"callbackArgs":["{\"0\":783,\"1\":0,\"2\":[783,213,1.7976931348623157e+308,403,49]}","{\"0\":783,\"1\":0,\"2\":[783,213,1.7976931348623157e+308,403,49]}","{\"0\":783,\"1\":0,\"2\":[783,213,1.7976931348623157e+308,403,49]}","{\"0\":213,\"1\":1,\"2\":[783,213,1.7976931348623157e+308,403,49]}","{\"0\":1.7976931348623157e+308,\"1\":2,\"2\":[783,213,1.7976931348623157e+308,403,49]}","{\"0\":403,\"1\":3,\"2\":[783,213,1.7976931348623157e+308,403,49]}","{\"0\":49,\"1\":4,\"2\":[783,213,1.7976931348623157e+308,403,49]}","{\"0\":783,\"1\":0,\"2\":[783,213,1.7976931348623157e+308,403,49]}","{\"0\":213,\"1\":1,\"2\":[783,213,1.7976931348623157e+308,403,49]}","{\"0\":1.7976931348623157e+308,\"1\":2,\"2\":[783,213,1.7976931348623157e+308,403,49]}","{\"0\":403,\"1\":3,\"2\":[783,213,1.7976931348623157e+308,403,49]}","{\"0\":49,\"1\":4,\"2\":[783,213,1.7976931348623157e+308,403,49]}"]}