{"baseObjects":["[893,783,1.7976931348623157e+308,122]","[893,783,1.7976931348623157e+308,122]","[893,783,1.7976931348623157e+308,122]","[893,783,1.7976931348623157e+308,122]"],"returnObjects":[null,null,"\"Cannot set property '-1' of null\"",null],"callbackArgs":["{\"0\":893,\"1\":0,\"2\":[893,783,1.7976931348623157e+308,122]}","{\"0\":783,\"1\":1,\"2\":[893,783,1.7976931348623157e+308,122]}","{\"0\":1.7976931348623157e+308,\"1\":2,\"2\":[893,783,1.7976931348623157e+308,122]}","{\"0\":122,\"1\":3,\"2\":[893,783,1.7976931348623157e+308,122]}","{\"0\":893,\"1\":0,\"2\":[893,783,1.7976931348623157e+308,122]}","{\"0\":783,\"1\":1,\"2\":[893,783,1.7976931348623157e+308,122]}","{\"0\":1.7976931348623157e+308,\"1\":2,\"2\":[893,783,1.7976931348623157e+308,122]}","{\"0\":122,\"1\":3,\"2\":[893,783,1.7976931348623157e+308,122]}","{\"0\":893,\"1\":0,\"2\":[893,783,1.7976931348623157e+308,122]}","{\"0\":893,\"1\":0,\"2\":[893,783,1.7976931348623157e+308,122]}","{\"0\":783,\"1\":1,\"2\":[893,783,1.7976931348623157e+308,122]}","{\"0\":1.7976931348623157e+308,\"1\":2,\"2\":[893,783,1.7976931348623157e+308,122]}","{\"0\":122,\"1\":3,\"2\":[893,783,1.7976931348623157e+308,122]}"]}