{"baseObjects":["[242,-100,82,843,122]","[242,-100,82,843,122]","[242,-100,82,843,122]","[242,-100,7.061058952094933e+307,[595,627,595,893,122,-1,627,100],122,null,null,null,{\"1.129404358182035e+308\":\"\",\"\":0,\"R \":\"J\",\"1.434628008106377e+308\":\"R\",\"{\":-1,\"3.747854909535527e+306\":\"Ije\"}]"],"returnObjects":["\"Invalid array length\"","\"Cannot set property '0' of undefined\"",null,"[595,627,595,893,122,-1,627,100]"],"callbackArgs":["{\"0\":242,\"1\":0,\"2\":[242,-100,82,843,122]}","{\"0\":242,\"1\":0,\"2\":[242,-100,82,843,122]}","{\"0\":242,\"1\":0,\"2\":[242,-100,82,843,122]}","{\"0\":-100,\"1\":1,\"2\":[242,-100,82,843,122]}","{\"0\":82,\"1\":2,\"2\":[242,-100,82,843,122]}","{\"0\":843,\"1\":3,\"2\":[242,-100,82,843,122]}","{\"0\":122,\"1\":4,\"2\":[242,-100,82,843,122]}","{\"0\":242,\"1\":0,\"2\":[242,-100,82,843,122]}","{\"0\":-100,\"1\":1,\"2\":[242,-100,7.061058952094933e+307,[595,627,595,893,122,-1,627,100],122,null,null,null,{\"1.129404358182035e+308\":\"\",\"\":0,\"R \":\"J\",\"1.434628008106377e+308\":\"R\",\"{\":-1,\"3.747854909535527e+306\":\"Ije\"}]}","{\"0\":7.061058952094933e+307,\"1\":2,\"2\":[242,-100,7.061058952094933e+307,[595,627,595,893,122,-1,627,100],122,null,null,null,{\"1.129404358182035e+308\":\"\",\"\":0,\"R \":\"J\",\"1.434628008106377e+308\":\"R\",\"{\":-1,\"3.747854909535527e+306\":\"Ije\"}]}","{\"0\":[595,627,595,893,122,-1,627,100],\"1\":3,\"2\":[242,-100,7.061058952094933e+307,[595,627,595,893,122,-1,627,100],122,null,null,null,{\"1.129404358182035e+308\":\"\",\"\":0,\"R \":\"J\",\"1.434628008106377e+308\":\"R\",\"{\":-1,\"3.747854909535527e+306\":\"Ije\"}]}"]}