{"baseObjects":["[0,[-1,1.7976931348623157e+308,823,460,82,122,122,460]]","[0,823]","[0,823,null,null,null,null,[893,823,403]]","[0,823]"],"returnObjects":[null,"\"Error\"",null,null],"callbackArgs":["{\"0\":0,\"1\":0,\"2\":[0,823]}","{\"0\":[-1,1.7976931348623157e+308,823,460,82,122,122,460],\"1\":1,\"2\":[0,[-1,1.7976931348623157e+308,823,460,82,122,122,460]]}","{\"0\":0,\"1\":0,\"2\":[0,823]}","{\"0\":0,\"1\":0,\"2\":[0,823]}","{\"0\":823,\"1\":1,\"2\":[0,823,null,null,null,null,[893,823,403]]}","{\"0\":0,\"1\":0,\"2\":[0,823]}","{\"0\":823,\"1\":1,\"2\":[0,823]}"]}