{"baseObjects":["[607,9.446662418386418e+307,157,\"_`EJ\",714,969]","[607,\"S\",157,\"_`EJ\",714,969]","[607,\"S\",157,\"_`EJ\",714,969,{\"705\":595,\"783\":\"\",\"8.301229057214023e+306\":\"r\",\"\":\"I(\",\"8-O=\":1.082150339279095e+308,\"o\":\"P\"}]","[607,\"S\",157,\"_`EJ\",null,969,null,null,null,1.7756574254751938e+307]"],"returnObjects":[null,"607","\"Cannot set property '1' of undefined\"","\"argument9 is not defined\""],"callbackArgs":["{\"0\":607,\"1\":0,\"2\":[607,\"S\",157,\"_`EJ\",714,969]}","{\"0\":9.446662418386418e+307,\"1\":1,\"2\":[607,9.446662418386418e+307,157,\"_`EJ\",714,969]}","{\"0\":157,\"1\":2,\"2\":[607,9.446662418386418e+307,157,\"_`EJ\",714,969]}","{\"0\":\"_`EJ\",\"1\":3,\"2\":[607,9.446662418386418e+307,157,\"_`EJ\",714,969]}","{\"0\":714,\"1\":4,\"2\":[607,9.446662418386418e+307,157,\"_`EJ\",714,969]}","{\"0\":969,\"1\":5,\"2\":[607,9.446662418386418e+307,157,\"_`EJ\",714,969]}","{\"0\":607,\"1\":0,\"2\":[607,\"S\",157,\"_`EJ\",714,969]}","{\"0\":607,\"1\":0,\"2\":[607,\"S\",157,\"_`EJ\",714,969]}","{\"0\":607,\"1\":0,\"2\":[607,\"S\",157,\"_`EJ\",714,969]}"]}