{"baseObjects":["[242,460,\"\",0,-1,-1,0,460,1.7976931348623157e+308]","[242,460,969,0,-1,-1,0,460,1.7976931348623157e+308]","[242,460,969,0,-1,-1,0,460,1.7976931348623157e+308]","[\"\",460,969,0,-1,-1,0,460,1.7976931348623157e+308]"],"returnObjects":["242","242","\"Error\"","\"Error\""],"callbackArgs":["{\"0\":242,\"1\":0,\"2\":[242,460,969,0,-1,-1,0,460,1.7976931348623157e+308]}","{\"0\":242,\"1\":0,\"2\":[242,460,969,0,-1,-1,0,460,1.7976931348623157e+308]}","{\"0\":242,\"1\":0,\"2\":[242,460,969,0,-1,-1,0,460,1.7976931348623157e+308]}","{\"0\":242,\"1\":0,\"2\":[242,460,969,0,-1,-1,0,460,1.7976931348623157e+308]}"]}