{"baseObjects":["[893,213,655,82,783,893,null,{\"40\":\"S\",\"1.5920671462333497e+308\":8.57524230919425e+307,\"1.7976931348623157e+308\":823}]","[893,213,655,82,783,893]","[893,213,655,82,783,893]","[893,213,655,82,783,893]"],"returnObjects":[null,null,"\"Error\"","\"Error\""],"callbackArgs":["{\"0\":893,\"1\":0,\"2\":[893,213,655,82,783,893]}","{\"0\":213,\"1\":1,\"2\":[893,213,655,82,783,893,null,{\"40\":\"S\",\"1.5920671462333497e+308\":8.57524230919425e+307,\"1.7976931348623157e+308\":823}]}","{\"0\":655,\"1\":2,\"2\":[893,213,655,82,783,893,null,{\"40\":\"S\",\"1.5920671462333497e+308\":8.57524230919425e+307,\"1.7976931348623157e+308\":823}]}","{\"0\":82,\"1\":3,\"2\":[893,213,655,82,783,893,null,{\"40\":\"S\",\"1.5920671462333497e+308\":8.57524230919425e+307,\"1.7976931348623157e+308\":823}]}","{\"0\":783,\"1\":4,\"2\":[893,213,655,82,783,893,null,{\"40\":\"S\",\"1.5920671462333497e+308\":8.57524230919425e+307,\"1.7976931348623157e+308\":823}]}","{\"0\":893,\"1\":5,\"2\":[893,213,655,82,783,893,null,{\"40\":\"S\",\"1.5920671462333497e+308\":8.57524230919425e+307,\"1.7976931348623157e+308\":823}]}","{\"0\":893,\"1\":0,\"2\":[893,213,655,82,783,893]}","{\"0\":213,\"1\":1,\"2\":[893,213,655,82,783,893]}","{\"0\":655,\"1\":2,\"2\":[893,213,655,82,783,893]}","{\"0\":82,\"1\":3,\"2\":[893,213,655,82,783,893]}","{\"0\":783,\"1\":4,\"2\":[893,213,655,82,783,893]}","{\"0\":893,\"1\":5,\"2\":[893,213,655,82,783,893]}","{\"0\":893,\"1\":0,\"2\":[893,213,655,82,783,893]}","{\"0\":893,\"1\":0,\"2\":[893,213,655,82,783,893]}"]}