{"baseObjects":["[823,157,59,null,null,null,null,null,null,783]","[823,157,59,null,null,null,null,null,null,{\"25\":\"%c\",\"59\":157,\"618\":\"\",\"\":242,\"8.760786032019218e+307\":\"0upkF&7C\",\"6.643325357118675e+306\":1.5814160488809816e+308,\"1.7336579641084133e+308\":\"\",\"9.515810934508588e+307\":1.2987999632258598e+308,\"}80z\":2.0794108875517698e+307}]","[823,157,59]","[823,157,59]"],"returnObjects":[null,null,null,"\"argument8 is not defined\""],"callbackArgs":["{\"0\":823,\"1\":0,\"2\":[823,157,59]}","{\"0\":157,\"1\":1,\"2\":[823,157,59,null,null,null,null,null,null,783]}","{\"0\":59,\"1\":2,\"2\":[823,157,59,null,null,null,null,null,null,783]}","{\"0\":823,\"1\":0,\"2\":[823,157,59]}","{\"0\":157,\"1\":1,\"2\":[823,157,59,null,null,null,null,null,null,{\"25\":\"%c\",\"59\":157,\"618\":\"\",\"\":242,\"8.760786032019218e+307\":\"0upkF&7C\",\"6.643325357118675e+306\":1.5814160488809816e+308,\"1.7336579641084133e+308\":\"\",\"9.515810934508588e+307\":1.2987999632258598e+308,\"}80z\":2.0794108875517698e+307}]}","{\"0\":59,\"1\":2,\"2\":[823,157,59,null,null,null,null,null,null,{\"25\":\"%c\",\"59\":157,\"618\":\"\",\"\":242,\"8.760786032019218e+307\":\"0upkF&7C\",\"6.643325357118675e+306\":1.5814160488809816e+308,\"1.7336579641084133e+308\":\"\",\"9.515810934508588e+307\":1.2987999632258598e+308,\"}80z\":2.0794108875517698e+307}]}","{\"0\":823,\"1\":0,\"2\":[823,157,59]}","{\"0\":157,\"1\":1,\"2\":[823,157,59]}","{\"0\":59,\"1\":2,\"2\":[823,157,59]}","{\"0\":823,\"1\":0,\"2\":[823,157,59]}"]}