{"baseObjects":["[1.7976931348623157e+308,157,\"W\",242,\"&\",0,893,49,1.7976931348623157e+308]","[1.7976931348623157e+308,157,\"W\",242,\"&\",0,893,49,1.7976931348623157e+308]","[1.7976931348623157e+308,157,\"W\",242,\"&\",0,893,49,1.7976931348623157e+308]","[1.7976931348623157e+308,157,\"W\",242,\"&\",0,893,49,1.7976931348623157e+308]"],"returnObjects":[null,"1.7976931348623157e+308",null,"\"#<Object> is not a function\""],"callbackArgs":["{\"0\":1.7976931348623157e+308,\"1\":0,\"2\":[1.7976931348623157e+308,157,\"W\",242,\"&\",0,893,49,1.7976931348623157e+308]}","{\"0\":157,\"1\":1,\"2\":[1.7976931348623157e+308,157,\"W\",242,\"&\",0,893,49,1.7976931348623157e+308]}","{\"0\":\"W\",\"1\":2,\"2\":[1.7976931348623157e+308,157,\"W\",242,\"&\",0,893,49,1.7976931348623157e+308]}","{\"0\":242,\"1\":3,\"2\":[1.7976931348623157e+308,157,\"W\",242,\"&\",0,893,49,1.7976931348623157e+308]}","{\"0\":\"&\",\"1\":4,\"2\":[1.7976931348623157e+308,157,\"W\",242,\"&\",0,893,49,1.7976931348623157e+308]}","{\"0\":0,\"1\":5,\"2\":[1.7976931348623157e+308,157,\"W\",242,\"&\",0,893,49,1.7976931348623157e+308]}","{\"0\":893,\"1\":6,\"2\":[1.7976931348623157e+308,157,\"W\",242,\"&\",0,893,49,1.7976931348623157e+308]}","{\"0\":49,\"1\":7,\"2\":[1.7976931348623157e+308,157,\"W\",242,\"&\",0,893,49,1.7976931348623157e+308]}","{\"0\":1.7976931348623157e+308,\"1\":8,\"2\":[1.7976931348623157e+308,157,\"W\",242,\"&\",0,893,49,1.7976931348623157e+308]}","{\"0\":1.7976931348623157e+308,\"1\":0,\"2\":[1.7976931348623157e+308,157,\"W\",242,\"&\",0,893,49,1.7976931348623157e+308]}","{\"0\":1.7976931348623157e+308,\"1\":0,\"2\":[1.7976931348623157e+308,157,\"W\",242,\"&\",0,893,49,1.7976931348623157e+308]}","{\"0\":157,\"1\":1,\"2\":[1.7976931348623157e+308,157,\"W\",242,\"&\",0,893,49,1.7976931348623157e+308]}","{\"0\":\"W\",\"1\":2,\"2\":[1.7976931348623157e+308,157,\"W\",242,\"&\",0,893,49,1.7976931348623157e+308]}","{\"0\":242,\"1\":3,\"2\":[1.7976931348623157e+308,157,\"W\",242,\"&\",0,893,49,1.7976931348623157e+308]}","{\"0\":\"&\",\"1\":4,\"2\":[1.7976931348623157e+308,157,\"W\",242,\"&\",0,893,49,1.7976931348623157e+308]}","{\"0\":0,\"1\":5,\"2\":[1.7976931348623157e+308,157,\"W\",242,\"&\",0,893,49,1.7976931348623157e+308]}","{\"0\":893,\"1\":6,\"2\":[1.7976931348623157e+308,157,\"W\",242,\"&\",0,893,49,1.7976931348623157e+308]}","{\"0\":49,\"1\":7,\"2\":[1.7976931348623157e+308,157,\"W\",242,\"&\",0,893,49,1.7976931348623157e+308]}","{\"0\":1.7976931348623157e+308,\"1\":8,\"2\":[1.7976931348623157e+308,157,\"W\",242,\"&\",0,893,49,1.7976931348623157e+308]}"]}