{"baseObjects":["[714,0,213,783,0,7.775984727109039e+307,1.7976931348623157e+308,-100]","[714,0,213,783,0,126,1.7976931348623157e+308,-100]","[\"\",0,213,783,0,126,1.332868279117913e+308,-100]","[714,0,213,783,0,126,1.7976931348623157e+308,-100]"],"returnObjects":[null,null,"\"Cannot set property '0' of null\"",null],"callbackArgs":["{\"0\":714,\"1\":0,\"2\":[714,0,213,783,0,126,1.7976931348623157e+308,-100]}","{\"0\":0,\"1\":1,\"2\":[714,0,213,783,0,7.775984727109039e+307,1.7976931348623157e+308,-100]}","{\"0\":213,\"1\":2,\"2\":[714,0,213,783,0,7.775984727109039e+307,1.7976931348623157e+308,-100]}","{\"0\":783,\"1\":3,\"2\":[714,0,213,783,0,7.775984727109039e+307,1.7976931348623157e+308,-100]}","{\"0\":0,\"1\":4,\"2\":[714,0,213,783,0,7.775984727109039e+307,1.7976931348623157e+308,-100]}","{\"0\":7.775984727109039e+307,\"1\":5,\"2\":[714,0,213,783,0,7.775984727109039e+307,1.7976931348623157e+308,-100]}","{\"0\":1.7976931348623157e+308,\"1\":6,\"2\":[714,0,213,783,0,7.775984727109039e+307,1.7976931348623157e+308,-100]}","{\"0\":-100,\"1\":7,\"2\":[714,0,213,783,0,7.775984727109039e+307,1.7976931348623157e+308,-100]}","{\"0\":714,\"1\":0,\"2\":[714,0,213,783,0,126,1.7976931348623157e+308,-100]}","{\"0\":0,\"1\":1,\"2\":[714,0,213,783,0,126,1.7976931348623157e+308,-100]}","{\"0\":213,\"1\":2,\"2\":[714,0,213,783,0,126,1.7976931348623157e+308,-100]}","{\"0\":783,\"1\":3,\"2\":[714,0,213,783,0,126,1.7976931348623157e+308,-100]}","{\"0\":0,\"1\":4,\"2\":[714,0,213,783,0,126,1.7976931348623157e+308,-100]}","{\"0\":126,\"1\":5,\"2\":[714,0,213,783,0,126,1.7976931348623157e+308,-100]}","{\"0\":1.7976931348623157e+308,\"1\":6,\"2\":[714,0,213,783,0,126,1.7976931348623157e+308,-100]}","{\"0\":-100,\"1\":7,\"2\":[714,0,213,783,0,126,1.7976931348623157e+308,-100]}","{\"0\":714,\"1\":0,\"2\":[714,0,213,783,0,126,1.7976931348623157e+308,-100]}","{\"0\":714,\"1\":0,\"2\":[714,0,213,783,0,126,1.7976931348623157e+308,-100]}","{\"0\":0,\"1\":1,\"2\":[714,0,213,783,0,126,1.7976931348623157e+308,-100]}","{\"0\":213,\"1\":2,\"2\":[714,0,213,783,0,126,1.7976931348623157e+308,-100]}","{\"0\":783,\"1\":3,\"2\":[714,0,213,783,0,126,1.7976931348623157e+308,-100]}","{\"0\":0,\"1\":4,\"2\":[714,0,213,783,0,126,1.7976931348623157e+308,-100]}","{\"0\":126,\"1\":5,\"2\":[714,0,213,783,0,126,1.7976931348623157e+308,-100]}","{\"0\":1.7976931348623157e+308,\"1\":6,\"2\":[714,0,213,783,0,126,1.7976931348623157e+308,-100]}","{\"0\":-100,\"1\":7,\"2\":[714,0,213,783,0,126,1.7976931348623157e+308,-100]}"]}