{"baseObjects":["[242,893,242,655,5e-324,655,5e-324]","[242,893,242,655,5e-324,655,5e-324]","[{\"122\":\"L\",\"1.3272173462684985e+308\":\"\",\"1.379461841571082e+308\":\"\",\"\":655},893,242,655,5e-324,655,5e-324]","[242,893,242,655,5e-324,655,5e-324]"],"returnObjects":["242",null,"242","\"argument7 is not defined\""],"callbackArgs":["{\"0\":242,\"1\":0,\"2\":[242,893,242,655,5e-324,655,5e-324]}","{\"0\":242,\"1\":0,\"2\":[242,893,242,655,5e-324,655,5e-324]}","{\"0\":893,\"1\":1,\"2\":[242,893,242,655,5e-324,655,5e-324]}","{\"0\":242,\"1\":2,\"2\":[242,893,242,655,5e-324,655,5e-324]}","{\"0\":655,\"1\":3,\"2\":[242,893,242,655,5e-324,655,5e-324]}","{\"0\":5e-324,\"1\":4,\"2\":[242,893,242,655,5e-324,655,5e-324]}","{\"0\":655,\"1\":5,\"2\":[242,893,242,655,5e-324,655,5e-324]}","{\"0\":5e-324,\"1\":6,\"2\":[242,893,242,655,5e-324,655,5e-324]}","{\"0\":242,\"1\":0,\"2\":[242,893,242,655,5e-324,655,5e-324]}","{\"0\":242,\"1\":0,\"2\":[242,893,242,655,5e-324,655,5e-324]}"]}