{"baseObjects":["[8.009209841449468e+307,655,59,607,0,823,null,null,null,[242,157,783,49,-1,25,893,627]]","[705,655,59,607,0,823]","[[823,\"U2\",\"su\",157],655,59,607,0,null]","\"m\""],"returnObjects":[null,"\"Error\"","705",null],"callbackArgs":["{\"0\":705,\"1\":0,\"2\":[705,655,59,607,0,823]}","{\"0\":655,\"1\":1,\"2\":[8.009209841449468e+307,655,59,607,0,823,null,null,null,[242,157,783,49,-1,25,893,627]]}","{\"0\":59,\"1\":2,\"2\":[8.009209841449468e+307,655,59,607,0,823,null,null,null,[242,157,783,49,-1,25,893,627]]}","{\"0\":607,\"1\":3,\"2\":[8.009209841449468e+307,655,59,607,0,823,null,null,null,[242,157,783,49,-1,25,893,627]]}","{\"0\":0,\"1\":4,\"2\":[8.009209841449468e+307,655,59,607,0,823,null,null,null,[242,157,783,49,-1,25,893,627]]}","{\"0\":823,\"1\":5,\"2\":[8.009209841449468e+307,655,59,607,0,823,null,null,null,[242,157,783,49,-1,25,893,627]]}","{\"0\":705,\"1\":0,\"2\":[705,655,59,607,0,823]}","{\"0\":705,\"1\":0,\"2\":[705,655,59,607,0,823]}","{\"0\":705,\"1\":0,\"2\":[705,655,59,607,0,823]}","{\"0\":655,\"1\":1,\"2\":[705,655,59,607,0,823]}","{\"0\":59,\"1\":2,\"2\":[705,655,59,607,0,823]}","{\"0\":607,\"1\":3,\"2\":[705,655,59,607,0,823]}","{\"0\":0,\"1\":4,\"2\":[705,655,59,607,0,823]}","{\"0\":823,\"1\":5,\"2\":[705,655,59,607,0,823]}"]}