{"baseObjects":["[607,618,595,100,627,25,126,705]","[607,618,595,100,627,25,126,705]","[607,618,595,100,627,25,126,705]","[607,618,595,100,627,1.6408977581158965e+308,126,705]"],"returnObjects":["\"Cannot set property '1.1881593224845412e+308' of null\"","\"Cannot set property '!j' of null\"","\"Cannot set property '0' of undefined\"","607"],"callbackArgs":["{\"0\":607,\"1\":0,\"2\":[607,618,595,100,627,25,126,705]}","{\"0\":607,\"1\":0,\"2\":[607,618,595,100,627,25,126,705]}","{\"0\":607,\"1\":0,\"2\":[607,618,595,100,627,25,126,705]}","{\"0\":607,\"1\":0,\"2\":[607,618,595,100,627,25,126,705]}"]}