{"baseObjects":["[\"u\",783,618,627,null,null,null,null,{\"242\":\"r\",\"783\":\"h*\",\"\":\"\",\"1.0325117097960891e+308\":403,\"9.619841103634622e+307\":4.538654082067886e+307,\"1.4688501108681803e+308\":157,\")\":\"\",\"6.52671187274092e+307\":\",1\"},false]","[\"u\",783,618,627]","[\"u\",783,618,627]","[\"u\",783,618,627]"],"returnObjects":[null,"\"u\"",null,"\"argument11 is not defined\""],"callbackArgs":["{\"0\":\"u\",\"1\":0,\"2\":[\"u\",783,618,627]}","{\"0\":783,\"1\":1,\"2\":[\"u\",783,618,627,null,null,null,null,{\"242\":\"r\",\"783\":\"h*\",\"\":\"\",\"1.0325117097960891e+308\":403,\"9.619841103634622e+307\":4.538654082067886e+307,\"1.4688501108681803e+308\":157,\")\":\"\",\"6.52671187274092e+307\":\",1\"},false]}","{\"0\":618,\"1\":2,\"2\":[\"u\",783,618,627,null,null,null,null,{\"242\":\"r\",\"783\":\"h*\",\"\":\"\",\"1.0325117097960891e+308\":403,\"9.619841103634622e+307\":4.538654082067886e+307,\"1.4688501108681803e+308\":157,\")\":\"\",\"6.52671187274092e+307\":\",1\"},false]}","{\"0\":627,\"1\":3,\"2\":[\"u\",783,618,627,null,null,null,null,{\"242\":\"r\",\"783\":\"h*\",\"\":\"\",\"1.0325117097960891e+308\":403,\"9.619841103634622e+307\":4.538654082067886e+307,\"1.4688501108681803e+308\":157,\")\":\"\",\"6.52671187274092e+307\":\",1\"},false]}","{\"0\":\"u\",\"1\":0,\"2\":[\"u\",783,618,627]}","{\"0\":\"u\",\"1\":0,\"2\":[\"u\",783,618,627]}","{\"0\":783,\"1\":1,\"2\":[\"u\",783,618,627]}","{\"0\":618,\"1\":2,\"2\":[\"u\",783,618,627]}","{\"0\":627,\"1\":3,\"2\":[\"u\",783,618,627]}","{\"0\":\"u\",\"1\":0,\"2\":[\"u\",783,618,627]}"]}