{"baseObjects":["[0,\"ECr\",\"s\",null,null,null,1.209783164157725e+307]","[0,\"ECr\",\"s\",null,null,null,null,{\"49\":\"F\",\"893\":\"5#&^$\",\"\":595,\"8.67486099559871e+307\":\"g\",\"2L+\":893,\"i&Y\":655,\"1.6219539715804006e+308\":5.012299611977361e+307,\"8.576193237744693e+307\":\"G\",\"1.669111106835708e+308\":\"\",\"_\":1.7014334406157127e+308}]","[]","[0,\"ECr\",\"s\"]"],"returnObjects":["\"Error\"","false","false","\"Error\""],"callbackArgs":["{\"0\":0,\"1\":0,\"2\":[0,\"ECr\",\"s\"]}","{\"0\":0,\"1\":0,\"2\":[0,\"ECr\",\"s\"]}","{\"0\":0,\"1\":0,\"2\":[0,\"ECr\",\"s\"]}","{\"0\":0,\"1\":0,\"2\":[0,\"ECr\",\"s\"]}"]}