{"baseObjects":["[823,655,1.7976931348623157e+308,122]","[823,655,1.7976931348623157e+308,122]","[823,655,1.7976931348623157e+308,122]","[823,655,1.7976931348623157e+308,122]"],"returnObjects":["\"Error\"","\"Error\"","\"Error\"","\"Error\""],"callbackArgs":["{\"0\":823,\"1\":0,\"2\":[823,655,1.7976931348623157e+308,122]}","{\"0\":823,\"1\":0,\"2\":[823,655,1.7976931348623157e+308,122]}","{\"0\":823,\"1\":0,\"2\":[823,655,1.7976931348623157e+308,122]}","{\"0\":823,\"1\":0,\"2\":[823,655,1.7976931348623157e+308,122]}"]}