{"baseObjects":["[{\"1.452034351035759e+307\":\"\",\"5.307933382105556e+307\":1.0362833710448801e+308,\"\":1.0163647487767389e+308,\" U\":\"&KiRF\"},\"R\",\"d3\"]","[\"?mc\",\"R\",\"d3\"]","[\"?mc\",\"R\",{\"25\":5.286215977385208e+307,\"82\":\"tfP\",\"100\":\"\",\"242\":\"%H\",\"783\":1.7976931348623157e+308,\"$P\":49,\"o\":\"\",\"\":\"\",\"9.29326485410369e+307\":655},null,null,null,true]","[\"?mc\",\"R\",\"d3\",null,null,null,null,null,null,null]"],"returnObjects":["true","false","false","true"],"callbackArgs":["{\"0\":\"?mc\",\"1\":0,\"2\":[\"?mc\",\"R\",\"d3\"]}","{\"0\":\"R\",\"1\":1,\"2\":[{\"1.452034351035759e+307\":\"\",\"5.307933382105556e+307\":1.0362833710448801e+308,\"\":1.0163647487767389e+308,\" U\":\"&KiRF\"},\"R\",\"d3\"]}","{\"0\":\"d3\",\"1\":2,\"2\":[{\"1.452034351035759e+307\":\"\",\"5.307933382105556e+307\":1.0362833710448801e+308,\"\":1.0163647487767389e+308,\" U\":\"&KiRF\"},\"R\",\"d3\"]}","{\"0\":\"?mc\",\"1\":0,\"2\":[\"?mc\",\"R\",\"d3\"]}","{\"0\":\"?mc\",\"1\":0,\"2\":[\"?mc\",\"R\",\"d3\"]}","{\"0\":\"?mc\",\"1\":0,\"2\":[\"?mc\",\"R\",\"d3\"]}","{\"0\":\"R\",\"1\":1,\"2\":[\"?mc\",\"R\",\"d3\",null,null,null,null,null,null,null]}","{\"0\":\"d3\",\"1\":2,\"2\":[\"?mc\",\"R\",\"d3\",null,null,null,null,null,null,null]}"]}