{"baseObjects":["[213,-100,714,82,969,null,null,null,\"\"]","[213,{\"0\":7.24130605438926e+306,\"82\":627,\"\":\"\",\"a\":1.3679215435546338e+307,\"LZ<QJ\":\"(nyW\",\"1.207395645447451e+308\":1.8756677425709575e+307,\"v\":2.970002635667032e+307,\"V\":4.450885929850367e+307,\"1.7976931348623157e+308\":783,\"7.355295867698028e+307\":\"\"},714,82,969]","[213,-100,714,82,969]","[213,-100,714,82,969]"],"returnObjects":["false","false","false","false"],"callbackArgs":["{\"0\":213,\"1\":0,\"2\":[213,-100,714,82,969]}","{\"0\":213,\"1\":0,\"2\":[213,-100,714,82,969]}","{\"0\":213,\"1\":0,\"2\":[213,-100,714,82,969]}","{\"0\":213,\"1\":0,\"2\":[213,-100,714,82,969]}"]}