{"baseObjects":["[843,969,627,25,1.7976931348623157e+308,49,783,403]","[843,969,627,25,1.7976931348623157e+308,49,783,403]","[843,969,627,25,1.7976931348623157e+308,49,1.1634614072946052e+308,403]","[843,969,627,25,1.7976931348623157e+308,49,783,403]"],"returnObjects":["false","false","true","\"Error\""],"callbackArgs":["{\"0\":843,\"1\":0,\"2\":[843,969,627,25,1.7976931348623157e+308,49,783,403]}","{\"0\":843,\"1\":0,\"2\":[843,969,627,25,1.7976931348623157e+308,49,783,403]}","{\"0\":843,\"1\":0,\"2\":[843,969,627,25,1.7976931348623157e+308,49,783,403]}","{\"0\":969,\"1\":1,\"2\":[843,969,627,25,1.7976931348623157e+308,49,1.1634614072946052e+308,403]}","{\"0\":627,\"1\":2,\"2\":[843,969,627,25,1.7976931348623157e+308,49,1.1634614072946052e+308,403]}","{\"0\":25,\"1\":3,\"2\":[843,969,627,25,1.7976931348623157e+308,49,1.1634614072946052e+308,403]}","{\"0\":1.7976931348623157e+308,\"1\":4,\"2\":[843,969,627,25,1.7976931348623157e+308,49,1.1634614072946052e+308,403]}","{\"0\":49,\"1\":5,\"2\":[843,969,627,25,1.7976931348623157e+308,49,1.1634614072946052e+308,403]}","{\"0\":1.1634614072946052e+308,\"1\":6,\"2\":[843,969,627,25,1.7976931348623157e+308,49,1.1634614072946052e+308,403]}","{\"0\":403,\"1\":7,\"2\":[843,969,627,25,1.7976931348623157e+308,49,1.1634614072946052e+308,403]}","{\"0\":843,\"1\":0,\"2\":[843,969,627,25,1.7976931348623157e+308,49,783,403]}"]}