{"baseObjects":["[969,0,[705,595,893,607,122,59,0,-100,893],9.373818655356449e+307]","[969,0,823,\"Gs-\",null,null,null,null,1.2248085227017196e+308]","[969,0,823,\"Gs-\"]","[969,0,823,\"Gs-\"]"],"returnObjects":["true","false","false","\"Error\""],"callbackArgs":["{\"0\":969,\"1\":0,\"2\":[969,0,823,\"Gs-\"]}","{\"0\":0,\"1\":1,\"2\":[969,0,[705,595,893,607,122,59,0,-100,893],9.373818655356449e+307]}","{\"0\":[705,595,893,607,122,59,0,-100,893],\"1\":2,\"2\":[969,0,[705,595,893,607,122,59,0,-100,893],9.373818655356449e+307]}","{\"0\":9.373818655356449e+307,\"1\":3,\"2\":[969,0,[705,595,893,607,122,59,0,-100,893],9.373818655356449e+307]}","{\"0\":969,\"1\":0,\"2\":[969,0,823,\"Gs-\"]}","{\"0\":969,\"1\":0,\"2\":[969,0,823,\"Gs-\"]}","{\"0\":969,\"1\":0,\"2\":[969,0,823,\"Gs-\"]}"]}