{"baseObjects":["[893,0,783,1.7976931348623157e+308,null,59]","[893,0,783,1.7976931348623157e+308]","[893,0,783,1.7976931348623157e+308]","[893,0,783,1.7976931348623157e+308,null,null,[403,157,460],null,[213,1.7976931348623157e+308,627,843,893,893,893,59,-1]]"],"returnObjects":["false","false","\"Error\"","false"],"callbackArgs":["{\"0\":893,\"1\":0,\"2\":[893,0,783,1.7976931348623157e+308]}","{\"0\":893,\"1\":0,\"2\":[893,0,783,1.7976931348623157e+308]}","{\"0\":893,\"1\":0,\"2\":[893,0,783,1.7976931348623157e+308]}"]}