{"baseObjects":["[893,823]","[893,823]","[893,823,null,null,null,{\"595\":\"\",\"1.1112047124878478e+308\":\"\",\"8.532219297782195e+307\":122,\"3.083910988293413e+306\":0,\"\":\"SG}(F\",\"5.520850126056372e+307\":\"A!9\",\"`h6f\":969}]","[893,823,null,null,null,null,\"\",null,[157,618,627,893,122,893,100,714,126]]"],"returnObjects":["\"Error\"","\"Error\"","false","false"],"callbackArgs":["{\"0\":893,\"1\":0,\"2\":[893,823]}","{\"0\":893,\"1\":0,\"2\":[893,823]}","{\"0\":893,\"1\":0,\"2\":[893,823]}","{\"0\":893,\"1\":0,\"2\":[893,823]}"]}