{"baseObjects":["[8.065436459749574e+306,655]","[100,655]","[100,655]","[100,655,null,true,null,null,[157,\"<^\",\"z\",\"B0CcY\",1.7976931348623157e+308,\"J\",893]]"],"returnObjects":["false","false","\"Error\"","\"Error\""],"callbackArgs":["{\"0\":100,\"1\":0,\"2\":[100,655]}","{\"0\":100,\"1\":0,\"2\":[100,655]}","{\"0\":100,\"1\":0,\"2\":[100,655]}","{\"0\":100,\"1\":0,\"2\":[100,655]}"]}