{"baseObjects":["[655,627,893,460,627,242,607]","[655,627,893,460,627,242,607]","[655,{\"403\":\"p\",\"823\":2.0796874953747124e+307,\"1.2402781459971547e+308\":\"\",\"6.928462320200123e+306\":\"[\",\"\":\"\",\"1.4820259035990584e+308\":7.526378834255857e+307,\"I\":\"%\",\"5e-324\":\"B\"},893,460,627,242,607]","[]"],"returnObjects":["false","\"Error\"","true","\"Error\""],"callbackArgs":["{\"0\":655,\"1\":0,\"2\":[655,627,893,460,627,242,607]}","{\"0\":655,\"1\":0,\"2\":[655,627,893,460,627,242,607]}","{\"0\":655,\"1\":0,\"2\":[655,627,893,460,627,242,607]}","{\"0\":{\"403\":\"p\",\"823\":2.0796874953747124e+307,\"1.2402781459971547e+308\":\"\",\"6.928462320200123e+306\":\"[\",\"\":\"\",\"1.4820259035990584e+308\":7.526378834255857e+307,\"I\":\"%\",\"5e-324\":\"B\"},\"1\":1,\"2\":[655,{\"403\":\"p\",\"823\":2.0796874953747124e+307,\"1.2402781459971547e+308\":\"\",\"6.928462320200123e+306\":\"[\",\"\":\"\",\"1.4820259035990584e+308\":7.526378834255857e+307,\"I\":\"%\",\"5e-324\":\"B\"},893,460,627,242,607]}","{\"0\":893,\"1\":2,\"2\":[655,{\"403\":\"p\",\"823\":2.0796874953747124e+307,\"1.2402781459971547e+308\":\"\",\"6.928462320200123e+306\":\"[\",\"\":\"\",\"1.4820259035990584e+308\":7.526378834255857e+307,\"I\":\"%\",\"5e-324\":\"B\"},893,460,627,242,607]}","{\"0\":460,\"1\":3,\"2\":[655,{\"403\":\"p\",\"823\":2.0796874953747124e+307,\"1.2402781459971547e+308\":\"\",\"6.928462320200123e+306\":\"[\",\"\":\"\",\"1.4820259035990584e+308\":7.526378834255857e+307,\"I\":\"%\",\"5e-324\":\"B\"},893,460,627,242,607]}","{\"0\":627,\"1\":4,\"2\":[655,{\"403\":\"p\",\"823\":2.0796874953747124e+307,\"1.2402781459971547e+308\":\"\",\"6.928462320200123e+306\":\"[\",\"\":\"\",\"1.4820259035990584e+308\":7.526378834255857e+307,\"I\":\"%\",\"5e-324\":\"B\"},893,460,627,242,607]}","{\"0\":242,\"1\":5,\"2\":[655,{\"403\":\"p\",\"823\":2.0796874953747124e+307,\"1.2402781459971547e+308\":\"\",\"6.928462320200123e+306\":\"[\",\"\":\"\",\"1.4820259035990584e+308\":7.526378834255857e+307,\"I\":\"%\",\"5e-324\":\"B\"},893,460,627,242,607]}","{\"0\":607,\"1\":6,\"2\":[655,{\"403\":\"p\",\"823\":2.0796874953747124e+307,\"1.2402781459971547e+308\":\"\",\"6.928462320200123e+306\":\"[\",\"\":\"\",\"1.4820259035990584e+308\":7.526378834255857e+307,\"I\":\"%\",\"5e-324\":\"B\"},893,460,627,242,607]}","{\"0\":655,\"1\":0,\"2\":[655,627,893,460,627,242,607]}"]}