{"baseObjects":["[823,\"B?:\",0,1.7976931348623157e+308]","[823,\"B?:\",0,1.7976931348623157e+308]","[823,\"B?:\",0,1.7976931348623157e+308,null,null,{},6.9315407549851315e+307]","[823,[\"Y\",969,\"2\",618,126,157,59,126,100],0,1.7976931348623157e+308]"],"returnObjects":["true","false","true","false"],"callbackArgs":["{\"0\":823,\"1\":0,\"2\":[823,\"B?:\",0,1.7976931348623157e+308]}","{\"0\":\"B?:\",\"1\":1,\"2\":[823,\"B?:\",0,1.7976931348623157e+308]}","{\"0\":0,\"1\":2,\"2\":[823,\"B?:\",0,1.7976931348623157e+308]}","{\"0\":1.7976931348623157e+308,\"1\":3,\"2\":[823,\"B?:\",0,1.7976931348623157e+308]}","{\"0\":823,\"1\":0,\"2\":[823,\"B?:\",0,1.7976931348623157e+308]}","{\"0\":823,\"1\":0,\"2\":[823,\"B?:\",0,1.7976931348623157e+308]}","{\"0\":\"B?:\",\"1\":1,\"2\":[823,\"B?:\",0,1.7976931348623157e+308,null,null,{},6.9315407549851315e+307]}","{\"0\":0,\"1\":2,\"2\":[823,\"B?:\",0,1.7976931348623157e+308,null,null,{},6.9315407549851315e+307]}","{\"0\":1.7976931348623157e+308,\"1\":3,\"2\":[823,\"B?:\",0,1.7976931348623157e+308,null,null,{},6.9315407549851315e+307]}","{\"0\":823,\"1\":0,\"2\":[823,\"B?:\",0,1.7976931348623157e+308]}"]}