{"baseObjects":["[460,242,82,843,\"`w\",627]","[460,242,82,843,\"`w\",627,null,null,null,\"+\"]","[460,242,82,843,\"`w\",627,null,null,null,{\"7\":969,\"627\":460,\"655\":\"T=\",\"Y\":\"S-\",\"8.959172345561256e+307\":1.7806379069838817e+308,\"1.2248236696786226e+308\":1.2797258574469397e+308,\">72<3\":\"T8\",\"1.0966443546360954e+308\":\"O\",\"6.189332447704862e+307\":\"\"}]","[460,242,82,843,\"`w\",627]"],"returnObjects":["false","false","false","false"],"callbackArgs":["{\"0\":460,\"1\":0,\"2\":[460,242,82,843,\"`w\",627]}","{\"0\":460,\"1\":0,\"2\":[460,242,82,843,\"`w\",627]}","{\"0\":460,\"1\":0,\"2\":[460,242,82,843,\"`w\",627]}","{\"0\":460,\"1\":0,\"2\":[460,242,82,843,\"`w\",627]}"]}