{"baseObjects":["[705,843]","[705,843]","[705,843,null,null,null,null,null,null,null,1.4387859726201242e+308]","[705,843,null,null,1.0585900495678712e+308,null,null,[627,595],null,[655,627,893,122,607,49,-1,607]]"],"returnObjects":["false","\"Error\"","false","false"],"callbackArgs":["{\"0\":705,\"1\":0,\"2\":[705,843]}","{\"0\":705,\"1\":0,\"2\":[705,843]}","{\"0\":705,\"1\":0,\"2\":[705,843]}","{\"0\":705,\"1\":0,\"2\":[705,843]}"]}