{"baseObjects":["[\"w\",242,\"rJ[\",460,403,true]","[\"w\",false,\"rJ[\",460,403,null]","[\"w\",{\"\":\"n`\",\"L\":\"LD\",\"1.2706965947076564e+308\":\"\",\"yXaSI]\":\"\",\"1.3257830755356962e+308\":\"l\",\"1.2563348983511832e+308\":\"\",\"1.3064412294633565e+308\":\"\"},\"rJ[\",460,403,0]","[\"w\",null,\"rJ[\",460,[969,783,627,618,783,607],0]"],"returnObjects":["true","false","false","true"],"callbackArgs":["{\"0\":\"w\",\"1\":0,\"2\":[\"w\",242,\"rJ[\",460,403,0]}","{\"0\":242,\"1\":1,\"2\":[\"w\",242,\"rJ[\",460,403,true]}","{\"0\":\"rJ[\",\"1\":2,\"2\":[\"w\",242,\"rJ[\",460,403,true]}","{\"0\":460,\"1\":3,\"2\":[\"w\",242,\"rJ[\",460,403,true]}","{\"0\":403,\"1\":4,\"2\":[\"w\",242,\"rJ[\",460,403,true]}","{\"0\":true,\"1\":5,\"2\":[\"w\",242,\"rJ[\",460,403,true]}","{\"0\":\"w\",\"1\":0,\"2\":[\"w\",242,\"rJ[\",460,403,0]}","{\"0\":\"w\",\"1\":0,\"2\":[\"w\",242,\"rJ[\",460,403,0]}","{\"0\":\"w\",\"1\":0,\"2\":[\"w\",242,\"rJ[\",460,403,0]}","{\"0\":null,\"1\":1,\"2\":[\"w\",null,\"rJ[\",460,[969,783,627,618,783,607],0]}","{\"0\":\"rJ[\",\"1\":2,\"2\":[\"w\",null,\"rJ[\",460,[969,783,627,618,783,607],0]}","{\"0\":460,\"1\":3,\"2\":[\"w\",null,\"rJ[\",460,[969,783,627,618,783,607],0]}","{\"0\":[969,783,627,618,783,607],\"1\":4,\"2\":[\"w\",null,\"rJ[\",460,[969,783,627,618,783,607],0]}","{\"0\":0,\"1\":5,\"2\":[\"w\",null,\"rJ[\",460,[969,783,627,618,783,607],0]}"]}