{"baseObjects":["[213,969,100,627,714,714,893,1.7976931348623157e+308,157]","[213,{\"1.2807315462030686e+308\":\"\",\"\":\"\",\"f9\":\"3[\",\"1.1623049905021237e+308\":\"nt\",\"!\":\"e\"},100,627,714,714,893,1.7976931348623157e+308,157]","[213,969,100,627,714,714,893,1.7976931348623157e+308,157]","[\"^\",\"v]*5)P\",\"n8\",\"KLAo-?\",\"r\",\"M\",\"V\"]"],"returnObjects":["false","false","\"Error\"","\"Error\""],"callbackArgs":["{\"0\":213,\"1\":0,\"2\":[213,969,100,627,714,714,893,1.7976931348623157e+308,157]}","{\"0\":213,\"1\":0,\"2\":[213,969,100,627,714,714,893,1.7976931348623157e+308,157]}","{\"0\":213,\"1\":0,\"2\":[213,969,100,627,714,714,893,1.7976931348623157e+308,157]}","{\"0\":213,\"1\":0,\"2\":[213,969,100,627,714,714,893,1.7976931348623157e+308,157]}"]}