{"baseObjects":["[618,460,403,618,59,-1,969,82,627]","[618,460,403,618,59,-1,969,82,627]","[618,460,403,618,59,-1,969,82,627]","[4.56211468597259e+307,460,403,618,59,-1,969,82,627]"],"returnObjects":["false","\"Error\"","false","true"],"callbackArgs":["{\"0\":618,\"1\":0,\"2\":[618,460,403,618,59,-1,969,82,627]}","{\"0\":618,\"1\":0,\"2\":[618,460,403,618,59,-1,969,82,627]}","{\"0\":618,\"1\":0,\"2\":[618,460,403,618,59,-1,969,82,627]}","{\"0\":460,\"1\":1,\"2\":[4.56211468597259e+307,460,403,618,59,-1,969,82,627]}","{\"0\":403,\"1\":2,\"2\":[4.56211468597259e+307,460,403,618,59,-1,969,82,627]}","{\"0\":618,\"1\":3,\"2\":[4.56211468597259e+307,460,403,618,59,-1,969,82,627]}","{\"0\":59,\"1\":4,\"2\":[4.56211468597259e+307,460,403,618,59,-1,969,82,627]}","{\"0\":-1,\"1\":5,\"2\":[4.56211468597259e+307,460,403,618,59,-1,969,82,627]}","{\"0\":969,\"1\":6,\"2\":[4.56211468597259e+307,460,403,618,59,-1,969,82,627]}","{\"0\":82,\"1\":7,\"2\":[4.56211468597259e+307,460,403,618,59,-1,969,82,627]}","{\"0\":627,\"1\":8,\"2\":[4.56211468597259e+307,460,403,618,59,-1,969,82,627]}"]}