{"baseObjects":["[\"3vmU\",\"PlID\",{\"126\":\"\",\"823\":1.4743716464772147e+308,\"`\":1.2330050576969518e+308,\"\":\"\",\"j\":\"\",\"*s]\":1.7976931348623157e+308,\"%#$H\":\"\",\"c|\":\"\",\"sb\":25},\"qD\",\"m+R\",\"n;\",\"O\",\"JJ\",\"2\"]","[\"3vmU\",\"PlID\",\"L\",\"qD\",\"m+R\",\"n;\",\"O\",{\"5\":6.051960320228408e+307,\"823\":\"E\",\"893\":0,\"3.597843849061993e+307\":7.240019299149309e+307,\"1.595054039104276e+307\":\"r\",\"\":100,\"8.444544937135552e+307\":893},\"2\"]","[[49,460,5e-324,-1],\"PlID\",\"L\",\"qD\",\"m+R\",null,\"O\",\"JJ\",\"2\"]","[\"3vmU\",\"PlID\",\"L\",\"qD\",\"m+R\",\"n;\",\"O\",\"JJ\",\"2\"]"],"returnObjects":["true","false","false","false"],"callbackArgs":["{\"0\":\"3vmU\",\"1\":0,\"2\":[\"3vmU\",\"PlID\",\"L\",\"qD\",\"m+R\",\"n;\",\"O\",\"JJ\",\"2\"]}","{\"0\":\"PlID\",\"1\":1,\"2\":[\"3vmU\",\"PlID\",{\"126\":\"\",\"823\":1.4743716464772147e+308,\"`\":1.2330050576969518e+308,\"\":\"\",\"j\":\"\",\"*s]\":1.7976931348623157e+308,\"%#$H\":\"\",\"c|\":\"\",\"sb\":25},\"qD\",\"m+R\",\"n;\",\"O\",\"JJ\",\"2\"]}","{\"0\":{\"126\":\"\",\"823\":1.4743716464772147e+308,\"`\":1.2330050576969518e+308,\"\":\"\",\"j\":\"\",\"*s]\":1.7976931348623157e+308,\"%#$H\":\"\",\"c|\":\"\",\"sb\":25},\"1\":2,\"2\":[\"3vmU\",\"PlID\",{\"126\":\"\",\"823\":1.4743716464772147e+308,\"`\":1.2330050576969518e+308,\"\":\"\",\"j\":\"\",\"*s]\":1.7976931348623157e+308,\"%#$H\":\"\",\"c|\":\"\",\"sb\":25},\"qD\",\"m+R\",\"n;\",\"O\",\"JJ\",\"2\"]}","{\"0\":\"qD\",\"1\":3,\"2\":[\"3vmU\",\"PlID\",{\"126\":\"\",\"823\":1.4743716464772147e+308,\"`\":1.2330050576969518e+308,\"\":\"\",\"j\":\"\",\"*s]\":1.7976931348623157e+308,\"%#$H\":\"\",\"c|\":\"\",\"sb\":25},\"qD\",\"m+R\",\"n;\",\"O\",\"JJ\",\"2\"]}","{\"0\":\"m+R\",\"1\":4,\"2\":[\"3vmU\",\"PlID\",{\"126\":\"\",\"823\":1.4743716464772147e+308,\"`\":1.2330050576969518e+308,\"\":\"\",\"j\":\"\",\"*s]\":1.7976931348623157e+308,\"%#$H\":\"\",\"c|\":\"\",\"sb\":25},\"qD\",\"m+R\",\"n;\",\"O\",\"JJ\",\"2\"]}","{\"0\":\"n;\",\"1\":5,\"2\":[\"3vmU\",\"PlID\",{\"126\":\"\",\"823\":1.4743716464772147e+308,\"`\":1.2330050576969518e+308,\"\":\"\",\"j\":\"\",\"*s]\":1.7976931348623157e+308,\"%#$H\":\"\",\"c|\":\"\",\"sb\":25},\"qD\",\"m+R\",\"n;\",\"O\",\"JJ\",\"2\"]}","{\"0\":\"O\",\"1\":6,\"2\":[\"3vmU\",\"PlID\",{\"126\":\"\",\"823\":1.4743716464772147e+308,\"`\":1.2330050576969518e+308,\"\":\"\",\"j\":\"\",\"*s]\":1.7976931348623157e+308,\"%#$H\":\"\",\"c|\":\"\",\"sb\":25},\"qD\",\"m+R\",\"n;\",\"O\",\"JJ\",\"2\"]}","{\"0\":\"JJ\",\"1\":7,\"2\":[\"3vmU\",\"PlID\",{\"126\":\"\",\"823\":1.4743716464772147e+308,\"`\":1.2330050576969518e+308,\"\":\"\",\"j\":\"\",\"*s]\":1.7976931348623157e+308,\"%#$H\":\"\",\"c|\":\"\",\"sb\":25},\"qD\",\"m+R\",\"n;\",\"O\",\"JJ\",\"2\"]}","{\"0\":\"2\",\"1\":8,\"2\":[\"3vmU\",\"PlID\",{\"126\":\"\",\"823\":1.4743716464772147e+308,\"`\":1.2330050576969518e+308,\"\":\"\",\"j\":\"\",\"*s]\":1.7976931348623157e+308,\"%#$H\":\"\",\"c|\":\"\",\"sb\":25},\"qD\",\"m+R\",\"n;\",\"O\",\"JJ\",\"2\"]}","{\"0\":\"3vmU\",\"1\":0,\"2\":[\"3vmU\",\"PlID\",\"L\",\"qD\",\"m+R\",\"n;\",\"O\",\"JJ\",\"2\"]}","{\"0\":\"3vmU\",\"1\":0,\"2\":[\"3vmU\",\"PlID\",\"L\",\"qD\",\"m+R\",\"n;\",\"O\",\"JJ\",\"2\"]}","{\"0\":\"3vmU\",\"1\":0,\"2\":[\"3vmU\",\"PlID\",\"L\",\"qD\",\"m+R\",\"n;\",\"O\",\"JJ\",\"2\"]}"]}