{"baseObjects":["[213,403,595,705,1.7976931348623157e+308,126,0]","[213,403,595,705,1.7976931348623157e+308,126,null]","[213,403,595,705,1.7976931348623157e+308,126,0]","[\"\",403,595,705,1.7976931348623157e+308,126,0]"],"returnObjects":["true","false","\"Error\"","false"],"callbackArgs":["{\"0\":213,\"1\":0,\"2\":[213,403,595,705,1.7976931348623157e+308,126,0]}","{\"0\":403,\"1\":1,\"2\":[213,403,595,705,1.7976931348623157e+308,126,0]}","{\"0\":595,\"1\":2,\"2\":[213,403,595,705,1.7976931348623157e+308,126,0]}","{\"0\":705,\"1\":3,\"2\":[213,403,595,705,1.7976931348623157e+308,126,0]}","{\"0\":1.7976931348623157e+308,\"1\":4,\"2\":[213,403,595,705,1.7976931348623157e+308,126,0]}","{\"0\":126,\"1\":5,\"2\":[213,403,595,705,1.7976931348623157e+308,126,0]}","{\"0\":0,\"1\":6,\"2\":[213,403,595,705,1.7976931348623157e+308,126,0]}","{\"0\":213,\"1\":0,\"2\":[213,403,595,705,1.7976931348623157e+308,126,0]}","{\"0\":213,\"1\":0,\"2\":[213,403,595,705,1.7976931348623157e+308,126,0]}","{\"0\":213,\"1\":0,\"2\":[213,403,595,705,1.7976931348623157e+308,126,0]}"]}