{"baseObjects":["[403,{\"100\":\"mI\",\"1.7311605209653885e+308\":1.1975995924249525e+308,\"\":\"\",\"J\":893,\"D\":\"\"},242,242,213,714,-1]","[403,0,242,242,213,714,-1,null,null]","[403,0,242,242,213,714,-1]","[403,0,242,242,213,714,-1]"],"returnObjects":["false","false","false","false"],"callbackArgs":["{\"0\":403,\"1\":0,\"2\":[403,0,242,242,213,714,-1]}","{\"0\":403,\"1\":0,\"2\":[403,0,242,242,213,714,-1]}","{\"0\":403,\"1\":0,\"2\":[403,0,242,242,213,714,-1]}","{\"0\":403,\"1\":0,\"2\":[403,0,242,242,213,714,-1]}"]}