{"baseObjects":["[\"Y\",\"\",82,-100,\"P87RUJ3\",\"{\",705,714]","[\"Y\",[100,714,157,783,969,122,893],82,-100,\"P87RUJ3\",\"{\",705,714]","[\"Y\",\"m\",82,-100,\"P87RUJ3\",\"{\",705,714,{\"0\":213,\"82\":403,\"157\":\"q\",\"\":126,\"8s\":\"\",\"4.28841482887892e+307\":5.803509227539847e+307,\"-1\":893,\"9.572387305587407e+307\":8.170971810965804e+307,\">3\":2.7458156318821406e+307}]","[[969,595],\"m\",82,-100,\"P87RUJ3\",\"{\",705,714]"],"returnObjects":["false","false","false","false"],"callbackArgs":["{\"0\":\"Y\",\"1\":0,\"2\":[\"Y\",\"m\",82,-100,\"P87RUJ3\",\"{\",705,714]}","{\"0\":\"Y\",\"1\":0,\"2\":[\"Y\",\"m\",82,-100,\"P87RUJ3\",\"{\",705,714]}","{\"0\":\"Y\",\"1\":0,\"2\":[\"Y\",\"m\",82,-100,\"P87RUJ3\",\"{\",705,714]}","{\"0\":\"Y\",\"1\":0,\"2\":[\"Y\",\"m\",82,-100,\"P87RUJ3\",\"{\",705,714]}"]}