{"baseObjects":["[\"Q:1\",\"7o\"]","[\"Q:1\",\"7o\",null,null,null,null,{\"126\":\"]Y\",\"969\":8.423637513124959e+306,\"6.875088638346082e+307\":5.867343577005465e+307,\"9.527735341699312e+307\":1.5113086650967226e+308,\"8.591092654248734e+307\":595,\"\":25}]","[\"Q:1\",\"7o\"]","[\"Q:1\",\"7o\"]"],"returnObjects":["\"Error\"","true","\"Error\"","\"Error\""],"callbackArgs":["{\"0\":\"Q:1\",\"1\":0,\"2\":[\"Q:1\",\"7o\"]}","{\"0\":\"Q:1\",\"1\":0,\"2\":[\"Q:1\",\"7o\"]}","{\"0\":\"7o\",\"1\":1,\"2\":[\"Q:1\",\"7o\",null,null,null,null,{\"126\":\"]Y\",\"969\":8.423637513124959e+306,\"6.875088638346082e+307\":5.867343577005465e+307,\"9.527735341699312e+307\":1.5113086650967226e+308,\"8.591092654248734e+307\":595,\"\":25}]}","{\"0\":\"Q:1\",\"1\":0,\"2\":[\"Q:1\",\"7o\"]}","{\"0\":\"Q:1\",\"1\":0,\"2\":[\"Q:1\",\"7o\"]}"]}