{"baseObjects":["[59,1.7976931348623157e+308,213,627,1.7976931348623157e+308,595]","[59,1.7976931348623157e+308,213,627,1.7976931348623157e+308,595]","[59,1.7976931348623157e+308,213,627,1.7976931348623157e+308,595]","[59,1.7976931348623157e+308,213,627,1.7976931348623157e+308,595]"],"returnObjects":["false","\"Error\"","true","false"],"callbackArgs":["{\"0\":59,\"1\":0,\"2\":[59,1.7976931348623157e+308,213,627,1.7976931348623157e+308,595]}","{\"0\":59,\"1\":0,\"2\":[59,1.7976931348623157e+308,213,627,1.7976931348623157e+308,595]}","{\"0\":59,\"1\":0,\"2\":[59,1.7976931348623157e+308,213,627,1.7976931348623157e+308,595]}","{\"0\":1.7976931348623157e+308,\"1\":1,\"2\":[59,1.7976931348623157e+308,213,627,1.7976931348623157e+308,595]}","{\"0\":213,\"1\":2,\"2\":[59,1.7976931348623157e+308,213,627,1.7976931348623157e+308,595]}","{\"0\":627,\"1\":3,\"2\":[59,1.7976931348623157e+308,213,627,1.7976931348623157e+308,595]}","{\"0\":1.7976931348623157e+308,\"1\":4,\"2\":[59,1.7976931348623157e+308,213,627,1.7976931348623157e+308,595]}","{\"0\":595,\"1\":5,\"2\":[59,1.7976931348623157e+308,213,627,1.7976931348623157e+308,595]}","{\"0\":59,\"1\":0,\"2\":[59,1.7976931348623157e+308,213,627,1.7976931348623157e+308,595]}"]}