{"baseObjects":["[122,1.7976931348623157e+308,126]","[122,1.7976931348623157e+308,126]","[122,1.7976931348623157e+308,126,null,null,null,null,true]","[122,1.7976931348623157e+308,126]"],"returnObjects":["false","\"Error\"","false","false"],"callbackArgs":["{\"0\":122,\"1\":0,\"2\":[122,1.7976931348623157e+308,126]}","{\"0\":122,\"1\":0,\"2\":[122,1.7976931348623157e+308,126]}","{\"0\":122,\"1\":0,\"2\":[122,1.7976931348623157e+308,126]}"]}