{"baseObjects":["[969,607,-100,618,25,1.7976931348623157e+308,403,0]","[969,607,-100,618,25,1.7976931348623157e+308,403,0]","[969,607,-100,618,25,1.7976931348623157e+308,403,0]","[null,607,-100,618,25,1.7976931348623157e+308,403,0]"],"returnObjects":["\"Error\"","\"Error\"","false","\"Error\""],"callbackArgs":["{\"0\":969,\"1\":0,\"2\":[969,607,-100,618,25,1.7976931348623157e+308,403,0]}","{\"0\":969,\"1\":0,\"2\":[969,607,-100,618,25,1.7976931348623157e+308,403,0]}","{\"0\":969,\"1\":0,\"2\":[969,607,-100,618,25,1.7976931348623157e+308,403,0]}","{\"0\":969,\"1\":0,\"2\":[969,607,-100,618,25,1.7976931348623157e+308,403,0]}"]}