{"baseObjects":["[714,969,9.642488418816284e+307,618,157,618,0]","[714,969,595,618,157,null,0]","[]","[714,{\"0\":\"jh\",\"49\":1.2755512755417156e+307,\"=\":783,\"X\":\"]\",\"1.1679954109349114e+308\":0,\"1.4402649763514095e+308\":\"|\"},595,618,157,618,0]"],"returnObjects":["false","true","true","false"],"callbackArgs":["{\"0\":714,\"1\":0,\"2\":[714,969,595,618,157,618,0]}","{\"0\":714,\"1\":0,\"2\":[714,969,595,618,157,618,0]}","{\"0\":969,\"1\":1,\"2\":[714,969,595,618,157,null,0]}","{\"0\":595,\"1\":2,\"2\":[714,969,595,618,157,null,0]}","{\"0\":618,\"1\":3,\"2\":[714,969,595,618,157,null,0]}","{\"0\":157,\"1\":4,\"2\":[714,969,595,618,157,null,0]}","{\"0\":null,\"1\":5,\"2\":[714,969,595,618,157,null,0]}","{\"0\":0,\"1\":6,\"2\":[714,969,595,618,157,null,0]}","{\"0\":714,\"1\":0,\"2\":[714,969,595,618,157,618,0]}","{\"0\":714,\"1\":0,\"2\":[714,969,595,618,157,618,0]}"]}