{"baseObjects":["[\"m\",843,893,403,\"%J\",\"?\",655,{\"59\":1.7976931348623157e+308,\"618\":\"\",\"893\":\"p\",\"1.3129053369843873e+308\":213,\"1.6881526056083587e+308\":\"i\",\"1.0612159623430506e+308\":893,\"Y\":\"a(\",\"8.54710658544865e+307\":2.6320358142973813e+307},\"_\"]","[\"m\",843,1.420308085310921e+308,403,\"%J\",\"?\",655,893,\"_\"]","[\"m\",843,893,403,\"%J\",\"?\",655,893,\"_\"]","[\"m\",843,893,403,\"%J\",\"?\",655,893,\"_\"]"],"returnObjects":["true","false","true","false"],"callbackArgs":["{\"0\":\"m\",\"1\":0,\"2\":[\"m\",843,893,403,\"%J\",\"?\",655,893,\"_\"]}","{\"0\":843,\"1\":1,\"2\":[\"m\",843,893,403,\"%J\",\"?\",655,{\"59\":1.7976931348623157e+308,\"618\":\"\",\"893\":\"p\",\"1.3129053369843873e+308\":213,\"1.6881526056083587e+308\":\"i\",\"1.0612159623430506e+308\":893,\"Y\":\"a(\",\"8.54710658544865e+307\":2.6320358142973813e+307},\"_\"]}","{\"0\":893,\"1\":2,\"2\":[\"m\",843,893,403,\"%J\",\"?\",655,{\"59\":1.7976931348623157e+308,\"618\":\"\",\"893\":\"p\",\"1.3129053369843873e+308\":213,\"1.6881526056083587e+308\":\"i\",\"1.0612159623430506e+308\":893,\"Y\":\"a(\",\"8.54710658544865e+307\":2.6320358142973813e+307},\"_\"]}","{\"0\":403,\"1\":3,\"2\":[\"m\",843,893,403,\"%J\",\"?\",655,{\"59\":1.7976931348623157e+308,\"618\":\"\",\"893\":\"p\",\"1.3129053369843873e+308\":213,\"1.6881526056083587e+308\":\"i\",\"1.0612159623430506e+308\":893,\"Y\":\"a(\",\"8.54710658544865e+307\":2.6320358142973813e+307},\"_\"]}","{\"0\":\"%J\",\"1\":4,\"2\":[\"m\",843,893,403,\"%J\",\"?\",655,{\"59\":1.7976931348623157e+308,\"618\":\"\",\"893\":\"p\",\"1.3129053369843873e+308\":213,\"1.6881526056083587e+308\":\"i\",\"1.0612159623430506e+308\":893,\"Y\":\"a(\",\"8.54710658544865e+307\":2.6320358142973813e+307},\"_\"]}","{\"0\":\"?\",\"1\":5,\"2\":[\"m\",843,893,403,\"%J\",\"?\",655,{\"59\":1.7976931348623157e+308,\"618\":\"\",\"893\":\"p\",\"1.3129053369843873e+308\":213,\"1.6881526056083587e+308\":\"i\",\"1.0612159623430506e+308\":893,\"Y\":\"a(\",\"8.54710658544865e+307\":2.6320358142973813e+307},\"_\"]}","{\"0\":655,\"1\":6,\"2\":[\"m\",843,893,403,\"%J\",\"?\",655,{\"59\":1.7976931348623157e+308,\"618\":\"\",\"893\":\"p\",\"1.3129053369843873e+308\":213,\"1.6881526056083587e+308\":\"i\",\"1.0612159623430506e+308\":893,\"Y\":\"a(\",\"8.54710658544865e+307\":2.6320358142973813e+307},\"_\"]}","{\"0\":{\"59\":1.7976931348623157e+308,\"618\":\"\",\"893\":\"p\",\"1.3129053369843873e+308\":213,\"1.6881526056083587e+308\":\"i\",\"1.0612159623430506e+308\":893,\"Y\":\"a(\",\"8.54710658544865e+307\":2.6320358142973813e+307},\"1\":7,\"2\":[\"m\",843,893,403,\"%J\",\"?\",655,{\"59\":1.7976931348623157e+308,\"618\":\"\",\"893\":\"p\",\"1.3129053369843873e+308\":213,\"1.6881526056083587e+308\":\"i\",\"1.0612159623430506e+308\":893,\"Y\":\"a(\",\"8.54710658544865e+307\":2.6320358142973813e+307},\"_\"]}","{\"0\":\"_\",\"1\":8,\"2\":[\"m\",843,893,403,\"%J\",\"?\",655,{\"59\":1.7976931348623157e+308,\"618\":\"\",\"893\":\"p\",\"1.3129053369843873e+308\":213,\"1.6881526056083587e+308\":\"i\",\"1.0612159623430506e+308\":893,\"Y\":\"a(\",\"8.54710658544865e+307\":2.6320358142973813e+307},\"_\"]}","{\"0\":\"m\",\"1\":0,\"2\":[\"m\",843,893,403,\"%J\",\"?\",655,893,\"_\"]}","{\"0\":\"m\",\"1\":0,\"2\":[\"m\",843,893,403,\"%J\",\"?\",655,893,\"_\"]}","{\"0\":843,\"1\":1,\"2\":[\"m\",843,893,403,\"%J\",\"?\",655,893,\"_\"]}","{\"0\":893,\"1\":2,\"2\":[\"m\",843,893,403,\"%J\",\"?\",655,893,\"_\"]}","{\"0\":403,\"1\":3,\"2\":[\"m\",843,893,403,\"%J\",\"?\",655,893,\"_\"]}","{\"0\":\"%J\",\"1\":4,\"2\":[\"m\",843,893,403,\"%J\",\"?\",655,893,\"_\"]}","{\"0\":\"?\",\"1\":5,\"2\":[\"m\",843,893,403,\"%J\",\"?\",655,893,\"_\"]}","{\"0\":655,\"1\":6,\"2\":[\"m\",843,893,403,\"%J\",\"?\",655,893,\"_\"]}","{\"0\":893,\"1\":7,\"2\":[\"m\",843,893,403,\"%J\",\"?\",655,893,\"_\"]}","{\"0\":\"_\",\"1\":8,\"2\":[\"m\",843,893,403,\"%J\",\"?\",655,893,\"_\"]}","{\"0\":\"m\",\"1\":0,\"2\":[\"m\",843,893,403,\"%J\",\"?\",655,893,\"_\"]}"]}