{"baseObjects":["[\"o\",460,\"x\",\"U\",-100,893,843]","[\"o\",460,\"x\",\"U\",-100,{\"\":460,\"1.5038759375659363e+308\":\"\",\"8.504697039270065e+307\":1.7976931348623157e+308,\"1.9825839237098884e+307\":595},843]","[\"o\",460,\"x\",\"U\",-100,893,843]","[\"o\",460,\"x\",\"U\",-100,893,843,null,null,{\"e\":213,\"#\":969,\"d;\":4.1011764257273306e+307,\"\":\"\",\"5.436502411914039e+307\":1.0193696122332925e+308}]"],"returnObjects":["false","false","true","\"Error\""],"callbackArgs":["{\"0\":\"o\",\"1\":0,\"2\":[\"o\",460,\"x\",\"U\",-100,893,843]}","{\"0\":\"o\",\"1\":0,\"2\":[\"o\",460,\"x\",\"U\",-100,893,843]}","{\"0\":460,\"1\":1,\"2\":[\"o\",460,\"x\",\"U\",-100,{\"\":460,\"1.5038759375659363e+308\":\"\",\"8.504697039270065e+307\":1.7976931348623157e+308,\"1.9825839237098884e+307\":595},843]}","{\"0\":\"o\",\"1\":0,\"2\":[\"o\",460,\"x\",\"U\",-100,893,843]}","{\"0\":460,\"1\":1,\"2\":[\"o\",460,\"x\",\"U\",-100,893,843]}","{\"0\":\"x\",\"1\":2,\"2\":[\"o\",460,\"x\",\"U\",-100,893,843]}","{\"0\":\"U\",\"1\":3,\"2\":[\"o\",460,\"x\",\"U\",-100,893,843]}","{\"0\":-100,\"1\":4,\"2\":[\"o\",460,\"x\",\"U\",-100,893,843]}","{\"0\":893,\"1\":5,\"2\":[\"o\",460,\"x\",\"U\",-100,893,843]}","{\"0\":843,\"1\":6,\"2\":[\"o\",460,\"x\",\"U\",-100,893,843]}","{\"0\":\"o\",\"1\":0,\"2\":[\"o\",460,\"x\",\"U\",-100,893,843]}"]}