{"baseObjects":["[843,595,655,823,157,157,100,893]","{}","[843,595,655,823,157,157,100,893]","[843,{\"0\":\"\",\"823\":1.0210045122227484e+308,\"dK\":122,\"1.4595037644082982e+308\":\"W\",\"1.2079596446429205e+308\":\"vEcf\",\"\":\"\",\"1.1806306536515448e+308\":100},655,823,157,157,100,893]"],"returnObjects":["false","\"Error\"","true","\"Error\""],"callbackArgs":["{\"0\":843,\"1\":0,\"2\":[843,595,655,823,157,157,100,893]}","{\"0\":843,\"1\":0,\"2\":[843,595,655,823,157,157,100,893]}","{\"0\":843,\"1\":0,\"2\":[843,595,655,823,157,157,100,893]}","{\"0\":595,\"1\":1,\"2\":[843,595,655,823,157,157,100,893]}","{\"0\":655,\"1\":2,\"2\":[843,595,655,823,157,157,100,893]}","{\"0\":823,\"1\":3,\"2\":[843,595,655,823,157,157,100,893]}","{\"0\":157,\"1\":4,\"2\":[843,595,655,823,157,157,100,893]}","{\"0\":157,\"1\":5,\"2\":[843,595,655,823,157,157,100,893]}","{\"0\":100,\"1\":6,\"2\":[843,595,655,823,157,157,100,893]}","{\"0\":893,\"1\":7,\"2\":[843,595,655,823,157,157,100,893]}","{\"0\":843,\"1\":0,\"2\":[843,595,655,823,157,157,100,893]}"]}