{"baseObjects":["[823,242,0,5e-324,618,242,122,0,607,false]","[823,242,0,4.334830888447417e+307,618,242,122,0,607,0]","[823,242,0,5e-324,618,[82,49,0,25],122,0,607,0]","[823,242,0,5e-324,618,242,{\"82\":7.963456413863362e+307,\"du\":823,\"%J\":\"qC\",\"\":\"s)F\",\"1.3498293279778207e+308\":-100},0,607,0]"],"returnObjects":["false","true","false","\"Error\""],"callbackArgs":["{\"0\":823,\"1\":0,\"2\":[823,242,0,5e-324,618,242,122,0,607,0]}","{\"0\":823,\"1\":0,\"2\":[823,242,0,5e-324,618,242,122,0,607,0]}","{\"0\":242,\"1\":1,\"2\":[823,242,0,4.334830888447417e+307,618,242,122,0,607,0]}","{\"0\":0,\"1\":2,\"2\":[823,242,0,4.334830888447417e+307,618,242,122,0,607,0]}","{\"0\":4.334830888447417e+307,\"1\":3,\"2\":[823,242,0,4.334830888447417e+307,618,242,122,0,607,0]}","{\"0\":618,\"1\":4,\"2\":[823,242,0,4.334830888447417e+307,618,242,122,0,607,0]}","{\"0\":242,\"1\":5,\"2\":[823,242,0,4.334830888447417e+307,618,242,122,0,607,0]}","{\"0\":122,\"1\":6,\"2\":[823,242,0,4.334830888447417e+307,618,242,122,0,607,0]}","{\"0\":0,\"1\":7,\"2\":[823,242,0,4.334830888447417e+307,618,242,122,0,607,0]}","{\"0\":607,\"1\":8,\"2\":[823,242,0,4.334830888447417e+307,618,242,122,0,607,0]}","{\"0\":0,\"1\":9,\"2\":[823,242,0,4.334830888447417e+307,618,242,122,0,607,0]}","{\"0\":823,\"1\":0,\"2\":[823,242,0,5e-324,618,242,122,0,607,0]}","{\"0\":823,\"1\":0,\"2\":[823,242,0,5e-324,618,242,122,0,607,0]}"]}