{"baseObjects":["[714,157,460,893,[\"=&\",\"z,r\",\"n;C\",\"{Vn\",\"z\",\"oCf\",\"v\",\"M\",\"J\"],655,627]","[]","[714,157,460,893,213,655,627]","[{\"100\":5e-324,\"\":\"$+EC\",\"'+\":3.2719606044214875e+307,\"1.5024644741757354e+308\":705,\"6.114496336856856e+307\":\"\",\"HQ\":\"\"},157,460,893,213,null,627]"],"returnObjects":["true","false","false","false"],"callbackArgs":["{\"0\":714,\"1\":0,\"2\":[714,157,460,893,213,655,627]}","{\"0\":157,\"1\":1,\"2\":[714,157,460,893,[\"=&\",\"z,r\",\"n;C\",\"{Vn\",\"z\",\"oCf\",\"v\",\"M\",\"J\"],655,627]}","{\"0\":460,\"1\":2,\"2\":[714,157,460,893,[\"=&\",\"z,r\",\"n;C\",\"{Vn\",\"z\",\"oCf\",\"v\",\"M\",\"J\"],655,627]}","{\"0\":893,\"1\":3,\"2\":[714,157,460,893,[\"=&\",\"z,r\",\"n;C\",\"{Vn\",\"z\",\"oCf\",\"v\",\"M\",\"J\"],655,627]}","{\"0\":[\"=&\",\"z,r\",\"n;C\",\"{Vn\",\"z\",\"oCf\",\"v\",\"M\",\"J\"],\"1\":4,\"2\":[714,157,460,893,[\"=&\",\"z,r\",\"n;C\",\"{Vn\",\"z\",\"oCf\",\"v\",\"M\",\"J\"],655,627]}","{\"0\":655,\"1\":5,\"2\":[714,157,460,893,[\"=&\",\"z,r\",\"n;C\",\"{Vn\",\"z\",\"oCf\",\"v\",\"M\",\"J\"],655,627]}","{\"0\":627,\"1\":6,\"2\":[714,157,460,893,[\"=&\",\"z,r\",\"n;C\",\"{Vn\",\"z\",\"oCf\",\"v\",\"M\",\"J\"],655,627]}","{\"0\":714,\"1\":0,\"2\":[714,157,460,893,213,655,627]}","{\"0\":714,\"1\":0,\"2\":[714,157,460,893,213,655,627]}","{\"0\":714,\"1\":0,\"2\":[714,157,460,893,213,655,627]}"]}