{"baseObjects":["[823,25,{\"403\":\"x\",\"893\":\"@N\",\"1.6528620252985251e+308\":\"\",\"JQ'6_\":\"\",\"\":\"\"},49,460]","[823,25,969,49,460]","[823,25,969,49,1.2914674496167326e+308,null,null,null,213]","[823,25,969,49,460]"],"returnObjects":["true","false","true","true"],"callbackArgs":["{\"0\":823,\"1\":0,\"2\":[823,25,969,49,460]}","{\"0\":25,\"1\":1,\"2\":[823,25,{\"403\":\"x\",\"893\":\"@N\",\"1.6528620252985251e+308\":\"\",\"JQ'6_\":\"\",\"\":\"\"},49,460]}","{\"0\":{\"403\":\"x\",\"893\":\"@N\",\"1.6528620252985251e+308\":\"\",\"JQ'6_\":\"\",\"\":\"\"},\"1\":2,\"2\":[823,25,{\"403\":\"x\",\"893\":\"@N\",\"1.6528620252985251e+308\":\"\",\"JQ'6_\":\"\",\"\":\"\"},49,460]}","{\"0\":49,\"1\":3,\"2\":[823,25,{\"403\":\"x\",\"893\":\"@N\",\"1.6528620252985251e+308\":\"\",\"JQ'6_\":\"\",\"\":\"\"},49,460]}","{\"0\":460,\"1\":4,\"2\":[823,25,{\"403\":\"x\",\"893\":\"@N\",\"1.6528620252985251e+308\":\"\",\"JQ'6_\":\"\",\"\":\"\"},49,460]}","{\"0\":823,\"1\":0,\"2\":[823,25,969,49,460]}","{\"0\":823,\"1\":0,\"2\":[823,25,969,49,460]}","{\"0\":25,\"1\":1,\"2\":[823,25,969,49,1.2914674496167326e+308,null,null,null,213]}","{\"0\":969,\"1\":2,\"2\":[823,25,969,49,1.2914674496167326e+308,null,null,null,213]}","{\"0\":49,\"1\":3,\"2\":[823,25,969,49,1.2914674496167326e+308,null,null,null,213]}","{\"0\":1.2914674496167326e+308,\"1\":4,\"2\":[823,25,969,49,1.2914674496167326e+308,null,null,null,213]}","{\"0\":823,\"1\":0,\"2\":[823,25,969,49,460]}","{\"0\":25,\"1\":1,\"2\":[823,25,969,49,460]}","{\"0\":969,\"1\":2,\"2\":[823,25,969,49,460]}","{\"0\":49,\"1\":3,\"2\":[823,25,969,49,460]}","{\"0\":460,\"1\":4,\"2\":[823,25,969,49,460]}"]}