{"baseObjects":["[618,126,607,-1,0,1.7976931348623157e+308,-100,0]","[618,126,607,-1,\":x=\",1.7976931348623157e+308,-100,0]","[618,126,607,-1,0,1.7976931348623157e+308,-100,0]","[false,126,607,-1,0,1.7976931348623157e+308,-100,0]"],"returnObjects":["\"Error\"","false","\"Error\"","\"Error\""],"callbackArgs":["{\"0\":618,\"1\":0,\"2\":[618,126,607,-1,0,1.7976931348623157e+308,-100,0]}","{\"0\":618,\"1\":0,\"2\":[618,126,607,-1,0,1.7976931348623157e+308,-100,0]}","{\"0\":618,\"1\":0,\"2\":[618,126,607,-1,0,1.7976931348623157e+308,-100,0]}"]}