{"baseObjects":["[82,893,157,82,0,705,null,null,null,{\"8.778372094688255e+307\":627,\"\":\"g\"}]","[82,893,157,82,0,null]","{\"7\":{\"1.603313590180487e+308\":1.5860290469149455e+308,\"`\":1.114244724712357e+308,\"1.5661230906998122e+308\":6.155776818935626e+307,\"\":\";O\",\"1.0263236799540323e+308\":\"\",\"1.4592881572758609e+308\":\"\"},\"25\":1.8440685894947903e+307,\"157\":\"#\",\"607\":783,\"783\":242,\"\":1.4830441451385347e+308,\"2.179317288159317e+307\":\"y\",\"1.7976931348623157e+308\":1.3203768818514431e+308,\"1.0926725297658841e+307\":\"tK\"}","[82,893,157,82,0,705]"],"returnObjects":["false","false","true","\"Error\""],"callbackArgs":["{\"0\":82,\"1\":0,\"2\":[82,893,157,82,0,705]}","{\"0\":82,\"1\":0,\"2\":[82,893,157,82,0,705]}","{\"0\":82,\"1\":0,\"2\":[82,893,157,82,0,705]}","{\"0\":893,\"1\":1,\"2\":[82,893,157,82,0,705]}","{\"0\":157,\"1\":2,\"2\":[82,893,157,82,0,705]}","{\"0\":82,\"1\":3,\"2\":[82,893,157,82,0,705]}","{\"0\":0,\"1\":4,\"2\":[82,893,157,82,0,705]}","{\"0\":705,\"1\":5,\"2\":[82,893,157,82,0,705]}","{\"0\":82,\"1\":0,\"2\":[82,893,157,82,0,705]}"]}