{"baseObjects":["[823,-100,714,823,1.7976931348623157e+308,893,403,25,969,823]","[823,-100,714,823,1.7976931348623157e+308,893,403,25,969,823]","[823,-100,714,823,1.7976931348623157e+308,893,403,25,969,823]","[823,-100,714,823,1.7976931348623157e+308,893,403,595,969,823]"],"returnObjects":["false","false","\"Error\"","false"],"callbackArgs":["{\"0\":823,\"1\":0,\"2\":[823,-100,714,823,1.7976931348623157e+308,893,403,25,969,823]}","{\"0\":823,\"1\":0,\"2\":[823,-100,714,823,1.7976931348623157e+308,893,403,25,969,823]}","{\"0\":823,\"1\":0,\"2\":[823,-100,714,823,1.7976931348623157e+308,893,403,25,969,823]}"]}