{"baseObjects":["[705,607,82,655,{\"783\":1.1851335643896694e+308,\"843\":1.386926132106194e+308,\"1.3257286162365456e+308\":\"\",\"\":\"V\",\"Gl\":242,\"hK9P\":655},\"z\"]","[705,607,82,655,893,\"z\"]","\"pg\"","[705,607,82,655,893,\"z\"]"],"returnObjects":["false","\"Error\"","true","true"],"callbackArgs":["{\"0\":705,\"1\":0,\"2\":[705,607,82,655,893,\"z\"]}","{\"0\":705,\"1\":0,\"2\":[705,607,82,655,893,\"z\"]}","{\"0\":705,\"1\":0,\"2\":[705,607,82,655,893,\"z\"]}","{\"0\":607,\"1\":1,\"2\":[705,607,82,655,893,\"z\"]}","{\"0\":82,\"1\":2,\"2\":[705,607,82,655,893,\"z\"]}","{\"0\":655,\"1\":3,\"2\":[705,607,82,655,893,\"z\"]}","{\"0\":893,\"1\":4,\"2\":[705,607,82,655,893,\"z\"]}","{\"0\":\"z\",\"1\":5,\"2\":[705,607,82,655,893,\"z\"]}","{\"0\":705,\"1\":0,\"2\":[705,607,82,655,893,\"z\"]}","{\"0\":607,\"1\":1,\"2\":[705,607,82,655,893,\"z\"]}","{\"0\":82,\"1\":2,\"2\":[705,607,82,655,893,\"z\"]}","{\"0\":655,\"1\":3,\"2\":[705,607,82,655,893,\"z\"]}","{\"0\":893,\"1\":4,\"2\":[705,607,82,655,893,\"z\"]}","{\"0\":\"z\",\"1\":5,\"2\":[705,607,82,655,893,\"z\"]}"]}