{"baseObjects":["[403,893,893]","[403,893,false,null,null,null,{\"157\":\"X\",\"618\":\"A\",\"1.6930868976289131e+308\":\"f,\",\"1.7976931348623157e+308\":\"E{B\",\"\":3.729199160468467e+307,\"4.087994773755502e+307\":\"\",\"V\":1.7640176431373633e+308,\"X\":9.438603624160825e+307,\"Y\":\"H$aa\",\"8.828488414297672e+307\":9.630819121815675e+307}]","[403,893,893,\"Z\",null,null,null,[59,-1,618,-100,100]]","[403,893,null]"],"returnObjects":["false","false","false","false"],"callbackArgs":["{\"0\":403,\"1\":0,\"2\":[403,893,893]}","{\"0\":403,\"1\":0,\"2\":[403,893,893]}","{\"0\":403,\"1\":0,\"2\":[403,893,893]}","{\"0\":403,\"1\":0,\"2\":[403,893,893]}"]}