{"baseObjects":["[823,627,969,627,460,893,false,59,\"\",1.7976931348623157e+308]","[823,627,969,627,460,893,122,59,157,1.7976931348623157e+308]","[]","[823,627,969,627,460,893,122,59,157,1.7976931348623157e+308]"],"returnObjects":["false","false","true","\"Error\""],"callbackArgs":["{\"0\":823,\"1\":0,\"2\":[823,627,969,627,460,893,122,59,157,1.7976931348623157e+308]}","{\"0\":823,\"1\":0,\"2\":[823,627,969,627,460,893,122,59,157,1.7976931348623157e+308]}","{\"0\":823,\"1\":0,\"2\":[823,627,969,627,460,893,122,59,157,1.7976931348623157e+308]}","{\"0\":823,\"1\":0,\"2\":[823,627,969,627,460,893,122,59,157,1.7976931348623157e+308]}"]}