{"baseObjects":["[1.7976931348623157e+308,-1,100,1.7976931348623157e+308,null,null,null]","[1.7976931348623157e+308,-1,100,1.7976931348623157e+308,null,[627,705,714,618,607,714,126]]","[[460,893,783,705,49],-1,100,1.7976931348623157e+308]","[1.7976931348623157e+308,-1,100,null]"],"returnObjects":["false","true","true","false"],"callbackArgs":["{\"0\":1.7976931348623157e+308,\"1\":0,\"2\":[1.7976931348623157e+308,-1,100,1.7976931348623157e+308]}","{\"0\":1.7976931348623157e+308,\"1\":0,\"2\":[1.7976931348623157e+308,-1,100,1.7976931348623157e+308]}","{\"0\":-1,\"1\":1,\"2\":[1.7976931348623157e+308,-1,100,1.7976931348623157e+308,null,[627,705,714,618,607,714,126]]}","{\"0\":100,\"1\":2,\"2\":[1.7976931348623157e+308,-1,100,1.7976931348623157e+308,null,[627,705,714,618,607,714,126]]}","{\"0\":1.7976931348623157e+308,\"1\":3,\"2\":[1.7976931348623157e+308,-1,100,1.7976931348623157e+308,null,[627,705,714,618,607,714,126]]}","{\"0\":1.7976931348623157e+308,\"1\":0,\"2\":[1.7976931348623157e+308,-1,100,1.7976931348623157e+308]}","{\"0\":-1,\"1\":1,\"2\":[[460,893,783,705,49],-1,100,1.7976931348623157e+308]}","{\"0\":100,\"1\":2,\"2\":[[460,893,783,705,49],-1,100,1.7976931348623157e+308]}","{\"0\":1.7976931348623157e+308,\"1\":3,\"2\":[[460,893,783,705,49],-1,100,1.7976931348623157e+308]}","{\"0\":1.7976931348623157e+308,\"1\":0,\"2\":[1.7976931348623157e+308,-1,100,1.7976931348623157e+308]}"]}