{"baseObjects":["[\"u=d\",\"_\",82,{\"59\":\"\",\"618\":\"\",\"714\":5.00163786815545e+307,\"\":1.4659786317661365e+307,\"1.3902410217656567e+308\":82,\"7vQ,\":607,\",\":705,\"_\":157},\"Q}\",\"O\"]","122","[\"u=d\",false,82,1.7976931348623157e+308,\"Q}\",\"O\"]","[\"u=d\",\"_\",82,1.7976931348623157e+308,\"Q}\",\"O\"]"],"returnObjects":["false","true","\"Error\"","\"Error\""],"callbackArgs":["{\"0\":\"u=d\",\"1\":0,\"2\":[\"u=d\",\"_\",82,1.7976931348623157e+308,\"Q}\",\"O\"]}","{\"0\":\"u=d\",\"1\":0,\"2\":[\"u=d\",\"_\",82,1.7976931348623157e+308,\"Q}\",\"O\"]}","{\"0\":\"_\",\"1\":1,\"2\":[\"u=d\",\"_\",82,1.7976931348623157e+308,\"Q}\",\"O\"]}","{\"0\":82,\"1\":2,\"2\":[\"u=d\",\"_\",82,1.7976931348623157e+308,\"Q}\",\"O\"]}","{\"0\":1.7976931348623157e+308,\"1\":3,\"2\":[\"u=d\",\"_\",82,1.7976931348623157e+308,\"Q}\",\"O\"]}","{\"0\":\"Q}\",\"1\":4,\"2\":[\"u=d\",\"_\",82,1.7976931348623157e+308,\"Q}\",\"O\"]}","{\"0\":\"O\",\"1\":5,\"2\":[\"u=d\",\"_\",82,1.7976931348623157e+308,\"Q}\",\"O\"]}","{\"0\":\"u=d\",\"1\":0,\"2\":[\"u=d\",\"_\",82,1.7976931348623157e+308,\"Q}\",\"O\"]}","{\"0\":\"u=d\",\"1\":0,\"2\":[\"u=d\",\"_\",82,1.7976931348623157e+308,\"Q}\",\"O\"]}"]}