{"baseObjects":["[100,5e-324,49,-100,82]","[100,714,49,-100,82,null,null,null,{\"7.658871226278411e+307\":\"M#M\",\"\":\"\",\"'6\":6.189253730613382e+307,\"6.422490234595088e+307\":\"X-M\",\"Z\":1.1014282312943739e+308,\"w\":\"0p\"}]","[100,5e-324,49,-100,82]","[100,5e-324,49,-100,82]"],"returnObjects":["false","false","false","\"Error\""],"callbackArgs":["{\"0\":100,\"1\":0,\"2\":[100,5e-324,49,-100,82]}","{\"0\":100,\"1\":0,\"2\":[100,5e-324,49,-100,82]}","{\"0\":100,\"1\":0,\"2\":[100,5e-324,49,-100,82]}"]}