{"baseObjects":["[-1,627,403,460,213]","[-1,627,403,460,213,null,{\"6.584562673247489e+307\":\"Tj\",\"\":\"^\"}]","[-1,627,[\"#\",\"F\",\"Zd\"],460,213]","[-1,627,403,460,213,null,null,null,[893,1.7976931348623157e+308,595,595,213,595]]"],"returnObjects":["\"Error\"","true","false","false"],"callbackArgs":["{\"0\":-1,\"1\":0,\"2\":[-1,627,403,460,213]}","{\"0\":-1,\"1\":0,\"2\":[-1,627,403,460,213]}","{\"0\":627,\"1\":1,\"2\":[-1,627,403,460,213,null,{\"6.584562673247489e+307\":\"Tj\",\"\":\"^\"}]}","{\"0\":403,\"1\":2,\"2\":[-1,627,403,460,213,null,{\"6.584562673247489e+307\":\"Tj\",\"\":\"^\"}]}","{\"0\":460,\"1\":3,\"2\":[-1,627,403,460,213,null,{\"6.584562673247489e+307\":\"Tj\",\"\":\"^\"}]}","{\"0\":213,\"1\":4,\"2\":[-1,627,403,460,213,null,{\"6.584562673247489e+307\":\"Tj\",\"\":\"^\"}]}","{\"0\":-1,\"1\":0,\"2\":[-1,627,403,460,213]}","{\"0\":-1,\"1\":0,\"2\":[-1,627,403,460,213]}"]}