{"baseObjects":["[969,893,595,157,157,true,823,82]","[null,893,595,157,157,100,823,82]","[969,893,595,{\"1.0035733268422689e+308\":122},157,100,true,82]","[969,893,595,157,157,100,823,82,true]"],"returnObjects":["true","false","true","\"Error\""],"callbackArgs":["{\"0\":969,\"1\":0,\"2\":[969,893,595,157,157,100,823,82]}","{\"0\":893,\"1\":1,\"2\":[969,893,595,157,157,true,823,82]}","{\"0\":595,\"1\":2,\"2\":[969,893,595,157,157,true,823,82]}","{\"0\":157,\"1\":3,\"2\":[969,893,595,157,157,true,823,82]}","{\"0\":157,\"1\":4,\"2\":[969,893,595,157,157,true,823,82]}","{\"0\":true,\"1\":5,\"2\":[969,893,595,157,157,true,823,82]}","{\"0\":823,\"1\":6,\"2\":[969,893,595,157,157,true,823,82]}","{\"0\":82,\"1\":7,\"2\":[969,893,595,157,157,true,823,82]}","{\"0\":969,\"1\":0,\"2\":[969,893,595,157,157,100,823,82]}","{\"0\":969,\"1\":0,\"2\":[969,893,595,157,157,100,823,82]}","{\"0\":893,\"1\":1,\"2\":[969,893,595,{\"1.0035733268422689e+308\":122},157,100,true,82]}","{\"0\":595,\"1\":2,\"2\":[969,893,595,{\"1.0035733268422689e+308\":122},157,100,true,82]}","{\"0\":{\"1.0035733268422689e+308\":122},\"1\":3,\"2\":[969,893,595,{\"1.0035733268422689e+308\":122},157,100,true,82]}","{\"0\":157,\"1\":4,\"2\":[969,893,595,{\"1.0035733268422689e+308\":122},157,100,true,82]}","{\"0\":100,\"1\":5,\"2\":[969,893,595,{\"1.0035733268422689e+308\":122},157,100,true,82]}","{\"0\":true,\"1\":6,\"2\":[969,893,595,{\"1.0035733268422689e+308\":122},157,100,true,82]}","{\"0\":82,\"1\":7,\"2\":[969,893,595,{\"1.0035733268422689e+308\":122},157,100,true,82]}","{\"0\":969,\"1\":0,\"2\":[969,893,595,157,157,100,823,82]}"]}