{"baseObjects":["[1.7976931348623157e+308,25,969,969,893,627,893,823,655]","[1.7976931348623157e+308,25,969,969,893,627,893,823,655]","[1.7976931348623157e+308,25,969,969,893,627,893,823,655]","[1.7976931348623157e+308,25,969,969,893,627,893,823,655]"],"returnObjects":["\"Error\"","\"Error\"","false","\"Error\""],"callbackArgs":["{\"0\":1.7976931348623157e+308,\"1\":0,\"2\":[1.7976931348623157e+308,25,969,969,893,627,893,823,655]}","{\"0\":1.7976931348623157e+308,\"1\":0,\"2\":[1.7976931348623157e+308,25,969,969,893,627,893,823,655]}","{\"0\":1.7976931348623157e+308,\"1\":0,\"2\":[1.7976931348623157e+308,25,969,969,893,627,893,823,655]}","{\"0\":1.7976931348623157e+308,\"1\":0,\"2\":[1.7976931348623157e+308,25,969,969,893,627,893,823,655]}"]}