{"baseObjects":["9.800746322592214e+307","[783,122,705,59]","[783,122,705,59]","[783,122,705,59,null,null,null,null,null,5.302444576444411e+307]"],"returnObjects":["false","false","\"Error\"","true"],"callbackArgs":["{\"0\":783,\"1\":0,\"2\":[783,122,705,59]}","{\"0\":783,\"1\":0,\"2\":[783,122,705,59]}","{\"0\":783,\"1\":0,\"2\":[783,122,705,59]}","{\"0\":783,\"1\":0,\"2\":[783,122,705,59]}","{\"0\":122,\"1\":1,\"2\":[783,122,705,59,null,null,null,null,null,5.302444576444411e+307]}","{\"0\":705,\"1\":2,\"2\":[783,122,705,59,null,null,null,null,null,5.302444576444411e+307]}","{\"0\":59,\"1\":3,\"2\":[783,122,705,59,null,null,null,null,null,5.302444576444411e+307]}"]}