{"baseObjects":["403","[242,5e-324]","[242,5e-324,null,null,2.530662014069668e+307]","[242,5e-324,{\"\":-100,\"1.0599899729352742e+308\":\"b\",\"Do\":\"\",\"D\":6.892214557787285e+307},null,null,\"\"]"],"returnObjects":["\"Error\"","\"Error\"","false","false"],"callbackArgs":["{\"0\":242,\"1\":0,\"2\":[242,5e-324]}","{\"0\":242,\"1\":0,\"2\":[242,5e-324]}","{\"0\":242,\"1\":0,\"2\":[242,5e-324]}","{\"0\":242,\"1\":0,\"2\":[242,5e-324]}"]}