{"baseObjects":["[823,1.7976931348623157e+308]","\"\"","[823,1.7976931348623157e+308]","[823,1.7976931348623157e+308]"],"returnObjects":["false","\"Error\"","\"Error\"","\"Error\""],"callbackArgs":["{\"0\":823,\"1\":0,\"2\":[823,1.7976931348623157e+308]}","{\"0\":823,\"1\":0,\"2\":[823,1.7976931348623157e+308]}","{\"0\":823,\"1\":0,\"2\":[823,1.7976931348623157e+308]}"]}