{"baseObjects":["[-100,242,-100,595,1.7976931348623157e+308,705,0,783,null]","[-100,49,-100,595,1.7976931348623157e+308,705,0,783]",null,"[-100,242,-100,595,{\"126\":\"\",\"RR\":\"\"},705,0,783]"],"returnObjects":["\"Error\"","false","false","\"Error\""],"callbackArgs":["{\"0\":-100,\"1\":0,\"2\":[-100,242,-100,595,1.7976931348623157e+308,705,0,783]}","{\"0\":-100,\"1\":0,\"2\":[-100,242,-100,595,1.7976931348623157e+308,705,0,783]}","{\"0\":-100,\"1\":0,\"2\":[-100,242,-100,595,1.7976931348623157e+308,705,0,783]}","{\"0\":-100,\"1\":0,\"2\":[-100,242,-100,595,1.7976931348623157e+308,705,0,783]}"]}