{"baseObjects":["false","[893,0,618,242,157,460,25]","false","[893,0,618,242,157,460,{\"618\":1.7976931348623157e+308,\"705\":\"\",\"843\":126,\"5.134368739551224e+307\":213,\"\":\"X\",\"-100\":\"\",\"4.804552284770794e+307\":\"\",\"2.2812251053654964e+307\":5.419905478774732e+307}]"],"returnObjects":["false","\"Error\"","\"Error\"","false"],"callbackArgs":["{\"0\":893,\"1\":0,\"2\":[893,0,618,242,157,460,25]}","{\"0\":893,\"1\":0,\"2\":[893,0,618,242,157,460,25]}","{\"0\":893,\"1\":0,\"2\":[893,0,618,242,157,460,25]}"]}