{"baseObjects":["[705,5e-324,893,1.7976931348623157e+308,82,893,126,242,82,49]","[705,5e-324,893,1.7976931348623157e+308,82,893,126,242,82,49]","[705,5e-324,893,1.7976931348623157e+308,82,893,126,242,82,49]","[705,5e-324,893,true,82,893,126,242,82,false]"],"returnObjects":["false","\"Error\"","\"Error\"","false"],"callbackArgs":["{\"0\":705,\"1\":0,\"2\":[705,5e-324,893,1.7976931348623157e+308,82,893,126,242,82,49]}","{\"0\":705,\"1\":0,\"2\":[705,5e-324,893,1.7976931348623157e+308,82,893,126,242,82,49]}","{\"0\":705,\"1\":0,\"2\":[705,5e-324,893,1.7976931348623157e+308,82,893,126,242,82,49]}","{\"0\":705,\"1\":0,\"2\":[705,5e-324,893,1.7976931348623157e+308,82,893,126,242,82,49]}"]}