{"baseObjects":["[null,460,607,823,25]","[-1,460,607,823,25]","[-1,460,607,823,25]","[-1,{\"\":\"T\",\"nWz\":627,\"7.158817372316366e+307\":\"\",\"!\":-1,\"6.592514242192309e+307\":126},607,823,25]"],"returnObjects":["false","\"Error\"","false","false"],"callbackArgs":["{\"0\":-1,\"1\":0,\"2\":[-1,460,607,823,25]}","{\"0\":-1,\"1\":0,\"2\":[-1,460,607,823,25]}","{\"0\":-1,\"1\":0,\"2\":[-1,460,607,823,25]}","{\"0\":-1,\"1\":0,\"2\":[-1,460,607,823,25]}"]}