{"baseObjects":["[122,242,242,157,783,-1,595,1.7976931348623157e+308,0,213]","[122,242,242,157,783,-1,595,1.7976931348623157e+308,0,213]","[122,242,242,null,783,-1,595,1.7976931348623157e+308,{\"7\":1.8851669490573114e+307,\"783\":9.009718605404539e+307,\"p]\":\"\",\"\":\"f\"},213]","[122,242,242,157,783,-1,595,1.7976931348623157e+308,0,213]"],"returnObjects":["\"Error\"","\"Error\"","false","false"],"callbackArgs":["{\"0\":122,\"1\":0,\"2\":[122,242,242,157,783,-1,595,1.7976931348623157e+308,0,213]}","{\"0\":122,\"1\":0,\"2\":[122,242,242,157,783,-1,595,1.7976931348623157e+308,0,213]}","{\"0\":122,\"1\":0,\"2\":[122,242,242,157,783,-1,595,1.7976931348623157e+308,0,213]}"]}