{"baseObjects":["[\"V\",\"gZ\",1.7976931348623157e+308,655,59,969]","[\"V\",\"gZ\",1.7976931348623157e+308,655,59,969]","[\"V\",\"gZ\",{\"100\":823,\"460\":-1,\"U\":\"^\",\"\":\"v|\",\"i\":4.95615371717421e+307,\"7.076248953686722e+307\":6.332052003792544e+307,\"[\":\"\"},655,59,969]","[\"V\",\"gZ\",1.7976931348623157e+308,655,59,969]"],"returnObjects":["false","\"Error\"","false","\"Error\""],"callbackArgs":["{\"0\":\"V\",\"1\":0,\"2\":[\"V\",\"gZ\",1.7976931348623157e+308,655,59,969]}","{\"0\":\"V\",\"1\":0,\"2\":[\"V\",\"gZ\",1.7976931348623157e+308,655,59,969]}","{\"0\":\"gZ\",\"1\":1,\"2\":[\"V\",\"gZ\",{\"100\":823,\"460\":-1,\"U\":\"^\",\"\":\"v|\",\"i\":4.95615371717421e+307,\"7.076248953686722e+307\":6.332052003792544e+307,\"[\":\"\"},655,59,969]}","{\"0\":{\"100\":823,\"460\":-1,\"U\":\"^\",\"\":\"v|\",\"i\":4.95615371717421e+307,\"7.076248953686722e+307\":6.332052003792544e+307,\"[\":\"\"},\"1\":2,\"2\":[\"V\",\"gZ\",{\"100\":823,\"460\":-1,\"U\":\"^\",\"\":\"v|\",\"i\":4.95615371717421e+307,\"7.076248953686722e+307\":6.332052003792544e+307,\"[\":\"\"},655,59,969]}","{\"0\":655,\"1\":3,\"2\":[\"V\",\"gZ\",{\"100\":823,\"460\":-1,\"U\":\"^\",\"\":\"v|\",\"i\":4.95615371717421e+307,\"7.076248953686722e+307\":6.332052003792544e+307,\"[\":\"\"},655,59,969]}","{\"0\":\"V\",\"1\":0,\"2\":[\"V\",\"gZ\",1.7976931348623157e+308,655,59,969]}"]}