{"baseObjects":["true","[\"G\",\"C[\",627,\"nx\",\"N\",1.7976931348623157e+308,\"VhU\"]","[false,\"C[\",627,\"nx\",\"N\",1.7976931348623157e+308,\"VhU\"]","true"],"returnObjects":["true","\"Error\"","false","\"Error\""],"callbackArgs":["{\"0\":\"G\",\"1\":0,\"2\":[\"G\",\"C[\",627,\"nx\",\"N\",1.7976931348623157e+308,\"VhU\"]}","{\"0\":\"C[\",\"1\":1,\"2\":[\"G\",\"C[\",627,\"nx\",\"N\",1.7976931348623157e+308,\"VhU\"]}","{\"0\":627,\"1\":2,\"2\":[\"G\",\"C[\",627,\"nx\",\"N\",1.7976931348623157e+308,\"VhU\"]}","{\"0\":\"nx\",\"1\":3,\"2\":[\"G\",\"C[\",627,\"nx\",\"N\",1.7976931348623157e+308,\"VhU\"]}","{\"0\":\"N\",\"1\":4,\"2\":[\"G\",\"C[\",627,\"nx\",\"N\",1.7976931348623157e+308,\"VhU\"]}","{\"0\":1.7976931348623157e+308,\"1\":5,\"2\":[\"G\",\"C[\",627,\"nx\",\"N\",1.7976931348623157e+308,\"VhU\"]}","{\"0\":\"VhU\",\"1\":6,\"2\":[\"G\",\"C[\",627,\"nx\",\"N\",1.7976931348623157e+308,\"VhU\"]}","{\"0\":\"G\",\"1\":0,\"2\":[\"G\",\"C[\",627,\"nx\",\"N\",1.7976931348623157e+308,\"VhU\"]}","{\"0\":\"G\",\"1\":0,\"2\":[\"G\",\"C[\",627,\"nx\",\"N\",1.7976931348623157e+308,\"VhU\"]}"]}