{"baseObjects":["[100,242,{\"242\":8.350344321215067e+307,\"460\":\"Z\",\"714\":\"\",\"783\":122,\"4.852468221230185e+307\":\"\",\"1.5652284461982016e+308\":1.3581571979479628e+308,\"1.312948168388015e+308\":5.295768566459784e+307,\"q\":1.5472632292957326e+308,\"6.108083771579453e+307\":\"uX\"},\"6,\",213]","[100,242,\"E\",\"6,\",213,null,null,null,[607,705]]","[[\"#\",705,893,\"]\"],242,\"E\",\"6,\",213]","[100,242,\"E\",\"6,\",213]"],"returnObjects":["false","true","true","\"Error\""],"callbackArgs":["{\"0\":100,\"1\":0,\"2\":[100,242,\"E\",\"6,\",213]}","{\"0\":100,\"1\":0,\"2\":[100,242,\"E\",\"6,\",213]}","{\"0\":242,\"1\":1,\"2\":[100,242,\"E\",\"6,\",213,null,null,null,[607,705]]}","{\"0\":\"E\",\"1\":2,\"2\":[100,242,\"E\",\"6,\",213,null,null,null,[607,705]]}","{\"0\":\"6,\",\"1\":3,\"2\":[100,242,\"E\",\"6,\",213,null,null,null,[607,705]]}","{\"0\":213,\"1\":4,\"2\":[100,242,\"E\",\"6,\",213,null,null,null,[607,705]]}","{\"0\":100,\"1\":0,\"2\":[100,242,\"E\",\"6,\",213]}","{\"0\":242,\"1\":1,\"2\":[[\"#\",705,893,\"]\"],242,\"E\",\"6,\",213]}","{\"0\":\"E\",\"1\":2,\"2\":[[\"#\",705,893,\"]\"],242,\"E\",\"6,\",213]}","{\"0\":\"6,\",\"1\":3,\"2\":[[\"#\",705,893,\"]\"],242,\"E\",\"6,\",213]}","{\"0\":213,\"1\":4,\"2\":[[\"#\",705,893,\"]\"],242,\"E\",\"6,\",213]}","{\"0\":100,\"1\":0,\"2\":[100,242,\"E\",\"6,\",213]}"]}