{"baseObjects":["[157,5e-324,655,595,607,893,157,893]","[157,5e-324,655,595,607,893,157,893]","[157,5e-324,{\"705\":\"$)Shk&\",\"969\":2.2371274739374943e+307,\"\":595,\"7.520724355879979e+306\":\"p\",\"YG@Q>\":618,\"9.899421576498066e+307\":1.1387001148934647e+307,\";\":1.3034010240357055e+308},595,607,893,157,213]","[157,5e-324,655,595,607,893,157,893]"],"returnObjects":["false","\"Error\"","false","\"Error\""],"callbackArgs":["{\"0\":157,\"1\":0,\"2\":[157,5e-324,655,595,607,893,157,893]}","{\"0\":157,\"1\":0,\"2\":[157,5e-324,655,595,607,893,157,893]}","{\"0\":157,\"1\":0,\"2\":[157,5e-324,655,595,607,893,157,893]}","{\"0\":157,\"1\":0,\"2\":[157,5e-324,655,595,607,893,157,893]}"]}