{"baseObjects":["[1.7976931348623157e+308,627,25,59,49,82,969,-100,49]","[1.7976931348623157e+308,627,25,59,49,82,969,-100,49]","[1.7976931348623157e+308,627,25,59,49,82,969,-100,49]","[1.7976931348623157e+308,627,25,59,49,82,969,-100,49]"],"returnObjects":["false","false","\"Error\"","false"],"callbackArgs":["{\"0\":1.7976931348623157e+308,\"1\":0,\"2\":[1.7976931348623157e+308,627,25,59,49,82,969,-100,49]}","{\"0\":1.7976931348623157e+308,\"1\":0,\"2\":[1.7976931348623157e+308,627,25,59,49,82,969,-100,49]}","{\"0\":1.7976931348623157e+308,\"1\":0,\"2\":[1.7976931348623157e+308,627,25,59,49,82,969,-100,49]}","{\"0\":1.7976931348623157e+308,\"1\":0,\"2\":[1.7976931348623157e+308,627,25,59,49,82,969,-100,49]}"]}