{"baseObjects":["[969,607,157,1.7976931348623157e+308,714,783,783]","[969,607,157,1.7976931348623157e+308,714,783,783]","[969,607,157,1.7976931348623157e+308,714,783,783]","[969,607,157,1.7976931348623157e+308,714,783,783]"],"returnObjects":["false","true","\"Error\"","\"Error\""],"callbackArgs":["{\"0\":969,\"1\":0,\"2\":[969,607,157,1.7976931348623157e+308,714,783,783]}","{\"0\":969,\"1\":0,\"2\":[969,607,157,1.7976931348623157e+308,714,783,783]}","{\"0\":607,\"1\":1,\"2\":[969,607,157,1.7976931348623157e+308,714,783,783]}","{\"0\":157,\"1\":2,\"2\":[969,607,157,1.7976931348623157e+308,714,783,783]}","{\"0\":1.7976931348623157e+308,\"1\":3,\"2\":[969,607,157,1.7976931348623157e+308,714,783,783]}","{\"0\":714,\"1\":4,\"2\":[969,607,157,1.7976931348623157e+308,714,783,783]}","{\"0\":783,\"1\":5,\"2\":[969,607,157,1.7976931348623157e+308,714,783,783]}","{\"0\":783,\"1\":6,\"2\":[969,607,157,1.7976931348623157e+308,714,783,783]}","{\"0\":969,\"1\":0,\"2\":[969,607,157,1.7976931348623157e+308,714,783,783]}","{\"0\":969,\"1\":0,\"2\":[969,607,157,1.7976931348623157e+308,714,783,783]}"]}