{"baseObjects":["[\"C\",969,969,\"W\"]","[\"C\",969,969,\"W\",null,null,null,null,-100]","{\"0\":-1,\"9\":[\"Z\",\"+\",\"_BulD\"],\"655\":242,\"893\":595,\"7.244376982942379e+307\":\"wjo\",\"w\":714,\"MK\":1.7976931348623157e+308,\"8.651043508999703e+307\":1.2022100583470313e+308,\"E\":\"wh\"}","[\"C\",969,1.3288974220328145e+308,\"W\"]"],"returnObjects":["false","false","false","true"],"callbackArgs":["{\"0\":\"C\",\"1\":0,\"2\":[\"C\",969,969,\"W\"]}","{\"0\":\"C\",\"1\":0,\"2\":[\"C\",969,969,\"W\"]}","{\"0\":969,\"1\":1,\"2\":[\"C\",969,969,\"W\",null,null,null,null,-100]}","{\"0\":\"C\",\"1\":0,\"2\":[\"C\",969,969,\"W\"]}","{\"0\":969,\"1\":1,\"2\":[\"C\",969,969,\"W\"]}","{\"0\":\"C\",\"1\":0,\"2\":[\"C\",969,969,\"W\"]}","{\"0\":969,\"1\":1,\"2\":[\"C\",969,1.3288974220328145e+308,\"W\"]}","{\"0\":1.3288974220328145e+308,\"1\":2,\"2\":[\"C\",969,1.3288974220328145e+308,\"W\"]}","{\"0\":\"W\",\"1\":3,\"2\":[\"C\",969,1.3288974220328145e+308,\"W\"]}"]}