{"baseObjects":["[\"c}\",null,1.1742890938182651e+308]","[\"c}\",null,49,null,null,{\"\":1.5979661748845026e+307,\"1.3497591032719683e+307\":126,\"3.8456762703139753e+307\":\"!\",\"1.2221099017977437e+308\":1.3924099851165772e+308}]","[\"c}\",null,null,null,\"N\"]","[\"c}\",null,null,null]"],"returnObjects":["\"Error\"","false","false","\"Error\""],"callbackArgs":["{\"0\":\"c}\",\"1\":0,\"2\":[\"c}\"]}","{\"0\":\"c}\",\"1\":0,\"2\":[\"c}\"]}","{\"0\":\"c}\",\"1\":0,\"2\":[\"c}\"]}","{\"0\":\"c}\",\"1\":0,\"2\":[\"c}\"]}"]}