{"baseObjects":["[213,242,783,-1,705,607,1.7976931348623157e+308]","[213,242,783,-1,705,-1,1.7976931348623157e+308]","[213,242,783,-1,705,607,1.7976931348623157e+308]","2.3380495469783683e+306"],"returnObjects":["\"Error\"","false","\"Error\"","false"],"callbackArgs":["{\"0\":213,\"1\":0,\"2\":[213,242,783,-1,705,607,1.7976931348623157e+308]}","{\"0\":213,\"1\":0,\"2\":[213,242,783,-1,705,607,1.7976931348623157e+308]}","{\"0\":213,\"1\":0,\"2\":[213,242,783,-1,705,607,1.7976931348623157e+308]}","{\"0\":213,\"1\":0,\"2\":[213,242,783,-1,705,607,1.7976931348623157e+308]}"]}