{"baseObjects":["[-1,843,9.632184939163756e+307,null,null,{\"6.575513047671894e+307\":\"y\",\"-1\":\"\",\"b\":783,\"3.977658813138386e+306\":157}]","[-1,843,null,null,null,[\"?\",59,\"6P\",100,59,\"Z\"]]","[-1,843,null,null,null,null,null,1.5577471643951153e+308]","[-1,[607,100]]"],"returnObjects":["true","false","false","false"],"callbackArgs":["{\"0\":-1,\"1\":0,\"2\":[-1,843]}","{\"0\":843,\"1\":1,\"2\":[-1,843,9.632184939163756e+307,null,null,{\"6.575513047671894e+307\":\"y\",\"-1\":\"\",\"b\":783,\"3.977658813138386e+306\":157}]}","{\"0\":-1,\"1\":0,\"2\":[-1,843]}","{\"0\":-1,\"1\":0,\"2\":[-1,843]}","{\"0\":-1,\"1\":0,\"2\":[-1,843]}"]}