{"baseObjects":["[\"s\",59]","[\"s\",{\"783\":\"\",\"\":\"(}\",\"+\":\"\",\"7.86987358802787e+307\":\"G\",\"3.264138876580649e+306\":\"Ney\",\"u\":655,\"1.5724454554093611e+308\":\"\",\"1.3368563501713446e+308\":1.0479644823248388e+308,\"8.181676628116408e+307\":\"sP&|\"}]","{\"59\":\"\",\"n?\":\"5\",\")\":\"'\",\"\":\"\",\"-1\":157,\"7.783269539048398e+307\":122,\"h}t\":7.214954458231795e+307,\"5.449172869423547e+307\":1.2402166439821997e+308,\"4.912687227809369e+307\":1.62372344062075e+308}","[\"s\",59]"],"returnObjects":["false","false","\"Error\"","\"Error\""],"callbackArgs":["{\"0\":\"s\",\"1\":0,\"2\":[\"s\",59]}","{\"0\":\"s\",\"1\":0,\"2\":[\"s\",59]}","{\"0\":\"s\",\"1\":0,\"2\":[\"s\",59]}","{\"0\":\"s\",\"1\":0,\"2\":[\"s\",59]}"]}