{"baseObjects":["[969,460,-1,823]","[969,460,-1,823,null,null,null,null,false]","[969,460,-1,{\"460\":705,\"627\":2.3708334006254355e+307,\"c)\":122,\"\":\"M\",\"4.708152010188599e+307\":126,\"4.004414865435563e+307\":1.2706381240278778e+308,\"3Tpj5\":0},null,null,null,null,[893,122,49,100,618,655,242,618,0,100]]","[969,[655,627,969,783,460,157,49,5e-324,25],-1,823]"],"returnObjects":["\"Error\"","false","false","false"],"callbackArgs":["{\"0\":969,\"1\":0,\"2\":[969,460,-1,823]}","{\"0\":969,\"1\":0,\"2\":[969,460,-1,823]}","{\"0\":969,\"1\":0,\"2\":[969,460,-1,823]}","{\"0\":969,\"1\":0,\"2\":[969,460,-1,823]}"]}