{"baseObjects":["[1.7976931348623157e+308,100,705,-1]","[1.7976931348623157e+308,100,705,-1,null,null,null,null,null,[49,-1,100]]","[1.7976931348623157e+308,100,705,-1]","[1.7976931348623157e+308,100,705,-1,null,null,null,null,null,59]"],"returnObjects":["false","false","\"Error\"","\"Error\""],"callbackArgs":["{\"0\":1.7976931348623157e+308,\"1\":0,\"2\":[1.7976931348623157e+308,100,705,-1]}","{\"0\":1.7976931348623157e+308,\"1\":0,\"2\":[1.7976931348623157e+308,100,705,-1]}","{\"0\":1.7976931348623157e+308,\"1\":0,\"2\":[1.7976931348623157e+308,100,705,-1]}"]}