{"baseObjects":["[893,126,59,1.7976931348623157e+308,969,823,607,-1,618,655]","[893,126,59,1.7976931348623157e+308,969,823,607,-1,618,[126,59,5e-324,893,705]]","[893,126,59,1.7976931348623157e+308,969,823,607,-1,618,655]","[893,126,59,1.7976931348623157e+308,969,823,607,-1,618,655]"],"returnObjects":["false","\"Error\"","\"Error\"","\"Error\""],"callbackArgs":["{\"0\":893,\"1\":0,\"2\":[893,126,59,1.7976931348623157e+308,969,823,607,-1,618,655]}","{\"0\":893,\"1\":0,\"2\":[893,126,59,1.7976931348623157e+308,969,823,607,-1,618,655]}","{\"0\":893,\"1\":0,\"2\":[893,126,59,1.7976931348623157e+308,969,823,607,-1,618,655]}","{\"0\":893,\"1\":0,\"2\":[893,126,59,1.7976931348623157e+308,969,823,607,-1,618,655]}"]}