{"baseObjects":["[1.7976931348623157e+308,714,714,49,25,59,655,893,655,843]","[1.7976931348623157e+308,714,714,49,25,59,655,893,655,843]","[1.7976931348623157e+308,714,714,49,true,59,655,893,655,843]","[1.7976931348623157e+308,714,714,49,25,59,655,893,false,843]"],"returnObjects":["false","false","\"Error\"","false"],"callbackArgs":["{\"0\":1.7976931348623157e+308,\"1\":0,\"2\":[1.7976931348623157e+308,714,714,49,25,59,655,893,655,843]}","{\"0\":1.7976931348623157e+308,\"1\":0,\"2\":[1.7976931348623157e+308,714,714,49,25,59,655,893,655,843]}","{\"0\":1.7976931348623157e+308,\"1\":0,\"2\":[1.7976931348623157e+308,714,714,49,25,59,655,893,655,843]}","{\"0\":1.7976931348623157e+308,\"1\":0,\"2\":[1.7976931348623157e+308,714,714,49,25,59,655,893,655,843]}"]}