{"baseObjects":["[126,1.7976931348623157e+308,460,969]","[126,1.7976931348623157e+308,460,969]","[126,1.7976931348623157e+308,460,969]","[126,1.7976931348623157e+308,460,969,null,[\"mE>\",\"w\",\"E)\",\"_\",\"U\",\"PL\",\"[\",\"J\",\"F<\"],null,true]"],"returnObjects":["\"Error\"","false","false","false"],"callbackArgs":["{\"0\":126,\"1\":0,\"2\":[126,1.7976931348623157e+308,460,969]}","{\"0\":126,\"1\":0,\"2\":[126,1.7976931348623157e+308,460,969]}","{\"0\":126,\"1\":0,\"2\":[126,1.7976931348623157e+308,460,969]}","{\"0\":126,\"1\":0,\"2\":[126,1.7976931348623157e+308,460,969]}"]}