{"baseObjects":["[100,25,100,157]","[618,null,null,1.0287167973025887e+308]","{\"49\":\"\",\"595\":1.2800771525840365e+308,\"\":\"\",\"Dr\":\"[\",\"7.14770173801727e+307\":\"\",\"jL\":1.0333197941352056e+308,\"1.589852756749253e+308\":0}","[618]"],"returnObjects":["true","false","false","\"Error\""],"callbackArgs":["{\"0\":618,\"1\":0,\"2\":[618]}","{\"0\":618,\"1\":0,\"2\":[618]}","{\"0\":618,\"1\":0,\"2\":[618]}","{\"0\":618,\"1\":0,\"2\":[618]}"]}