{"baseObjects":["[82,655,122,-100,100,122,1.7976931348623157e+308,618,-1]","[82,655,\"s\",-100,100,122,1.7976931348623157e+308,618,-1]","[82,655,122,-100,100,122,1.7976931348623157e+308,618,-1]","[82,655,122,-100,100,122,1.7976931348623157e+308,618,-1]"],"returnObjects":["\"Error\"","false","false","\"Error\""],"callbackArgs":["{\"0\":82,\"1\":0,\"2\":[82,655,122,-100,100,122,1.7976931348623157e+308,618,-1]}","{\"0\":82,\"1\":0,\"2\":[82,655,122,-100,100,122,1.7976931348623157e+308,618,-1]}","{\"0\":82,\"1\":0,\"2\":[82,655,122,-100,100,122,1.7976931348623157e+308,618,-1]}","{\"0\":82,\"1\":0,\"2\":[82,655,122,-100,100,122,1.7976931348623157e+308,618,-1]}"]}