{"baseObjects":["[157,714,1.7976931348623157e+308,242,1.7976931348623157e+308,5e-324,126,82]","[157,714,1.7976931348623157e+308,242,1.7976931348623157e+308,5e-324,126,82]","[157,714,1.7976931348623157e+308,242,1.7976931348623157e+308,5e-324,126,82]","[157,714,1.7976931348623157e+308,242,1.7976931348623157e+308,5e-324,{\"25\":\"\",\"\":1.446599587843303e+308,\"1.653879630867753e+308\":\"y\",\"q\":607},82]"],"returnObjects":["false","\"Error\"","\"Error\"","\"Error\""],"callbackArgs":["{\"0\":157,\"1\":0,\"2\":[157,714,1.7976931348623157e+308,242,1.7976931348623157e+308,5e-324,126,82]}","{\"0\":157,\"1\":0,\"2\":[157,714,1.7976931348623157e+308,242,1.7976931348623157e+308,5e-324,126,82]}","{\"0\":157,\"1\":0,\"2\":[157,714,1.7976931348623157e+308,242,1.7976931348623157e+308,5e-324,126,82]}","{\"0\":157,\"1\":0,\"2\":[157,714,1.7976931348623157e+308,242,1.7976931348623157e+308,5e-324,126,82]}"]}