{"baseObjects":["[{\"\":6.211970475563672e+307},82,823]","[25,82,823]","[\"5E\",100,\"n\",59,\"]yt\",607]","[25,82,823,{\"607\":\"Q\",\"627\":1.4121401248545185e+308,\"1.5232366194565586e+308\":\"Qg\",\"Kt\":1.4799115380880334e+308,\"\":\"7:\",\"Wf\":1.0083141310803632e+308,\"1.6640215254899868e+308\":714}]"],"returnObjects":["true","\"Error\"","false","false"],"callbackArgs":["{\"0\":25,\"1\":0,\"2\":[25,82,823]}","{\"0\":82,\"1\":1,\"2\":[{\"\":6.211970475563672e+307},82,823]}","{\"0\":823,\"1\":2,\"2\":[{\"\":6.211970475563672e+307},82,823]}","{\"0\":25,\"1\":0,\"2\":[25,82,823]}","{\"0\":25,\"1\":0,\"2\":[25,82,823]}"]}