{"baseObjects":["607","[655,49,157,3.3277283979029816e+306,0,403,0,100,705,242]","[655,49,157,126,0,403,null,100,705,242]","[655,49,157,126,0,403,0,100,705,242]"],"returnObjects":["false","true","false","\"Error\""],"callbackArgs":["{\"0\":655,\"1\":0,\"2\":[655,49,157,126,0,403,0,100,705,242]}","{\"0\":655,\"1\":0,\"2\":[655,49,157,126,0,403,0,100,705,242]}","{\"0\":49,\"1\":1,\"2\":[655,49,157,3.3277283979029816e+306,0,403,0,100,705,242]}","{\"0\":157,\"1\":2,\"2\":[655,49,157,3.3277283979029816e+306,0,403,0,100,705,242]}","{\"0\":3.3277283979029816e+306,\"1\":3,\"2\":[655,49,157,3.3277283979029816e+306,0,403,0,100,705,242]}","{\"0\":0,\"1\":4,\"2\":[655,49,157,3.3277283979029816e+306,0,403,0,100,705,242]}","{\"0\":403,\"1\":5,\"2\":[655,49,157,3.3277283979029816e+306,0,403,0,100,705,242]}","{\"0\":0,\"1\":6,\"2\":[655,49,157,3.3277283979029816e+306,0,403,0,100,705,242]}","{\"0\":100,\"1\":7,\"2\":[655,49,157,3.3277283979029816e+306,0,403,0,100,705,242]}","{\"0\":705,\"1\":8,\"2\":[655,49,157,3.3277283979029816e+306,0,403,0,100,705,242]}","{\"0\":242,\"1\":9,\"2\":[655,49,157,3.3277283979029816e+306,0,403,0,100,705,242]}","{\"0\":655,\"1\":0,\"2\":[655,49,157,126,0,403,0,100,705,242]}","{\"0\":655,\"1\":0,\"2\":[655,49,157,126,0,403,0,100,705,242]}"]}