{"baseObjects":["[\"TX;\",843,{\"ER\":\"K\",\"1.2066684398691096e+308\":\"\",\"\":893,\"3.377960715099946e+307\":157,\"8.270672171154207e+307\":\"8sR\"},\"[\",\"b\"]","[\"\",843,157,\"[\",\"b\"]","{\"100\":\"\",\"403\":595,\"2.0499011559696548e+306\":\"rIj\",\"x\":1.061905666768637e+307,\"o96\":1.6299232716578403e+308,\"\":\"9i\"}","242"],"returnObjects":["\"Error\"","false","false","false"],"callbackArgs":["{\"0\":\"TX;\",\"1\":0,\"2\":[\"TX;\",843,157,\"[\",\"b\"]}","{\"0\":\"TX;\",\"1\":0,\"2\":[\"TX;\",843,157,\"[\",\"b\"]}","{\"0\":\"TX;\",\"1\":0,\"2\":[\"TX;\",843,157,\"[\",\"b\"]}","{\"0\":\"TX;\",\"1\":0,\"2\":[\"TX;\",843,157,\"[\",\"b\"]}"]}