{"baseObjects":["[714,0,7.775984727109039e+307,783,0,126,1.7976931348623157e+308,-100]","[714,0,213,783,0,126,1.7976931348623157e+308,-100]","[true,0,213,783,0,[607],6.114071666961194e+306,-100]","false"],"returnObjects":["false","\"Error\"","false","false"],"callbackArgs":["{\"0\":714,\"1\":0,\"2\":[714,0,213,783,0,126,1.7976931348623157e+308,-100]}","{\"0\":714,\"1\":0,\"2\":[714,0,213,783,0,126,1.7976931348623157e+308,-100]}","{\"0\":714,\"1\":0,\"2\":[714,0,213,783,0,126,1.7976931348623157e+308,-100]}","{\"0\":714,\"1\":0,\"2\":[714,0,213,783,0,126,1.7976931348623157e+308,-100]}"]}