{"baseObjects":["[1.7976931348623157e+308,\"KU(#\"]","[1.7976931348623157e+308,\"KU(#\"]","[1.7976931348623157e+308,\"KU(#\"]","[1.7976931348623157e+308,\"KU(#\"]"],"returnObjects":["\"Error\"","\"Error\"","true","false"],"callbackArgs":["{\"0\":1.7976931348623157e+308,\"1\":0,\"2\":[1.7976931348623157e+308,\"KU(#\"]}","{\"0\":1.7976931348623157e+308,\"1\":0,\"2\":[1.7976931348623157e+308,\"KU(#\"]}","{\"0\":1.7976931348623157e+308,\"1\":0,\"2\":[1.7976931348623157e+308,\"KU(#\"]}","{\"0\":\"KU(#\",\"1\":1,\"2\":[1.7976931348623157e+308,\"KU(#\"]}","{\"0\":1.7976931348623157e+308,\"1\":0,\"2\":[1.7976931348623157e+308,\"KU(#\"]}"]}