{"baseObjects":["[\"`\",\"zCE\",\"z0Ddf\",627,25,null,null,{\"783\":893,\"823\":6.220500083757614e+307,\"M\":5.095062063728602e+307,\"\":5.221655924890218e+307,\"^\":6.312052066434119e+307,\"1.8807426524531758e+306\":213,\"1.402749035042552e+308\":3.237762892164645e+307,\"3.1601782373829644e+307\":4.173145929951183e+306,\"2.6811568615938406e+307\":\"4L*\",\"e\":\"L\"}]","[\"`\",\"zCE\",\"z0Ddf\",627,25]","[\"`\",\"zCE\",\"z0Ddf\",627,\"\"]","[\"`\",\"zCE\",\"z0Ddf\",627,25,null,true]"],"returnObjects":["false","false","false","false"],"callbackArgs":["{\"0\":\"`\",\"1\":0,\"2\":[\"`\",\"zCE\",\"z0Ddf\",627,25]}","{\"0\":\"`\",\"1\":0,\"2\":[\"`\",\"zCE\",\"z0Ddf\",627,25]}","{\"0\":\"`\",\"1\":0,\"2\":[\"`\",\"zCE\",\"z0Ddf\",627,25]}","{\"0\":\"`\",\"1\":0,\"2\":[\"`\",\"zCE\",\"z0Ddf\",627,25]}","{\"0\":\"zCE\",\"1\":1,\"2\":[\"`\",\"zCE\",\"z0Ddf\",627,25,null,true]}","{\"0\":\"z0Ddf\",\"1\":2,\"2\":[\"`\",\"zCE\",\"z0Ddf\",627,25,null,true]}","{\"0\":627,\"1\":3,\"2\":[\"`\",\"zCE\",\"z0Ddf\",627,25,null,true]}"]}