{"baseObjects":["[783,893,[\"Hl\",\"L\",\"^\",\"X\",126,\"rj\",\"fg#P\",\"U\"],618,1.7976931348623157e+308,-100]","[783,893,122,618,1.7976931348623157e+308,-100]","[783,893,122,618,1.7976931348623157e+308,714]","\">n\""],"returnObjects":["false","\"Error\"","\"Error\"","false"],"callbackArgs":["{\"0\":783,\"1\":0,\"2\":[783,893,122,618,1.7976931348623157e+308,-100]}","{\"0\":783,\"1\":0,\"2\":[783,893,122,618,1.7976931348623157e+308,-100]}","{\"0\":783,\"1\":0,\"2\":[783,893,122,618,1.7976931348623157e+308,-100]}","{\"0\":783,\"1\":0,\"2\":[783,893,122,618,1.7976931348623157e+308,-100]}"]}