{"baseObjects":["[1.7903050586970813e+308,122]","[0,122,null,null,\"\",null,null,null,\"un\"]","[823,59,403,122,714,1.7976931348623157e+308,403,-1,1.7976931348623157e+308]","[0,122]"],"returnObjects":["false","false","false","\"Error\""],"callbackArgs":["{\"0\":0,\"1\":0,\"2\":[0,122]}","{\"0\":0,\"1\":0,\"2\":[0,122]}","{\"0\":0,\"1\":0,\"2\":[0,122]}","{\"0\":0,\"1\":0,\"2\":[0,122]}"]}