{"baseObjects":["[[893,213,-1,893,403],618,82,\"su=L\",\"!%<t\",\">;Ja=\",893,627,{\"2.834301612235577e+307\":1.7976931348623157e+308,\"\":\"eWwn8%\"}]","[242,242,627,655,714,460,969,49,595]","1.147945496628e+308","655"],"returnObjects":["false","false","\"Error\"","true"],"callbackArgs":["{\"0\":783,\"1\":0,\"2\":[783,618,82,\"su=L\",\"!%<t\",\">;Ja=\",893,627]}","{\"0\":783,\"1\":0,\"2\":[783,618,82,\"su=L\",\"!%<t\",\">;Ja=\",893,627]}","{\"0\":783,\"1\":0,\"2\":[783,618,82,\"su=L\",\"!%<t\",\">;Ja=\",893,627]}","{\"0\":783,\"1\":0,\"2\":[783,618,82,\"su=L\",\"!%<t\",\">;Ja=\",893,627]}"]}