{"baseObjects":["[595,893,627,705]","[595,893,627,705]","[595,893,627,705,null,{\"126\":\"jA\",\"213\":7.989459498743425e+307,\"783\":1.69373236480489e+308,\"969\":\"\",\"1.314174044360118e+308\":9.185141553921037e+307,\"1.534518663729034e+308\":59,\"|\":969,\"\":714,\"9.844569476990657e+307\":\"y\"}]","[595,893,627,705]"],"returnObjects":["false","\"Error\"","false","\"Error\""],"callbackArgs":["{\"0\":595,\"1\":0,\"2\":[595,893,627,705]}","{\"0\":595,\"1\":0,\"2\":[595,893,627,705]}"]}