{"baseObjects":["true","[969,100,1.7976931348623157e+308,null,null,null,null,null,null,[627,49,969,\"<:Do\",607,-100,\"-J\"]]","[969,100,1.7976931348623157e+308]","0"],"returnObjects":["\"Error\"","true","false","true"],"callbackArgs":["{\"0\":969,\"1\":0,\"2\":[969,100,1.7976931348623157e+308]}","{\"0\":969,\"1\":0,\"2\":[969,100,1.7976931348623157e+308]}","{\"0\":100,\"1\":1,\"2\":[969,100,1.7976931348623157e+308,null,null,null,null,null,null,[627,49,969,\"<:Do\",607,-100,\"-J\"]]}","{\"0\":1.7976931348623157e+308,\"1\":2,\"2\":[969,100,1.7976931348623157e+308,null,null,null,null,null,null,[627,49,969,\"<:Do\",607,-100,\"-J\"]]}","{\"0\":969,\"1\":0,\"2\":[969,100,1.7976931348623157e+308]}","{\"0\":969,\"1\":0,\"2\":[969,100,1.7976931348623157e+308]}","{\"0\":100,\"1\":1,\"2\":[969,100,1.7976931348623157e+308]}","{\"0\":1.7976931348623157e+308,\"1\":2,\"2\":[969,100,1.7976931348623157e+308]}"]}