{"baseObjects":["[-100,122,460,893,213,-1]","[-100,122,460,893,213,-1,{\"213\":\"\",\"705\":595,\"ib\":7.916724262428322e+306,\"\":607,\"1.7087218930893333e+308\":\"\",\"^G\":969},null]","[-100,122,{\"25\":\"y,g8\",\"595\":1.4901185244855606e+308,\"1.7261030733891165e+308\":213,\"&B\":25,\"3b\":\"\",\"1.2685096701799995e+307\":\"\",\"6.247914655578504e+307\":\"\"},893,213,-1]","[-100,122,460,893,213,-1]"],"returnObjects":["\"Error\"","false","false","\"Error\""],"callbackArgs":["{\"0\":-100,\"1\":0,\"2\":[-100,122,460,893,213,-1]}","{\"0\":-100,\"1\":0,\"2\":[-100,122,460,893,213,-1]}","{\"0\":-100,\"1\":0,\"2\":[-100,122,460,893,213,-1]}"]}