{"baseObjects":["[-100,213,59,82,1.7976931348623157e+308,823,82]","[-100,213,59,\"x\",1.7976931348623157e+308,823,82]","[-100,213,59,82,1.7976931348623157e+308,823,82]","[-100,213,true,82,1.7976931348623157e+308,823,82]"],"returnObjects":["true","true","false","true"],"callbackArgs":["{\"0\":-100,\"1\":0,\"2\":[-100,213,59,82,1.7976931348623157e+308,823,82]}","{\"0\":213,\"1\":1,\"2\":[-100,213,59,82,1.7976931348623157e+308,823,82]}","{\"0\":59,\"1\":2,\"2\":[-100,213,59,82,1.7976931348623157e+308,823,82]}","{\"0\":82,\"1\":3,\"2\":[-100,213,59,82,1.7976931348623157e+308,823,82]}","{\"0\":1.7976931348623157e+308,\"1\":4,\"2\":[-100,213,59,82,1.7976931348623157e+308,823,82]}","{\"0\":823,\"1\":5,\"2\":[-100,213,59,82,1.7976931348623157e+308,823,82]}","{\"0\":82,\"1\":6,\"2\":[-100,213,59,82,1.7976931348623157e+308,823,82]}","{\"0\":-100,\"1\":0,\"2\":[-100,213,59,82,1.7976931348623157e+308,823,82]}","{\"0\":213,\"1\":1,\"2\":[-100,213,59,\"x\",1.7976931348623157e+308,823,82]}","{\"0\":59,\"1\":2,\"2\":[-100,213,59,\"x\",1.7976931348623157e+308,823,82]}","{\"0\":\"x\",\"1\":3,\"2\":[-100,213,59,\"x\",1.7976931348623157e+308,823,82]}","{\"0\":1.7976931348623157e+308,\"1\":4,\"2\":[-100,213,59,\"x\",1.7976931348623157e+308,823,82]}","{\"0\":823,\"1\":5,\"2\":[-100,213,59,\"x\",1.7976931348623157e+308,823,82]}","{\"0\":82,\"1\":6,\"2\":[-100,213,59,\"x\",1.7976931348623157e+308,823,82]}","{\"0\":-100,\"1\":0,\"2\":[-100,213,59,82,1.7976931348623157e+308,823,82]}","{\"0\":-100,\"1\":0,\"2\":[-100,213,59,82,1.7976931348623157e+308,823,82]}","{\"0\":213,\"1\":1,\"2\":[-100,213,true,82,1.7976931348623157e+308,823,82]}","{\"0\":true,\"1\":2,\"2\":[-100,213,true,82,1.7976931348623157e+308,823,82]}","{\"0\":82,\"1\":3,\"2\":[-100,213,true,82,1.7976931348623157e+308,823,82]}","{\"0\":1.7976931348623157e+308,\"1\":4,\"2\":[-100,213,true,82,1.7976931348623157e+308,823,82]}","{\"0\":823,\"1\":5,\"2\":[-100,213,true,82,1.7976931348623157e+308,823,82]}","{\"0\":82,\"1\":6,\"2\":[-100,213,true,82,1.7976931348623157e+308,823,82]}"]}