{"baseObjects":["[1.7976931348623157e+308,460,25,82,893,607,59,157,0]","[1.7976931348623157e+308,460,25,82,893,607,59,157,0]","[1.7976931348623157e+308,460,25,82,893,null,59,157,0]","[1.7976931348623157e+308,false,25,82,893,607,59,157,0]"],"returnObjects":["false","false","true","false"],"callbackArgs":["{\"0\":1.7976931348623157e+308,\"1\":0,\"2\":[1.7976931348623157e+308,460,25,82,893,607,59,157,0]}","{\"0\":1.7976931348623157e+308,\"1\":0,\"2\":[1.7976931348623157e+308,460,25,82,893,607,59,157,0]}","{\"0\":1.7976931348623157e+308,\"1\":0,\"2\":[1.7976931348623157e+308,460,25,82,893,607,59,157,0]}","{\"0\":460,\"1\":1,\"2\":[1.7976931348623157e+308,460,25,82,893,null,59,157,0]}","{\"0\":25,\"1\":2,\"2\":[1.7976931348623157e+308,460,25,82,893,null,59,157,0]}","{\"0\":82,\"1\":3,\"2\":[1.7976931348623157e+308,460,25,82,893,null,59,157,0]}","{\"0\":893,\"1\":4,\"2\":[1.7976931348623157e+308,460,25,82,893,null,59,157,0]}","{\"0\":null,\"1\":5,\"2\":[1.7976931348623157e+308,460,25,82,893,null,59,157,0]}","{\"0\":59,\"1\":6,\"2\":[1.7976931348623157e+308,460,25,82,893,null,59,157,0]}","{\"0\":157,\"1\":7,\"2\":[1.7976931348623157e+308,460,25,82,893,null,59,157,0]}","{\"0\":0,\"1\":8,\"2\":[1.7976931348623157e+308,460,25,82,893,null,59,157,0]}","{\"0\":1.7976931348623157e+308,\"1\":0,\"2\":[1.7976931348623157e+308,460,25,82,893,607,59,157,0]}"]}