{"baseObjects":["[\"buc\",null,\"R\",1.7976931348623157e+308]","[\"buc\",403,\"R\",1.7976931348623157e+308]","[\"buc\",403,\"R\",1.7976931348623157e+308]","[\"buc\",403,\"R\",1.7976931348623157e+308]"],"returnObjects":["false","\"Error\"","\"Error\"","\"Error\""],"callbackArgs":["{\"0\":\"buc\",\"1\":0,\"2\":[\"buc\",403,\"R\",1.7976931348623157e+308]}","{\"0\":\"buc\",\"1\":0,\"2\":[\"buc\",403,\"R\",1.7976931348623157e+308]}","{\"0\":\"buc\",\"1\":0,\"2\":[\"buc\",403,\"R\",1.7976931348623157e+308]}","{\"0\":\"buc\",\"1\":0,\"2\":[\"buc\",403,\"R\",1.7976931348623157e+308]}"]}