{"baseObjects":["[1.7976931348623157e+308,59,460,213,100,460,82,1.7976931348623157e+308,823,893]","[1.7976931348623157e+308,59,460,213,100,460,82,1.7976931348623157e+308,823,893]","[1.7976931348623157e+308,59,null,213,100,460,82,1.7976931348623157e+308,823,893]","[82,59,460,213,100,460,{\"\":126,\"C\":\"\"},1.7976931348623157e+308,823,893]"],"returnObjects":["false","\"Error\"","false","true"],"callbackArgs":["{\"0\":1.7976931348623157e+308,\"1\":0,\"2\":[1.7976931348623157e+308,59,460,213,100,460,82,1.7976931348623157e+308,823,893]}","{\"0\":1.7976931348623157e+308,\"1\":0,\"2\":[1.7976931348623157e+308,59,460,213,100,460,82,1.7976931348623157e+308,823,893]}","{\"0\":1.7976931348623157e+308,\"1\":0,\"2\":[1.7976931348623157e+308,59,460,213,100,460,82,1.7976931348623157e+308,823,893]}","{\"0\":1.7976931348623157e+308,\"1\":0,\"2\":[1.7976931348623157e+308,59,460,213,100,460,82,1.7976931348623157e+308,823,893]}","{\"0\":59,\"1\":1,\"2\":[82,59,460,213,100,460,{\"\":126,\"C\":\"\"},1.7976931348623157e+308,823,893]}","{\"0\":460,\"1\":2,\"2\":[82,59,460,213,100,460,{\"\":126,\"C\":\"\"},1.7976931348623157e+308,823,893]}","{\"0\":213,\"1\":3,\"2\":[82,59,460,213,100,460,{\"\":126,\"C\":\"\"},1.7976931348623157e+308,823,893]}","{\"0\":100,\"1\":4,\"2\":[82,59,460,213,100,460,{\"\":126,\"C\":\"\"},1.7976931348623157e+308,823,893]}","{\"0\":460,\"1\":5,\"2\":[82,59,460,213,100,460,{\"\":126,\"C\":\"\"},1.7976931348623157e+308,823,893]}","{\"0\":{\"\":126,\"C\":\"\"},\"1\":6,\"2\":[82,59,460,213,100,460,{\"\":126,\"C\":\"\"},1.7976931348623157e+308,823,893]}","{\"0\":1.7976931348623157e+308,\"1\":7,\"2\":[82,59,460,213,100,460,{\"\":126,\"C\":\"\"},1.7976931348623157e+308,823,893]}","{\"0\":823,\"1\":8,\"2\":[82,59,460,213,100,460,{\"\":126,\"C\":\"\"},1.7976931348623157e+308,823,893]}","{\"0\":893,\"1\":9,\"2\":[82,59,460,213,100,460,{\"\":126,\"C\":\"\"},1.7976931348623157e+308,823,893]}"]}