{"baseObjects":["[823,157,783,460,{\"893\":1.5233915923100535e+307,\"1.6137450187352052e+308\":\"\",\"5.382901884287171e+307\":126,\"M\":\"5j\",\"\":\"\",\"#b\":\"E!ypg\"},100,-100,null,null,[49]]","[823,null,783,\"W\",242,100,-100]","[823,157,783,460,242,100,-100]","[823,157,783,false,242,100,-100]"],"returnObjects":["false","false","false","true"],"callbackArgs":["{\"0\":823,\"1\":0,\"2\":[823,157,783,460,242,100,-100]}","{\"0\":823,\"1\":0,\"2\":[823,157,783,460,242,100,-100]}","{\"0\":823,\"1\":0,\"2\":[823,157,783,460,242,100,-100]}","{\"0\":823,\"1\":0,\"2\":[823,157,783,460,242,100,-100]}","{\"0\":157,\"1\":1,\"2\":[823,157,783,false,242,100,-100]}","{\"0\":783,\"1\":2,\"2\":[823,157,783,false,242,100,-100]}","{\"0\":false,\"1\":3,\"2\":[823,157,783,false,242,100,-100]}","{\"0\":242,\"1\":4,\"2\":[823,157,783,false,242,100,-100]}","{\"0\":100,\"1\":5,\"2\":[823,157,783,false,242,100,-100]}","{\"0\":-100,\"1\":6,\"2\":[823,157,783,false,242,100,-100]}"]}