{"baseObjects":["[705,627,1.7976931348623157e+308,-1,242]","[705,627,1.7976931348623157e+308,-1,242]","[705,627,1.7976931348623157e+308,-1,242]","[705,627,1.7976931348623157e+308,-1,242]"],"returnObjects":["\"Error\"","false","false","false"],"callbackArgs":["{\"0\":705,\"1\":0,\"2\":[705,627,1.7976931348623157e+308,-1,242]}","{\"0\":705,\"1\":0,\"2\":[705,627,1.7976931348623157e+308,-1,242]}","{\"0\":705,\"1\":0,\"2\":[705,627,1.7976931348623157e+308,-1,242]}","{\"0\":705,\"1\":0,\"2\":[705,627,1.7976931348623157e+308,-1,242]}"]}