{"baseObjects":["[460,823,100,1.7976931348623157e+308,893,969,595,-1,{\"82\":\"4\",\"100\":8.434244776435499e+307,\"705\":\"\",\"893\":\"\",\"\":\"\",\"J\":5e-324,\"1.1657014338151521e+308\":1.7976931348623157e+308}]","[460,823,100,1.7976931348623157e+308,893,969,595,[893,893,157],893,403]","[460,823,100,1.7976931348623157e+308,893,969,595,-1,893]","\"i\""],"returnObjects":["false","false","true","false"],"callbackArgs":["{\"0\":460,\"1\":0,\"2\":[460,823,100,1.7976931348623157e+308,893,969,595,-1,893]}","{\"0\":460,\"1\":0,\"2\":[460,823,100,1.7976931348623157e+308,893,969,595,-1,893]}","{\"0\":460,\"1\":0,\"2\":[460,823,100,1.7976931348623157e+308,893,969,595,-1,893]}","{\"0\":823,\"1\":1,\"2\":[460,823,100,1.7976931348623157e+308,893,969,595,-1,893]}","{\"0\":100,\"1\":2,\"2\":[460,823,100,1.7976931348623157e+308,893,969,595,-1,893]}","{\"0\":1.7976931348623157e+308,\"1\":3,\"2\":[460,823,100,1.7976931348623157e+308,893,969,595,-1,893]}","{\"0\":893,\"1\":4,\"2\":[460,823,100,1.7976931348623157e+308,893,969,595,-1,893]}","{\"0\":969,\"1\":5,\"2\":[460,823,100,1.7976931348623157e+308,893,969,595,-1,893]}","{\"0\":595,\"1\":6,\"2\":[460,823,100,1.7976931348623157e+308,893,969,595,-1,893]}","{\"0\":-1,\"1\":7,\"2\":[460,823,100,1.7976931348623157e+308,893,969,595,-1,893]}","{\"0\":893,\"1\":8,\"2\":[460,823,100,1.7976931348623157e+308,893,969,595,-1,893]}","{\"0\":460,\"1\":0,\"2\":[460,823,100,1.7976931348623157e+308,893,969,595,-1,893]}"]}