{"baseObjects":["[242,59]","[242,59,null,null,{\"655\":1.3999922570219864e+308,\"6.40058667975858e+306\":213,\"-100\":\"p\",\"\":\"`Z}W\",\"q}I|\":7.621331636621742e+307}]","[242,59]","[]"],"returnObjects":["false","false","false","\"Error\""],"callbackArgs":["{\"0\":242,\"1\":0,\"2\":[242,59]}","{\"0\":242,\"1\":0,\"2\":[242,59]}","{\"0\":242,\"1\":0,\"2\":[242,59]}","{\"0\":242,\"1\":0,\"2\":[242,59]}"]}