{"baseObjects":["{\"1\":1.287033342137431e+308,\"126\":1.7976931348623157e+308,\"1.7976931348623157e+308\":1.0232773996838345e+308,\"1.5105685600660775e+308\":\"QH,Ol\",\"5e-324\":\"\"}","[49,\"*\",\"d_#v\",\"[\",\"l\",{\"460\":\"\",\"1.5718622338506945e+308\":\"Ckm\",\"\":8.214465922481534e+307,\"3.9266654410060057e+306\":\"-\",\"G\":\"\",\"o\":843,\"YN*\":705}]","[100,893,595]","[49,\"*\",\"d_#v\",\"[\",\"l#\",783,null]"],"returnObjects":["false","false","false","true"],"callbackArgs":["{\"0\":49,\"1\":0,\"2\":[49,\"*\",\"d_#v\",\"[\",\"l\",783]}","{\"0\":49,\"1\":0,\"2\":[49,\"*\",\"d_#v\",\"[\",\"l\",783]}","{\"0\":49,\"1\":0,\"2\":[49,\"*\",\"d_#v\",\"[\",\"l\",783]}","{\"0\":49,\"1\":0,\"2\":[49,\"*\",\"d_#v\",\"[\",\"l\",783]}","{\"0\":\"*\",\"1\":1,\"2\":[49,\"*\",\"d_#v\",\"[\",\"l#\",783,null]}","{\"0\":\"d_#v\",\"1\":2,\"2\":[49,\"*\",\"d_#v\",\"[\",\"l#\",783,null]}","{\"0\":\"[\",\"1\":3,\"2\":[49,\"*\",\"d_#v\",\"[\",\"l#\",783,null]}","{\"0\":\"l#\",\"1\":4,\"2\":[49,\"*\",\"d_#v\",\"[\",\"l#\",783,null]}","{\"0\":783,\"1\":5,\"2\":[49,\"*\",\"d_#v\",\"[\",\"l#\",783,null]}"]}