{"baseObjects":["[893,1.7976931348623157e+308]","[893,1.7976931348623157e+308]","[893,1.7976931348623157e+308]","[893,1.7976931348623157e+308]"],"returnObjects":["false","false","false","false"],"callbackArgs":["{\"0\":893,\"1\":0,\"2\":[893,1.7976931348623157e+308]}","{\"0\":893,\"1\":0,\"2\":[893,1.7976931348623157e+308]}","{\"0\":893,\"1\":0,\"2\":[893,1.7976931348623157e+308]}","{\"0\":893,\"1\":0,\"2\":[893,1.7976931348623157e+308]}"]}