{"baseObjects":["[242,595,122,82]","[242,595,122,82,null,null,null,null,{\"59\":1.2314799759543875e+308,\"595\":100,\"\":1.349033534817146e+308,\"1.3225682766524541e+308\":\"-\",\"1.023273150186547e+308\":1.4816625627170622e+308,\"k6C\":1.1886295413437096e+308}]","[242,595,true,82]","25"],"returnObjects":["false","\"Error\"","false","true"],"callbackArgs":["{\"0\":242,\"1\":0,\"2\":[242,595,122,82]}","{\"0\":242,\"1\":0,\"2\":[242,595,122,82]}","{\"0\":242,\"1\":0,\"2\":[242,595,122,82]}","{\"0\":242,\"1\":0,\"2\":[242,595,122,82]}","{\"0\":595,\"1\":1,\"2\":[242,595,618,82]}","{\"0\":618,\"1\":2,\"2\":[242,595,618,82]}","{\"0\":82,\"1\":3,\"2\":[242,595,618,82]}"]}