{"baseObjects":["[\"#\",\"C\",\"3\"]","[\"#\",\"C\",\"3\"]","[]","[\"#\",\"C\",\"3\",{\"122\":1.7976931348623157e+308,\"157\":\"\",\"213\":1.789100467583423e+307,\"969\":\"\",\"\":607,\"1.55478878574831e+308\":403,\"]\":\"\"}]"],"returnObjects":["true","true","\"Error\"","true"],"callbackArgs":["{\"0\":\"#\",\"1\":0,\"2\":[\"#\",\"C\",\"3\"]}","{\"0\":\"C\",\"1\":1,\"2\":[\"#\",\"C\",\"3\"]}","{\"0\":\"3\",\"1\":2,\"2\":[\"#\",\"C\",\"3\"]}","{\"0\":\"#\",\"1\":0,\"2\":[\"#\",\"C\",\"3\"]}","{\"0\":\"C\",\"1\":1,\"2\":[\"#\",\"C\",\"3\"]}","{\"0\":\"3\",\"1\":2,\"2\":[\"#\",\"C\",\"3\"]}","{\"0\":\"#\",\"1\":0,\"2\":[\"#\",\"C\",\"3\"]}","{\"0\":\"#\",\"1\":0,\"2\":[\"#\",\"C\",\"3\"]}","{\"0\":\"C\",\"1\":1,\"2\":[\"#\",\"C\",\"3\",{\"122\":1.7976931348623157e+308,\"157\":\"\",\"213\":1.789100467583423e+307,\"969\":\"\",\"\":607,\"1.55478878574831e+308\":403,\"]\":\"\"}]}","{\"0\":\"3\",\"1\":2,\"2\":[\"#\",\"C\",\"3\",{\"122\":1.7976931348623157e+308,\"157\":\"\",\"213\":1.789100467583423e+307,\"969\":\"\",\"\":607,\"1.55478878574831e+308\":403,\"]\":\"\"}]}"]}