{"baseObjects":["[\"+\",\"Y\",\",\",{\"122\":\"\",\"403\":1.0827914315957957e+308,\"893\":\"\"},843,[-1,-100,0],\"(\",null]","[\"+\",\"Y\",\",\",\"x\",843,\"!\",\"(\",893,{\"\":122}]","[{\"0\":{\"OI\":1.2287091817753515e+307,\"3[\":\"\",\"1.1364806759453507e+308\":893},\"4\":\"Yp\",\"59\":25,\"126\":4.036057178206021e+306,\"705\":\"W[1Vc^<WbRB\",\"823\":\"\",\"`'j\":\"\",\"\":1.3137906822549112e+308,\"1.7976931348623157e+308\":7.518327467227005e+307},\"Y\",\",\",\"x\",843,\"!\",\"(\",893]","[\"+\",\"Y\",\",\",\"x\",843,\"!\",\"(\",893]"],"returnObjects":["true","false","false","\"Error\""],"callbackArgs":["{\"0\":\"+\",\"1\":0,\"2\":[\"+\",\"Y\",\",\",\"x\",843,\"!\",\"(\",893]}","{\"0\":\"Y\",\"1\":1,\"2\":[\"+\",\"Y\",\",\",{\"122\":\"\",\"403\":1.0827914315957957e+308,\"893\":\"\"},843,[-1,-100,0],\"(\",null]}","{\"0\":\",\",\"1\":2,\"2\":[\"+\",\"Y\",\",\",{\"122\":\"\",\"403\":1.0827914315957957e+308,\"893\":\"\"},843,[-1,-100,0],\"(\",null]}","{\"0\":{\"122\":\"\",\"403\":1.0827914315957957e+308,\"893\":\"\"},\"1\":3,\"2\":[\"+\",\"Y\",\",\",{\"122\":\"\",\"403\":1.0827914315957957e+308,\"893\":\"\"},843,[-1,-100,0],\"(\",null]}","{\"0\":843,\"1\":4,\"2\":[\"+\",\"Y\",\",\",{\"122\":\"\",\"403\":1.0827914315957957e+308,\"893\":\"\"},843,[-1,-100,0],\"(\",null]}","{\"0\":[-1,-100,0],\"1\":5,\"2\":[\"+\",\"Y\",\",\",{\"122\":\"\",\"403\":1.0827914315957957e+308,\"893\":\"\"},843,[-1,-100,0],\"(\",null]}","{\"0\":\"(\",\"1\":6,\"2\":[\"+\",\"Y\",\",\",{\"122\":\"\",\"403\":1.0827914315957957e+308,\"893\":\"\"},843,[-1,-100,0],\"(\",null]}","{\"0\":null,\"1\":7,\"2\":[\"+\",\"Y\",\",\",{\"122\":\"\",\"403\":1.0827914315957957e+308,\"893\":\"\"},843,[-1,-100,0],\"(\",null]}","{\"0\":\"+\",\"1\":0,\"2\":[\"+\",\"Y\",\",\",\"x\",843,\"!\",\"(\",893]}","{\"0\":\"+\",\"1\":0,\"2\":[\"+\",\"Y\",\",\",\"x\",843,\"!\",\"(\",893]}","{\"0\":\"+\",\"1\":0,\"2\":[\"+\",\"Y\",\",\",\"x\",843,\"!\",\"(\",893]}"]}