{"baseObjects":["5.3723640046686135e+306","[49,213,null,607,false,460,627,null,{}]","[49,213,-1,607,25,460,627,null,[49,460,59,783,1.7976931348623157e+308,-100]]","[49,213,false,607,25,460,627]"],"returnObjects":["false","false","true","false"],"callbackArgs":["{\"0\":49,\"1\":0,\"2\":[49,213,-1,607,25,460,627]}","{\"0\":49,\"1\":0,\"2\":[49,213,-1,607,25,460,627]}","{\"0\":49,\"1\":0,\"2\":[49,213,-1,607,25,460,627]}","{\"0\":213,\"1\":1,\"2\":[49,213,-1,607,25,460,627,null,[49,460,59,783,1.7976931348623157e+308,-100]]}","{\"0\":-1,\"1\":2,\"2\":[49,213,-1,607,25,460,627,null,[49,460,59,783,1.7976931348623157e+308,-100]]}","{\"0\":607,\"1\":3,\"2\":[49,213,-1,607,25,460,627,null,[49,460,59,783,1.7976931348623157e+308,-100]]}","{\"0\":25,\"1\":4,\"2\":[49,213,-1,607,25,460,627,null,[49,460,59,783,1.7976931348623157e+308,-100]]}","{\"0\":460,\"1\":5,\"2\":[49,213,-1,607,25,460,627,null,[49,460,59,783,1.7976931348623157e+308,-100]]}","{\"0\":627,\"1\":6,\"2\":[49,213,-1,607,25,460,627,null,[49,460,59,783,1.7976931348623157e+308,-100]]}","{\"0\":49,\"1\":0,\"2\":[49,213,-1,607,25,460,627]}"]}