{"baseObjects":["[618,655]","[618,655,null,null,null,null,null,{\"^\":4.088130728788854e+307,\"1.641207330997171e+308\":122,\"2.705474847741513e+307\":\"1K\"}]","[618,655,\"6#4\"]","[618,655]"],"returnObjects":["false","true","true","false"],"callbackArgs":["{\"0\":618,\"1\":0,\"2\":[618,655]}","{\"0\":618,\"1\":0,\"2\":[618,655]}","{\"0\":655,\"1\":1,\"2\":[618,655,null,null,null,null,null,{\"^\":4.088130728788854e+307,\"1.641207330997171e+308\":122,\"2.705474847741513e+307\":\"1K\"}]}","{\"0\":618,\"1\":0,\"2\":[618,655]}","{\"0\":655,\"1\":1,\"2\":[618,655,\"6#4\"]}","{\"0\":618,\"1\":0,\"2\":[618,655]}"]}