{"baseObjects":["[5e-324]","[5e-324]","[5e-324,null,{\"242\":2.822107208299013e+306,\"1qH%\":\"s\",\"\":\"B\",\"9.046581384249556e+307\":9.294296120015325e+307}]","[5e-324]"],"returnObjects":["\"Error\"","true","true","\"Error\""],"callbackArgs":["{\"0\":5e-324,\"1\":0,\"2\":[5e-324]}","{\"0\":5e-324,\"1\":0,\"2\":[5e-324]}","{\"0\":5e-324,\"1\":0,\"2\":[5e-324]}","{\"0\":5e-324,\"1\":0,\"2\":[5e-324]}"]}