{"baseObjects":["[-100,242,823,242,843,157,-1,655,{\"618\":6.265309145796475e+307,\"1.2411167154005379e+307\":\"\",\"1.142136880189398e+308\":1.8658061753952827e+307,\"\":403,\"oM`\":5.727395412153241e+307,\"9.031306469414775e+307\":\"\",\"1.8070569095600382e+307\":\"\",\"J\":\"nK\"},null]","[-100,242,823,242,843,157,-1,655]","[-100,242,823,242,843,157,-1,655]","false"],"returnObjects":["false","false","\"Error\"","\"Error\""],"callbackArgs":["{\"0\":-100,\"1\":0,\"2\":[-100,242,823,242,843,157,-1,655]}","{\"0\":-100,\"1\":0,\"2\":[-100,242,823,242,843,157,-1,655]}","{\"0\":-100,\"1\":0,\"2\":[-100,242,823,242,843,157,-1,655]}","{\"0\":242,\"1\":1,\"2\":[-100,242,823,242,843,157,-1,655]}"]}