{"baseObjects":["[403,-100,627,49,{\"49\":\"|\",\"783\":\"\",\"823\":6.731062239147249e+307,\"893\":843,\"969\":\"\",\"utT8?\":122,\"\":\"^h\",\"-1\":\"7(rJ8\",\"1.5757376492799887e+308\":\"\"}]","[403,-100,627,49,null,null,null,null,false]","[403,-100,627,49,null,null,null,\"\"]","[403,-100,627,49]"],"returnObjects":["false","false","false","true"],"callbackArgs":["{\"0\":403,\"1\":0,\"2\":[403,-100,627,49]}","{\"0\":403,\"1\":0,\"2\":[403,-100,627,49]}","{\"0\":403,\"1\":0,\"2\":[403,-100,627,49]}","{\"0\":403,\"1\":0,\"2\":[403,-100,627,49]}","{\"0\":-100,\"1\":1,\"2\":[403,-100,627,49]}","{\"0\":627,\"1\":2,\"2\":[403,-100,627,49]}","{\"0\":49,\"1\":3,\"2\":[403,-100,627,49]}"]}