{"baseObjects":["[49,893,null,null,{\"z\":6.500582060120703e+307,\"\":\"\",\"3.6094919479658604e+307\":\"\",\"4.712826700707457e+307\":2.5610289791340945e+307,\"1.1032097886077648e+308\":\"}6W\"}]","[49,893,null,null,null,null,126]","[49,893,null,null,null,null,null,null,618]","[49,893,null,null,null,null,null,null,null,627]"],"returnObjects":["false","false","false","false"],"callbackArgs":["{\"0\":49,\"1\":0,\"2\":[49,893]}","{\"0\":49,\"1\":0,\"2\":[49,893]}","{\"0\":49,\"1\":0,\"2\":[49,893]}","{\"0\":49,\"1\":0,\"2\":[49,893]}"]}