{"baseObjects":["[1.7976931348623157e+308,-1,100,893,1.7976931348623157e+308,403,82,59,893]","[]","[1.7976931348623157e+308,-1,100,893,1.7976931348623157e+308,403,82,59,893,\"<8\"]","[1.7976931348623157e+308,-1,100,893,1.7976931348623157e+308,403,82,59,893]"],"returnObjects":["false","true","false","\"Error\""],"callbackArgs":["{\"0\":1.7976931348623157e+308,\"1\":0,\"2\":[1.7976931348623157e+308,-1,100,893,1.7976931348623157e+308,403,82,59,893]}","{\"0\":1.7976931348623157e+308,\"1\":0,\"2\":[1.7976931348623157e+308,-1,100,893,1.7976931348623157e+308,403,82,59,893]}","{\"0\":1.7976931348623157e+308,\"1\":0,\"2\":[1.7976931348623157e+308,-1,100,893,1.7976931348623157e+308,403,82,59,893]}","{\"0\":1.7976931348623157e+308,\"1\":0,\"2\":[1.7976931348623157e+308,-1,100,893,1.7976931348623157e+308,403,82,59,893]}"]}