{"baseObjects":["[100,25,969,403,843,213]","[100,25,969,403,843,213]","[100,25,969,403,843,213]","[{\"2\":true,\"100\":-1,\"843\":783,\"\":\"\",\"8.186014678037549e+307\":5.061883133793313e+307,\"w\":\"\",\"+,^\":\"w\"},25,969,403,843,213]"],"returnObjects":["false","true","\"Error\"","false"],"callbackArgs":["{\"0\":100,\"1\":0,\"2\":[100,25,969,403,843,213]}","{\"0\":100,\"1\":0,\"2\":[100,25,969,403,843,213]}","{\"0\":25,\"1\":1,\"2\":[100,25,969,403,843,213]}","{\"0\":969,\"1\":2,\"2\":[100,25,969,403,843,213]}","{\"0\":403,\"1\":3,\"2\":[100,25,969,403,843,213]}","{\"0\":843,\"1\":4,\"2\":[100,25,969,403,843,213]}","{\"0\":213,\"1\":5,\"2\":[100,25,969,403,843,213]}","{\"0\":100,\"1\":0,\"2\":[100,25,969,403,843,213]}","{\"0\":100,\"1\":0,\"2\":[100,25,969,403,843,213]}"]}