{"baseObjects":["[null,null,null,{\"122\":403,\"403\":\"\",\"9.607817540780348e+307\":-100,\"\":\"\",\"0i3\":\"\",\"3.1957046649601676e+307\":607,\"6.528474566582756e+307\":893,\"JN\":-100,\"t0\":\"|\",\"1.7876495787331064e+307\":\"\"}]","\"|\"","[618,-1,49,893,607,783,705,655,82]","[618,-1,49,893,607,783,705,655,82]"],"returnObjects":["false","false","false","false"],"callbackArgs":["{\"0\":618,\"1\":0,\"2\":[618,-1,49,893,607,783,705,655,82]}","{\"0\":618,\"1\":0,\"2\":[618,-1,49,893,607,783,705,655,82]}","{\"0\":618,\"1\":0,\"2\":[618,-1,49,893,607,783,705,655,82]}","{\"0\":618,\"1\":0,\"2\":[618,-1,49,893,607,783,705,655,82]}"]}