{"baseObjects":["[25,655,893,59,1.7976931348623157e+308,false]","[25,655,893,59,1.7976931348623157e+308,100]","[null,655,893,59,1.7976931348623157e+308,100]","[25,655,893,59,1.7976931348623157e+308,100]"],"returnObjects":["false","false","\"Error\"","false"],"callbackArgs":["{\"0\":25,\"1\":0,\"2\":[25,655,893,59,1.7976931348623157e+308,100]}","{\"0\":25,\"1\":0,\"2\":[25,655,893,59,1.7976931348623157e+308,100]}","{\"0\":25,\"1\":0,\"2\":[25,655,893,59,1.7976931348623157e+308,100]}","{\"0\":25,\"1\":0,\"2\":[25,655,893,59,1.7976931348623157e+308,100]}"]}