{"baseObjects":["[403,823,714,100,59,1.7976931348623157e+308,49]","[403,823,714,100,59,1.7976931348623157e+308,49]","[403,823,714,100,59,1.7976931348623157e+308,49]","[403,823,714,100,59,1.7976931348623157e+308,49]"],"returnObjects":["false","\"Error\"","false","false"],"callbackArgs":["{\"0\":403,\"1\":0,\"2\":[403,823,714,100,59,1.7976931348623157e+308,49]}","{\"0\":403,\"1\":0,\"2\":[403,823,714,100,59,1.7976931348623157e+308,49]}","{\"0\":403,\"1\":0,\"2\":[403,823,714,100,59,1.7976931348623157e+308,49]}"]}