{"baseObjects":["[25,705,783,843,1.7976931348623157e+308,null]","[25,705,783,843,1.7976931348623157e+308]","[25,705,783,843,1.7976931348623157e+308,null,null,null,null,100]","[25,705,783,843,1.7976931348623157e+308,null,null,null,null,null]"],"returnObjects":["\"Error\"","false","false","false"],"callbackArgs":["{\"0\":25,\"1\":0,\"2\":[25,705,783,843,1.7976931348623157e+308]}","{\"0\":25,\"1\":0,\"2\":[25,705,783,843,1.7976931348623157e+308]}","{\"0\":25,\"1\":0,\"2\":[25,705,783,843,1.7976931348623157e+308]}","{\"0\":25,\"1\":0,\"2\":[25,705,783,843,1.7976931348623157e+308]}"]}