{"baseObjects":["[false,1.7976931348623157e+308,595,595,[823,1.7976931348623157e+308,893,655,607,618,49,1.7976931348623157e+308]]","[82,1.7976931348623157e+308,595,595]","[82,1.7976931348623157e+308,595,595,null,null,null,null,null,{\"460\":1.3382251933623215e+308,\"3.2768122113772786e+307\":7.199462034830367e+307,\"GA\":\"\",\"Ai\":126,\"d\":\"\",\"1.6876019566301912e+308\":6.26129877936528e+306,\"\":595,\"1.7851690667848995e+308\":2.658642706683212e+306}]","[82,1.7976931348623157e+308,595,595]"],"returnObjects":["true","false","true","\"Error\""],"callbackArgs":["{\"0\":82,\"1\":0,\"2\":[82,1.7976931348623157e+308,595,595]}","{\"0\":1.7976931348623157e+308,\"1\":1,\"2\":[false,1.7976931348623157e+308,595,595,[823,1.7976931348623157e+308,893,655,607,618,49,1.7976931348623157e+308]]}","{\"0\":595,\"1\":2,\"2\":[false,1.7976931348623157e+308,595,595,[823,1.7976931348623157e+308,893,655,607,618,49,1.7976931348623157e+308]]}","{\"0\":595,\"1\":3,\"2\":[false,1.7976931348623157e+308,595,595,[823,1.7976931348623157e+308,893,655,607,618,49,1.7976931348623157e+308]]}","{\"0\":82,\"1\":0,\"2\":[82,1.7976931348623157e+308,595,595]}","{\"0\":82,\"1\":0,\"2\":[82,1.7976931348623157e+308,595,595]}","{\"0\":1.7976931348623157e+308,\"1\":1,\"2\":[82,1.7976931348623157e+308,595,595,null,null,null,null,null,{\"460\":1.3382251933623215e+308,\"3.2768122113772786e+307\":7.199462034830367e+307,\"GA\":\"\",\"Ai\":126,\"d\":\"\",\"1.6876019566301912e+308\":6.26129877936528e+306,\"\":595,\"1.7851690667848995e+308\":2.658642706683212e+306}]}","{\"0\":595,\"1\":2,\"2\":[82,1.7976931348623157e+308,595,595,null,null,null,null,null,{\"460\":1.3382251933623215e+308,\"3.2768122113772786e+307\":7.199462034830367e+307,\"GA\":\"\",\"Ai\":126,\"d\":\"\",\"1.6876019566301912e+308\":6.26129877936528e+306,\"\":595,\"1.7851690667848995e+308\":2.658642706683212e+306}]}","{\"0\":595,\"1\":3,\"2\":[82,1.7976931348623157e+308,595,595,null,null,null,null,null,{\"460\":1.3382251933623215e+308,\"3.2768122113772786e+307\":7.199462034830367e+307,\"GA\":\"\",\"Ai\":126,\"d\":\"\",\"1.6876019566301912e+308\":6.26129877936528e+306,\"\":595,\"1.7851690667848995e+308\":2.658642706683212e+306}]}","{\"0\":82,\"1\":0,\"2\":[82,1.7976931348623157e+308,595,595]}"]}