{"baseObjects":["[100,893]","[100,893,null,null,627,null,null,null,{\"122\":5.850996001464621e+307,\"607\":\"r5\",\"7.228006147286008e+306\":\"0\",\"\":\"\",\"1.750243265735646e+308\":8.806446742627604e+307,\"1.3108041102388941e+308\":59,\"Czg\":100}]","[100,893]","6.875091764470959e+307"],"returnObjects":["true","false","\"Error\"","\"Error\""],"callbackArgs":["{\"0\":100,\"1\":0,\"2\":[100,893]}","{\"0\":893,\"1\":1,\"2\":[100,893]}","{\"0\":100,\"1\":0,\"2\":[100,893]}","{\"0\":100,\"1\":0,\"2\":[100,893]}","{\"0\":100,\"1\":0,\"2\":[100,893]}"]}