{"baseObjects":["[59,595,403,705]","[59,595,403,705]","[59,595,403,705,null,null,8.136574358252705e+307]","[59,595,403,705,{\"1.1264754037702609e+308\":893,\"5.419104299786806e+307\":\"\",\"1.4873245569411044e+308\":969},null,null,null,[823,\"g\",\"ci\",25,\"I8G\",\"<&\",\"FPB\",705]]"],"returnObjects":["false","\"Error\"","true","true"],"callbackArgs":["{\"0\":59,\"1\":0,\"2\":[59,595,403,705]}","{\"0\":59,\"1\":0,\"2\":[59,595,403,705]}","{\"0\":595,\"1\":1,\"2\":[59,595,403,705,null,null,8.136574358252705e+307]}","{\"0\":403,\"1\":2,\"2\":[59,595,403,705,null,null,8.136574358252705e+307]}","{\"0\":705,\"1\":3,\"2\":[59,595,403,705,null,null,8.136574358252705e+307]}","{\"0\":59,\"1\":0,\"2\":[59,595,403,705]}","{\"0\":595,\"1\":1,\"2\":[59,595,403,705,{\"1.1264754037702609e+308\":893,\"5.419104299786806e+307\":\"\",\"1.4873245569411044e+308\":969},null,null,null,[823,\"g\",\"ci\",25,\"I8G\",\"<&\",\"FPB\",705]]}","{\"0\":403,\"1\":2,\"2\":[59,595,403,705,{\"1.1264754037702609e+308\":893,\"5.419104299786806e+307\":\"\",\"1.4873245569411044e+308\":969},null,null,null,[823,\"g\",\"ci\",25,\"I8G\",\"<&\",\"FPB\",705]]}","{\"0\":705,\"1\":3,\"2\":[59,595,403,705,{\"1.1264754037702609e+308\":893,\"5.419104299786806e+307\":\"\",\"1.4873245569411044e+308\":969},null,null,null,[823,\"g\",\"ci\",25,\"I8G\",\"<&\",\"FPB\",705]]}"]}