{"baseObjects":["[25,82,893,655,\"\",460]","[2.8531765173324456e+307,82,893,655,893,460]","[25,82,893,655,893,460,null,null,[893,\"q8\",1.7976931348623157e+308,157,\"J\",\"3\"]]","[25,82,893,655,893,460]"],"returnObjects":["false","false","false","\"Error\""],"callbackArgs":["{\"0\":25,\"1\":0,\"2\":[25,82,893,655,893,460]}","{\"0\":25,\"1\":0,\"2\":[25,82,893,655,893,460]}","{\"0\":25,\"1\":0,\"2\":[25,82,893,655,893,460]}","{\"0\":25,\"1\":0,\"2\":[25,82,893,655,893,460]}"]}