{"baseObjects":["[242,\"09\",122,\"y=\"]","[242,\"09\",122,null,null,{\"59\":\"GC\",\"705\":655,\"823\":1.2815697667636599e+308,\"-1\":157,\"\":126,\"]q1'\":\"\",\"1.7761587611120402e+308\":5.714999868427859e+306,\"&\":627,\"V\":\"%\",\"A&8\":\")\"},null]","[242,\"09\",122,null,null,null,null]","[242,\"09\",122]"],"returnObjects":["false","false","\"Error\"","\"Error\""],"callbackArgs":["{\"0\":242,\"1\":0,\"2\":[242,\"09\",122]}","{\"0\":242,\"1\":0,\"2\":[242,\"09\",122]}","{\"0\":242,\"1\":0,\"2\":[242,\"09\",122]}","{\"0\":242,\"1\":0,\"2\":[242,\"09\",122]}"]}