{"baseObjects":["[\"H5>*m\",\"Z\",null,null,false]","[\"H5>*m\",\"Z\"]","[{\"82\":9.926564469321196e+307,\"100\":403,\"1.4372699695079126e+308\":\"\",\"\":2.1587517445830649e+307,\"<\":49,\"1.7152186069107576e+308\":\">\",\"1.6721628005920914e+308\":8.17796622281812e+307,\"1.1534930819651836e+308\":\"\"},\"Z\"]","[\"H5>*m\",\"Z\"]"],"returnObjects":["false","\"Error\"","false","true"],"callbackArgs":["{\"0\":\"H5>*m\",\"1\":0,\"2\":[\"H5>*m\",\"Z\"]}","{\"0\":\"H5>*m\",\"1\":0,\"2\":[\"H5>*m\",\"Z\"]}","{\"0\":\"H5>*m\",\"1\":0,\"2\":[\"H5>*m\",\"Z\"]}","{\"0\":\"Z\",\"1\":1,\"2\":[\"H5>*m\",\"Z\"]}"]}