{"baseObjects":["[126,-100,100,\"@\",607,\"ds\",-1,\"-bbB4\",843,714]","[126,-100,100,\"@\",607,\"ds\",-1,\"-bbB4\",843,714]","[126,{\"6.93083376246473e+307\":157,\"YI\":8.104013240331916e+307},100,\"@\",607,\"ds\",-1,\"-bbB4\",843,\"\"]","[126,-100,100,\"@\",607,\"ds\",-1,\"-bbB4\",843,714]"],"returnObjects":["false","\"Error\"","false","\"Error\""],"callbackArgs":["{\"0\":126,\"1\":0,\"2\":[126,-100,100,\"@\",607,\"ds\",-1,\"-bbB4\",843,714]}","{\"0\":126,\"1\":0,\"2\":[126,-100,100,\"@\",607,\"ds\",-1,\"-bbB4\",843,714]}","{\"0\":126,\"1\":0,\"2\":[126,-100,100,\"@\",607,\"ds\",-1,\"-bbB4\",843,714]}","{\"0\":126,\"1\":0,\"2\":[126,-100,100,\"@\",607,\"ds\",-1,\"-bbB4\",843,714]}"]}