{"baseObjects":["[\"4eO\",\"H\",1.7976931348623157e+308,213,null,49]","[\"4eO\",\"H\",157,true]","\"y\"","[\"4eO\",\"H\",157,213]"],"returnObjects":["true","false","\"Error\"","true"],"callbackArgs":["{\"0\":\"4eO\",\"1\":0,\"2\":[\"4eO\",\"H\",157,213]}","{\"0\":\"H\",\"1\":1,\"2\":[\"4eO\",\"H\",1.7976931348623157e+308,213,null,49]}","{\"0\":1.7976931348623157e+308,\"1\":2,\"2\":[\"4eO\",\"H\",1.7976931348623157e+308,213,null,49]}","{\"0\":213,\"1\":3,\"2\":[\"4eO\",\"H\",1.7976931348623157e+308,213,null,49]}","{\"0\":\"4eO\",\"1\":0,\"2\":[\"4eO\",\"H\",157,213]}","{\"0\":\"4eO\",\"1\":0,\"2\":[\"4eO\",\"H\",157,213]}","{\"0\":\"H\",\"1\":1,\"2\":[\"4eO\",\"H\",157,213]}","{\"0\":\"4eO\",\"1\":0,\"2\":[\"4eO\",\"H\",157,213]}","{\"0\":\"H\",\"1\":1,\"2\":[\"4eO\",\"H\",157,213]}","{\"0\":157,\"1\":2,\"2\":[\"4eO\",\"H\",157,213]}","{\"0\":213,\"1\":3,\"2\":[\"4eO\",\"H\",157,213]}"]}