{"baseObjects":["[6.686776394045753e+307,126,25,157,714,157,823,5e-324,126,618]","[1.7976931348623157e+308,126,25,157,714,157,823,5e-324,126,618]","[1.7976931348623157e+308,126,25,157,714,157,823,5e-324,126,618]","1.4558092764773405e+308"],"returnObjects":["false","false","false","false"],"callbackArgs":["{\"0\":1.7976931348623157e+308,\"1\":0,\"2\":[1.7976931348623157e+308,126,25,157,714,157,823,5e-324,126,618]}","{\"0\":1.7976931348623157e+308,\"1\":0,\"2\":[1.7976931348623157e+308,126,25,157,714,157,823,5e-324,126,618]}","{\"0\":1.7976931348623157e+308,\"1\":0,\"2\":[1.7976931348623157e+308,126,25,157,714,157,823,5e-324,126,618]}","{\"0\":1.7976931348623157e+308,\"1\":0,\"2\":[1.7976931348623157e+308,126,25,157,714,157,823,5e-324,126,618]}"]}