{"baseObjects":["[460,607,893,122,-1,893,213]","[\" 3]wj\",607,893,122,-1,893,213]","[460,607,893,122,-1,893,null]","[460,607,893,122,-1,893,213,null,1.0200661304477903e+308]"],"returnObjects":["false","true","true","true"],"callbackArgs":["{\"0\":460,\"1\":0,\"2\":[460,607,893,122,-1,893,213]}","{\"0\":460,\"1\":0,\"2\":[460,607,893,122,-1,893,213]}","{\"0\":607,\"1\":1,\"2\":[\" 3]wj\",607,893,122,-1,893,213]}","{\"0\":893,\"1\":2,\"2\":[\" 3]wj\",607,893,122,-1,893,213]}","{\"0\":122,\"1\":3,\"2\":[\" 3]wj\",607,893,122,-1,893,213]}","{\"0\":-1,\"1\":4,\"2\":[\" 3]wj\",607,893,122,-1,893,213]}","{\"0\":893,\"1\":5,\"2\":[\" 3]wj\",607,893,122,-1,893,213]}","{\"0\":213,\"1\":6,\"2\":[\" 3]wj\",607,893,122,-1,893,213]}","{\"0\":460,\"1\":0,\"2\":[460,607,893,122,-1,893,213]}","{\"0\":607,\"1\":1,\"2\":[460,607,893,122,-1,893,null]}","{\"0\":893,\"1\":2,\"2\":[460,607,893,122,-1,893,null]}","{\"0\":122,\"1\":3,\"2\":[460,607,893,122,-1,893,null]}","{\"0\":-1,\"1\":4,\"2\":[460,607,893,122,-1,893,null]}","{\"0\":893,\"1\":5,\"2\":[460,607,893,122,-1,893,null]}","{\"0\":null,\"1\":6,\"2\":[460,607,893,122,-1,893,null]}","{\"0\":460,\"1\":0,\"2\":[460,607,893,122,-1,893,213]}","{\"0\":607,\"1\":1,\"2\":[460,607,893,122,-1,893,213,null,1.0200661304477903e+308]}","{\"0\":893,\"1\":2,\"2\":[460,607,893,122,-1,893,213,null,1.0200661304477903e+308]}","{\"0\":122,\"1\":3,\"2\":[460,607,893,122,-1,893,213,null,1.0200661304477903e+308]}","{\"0\":-1,\"1\":4,\"2\":[460,607,893,122,-1,893,213,null,1.0200661304477903e+308]}","{\"0\":893,\"1\":5,\"2\":[460,607,893,122,-1,893,213,null,1.0200661304477903e+308]}","{\"0\":213,\"1\":6,\"2\":[460,607,893,122,-1,893,213,null,1.0200661304477903e+308]}"]}