{"baseObjects":["[-100,655,0]","[-100,655,0]","[-100,655,157]","[-100,655,{\"me\":1.453443587997877e+308,\"6.141349230030889e+306\":\"^0\",\"!\":655,\"\":607,\"^(\":\"{\",\"2.2467254379599417e+307\":\"\",\"-1\":\"X\"}]"],"returnObjects":["true","false","false","false"],"callbackArgs":["{\"0\":-100,\"1\":0,\"2\":[-100,655,0]}","{\"0\":655,\"1\":1,\"2\":[-100,655,0]}","{\"0\":0,\"1\":2,\"2\":[-100,655,0]}","{\"0\":-100,\"1\":0,\"2\":[-100,655,0]}","{\"0\":-100,\"1\":0,\"2\":[-100,655,0]}","{\"0\":-100,\"1\":0,\"2\":[-100,655,0]}"]}