{"baseObjects":["[157,403,-1,705,{\"5\":1.0462921051530393e+308,\"\":-1,\"1.3322629792636906e+308\":\"\"},[122,157,0,627,100,-1,843,969,893]]","[157,403,-1,705,82,213]","[157,403,-1,705,82,213]","[157,403,-1,705,82,213]"],"returnObjects":["true","false","false","\"Error\""],"callbackArgs":["{\"0\":157,\"1\":0,\"2\":[157,403,-1,705,82,213]}","{\"0\":403,\"1\":1,\"2\":[157,403,-1,705,{\"5\":1.0462921051530393e+308,\"\":-1,\"1.3322629792636906e+308\":\"\"},[122,157,0,627,100,-1,843,969,893]]}","{\"0\":-1,\"1\":2,\"2\":[157,403,-1,705,{\"5\":1.0462921051530393e+308,\"\":-1,\"1.3322629792636906e+308\":\"\"},[122,157,0,627,100,-1,843,969,893]]}","{\"0\":705,\"1\":3,\"2\":[157,403,-1,705,{\"5\":1.0462921051530393e+308,\"\":-1,\"1.3322629792636906e+308\":\"\"},[122,157,0,627,100,-1,843,969,893]]}","{\"0\":{\"5\":1.0462921051530393e+308,\"\":-1,\"1.3322629792636906e+308\":\"\"},\"1\":4,\"2\":[157,403,-1,705,{\"5\":1.0462921051530393e+308,\"\":-1,\"1.3322629792636906e+308\":\"\"},[122,157,0,627,100,-1,843,969,893]]}","{\"0\":[122,157,0,627,100,-1,843,969,893],\"1\":5,\"2\":[157,403,-1,705,{\"5\":1.0462921051530393e+308,\"\":-1,\"1.3322629792636906e+308\":\"\"},[122,157,0,627,100,-1,843,969,893]]}","{\"0\":157,\"1\":0,\"2\":[157,403,-1,705,82,213]}","{\"0\":157,\"1\":0,\"2\":[157,403,-1,705,82,213]}"]}