{"baseObjects":["[\"\",213,\"#\",{\"969\":8.787776891783897e+307,\"W\":\"\",\"6.055931893934415e+307\":\"\",\"1.47132868508043e+308\":403,\"\":\"`}Y\"},\"\",\"2\",\"9\",\"R]`\"]","[\"t\",213,3.720876244486835e+307,\"l\",\"5aD|s\",\"2\",\"9\",\"R]`\",null,{\"1.3958367817365632e+308\":\"\"}]","true","false"],"returnObjects":["false","true","false","\"Error\""],"callbackArgs":["{\"0\":\"t\",\"1\":0,\"2\":[\"t\",213,\"#\",\"l\",\"5aD|s\",\"2\",\"9\",\"R]`\"]}","{\"0\":\"t\",\"1\":0,\"2\":[\"t\",213,\"#\",\"l\",\"5aD|s\",\"2\",\"9\",\"R]`\"]}","{\"0\":213,\"1\":1,\"2\":[\"t\",213,3.720876244486835e+307,\"l\",\"5aD|s\",\"2\",\"9\",\"R]`\",null,{\"1.3958367817365632e+308\":\"\"}]}","{\"0\":3.720876244486835e+307,\"1\":2,\"2\":[\"t\",213,3.720876244486835e+307,\"l\",\"5aD|s\",\"2\",\"9\",\"R]`\",null,{\"1.3958367817365632e+308\":\"\"}]}","{\"0\":\"l\",\"1\":3,\"2\":[\"t\",213,3.720876244486835e+307,\"l\",\"5aD|s\",\"2\",\"9\",\"R]`\",null,{\"1.3958367817365632e+308\":\"\"}]}","{\"0\":\"5aD|s\",\"1\":4,\"2\":[\"t\",213,3.720876244486835e+307,\"l\",\"5aD|s\",\"2\",\"9\",\"R]`\",null,{\"1.3958367817365632e+308\":\"\"}]}","{\"0\":\"2\",\"1\":5,\"2\":[\"t\",213,3.720876244486835e+307,\"l\",\"5aD|s\",\"2\",\"9\",\"R]`\",null,{\"1.3958367817365632e+308\":\"\"}]}","{\"0\":\"9\",\"1\":6,\"2\":[\"t\",213,3.720876244486835e+307,\"l\",\"5aD|s\",\"2\",\"9\",\"R]`\",null,{\"1.3958367817365632e+308\":\"\"}]}","{\"0\":\"R]`\",\"1\":7,\"2\":[\"t\",213,3.720876244486835e+307,\"l\",\"5aD|s\",\"2\",\"9\",\"R]`\",null,{\"1.3958367817365632e+308\":\"\"}]}","{\"0\":\"t\",\"1\":0,\"2\":[\"t\",213,\"#\",\"l\",\"5aD|s\",\"2\",\"9\",\"R]`\"]}"]}