{"baseObjects":["[126,1.7976931348623157e+308,607,100,893,122,783,-100,157,843]","[126,1.7976931348623157e+308,607,100,893,122,783,-100,157,843]","[126,1.7976931348623157e+308,607,{\"\":\"T\"},893,122,783,-100,157,843]","[126,1.7976931348623157e+308,607,100,893,122,783,-100,157,843]"],"returnObjects":["true","false","false","\"Error\""],"callbackArgs":["{\"0\":126,\"1\":0,\"2\":[126,1.7976931348623157e+308,607,100,893,122,783,-100,157,843]}","{\"0\":1.7976931348623157e+308,\"1\":1,\"2\":[126,1.7976931348623157e+308,607,100,893,122,783,-100,157,843]}","{\"0\":607,\"1\":2,\"2\":[126,1.7976931348623157e+308,607,100,893,122,783,-100,157,843]}","{\"0\":100,\"1\":3,\"2\":[126,1.7976931348623157e+308,607,100,893,122,783,-100,157,843]}","{\"0\":893,\"1\":4,\"2\":[126,1.7976931348623157e+308,607,100,893,122,783,-100,157,843]}","{\"0\":122,\"1\":5,\"2\":[126,1.7976931348623157e+308,607,100,893,122,783,-100,157,843]}","{\"0\":783,\"1\":6,\"2\":[126,1.7976931348623157e+308,607,100,893,122,783,-100,157,843]}","{\"0\":-100,\"1\":7,\"2\":[126,1.7976931348623157e+308,607,100,893,122,783,-100,157,843]}","{\"0\":157,\"1\":8,\"2\":[126,1.7976931348623157e+308,607,100,893,122,783,-100,157,843]}","{\"0\":843,\"1\":9,\"2\":[126,1.7976931348623157e+308,607,100,893,122,783,-100,157,843]}","{\"0\":126,\"1\":0,\"2\":[126,1.7976931348623157e+308,607,100,893,122,783,-100,157,843]}","{\"0\":126,\"1\":0,\"2\":[126,1.7976931348623157e+308,607,100,893,122,783,-100,157,843]}","{\"0\":126,\"1\":0,\"2\":[126,1.7976931348623157e+308,607,100,893,122,783,-100,157,843]}"]}