{"baseObjects":["[-100,122,0,1.7976931348623157e+308,607,126,{\"8.253500902996989e+307\":\"l\"}]","[-100,122,0,1.7976931348623157e+308,607,126]","[\":5\",893]","[-100,122,0,1.7976931348623157e+308,607,126]"],"returnObjects":["false","\"Error\"","false","\"Error\""],"callbackArgs":["{\"0\":-100,\"1\":0,\"2\":[-100,122,0,1.7976931348623157e+308,607,126]}","{\"0\":-100,\"1\":0,\"2\":[-100,122,0,1.7976931348623157e+308,607,126]}","{\"0\":-100,\"1\":0,\"2\":[-100,122,0,1.7976931348623157e+308,607,126]}"]}