{"baseObjects":["[705,122]","[705,122]","[705,122]","[705,122,null,null,null,null,8.251377722526225e+305,null,5.30412867853697e+307]"],"returnObjects":["false","\"Error\"","\"Error\"","false"],"callbackArgs":["{\"0\":705,\"1\":0,\"2\":[705,122]}","{\"0\":705,\"1\":0,\"2\":[705,122]}","{\"0\":705,\"1\":0,\"2\":[705,122]}","{\"0\":705,\"1\":0,\"2\":[705,122]}"]}