{"baseObjects":["[]","[823,607,{\"8.219122348714517e+307\":\"fR#\",\"E;\":100,\"5.235085131459685e+307\":\"VZ&\",\"9.80938408738881e+307\":\"\",\"-1\":\"\"}]","[823,607,627,null,null,null,null]","[823,607,\"n#\",false,null,null,\"\"]"],"returnObjects":["false","false","false","false"],"callbackArgs":["{\"0\":823,\"1\":0,\"2\":[823,607,\"n#\"]}","{\"0\":823,\"1\":0,\"2\":[823,607,\"n#\"]}","{\"0\":823,\"1\":0,\"2\":[823,607,\"n#\"]}","{\"0\":823,\"1\":0,\"2\":[823,607,\"n#\"]}"]}