{"baseObjects":["[607,655,59,5e-324,607,460,1.7976931348623157e+308,1.7976931348623157e+308,627]","[607,655,59,5e-324,607,460,1.7976931348623157e+308,1.7976931348623157e+308,627]","[607,655,59,5e-324,607,460,1.7976931348623157e+308,1.7976931348623157e+308,627]","[607,655,59,5e-324,607,460,1.7976931348623157e+308,1.7976931348623157e+308,627]"],"returnObjects":["\"Error\"","\"Error\"","\"Error\"","\"Error\""],"callbackArgs":[{"0":607,"1":0,"2":[607,655,59,5e-324,607,460,1.7976931348623157e+308,1.7976931348623157e+308,627]},{"0":607,"1":0,"2":[607,655,59,5e-324,607,460,1.7976931348623157e+308,1.7976931348623157e+308,627]},{"0":607,"1":0,"2":[607,655,59,5e-324,607,460,1.7976931348623157e+308,1.7976931348623157e+308,627]},{"0":607,"1":0,"2":[607,655,59,5e-324,607,460,1.7976931348623157e+308,1.7976931348623157e+308,627]}]}