{"baseObjects":["[242,705,1.7976931348623157e+308,1.7976931348623157e+308,618,122,49,403,618]","[242,705,1.7976931348623157e+308,1.7976931348623157e+308,618,122,49,403,618]","[242,705,1.7976931348623157e+308,1.7976931348623157e+308,618,122,49,403,618]","[242,705,1.7976931348623157e+308,1.7976931348623157e+308,618,122,49,403,618]"],"returnObjects":["\"Error\"","\"Error\"","\"Error\"","\"Error\""],"callbackArgs":[{"0":242,"1":0,"2":[242,705,1.7976931348623157e+308,1.7976931348623157e+308,618,122,49,403,618]},{"0":242,"1":0,"2":[242,705,1.7976931348623157e+308,1.7976931348623157e+308,618,122,49,403,618]},{"0":242,"1":0,"2":[242,705,1.7976931348623157e+308,1.7976931348623157e+308,618,122,49,403,618]},{"0":242,"1":0,"2":[242,705,1.7976931348623157e+308,1.7976931348623157e+308,618,122,49,403,618]}]}