{"baseObjects":["[595,100,25,627,122,783,403,25,1.7976931348623157e+308]","[595,100,25,627,122,783,403,25,1.7976931348623157e+308]","[595,100,25,627,122,783,403,25,1.7976931348623157e+308]","[595,100,25,627,122,783,403,25,1.7976931348623157e+308]"],"returnObjects":["\"Error\"","\"Error\"","\"Error\"","\"Error\""],"callbackArgs":[{"0":595,"1":0,"2":[595,100,25,627,122,783,403,25,1.7976931348623157e+308]},{"0":595,"1":0,"2":[595,100,25,627,122,783,403,25,1.7976931348623157e+308]},{"0":595,"1":0,"2":[595,100,25,627,122,783,403,25,1.7976931348623157e+308]},{"0":595,"1":0,"2":[595,100,25,627,122,783,403,25,1.7976931348623157e+308]}]}