{"baseObjects":["[893,607,25,126,213,49,893,82,1.7976931348623157e+308]","[893,607,25,126,213,49,893,82,1.7976931348623157e+308]","[893,607,25,126,213,49,893,82,1.7976931348623157e+308]","[893,607,25,126,213,49,893,82,1.7976931348623157e+308]"],"returnObjects":["\"Error\"","\"Error\"","\"Error\"","\"Error\""],"callbackArgs":[{"0":893,"1":0,"2":[893,607,25,126,213,49,893,82,1.7976931348623157e+308]},{"0":893,"1":0,"2":[893,607,25,126,213,49,893,82,1.7976931348623157e+308]},{"0":893,"1":0,"2":[893,607,25,126,213,49,893,82,1.7976931348623157e+308]},{"0":893,"1":0,"2":[893,607,25,126,213,49,893,82,1.7976931348623157e+308]}]}