{"baseObjects":["[100,1.7976931348623157e+308,893,403,843]","[100,1.7976931348623157e+308,893,403,843]","[100,1.7976931348623157e+308,893,403,843]","[100,1.7976931348623157e+308,893,403,843]"],"returnObjects":["\"Error\"","\"Error\"","\"Error\"","\"Error\""],"callbackArgs":[{"0":100,"1":0,"2":[100,1.7976931348623157e+308,893,403,843]},{"0":100,"1":0,"2":[100,1.7976931348623157e+308,893,403,843]},{"0":100,"1":0,"2":[100,1.7976931348623157e+308,893,403,843]},{"0":100,"1":0,"2":[100,1.7976931348623157e+308,893,403,843]}]}