{"baseObjects":["[705,82,823,714,1.7976931348623157e+308,618]","[705,82,823,714,1.7976931348623157e+308,618]","[705,82,823,714,1.7976931348623157e+308,618]","[705,82,823,714,1.7976931348623157e+308,618]"],"returnObjects":["\"Error\"","\"Error\"","\"Error\"","\"Error\""],"callbackArgs":[{"0":705,"1":0,"2":[705,82,823,714,1.7976931348623157e+308,618]},{"0":705,"1":0,"2":[705,82,823,714,1.7976931348623157e+308,618]},{"0":705,"1":0,"2":[705,82,823,714,1.7976931348623157e+308,618]},{"0":705,"1":0,"2":[705,82,823,714,1.7976931348623157e+308,618]}]}