{"baseObjects":["[126,893,655,403,1.7976931348623157e+308,213,25,969]","[126,893,655,403,1.7976931348623157e+308,213,25,969]","[126,893,655,403,1.7976931348623157e+308,213,25,969]","[126,893,655,403,1.7976931348623157e+308,213,25,969]"],"returnObjects":["\"Error\"","\"Error\"","\"Error\"","\"Error\""],"callbackArgs":[{"0":126,"1":0,"2":[126,893,655,403,1.7976931348623157e+308,213,25,969]},{"0":126,"1":0,"2":[126,893,655,403,1.7976931348623157e+308,213,25,969]},{"0":126,"1":0,"2":[126,893,655,403,1.7976931348623157e+308,213,25,969]},{"0":126,"1":0,"2":[126,893,655,403,1.7976931348623157e+308,213,25,969]}]}