{"baseObjects":["[242,100,627,-100,1.7976931348623157e+308]","[242,100,627,-100,1.7976931348623157e+308]","[242,100,627,-100,1.7976931348623157e+308]","[242,100,627,-100,1.7976931348623157e+308]"],"returnObjects":["\"Error\"","\"Error\"","\"Error\"","\"Error\""],"callbackArgs":[{"0":242,"1":0,"2":[242,100,627,-100,1.7976931348623157e+308]},{"0":242,"1":0,"2":[242,100,627,-100,1.7976931348623157e+308]},{"0":242,"1":0,"2":[242,100,627,-100,1.7976931348623157e+308]},{"0":242,"1":0,"2":[242,100,627,-100,1.7976931348623157e+308]}]}