{"baseObjects":["[82,627,213,1.7976931348623157e+308,-1,627,0]","[82,627,213,1.7976931348623157e+308,-1,627,0]","[82,627,213,1.7976931348623157e+308,-1,627,0]","[82,627,213,1.7976931348623157e+308,-1,627,0]"],"returnObjects":["\"Error\"","\"Error\"","\"Error\"","\"Error\""],"callbackArgs":[{"0":82,"1":0,"2":[82,627,213,1.7976931348623157e+308,-1,627,0]},{"0":82,"1":0,"2":[82,627,213,1.7976931348623157e+308,-1,627,0]},{"0":82,"1":0,"2":[82,627,213,1.7976931348623157e+308,-1,627,0]},{"0":82,"1":0,"2":[82,627,213,1.7976931348623157e+308,-1,627,0]}]}