{"baseObjects":["[100,157,25,-100,823,1.7976931348623157e+308,-1,25]","[100,157,25,-100,823,1.7976931348623157e+308,-1,25]","[100,157,25,-100,823,1.7976931348623157e+308,-1,25]","[100,157,25,-100,823,1.7976931348623157e+308,-1,25]"],"returnObjects":["\"Error\"","\"Error\"","\"Error\"","\"Error\""],"callbackArgs":[{"0":100,"1":0,"2":[100,157,25,-100,823,1.7976931348623157e+308,-1,25]},{"0":100,"1":0,"2":[100,157,25,-100,823,1.7976931348623157e+308,-1,25]},{"0":100,"1":0,"2":[100,157,25,-100,823,1.7976931348623157e+308,-1,25]},{"0":100,"1":0,"2":[100,157,25,-100,823,1.7976931348623157e+308,-1,25]}]}