{"baseObjects":["[783,1.7976931348623157e+308,-1,-100,49,607,25]","[783,1.7976931348623157e+308,-1,-100,49,607,25]","[783,1.7976931348623157e+308,-1,-100,49,607,25]","[783,1.7976931348623157e+308,-1,-100,49,607,25]"],"returnObjects":["\"Error\"","\"Error\"","\"Error\"","\"Error\""],"callbackArgs":[{"0":783,"1":0,"2":[783,1.7976931348623157e+308,-1,-100,49,607,25]},{"0":783,"1":0,"2":[783,1.7976931348623157e+308,-1,-100,49,607,25]},{"0":783,"1":0,"2":[783,1.7976931348623157e+308,-1,-100,49,607,25]},{"0":783,"1":0,"2":[783,1.7976931348623157e+308,-1,-100,49,607,25]}]}