{"baseObjects":["[1.7976931348623157e+308,122,59,705,82]","[1.7976931348623157e+308,122,59,705,82]","[1.7976931348623157e+308,122,59,705,82]","[1.7976931348623157e+308,122,59,705,82]"],"returnObjects":["\"Error\"","\"Error\"","\"Error\"","\"Error\""],"callbackArgs":[{"0":1.7976931348623157e+308,"1":0,"2":[1.7976931348623157e+308,122,59,705,82]},{"0":1.7976931348623157e+308,"1":0,"2":[1.7976931348623157e+308,122,59,705,82]},{"0":1.7976931348623157e+308,"1":0,"2":[1.7976931348623157e+308,122,59,705,82]},{"0":1.7976931348623157e+308,"1":0,"2":[1.7976931348623157e+308,122,59,705,82]}]}