{"baseObjects":["[969,607,783,-1,1.7976931348623157e+308]","[969,607,783,-1,1.7976931348623157e+308]","[969,607,783,-1,1.7976931348623157e+308]","[969,607,783,-1,1.7976931348623157e+308]"],"returnObjects":["\"Error\"","\"Error\"","\"Error\"","\"Error\""],"callbackArgs":[{"0":969,"1":0,"2":[969,607,783,-1,1.7976931348623157e+308]},{"0":969,"1":0,"2":[969,607,783,-1,1.7976931348623157e+308]},{"0":969,"1":0,"2":[969,607,783,-1,1.7976931348623157e+308]},{"0":969,"1":0,"2":[969,607,783,-1,1.7976931348623157e+308]}]}