{"baseObjects":["[627,403,1.7976931348623157e+308,126,893]","[627,403,1.7976931348623157e+308,126,893]","[627,403,1.7976931348623157e+308,126,893]","[627,403,1.7976931348623157e+308,126,893]"],"returnObjects":["\"Error\"","\"Error\"","\"Error\"","\"Error\""],"callbackArgs":[{"0":627,"1":0,"2":[627,403,1.7976931348623157e+308,126,893]},{"0":627,"1":0,"2":[627,403,1.7976931348623157e+308,126,893]},{"0":627,"1":0,"2":[627,403,1.7976931348623157e+308,126,893]},{"0":627,"1":0,"2":[627,403,1.7976931348623157e+308,126,893]}]}