{"baseObjects":["[1.7976931348623157e+308,126,969,714,969,122]","[1.7976931348623157e+308,126,969,714,969,122]","[1.7976931348623157e+308,126,969,714,969,122]","[1.7976931348623157e+308,126,969,714,969,122]"],"returnObjects":["\"Error\"","\"Error\"","\"Error\"","\"Error\""],"callbackArgs":[{"0":1.7976931348623157e+308,"1":0,"2":[1.7976931348623157e+308,126,969,714,969,122]},{"0":1.7976931348623157e+308,"1":0,"2":[1.7976931348623157e+308,126,969,714,969,122]},{"0":1.7976931348623157e+308,"1":0,"2":[1.7976931348623157e+308,126,969,714,969,122]},{"0":1.7976931348623157e+308,"1":0,"2":[1.7976931348623157e+308,126,969,714,969,122]}]}