{"baseObjects":["[1.7976931348623157e+308,843,-1]","[1.7976931348623157e+308,843,-1]","[1.7976931348623157e+308,843,-1]","[1.7976931348623157e+308,843,-1]"],"returnObjects":["\"pvc_installLog is not defined\"","\"element is not defined\"","\"items is not defined\"","\"childToParentNp is not defined\""],"callbackArgs":[{"0":[1.7976931348623157e+308,1.7976931348623157e+308],"1":0,"2":[1.7976931348623157e+308,843,-1]},{"0":1.7976931348623157e+308,"1":0,"2":[1.7976931348623157e+308,843,-1]},{"0":1.7976931348623157e+308,"1":0,"2":[1.7976931348623157e+308,843,-1]},{"0":1.7976931348623157e+308,"1":0,"2":[1.7976931348623157e+308,843,-1]}]}