{"baseObjects":["[49,\"A\",\"_Hrf\",1.7976931348623157e+308,\"%\",655,\"d\",\";?\",\"e\"]","[49,\"A\",\"_Hrf\",1.7976931348623157e+308,\"%\",655,\"d\",\";?\",\"e\"]","[49,\"A\",\"_Hrf\",1.7976931348623157e+308,\"%\",655,\"d\",\";?\",\"e\"]","[49,\"A\",\"_Hrf\",1.7976931348623157e+308,\"%\",655,\"d\",\";?\",\"e\"]"],"returnObjects":["\"Error\"","\"Error\"","\"Error\"","\"Error\""],"callbackArgs":[{"0":49,"1":0,"2":[49,"A","_Hrf",1.7976931348623157e+308,"%",655,"d",";?","e"]},{"0":49,"1":0,"2":[49,"A","_Hrf",1.7976931348623157e+308,"%",655,"d",";?","e"]},{"0":49,"1":0,"2":[49,"A","_Hrf",1.7976931348623157e+308,"%",655,"d",";?","e"]},{"0":49,"1":0,"2":[49,"A","_Hrf",1.7976931348623157e+308,"%",655,"d",";?","e"]}]}