{"baseObjects":["[0,627,\"(\",5e-324,\";\",1.7976931348623157e+308,59,\"w\",\"L\",122]","[0,627,\"(\",5e-324,\";\",1.7976931348623157e+308,59,\"w\",\"L\",122]","[0,627,\"(\",5e-324,\";\",1.7976931348623157e+308,59,\"w\",\"L\",122]","[0,627,\"(\",5e-324,\";\",1.7976931348623157e+308,59,\"w\",\"L\",122]"],"returnObjects":["\"Error\"","\"Error\"","\"Error\"","\"Error\""],"callbackArgs":[{"0":0,"1":0,"2":[0,627,"(",5e-324,";",1.7976931348623157e+308,59,"w","L",122]},{"0":0,"1":0,"2":[0,627,"(",5e-324,";",1.7976931348623157e+308,59,"w","L",122]},{"0":0,"1":0,"2":[0,627,"(",5e-324,";",1.7976931348623157e+308,59,"w","L",122]},{"0":0,"1":0,"2":[0,627,"(",5e-324,";",1.7976931348623157e+308,59,"w","L",122]}]}