{"baseObjects":["[1.7976931348623157e+308,714,705,82,843,-100,655,-1,-100]","[1.7976931348623157e+308,714,705,82,843,-100,655,-1,-100]","[1.7976931348623157e+308,714,705,82,843,-100,655,-1,-100]","[1.7976931348623157e+308,714,705,82,843,-100,655,-1,-100]"],"returnObjects":["\"Error\"","\"Error\"","\"Error\"","\"Error\""],"callbackArgs":[{"0":true,"1":1.7976931348623157e+308,"2":0,"3":[1.7976931348623157e+308,714,705,82,843,-100,655,-1,-100]},{"0":627,"1":1.7976931348623157e+308,"2":0,"3":[1.7976931348623157e+308,714,705,82,843,-100,655,-1,-100]},{"0":true,"1":1.7976931348623157e+308,"2":0,"3":[1.7976931348623157e+308,714,705,82,843,-100,655,-1,-100]},{"0":null,"1":1.7976931348623157e+308,"2":0,"3":[1.7976931348623157e+308,714,705,82,843,-100,655,-1,-100]}]}