{"baseObjects":["[595,460,893,0,126,126,0,213]","[595,460,893,0,126,126,0,213]"],"returnObjects":[null,null],"callbackArgs":[{"0":{"49":"v>za","783":1.3394652871461588e+308,"6.788814314120647e+307":"%","":"X","7.669824667436231e+307":893},"1":595,"2":0,"3":[595,460,893,0,126,126,0,213]},{"0":"*W8 ?p","1":595,"2":0,"3":[595,460,893,0,126,126,0,213]}]}