{"baseObjects":["[403,714,705,213,655,714,25,1.7976931348623157e+308]","[403,714,705,213,655,714,25,1.7976931348623157e+308]","[403,714,705,213,655,714,25,1.7976931348623157e+308]","[403,714,705,213,655,714,25,1.7976931348623157e+308]"],"returnObjects":["\"Error\"","\"Error\"","\"Error\"","\"Error\""],"callbackArgs":[{"0":false,"1":403,"2":0,"3":[403,714,705,213,655,714,25,1.7976931348623157e+308]},{"0":null,"1":403,"2":0,"3":[403,714,705,213,655,714,25,1.7976931348623157e+308]},{"0":null,"1":403,"2":0,"3":[403,714,705,213,655,714,25,1.7976931348623157e+308]},{"0":403,"1":714,"2":1,"3":[403,714,705,213,655,714,25,1.7976931348623157e+308]}]}