{"baseObjects":["[403,157,0,1.7976931348623157e+308,213,213,714]","[403,157,0,1.7976931348623157e+308,213,213,714]","[403,157,0,1.7976931348623157e+308,213,213,714]","[403,157,0,1.7976931348623157e+308,213,213,714]"],"returnObjects":["\"Error\"","\"Error\"","\"Error\"","\"Error\""],"callbackArgs":[{"0":"","1":403,"2":0,"3":[403,157,0,1.7976931348623157e+308,213,213,714]},{"0":null,"1":403,"2":0,"3":[403,157,0,1.7976931348623157e+308,213,213,714]},{"0":null,"1":403,"2":0,"3":[403,157,0,1.7976931348623157e+308,213,213,714]},{"0":["I",705,49,126,"H","`","Hg",403,"4y ","p:F"],"1":403,"2":0,"3":[403,157,0,1.7976931348623157e+308,213,213,714]}]}