{"baseObjects":["[1.7976931348623157e+308,714]","[1.7976931348623157e+308,714]","[1.7976931348623157e+308,714]","[1.7976931348623157e+308,714]"],"returnObjects":["\"Error\"","1.7976931348623157e+308","\"Error\"","\"Error\""],"callbackArgs":[{"0":1.7976931348623157e+308,"1":714,"2":1,"3":[1.7976931348623157e+308,714]},{"0":1.7976931348623157e+308,"1":714,"2":1,"3":[1.7976931348623157e+308,714]},{"0":true,"1":1.7976931348623157e+308,"2":0,"3":[1.7976931348623157e+308,714]},{"0":1.7976931348623157e+308,"1":714,"2":1,"3":[1.7976931348623157e+308,714]}]}