{"baseObjects":["[1.7976931348623157e+308,25]","[1.7976931348623157e+308,25]","[1.7976931348623157e+308,25]","[1.7976931348623157e+308,25]"],"returnObjects":["\"Error\"","\"Error\"","\"Error\"","\"Error\""],"callbackArgs":[{"0":null,"1":1.7976931348623157e+308,"2":0,"3":[1.7976931348623157e+308,25]},{"0":1.7976931348623157e+308,"1":25,"2":1,"3":[1.7976931348623157e+308,25]},{"0":[969,0,460],"1":1.7976931348623157e+308,"2":0,"3":[1.7976931348623157e+308,25]},{"0":1.7976931348623157e+308,"1":25,"2":1,"3":[1.7976931348623157e+308,25]}]}