{"baseObjects":["[1.7976931348623157e+308,-1,618,893,705,823,403]","[1.7976931348623157e+308,-1,618,893,705,823,403]","[1.7976931348623157e+308,-1,618,893,705,823,403]","[1.7976931348623157e+308,-1,618,893,705,823,403]"],"returnObjects":["\"Error\"","\"Error\"","\"Error\"","\"Error\""],"callbackArgs":[{"0":false,"1":1.7976931348623157e+308,"2":0,"3":[1.7976931348623157e+308,-1,618,893,705,823,403]},{"0":1.7976931348623157e+308,"1":-1,"2":1,"3":[1.7976931348623157e+308,-1,618,893,705,823,403]},{"0":1.7976931348623157e+308,"1":-1,"2":1,"3":[1.7976931348623157e+308,-1,618,893,705,823,403]},{"1":1.7976931348623157e+308,"2":0,"3":[1.7976931348623157e+308,-1,618,893,705,823,403]}]}