{"baseObjects":["[1.7976931348623157e+308,403,25,242,783]","[1.7976931348623157e+308,403,25,242,783]","[1.7976931348623157e+308,403,25,242,783]","[1.7976931348623157e+308,403,25,242,783]"],"returnObjects":["\"Error\"","\"Error\"","\"Error\"","\"Error\""],"callbackArgs":[{"0":1.7976931348623157e+308,"1":403,"2":1,"3":[1.7976931348623157e+308,403,25,242,783]},{"0":{"242":"","8.704047389294296e+307":"","a":"","Iu":1.1578358116427372e+307},"1":1.7976931348623157e+308,"2":0,"3":[1.7976931348623157e+308,403,25,242,783]},{"0":false,"1":1.7976931348623157e+308,"2":0,"3":[1.7976931348623157e+308,403,25,242,783]},{"0":{"r":655,"1.7909083075660724e+308":213,"":1.6560698132124814e+308,"j":6.081905990409163e+307,"9.021589407718237e+307":0},"1":1.7976931348623157e+308,"2":0,"3":[1.7976931348623157e+308,403,25,242,783]}]}