{"baseObjects":["[100,157,25,-100,823,1.7976931348623157e+308,-1,25]","[100,157,25,-100,823,1.7976931348623157e+308,-1,25]","[100,157,25,-100,823,1.7976931348623157e+308,-1,25]","[100,157,25,-100,823,1.7976931348623157e+308,-1,25]"],"returnObjects":["\"Error\"","\"Error\"","\"Error\"","\"Error\""],"callbackArgs":[{"0":100,"1":157,"2":1,"3":[100,157,25,-100,823,1.7976931348623157e+308,-1,25]},{"0":"-","1":100,"2":0,"3":[100,157,25,-100,823,1.7976931348623157e+308,-1,25]},{"0":true,"1":100,"2":0,"3":[100,157,25,-100,823,1.7976931348623157e+308,-1,25]},{"0":null,"1":100,"2":0,"3":[100,157,25,-100,823,1.7976931348623157e+308,-1,25]}]}