{"baseObjects":["[714,655,1.7976931348623157e+308,714]","[714,655,1.7976931348623157e+308,714]","[714,655,1.7976931348623157e+308,714]","[714,655,1.7976931348623157e+308,714]"],"returnObjects":["\"Error\"","\"Error\"","\"Error\"","\"Error\""],"callbackArgs":[{"0":{"9":"","82":"","1.2046085457251676e+308":25,"*":"","":607,"1.6976496892495883e+308":460},"1":714,"2":0,"3":[714,655,1.7976931348623157e+308,714]},{"0":714,"1":655,"2":1,"3":[714,655,1.7976931348623157e+308,714]},{"0":true,"1":714,"2":0,"3":[714,655,1.7976931348623157e+308,714]},{"0":{"595":460,"1.515232526865775e+308":1.1568746137956219e+308,"":"D,","1.7976931348623157e+308":"8(","-1":1.448283032768923e+307,"1.671259945975452e+307":1.0209502036371767e+308,"&)":157,"1.119015953434026e+308":"","5.380163642292243e+307":"s","1.3049539094462105e+308":82},"1":714,"2":0,"3":[714,655,1.7976931348623157e+308,714]}]}