{"baseObjects":["[595,-100,403,59,607,\"(\"]","[595,-100,403,59,607,\"(\"]","[595,-100,403,59,607,\"(\"]","[595,-100,403,59,607,\"(\"]"],"returnObjects":["\"Error\"","\"Error\"","\"Error\"","\"Error\""],"callbackArgs":[{"0":595,"1":-100,"2":1,"3":[595,-100,403,59,607,"("]},{"0":595,"1":-100,"2":1,"3":[595,-100,403,59,607,"("]},{"0":null,"1":595,"2":0,"3":[595,-100,403,59,607,"("]},{"0":{"705":157,"6.367825909238471e+307":8.500686108205199e+307,"":5e-324,"-":1.2588757789652546e+308},"1":595,"2":0,"3":[595,-100,403,59,607,"("]}]}