{"baseObjects":["[0,607,1.7976931348623157e+308,823,1.7976931348623157e+308,82,618,126,655]","[0,607,1.7976931348623157e+308,823,1.7976931348623157e+308,82,618,126,655]"],"returnObjects":[null,null],"callbackArgs":[{"0":"f","1":0,"2":0,"3":[0,607,1.7976931348623157e+308,823,1.7976931348623157e+308,82,618,126,655]},{"0":0,"1":607,"2":1,"3":[0,607,1.7976931348623157e+308,823,1.7976931348623157e+308,82,618,126,655]}]}