{"baseObjects":["[213,1.7976931348623157e+308,-100,403,82,126,618,705,618]","[213,1.7976931348623157e+308,-100,403,82,126,618,705,618]","[213,1.7976931348623157e+308,-100,403,82,126,618,705,618]","[213,1.7976931348623157e+308,-100,403,82,126,618,705,618]"],"returnObjects":["\"Error\"","\"Error\"","\"Error\"","\"Error\""],"callbackArgs":[{"0":null,"1":213,"2":0,"3":[213,1.7976931348623157e+308,-100,403,82,126,618,705,618]},{"0":null,"1":213,"2":0,"3":[213,1.7976931348623157e+308,-100,403,82,126,618,705,618]},{"0":3.8862213395255336e+307,"1":213,"2":0,"3":[213,1.7976931348623157e+308,-100,403,82,126,618,705,618]},{"0":true,"1":213,"2":0,"3":[213,1.7976931348623157e+308,-100,403,82,126,618,705,618]}]}