{"baseObjects":["[1.7976931348623157e+308]","[1.7976931348623157e+308]","[1.7976931348623157e+308]","[1.7976931348623157e+308]"],"returnObjects":["\"Error\"","true","1.7976931348623157e+308","1.7976931348623157e+308"],"callbackArgs":[{"0":"","1":1.7976931348623157e+308,"2":0,"3":[1.7976931348623157e+308]},{"0":true,"1":1.7976931348623157e+308,"2":0,"3":[1.7976931348623157e+308]}]}