{"baseObjects":["[705,126]","[705,126]","[705,126]","[705,126]"],"returnObjects":["\"Error\"","\"Error\"","\"Error\"","\"Error\""],"callbackArgs":[{"0":705,"1":126,"2":1,"3":[705,126]},{"1":705,"2":0,"3":[705,126]},{"0":null,"1":705,"2":0,"3":[705,126]},{"0":{"1":"wOF?","6.056904011540616e+307":"","m":"","":"","9.437723817866675e+307":595,"9.855960239111223e+307":1.1888268025101908e+308,">,":"","1.7758725368913372e+308":82,"7.577704748192051e+307":""},"1":705,"2":0,"3":[705,126]}]}