{"baseObjects":["[-100,126,460]","[-100,126,460]","[-100,126,460]","[-100,126,460]"],"returnObjects":["\"Error\"","\"Error\"","\"Error\"","\"Error\""],"callbackArgs":[{"0":{"3.3590918844603183e+307":"","":403,"5.451945056109718e+307":157},"1":-100,"2":0,"3":[-100,126,460]},{"0":-100,"1":126,"2":1,"3":[-100,126,460]},{"0":true,"1":-100,"2":0,"3":[-100,126,460]},{"1":-100,"2":0,"3":[-100,126,460]}]}