{"baseObjects":["[59,823,705,618,126]","[59,823,705,618,126]","[59,823,705,618,126]","[59,823,705,618,126]"],"returnObjects":["\"Error\"","\"Error\"","\"Error\"","\"Error\""],"callbackArgs":[{"0":{"893":5.126874849159552e+307,"1.1541176978952858e+308":2.7691271501755113e+307,"1.4185457887051017e+308":714},"1":59,"2":0,"3":[59,823,705,618,126]},{"0":{"0":"bo?U","705":"","":"]",";":25,"D":"","1.7100421441450405e+308":"","1.8621727116866405e+307":""},"1":59,"2":0,"3":[59,823,705,618,126]},{"1":59,"2":0,"3":[59,823,705,618,126]},{"1":59,"2":0,"3":[59,823,705,618,126]}]}