{"baseObjects":["[893,\"H\",\":8\",1.7976931348623157e+308,242,126]","[893,\"H\",\":8\",1.7976931348623157e+308,242,126]","[893,\"H\",\":8\",1.7976931348623157e+308,242,126]","[893,\"H\",\":8\",1.7976931348623157e+308,242,126]"],"returnObjects":["\"Error\"","\"Error\"","\"Error\"","\"Error\""],"callbackArgs":[{"0":true,"1":893,"2":0,"3":[893,"H",":8",1.7976931348623157e+308,242,126]},{"0":"_m","1":893,"2":0,"3":[893,"H",":8",1.7976931348623157e+308,242,126]},{"0":893,"1":"H","2":1,"3":[893,"H",":8",1.7976931348623157e+308,242,126]},{"0":true,"1":893,"2":0,"3":[893,"H",":8",1.7976931348623157e+308,242,126]}]}