{"baseObjects":["[595,893,1.7976931348623157e+308,460,607,460,242,460,82]","[595,893,1.7976931348623157e+308,460,607,460,242,460,82]","[595,893,1.7976931348623157e+308,460,607,460,242,460,82]","[595,893,1.7976931348623157e+308,460,607,460,242,460,82]"],"returnObjects":["\"Error\"","\"Error\"","\"Error\"","\"Error\""],"callbackArgs":[{"0":null,"1":595,"2":0,"3":[595,893,1.7976931348623157e+308,460,607,460,242,460,82]},{"0":595,"1":893,"2":1,"3":[595,893,1.7976931348623157e+308,460,607,460,242,460,82]},{"0":595,"1":893,"2":1,"3":[595,893,1.7976931348623157e+308,460,607,460,242,460,82]},{"0":595,"1":893,"2":1,"3":[595,893,1.7976931348623157e+308,460,607,460,242,460,82]}]}