{"baseObjects":["[49,607,627,969,0,122,-100,618,242]","[49,607,627,969,0,122,-100,618,242]","[49,607,627,969,0,122,-100,618,242]","[49,607,627,969,0,122,-100,618,242]"],"returnObjects":["\"Error\"","\"Error\"","\"Error\"","\"Error\""],"callbackArgs":[{"0":49,"1":607,"2":1,"3":[49,607,627,969,0,122,-100,618,242]},{"0":49,"1":607,"2":1,"3":[49,607,627,969,0,122,-100,618,242]},{"0":null,"1":49,"2":0,"3":[49,607,627,969,0,122,-100,618,242]},{"0":{"1.3501478214930876e+308":6.577302108571356e+307},"1":49,"2":0,"3":[49,607,627,969,0,122,-100,618,242]}]}