{"baseObjects":["[59,157,1.7976931348623157e+308,\"B;\",49]","[59,157,1.7976931348623157e+308,\"B;\",49]","[59,157,1.7976931348623157e+308,\"B;\",49]","[59,157,1.7976931348623157e+308,\"B;\",49]"],"returnObjects":["\"Error\"","\"Error\"","\"Error\"","\"Error\""],"callbackArgs":[{"0":{"xYP{X8":"rui"},"1":59,"2":0,"3":[59,157,1.7976931348623157e+308,"B;",49]},{"1":59,"2":0,"3":[59,157,1.7976931348623157e+308,"B;",49]},{"0":true,"1":59,"2":0,"3":[59,157,1.7976931348623157e+308,"B;",49]},{"0":false,"1":59,"2":0,"3":[59,157,1.7976931348623157e+308,"B;",49]}]}