{"baseObjects":["[893,100,1.7976931348623157e+308]","[893,100,1.7976931348623157e+308]","[893,100,1.7976931348623157e+308]","[893,100,1.7976931348623157e+308]"],"returnObjects":["\"Error\"","\"Error\"","\"Error\"","\"Error\""],"callbackArgs":[{"0":893,"1":100,"2":1,"3":[893,100,1.7976931348623157e+308]},{"0":5.244340184034955e+307,"1":893,"2":0,"3":[893,100,1.7976931348623157e+308]},{"0":893,"1":100,"2":1,"3":[893,100,1.7976931348623157e+308]},{"0":893,"1":100,"2":1,"3":[893,100,1.7976931348623157e+308]}]}