{"baseObjects":["[714]","[714]","[714]","[714]"],"returnObjects":["714","714","\"Error\"","5.946096105281235e+307"],"callbackArgs":[{"0":true,"1":714,"2":0,"3":[714]},{"0":5.946096105281235e+307,"1":714,"2":0,"3":[714]}]}