{"baseObjects":["[-100,460]","[-100,460]","[-100,460]","[-100,460]"],"returnObjects":["\"Error\"","\"Error\"","\"Error\"","\"Error\""],"callbackArgs":[{"0":-100,"1":460,"2":1,"3":[-100,460]},{"0":null,"1":-100,"2":0,"3":[-100,460]},{"1":-100,"2":0,"3":[-100,460]},{"0":{"49":3.729199160468467e+307,"157":"X","+":1.760338567480574e+308,"X":9.438603624160825e+307,"Y":"H$aa","8.828488414297672e+307":9.630819121815675e+307},"1":-100,"2":0,"3":[-100,460]}]}