{"baseObjects":["[-100,618,1.7976931348623157e+308,25,157,969,49]","[-100,618,1.7976931348623157e+308,25,157,969,49]","[-100,618,1.7976931348623157e+308,25,157,969,49]","[-100,618,1.7976931348623157e+308,25,157,969,49]"],"returnObjects":["\"Error\"","\"Error\"","\"Error\"","\"Error\""],"callbackArgs":[{"0":null,"1":-100,"2":0,"3":[-100,618,1.7976931348623157e+308,25,157,969,49]},{"0":["h","c","Y%Q"],"1":-100,"2":0,"3":[-100,618,1.7976931348623157e+308,25,157,969,49]},{"0":null,"1":-100,"2":0,"3":[-100,618,1.7976931348623157e+308,25,157,969,49]},{"0":{"u+O":59},"1":-100,"2":0,"3":[-100,618,1.7976931348623157e+308,25,157,969,49]}]}