{"baseObjects":["[969,1.7976931348623157e+308,100,126,-100,213,893,157]","[969,1.7976931348623157e+308,100,126,-100,213,893,157]","[969,1.7976931348623157e+308,100,126,-100,213,893,157]","[969,1.7976931348623157e+308,100,126,-100,213,893,157]"],"returnObjects":["\"Error\"","\"Error\"","\"Error\"","\"Error\""],"callbackArgs":[{"0":969,"1":1.7976931348623157e+308,"2":1,"3":[969,1.7976931348623157e+308,100,126,-100,213,893,157]},{"0":969,"1":1.7976931348623157e+308,"2":1,"3":[969,1.7976931348623157e+308,100,126,-100,213,893,157]},{"1":969,"2":0,"3":[969,1.7976931348623157e+308,100,126,-100,213,893,157]},{"1":969,"2":0,"3":[969,1.7976931348623157e+308,100,126,-100,213,893,157]}]}