{"baseObjects":["[25,49,843,893,783,82,-100,100,705]","[25,49,843,893,783,82,-100,100,705]","[25,49,843,893,783,82,-100,100,705]","[25,49,843,893,783,82,-100,100,705]"],"returnObjects":["\"Error\"","\"Error\"","\"Error\"","\"Error\""],"callbackArgs":[{"0":{"618":8.945013729830286e+307,"1.3571928124337112e+308":"p","":126},"1":25,"2":0,"3":[25,49,843,893,783,82,-100,100,705]},{"0":25,"1":49,"2":1,"3":[25,49,843,893,783,82,-100,100,705]},{"0":25,"1":49,"2":1,"3":[25,49,843,893,783,82,-100,100,705]},{"0":25,"1":49,"2":1,"3":[25,49,843,893,783,82,-100,100,705]}]}