{"baseObjects":["[595,627,122,1.7976931348623157e+308]","[595,627,122,1.7976931348623157e+308]","[595,627,122,1.7976931348623157e+308]","[595,627,122,1.7976931348623157e+308]"],"returnObjects":["\"Error\"","\"Error\"","\"Error\"","\"Error\""],"callbackArgs":[{"0":true,"1":595,"2":0,"3":[595,627,122,1.7976931348623157e+308]},{"0":9.682649628554629e+307,"1":595,"2":0,"3":[595,627,122,1.7976931348623157e+308]},{"1":595,"2":0,"3":[595,627,122,1.7976931348623157e+308]},{"0":595,"1":627,"2":1,"3":[595,627,122,1.7976931348623157e+308]}]}