{"baseObjects":["[1.7976931348623157e+308]","[null]","[null]","[null]"],"returnObjects":["[null]","[null]","[null]","[null]"],"callbackArgs":[{"0":1.7976931348623157e+308,"1":0,"2":[1.7976931348623157e+308]},{"1":0,"2":[null]},{"1":0,"2":[null]},{"1":0,"2":[null]}]}