{"baseObjects":["[618]","[618]","[618]","[618]"],"returnObjects":["53.632923619121556","34.95170382968797","618","618"],"callbackArgs":[{"0":{"1.246302954270579e+308":4.35334353006166e+307,"1.7569174451014329e+308":"","1.9123092256742032e+307":"","3.7922006012763905e+307":"B"},"1":618,"2":0,"3":[618]},{"1":618,"2":0,"3":[618]}]}