{"baseObjects":["[242]","[242]","[242]","[242]"],"returnObjects":["false","false","-87","[0.8518990946979841,[],null,-2,[-0.1765689823193357,0],10,null,false]"],"callbackArgs":[{"0":false,"1":242,"2":0,"3":[242]},{"0":[893,"y",823,"@x",607],"1":242,"2":0,"3":[242]},{"0":null,"1":242,"2":0,"3":[242]},{"0":null,"1":242,"2":0,"3":[242]}]}