{"baseObjects":["[595,82]","[595,82]","[595,82]","{\"_ÁAÖ¨>õ8\":-0.5685719697215119,\"\\fm\":\"èd\",\"´(£]\\u0003ïBÖ\":4.143859453226646,\"*ùù+6\":8.682775894724887,\"µ¸£\\u0011Ç,9;\":\"DMÐP·\",\"Í\":[\"ª\",true,\"\\u0011\"]}"],"returnObjects":["\"A@jkÄ\"","-61","{\"_ÁAÖ¨>õ8\":-0.5685719697215119,\"\\fm\":\"èd\",\"´(£]\\u0003ïBÖ\":4.143859453226646,\"*ùù+6\":8.682775894724887,\"µ¸£\\u0011Ç,9;\":\"DMÐP·\",\"Í\":[\"ª\",true,\"\\u0011\"]}","\"base_3.reduce is not a function\""],"callbackArgs":[{"0":null,"1":595,"2":0,"3":[595,82]},{"0":"A@jkÄ","1":82,"2":1,"3":[595,82]},{"0":595,"1":82,"2":1,"3":[595,82]},{"0":595,"1":82,"2":1,"3":[595,82]}]}