{"baseObjects":["[823]","[823]","[823]","[823]"],"returnObjects":["false","true","823","-91.35517649914682"],"callbackArgs":[{"0":1.196709288428046e+308,"1":823,"2":0,"3":[823]},{"0":null,"1":823,"2":0,"3":[823]},{"1":823,"2":0,"3":[823]}]}