{"baseObjects":["[783,25]","{\"?ñRf¯ \\u001eg\":false,\"\\u001bDPo \\u001d½_x\":\"\",\"\\u0001&4\\u0001\":1.9565215290531892,\"¤@7DbÁd\":7,\"ÞÌÆ{\\u0001V\":-3,\"a\\\\Þ>\":[[],0.5805175474902282],\"ß\\u0016 líF\":false}","[783,25]","{\"?ñRf¯ \\u001eg\":false,\"\\u001bDPo \\u001d½_x\":\"\",\"\\u0001&4\\u0001\":1.9565215290531892,\"¤@7DbÁd\":7,\"ÞÌÆ{\\u0001V\":-3,\"a\\\\Þ>\":[[],0.5805175474902282],\"ß\\u0016 líF\":false}"],"returnObjects":["{\"?ñRf¯ \\u001eg\":false,\"\\u001bDPo \\u001d½_x\":\"\",\"\\u0001&4\\u0001\":1.9565215290531892,\"¤@7DbÁd\":7,\"ÞÌÆ{\\u0001V\":-3,\"a\\\\Þ>\":[[],0.5805175474902282],\"ß\\u0016 líF\":false}","\"base_1.reduce is not a function\"","false","\"base_3.reduce is not a function\""],"callbackArgs":[{"0":null,"1":783,"2":0,"3":[783,25]},{"0":{"?ñRf¯ \u001eg":false,"\u001bDPo \u001d½_x":"","\u0001&4\u0001":1.9565215290531892,"¤@7DbÁd":7,"ÞÌÆ{\u0001V":-3,"a\\Þ>":[[],0.5805175474902282],"ß\u0016 líF":false},"1":25,"2":1,"3":[783,25]},{"0":false,"1":783,"2":0,"3":[783,25]},{"0":false,"1":25,"2":1,"3":[783,25]}]}