{"baseObjects":["[\"70\",460]","{\"\\u0004¤y´0æ\":[],\"uIÞ\":5.457204912136276}","[\"70\",460]","{\"\\u0004¤y´0æ\":[],\"uIÞ\":5.457204912136276}"],"returnObjects":["{\"\\u0004¤y´0æ\":[],\"uIÞ\":5.457204912136276}","\"base_1.reduce is not a function\"","-31.463913239386244","\"base_3.reduce is not a function\""],"callbackArgs":[{"0":"70","1":460,"2":1,"3":["70",460]},{"0":{"49":"","":"f"},"1":"70","2":0,"3":["70",460]},{"0":-31.463913239386244,"1":460,"2":1,"3":["70",460]}]}