{"baseObjects":["[\"BK\",595]","[-0.10819570231996489]","[-0.10819570231996489]","[-0.10819570231996489]"],"returnObjects":["[-0.10819570231996489]","55","71","-0.10819570231996489"],"callbackArgs":[{"0":"BK","1":595,"2":1,"3":["BK",595]},{"0":893,"1":-0.10819570231996489,"2":0,"3":[-0.10819570231996489]},{"0":"<","1":-0.10819570231996489,"2":0,"3":[-0.10819570231996489]}]}