{"baseObjects":["[82]","[82]","[82]","[82]"],"returnObjects":["-38","90","82","\"Z½r¬;É\""],"callbackArgs":[{"0":{"1.5171480389601577e+308":627,"J":157},"1":82,"2":0,"3":[82]},{"0":null,"1":82,"2":0,"3":[82]},{"0":{"126":"e","2.1445415787700388e+307":"","":"","x&O@":"","yrr":""},"1":82,"2":0,"3":[82]}]}