{"baseObjects":["[783]","[783]","[783]","[783]"],"returnObjects":["-21.425867791677767",null,"false","false"],"callbackArgs":[{"0":true,"1":783,"2":0,"3":[783]},{"0":true,"1":783,"2":0,"3":[783]},{"0":1.7752071243417184e+308,"1":783,"2":0,"3":[783]},{"0":{"cL":"8","5e-324":"","1.183917040223195e+308":1.0368627823429423e+308,"*":"","1.415648066986162e+308":"d","1.2632424724371093e+306":""},"1":783,"2":0,"3":[783]}]}