{"baseObjects":["[1.7976931348623157e+308,49,100,213,403,618,157,595,595]","[1.7976931348623157e+308,49,100,213,403,618,157,595,595]","[1.7976931348623157e+308,49,100,213,403,618,157,595,595]","[1.7976931348623157e+308,49,100,213,403,618,157,595,595]"],"returnObjects":["1.7976931348623157e+308","\"Error\"","\"Error\"","\"Error\""],"callbackArgs":[{"0":1.7976931348623157e+308,"1":0,"2":[1.7976931348623157e+308,49,100,213,403,618,157,595,595]},{"0":1.7976931348623157e+308,"1":0,"2":[1.7976931348623157e+308,49,100,213,403,618,157,595,595]},{"0":1.7976931348623157e+308,"1":0,"2":[1.7976931348623157e+308,49,100,213,403,618,157,595,595]},{"0":1.7976931348623157e+308,"1":0,"2":[1.7976931348623157e+308,49,100,213,403,618,157,595,595]}]}