{"baseObjects":["[823,893,\"<\",403,\",|dG=\",\"E&\",1.7976931348623157e+308,157]","[823,893,\"<\",403,\",|dG=\",\"E&\",1.7976931348623157e+308,157]","[823,893,\"<\",403,\",|dG=\",\"E&\",1.7976931348623157e+308,157]","[823,893,\"<\",403,\",|dG=\",\"E&\",1.7976931348623157e+308,157]"],"returnObjects":["\"Error\"","\"Error\"","\"Error\"","\"Error\""],"callbackArgs":[{"0":823,"1":0,"2":[823,893,"<",403,",|dG=","E&",1.7976931348623157e+308,157]},{"0":823,"1":0,"2":[823,893,"<",403,",|dG=","E&",1.7976931348623157e+308,157]},{"0":823,"1":0,"2":[823,893,"<",403,",|dG=","E&",1.7976931348623157e+308,157]},{"0":823,"1":0,"2":[823,893,"<",403,",|dG=","E&",1.7976931348623157e+308,157]}]}