{"baseObjects":["[627,783,595,1.7976931348623157e+308,100,242]","[627,783,595,1.7976931348623157e+308,100,242]","[627,783,595,1.7976931348623157e+308,100,242]","[627,783,595,1.7976931348623157e+308,100,242]"],"returnObjects":["\"Error\"","\"Error\"","\"Error\"","\"Error\""],"callbackArgs":[{"0":627,"1":0,"2":[627,783,595,1.7976931348623157e+308,100,242]},{"0":627,"1":0,"2":[627,783,595,1.7976931348623157e+308,100,242]},{"0":627,"1":0,"2":[627,783,595,1.7976931348623157e+308,100,242]},{"0":627,"1":0,"2":[627,783,595,1.7976931348623157e+308,100,242]}]}