{"baseObjects":["[0,1.7976931348623157e+308,122,823,1.7976931348623157e+308,607]","[0,1.7976931348623157e+308,122,823,1.7976931348623157e+308,607]","[0,1.7976931348623157e+308,122,823,1.7976931348623157e+308,607]","[0,1.7976931348623157e+308,122,823,1.7976931348623157e+308,607]"],"returnObjects":["\"Error\"","\"Error\"","\"Error\"","\"Error\""],"callbackArgs":[{"0":0,"1":0,"2":[0,1.7976931348623157e+308,122,823,1.7976931348623157e+308,607]},{"0":0,"1":0,"2":[0,1.7976931348623157e+308,122,823,1.7976931348623157e+308,607]},{"0":0,"1":0,"2":[0,1.7976931348623157e+308,122,823,1.7976931348623157e+308,607]},{"0":0,"1":0,"2":[0,1.7976931348623157e+308,122,823,1.7976931348623157e+308,607]}]}