{"baseObjects":["[1.7976931348623157e+308,-1,618,893,705,823,403]","[1.7976931348623157e+308,-1,618,893,705,823,403]","[1.7976931348623157e+308,-1,618,893,705,823,403]","[1.7976931348623157e+308,-1,618,893,705,823,403]"],"returnObjects":["\"Error\"","\"Error\"","\"Error\"","\"Error\""],"callbackArgs":[{"0":1.7976931348623157e+308,"1":0,"2":[1.7976931348623157e+308,-1,618,893,705,823,403]},{"0":1.7976931348623157e+308,"1":0,"2":[1.7976931348623157e+308,-1,618,893,705,823,403]},{"0":1.7976931348623157e+308,"1":0,"2":[1.7976931348623157e+308,-1,618,893,705,823,403]},{"0":1.7976931348623157e+308,"1":0,"2":[1.7976931348623157e+308,-1,618,893,705,823,403]}]}