{"baseObjects":["[-100,618,1.7976931348623157e+308,25,157,969,49]","[-100,618,1.7976931348623157e+308,25,157,969,49]","[-100,618,1.7976931348623157e+308,25,157,969,49]","[-100,618,1.7976931348623157e+308,25,157,969,49]"],"returnObjects":["\"Error\"","\"Error\"","\"Error\"","\"Error\""],"callbackArgs":[{"0":-100,"1":0,"2":[-100,618,1.7976931348623157e+308,25,157,969,49]},{"0":-100,"1":0,"2":[-100,618,1.7976931348623157e+308,25,157,969,49]},{"0":-100,"1":0,"2":[-100,618,1.7976931348623157e+308,25,157,969,49]},{"0":-100,"1":0,"2":[-100,618,1.7976931348623157e+308,25,157,969,49]}]}