{"baseObjects":["[893,969,969,705,1.7976931348623157e+308,893,157,783,59,122]","[893,969,969,705,1.7976931348623157e+308,893,157,783,59,122]","[893,969,969,705,1.7976931348623157e+308,893,157,783,59,122]","[893,969,969,705,1.7976931348623157e+308,893,157,783,59,122]"],"returnObjects":["\"Error\"","\"Error\"","\"Error\"","\"Error\""],"callbackArgs":[{"0":893,"1":0,"2":[893,969,969,705,1.7976931348623157e+308,893,157,783,59,122]},{"0":893,"1":0,"2":[893,969,969,705,1.7976931348623157e+308,893,157,783,59,122]},{"0":893,"1":0,"2":[893,969,969,705,1.7976931348623157e+308,893,157,783,59,122]},{"0":893,"1":0,"2":[893,969,969,705,1.7976931348623157e+308,893,157,783,59,122]}]}