{"baseObjects":["[-100,157,0,1.7976931348623157e+308,595,157,-100,25,82]","[-100,157,0,1.7976931348623157e+308,595,157,-100,25,82]","[-100,157,0,1.7976931348623157e+308,595,157,-100,25,82]","[-100,157,0,1.7976931348623157e+308,595,157,-100,25,82]"],"returnObjects":["\"Error\"","\"Error\"","\"Error\"","\"Error\""],"callbackArgs":[{"0":-100,"1":0,"2":[-100,157,0,1.7976931348623157e+308,595,157,-100,25,82]},{"0":-100,"1":0,"2":[-100,157,0,1.7976931348623157e+308,595,157,-100,25,82]},{"0":-100,"1":0,"2":[-100,157,0,1.7976931348623157e+308,595,157,-100,25,82]},{"0":-100,"1":0,"2":[-100,157,0,1.7976931348623157e+308,595,157,-100,25,82]}]}