{"baseObjects":["[242,1.7976931348623157e+308,25,213,126,969,5e-324,655,242]","[242,1.7976931348623157e+308,25,213,126,969,5e-324,655,242]","[242,1.7976931348623157e+308,25,213,126,969,5e-324,655,242]","[242,1.7976931348623157e+308,25,213,126,969,5e-324,655,242]"],"returnObjects":["\"Error\"","\"Error\"","\"Error\"","\"Error\""],"callbackArgs":[{"0":242,"1":0,"2":[242,1.7976931348623157e+308,25,213,126,969,5e-324,655,242]},{"0":242,"1":0,"2":[242,1.7976931348623157e+308,25,213,126,969,5e-324,655,242]},{"0":242,"1":0,"2":[242,1.7976931348623157e+308,25,213,126,969,5e-324,655,242]},{"0":242,"1":0,"2":[242,1.7976931348623157e+308,25,213,126,969,5e-324,655,242]}]}