{"baseObjects":["[893,\"k\",1.7976931348623157e+308,403,655,\"X7-F\",\"b\"]","[893,\"k\",1.7976931348623157e+308,403,655,\"X7-F\",\"b\"]","[893,\"k\",1.7976931348623157e+308,403,655,\"X7-F\",\"b\"]","[893,\"k\",1.7976931348623157e+308,403,655,\"X7-F\",\"b\"]"],"returnObjects":["\"Error\"","\"Error\"","\"Error\"","\"Error\""],"callbackArgs":[{"0":893,"1":0,"2":[893,"k",1.7976931348623157e+308,403,655,"X7-F","b"]},{"0":893,"1":0,"2":[893,"k",1.7976931348623157e+308,403,655,"X7-F","b"]},{"0":893,"1":0,"2":[893,"k",1.7976931348623157e+308,403,655,"X7-F","b"]},{"0":893,"1":0,"2":[893,"k",1.7976931348623157e+308,403,655,"X7-F","b"]}]}