{"baseObjects":["[213,1.7976931348623157e+308,-100,403,82,126,618,705,618]","[213,1.7976931348623157e+308,-100,403,82,126,618,705,618]","[213,1.7976931348623157e+308,-100,403,82,126,618,705,618]","[213,1.7976931348623157e+308,-100,403,82,126,618,705,618]"],"returnObjects":["\"Error\"","\"Error\"","\"Error\"","\"Error\""],"callbackArgs":[{"0":213,"1":0,"2":[213,1.7976931348623157e+308,-100,403,82,126,618,705,618]},{"0":213,"1":0,"2":[213,1.7976931348623157e+308,-100,403,82,126,618,705,618]},{"0":213,"1":0,"2":[213,1.7976931348623157e+308,-100,403,82,126,618,705,618]},{"0":213,"1":0,"2":[213,1.7976931348623157e+308,-100,403,82,126,618,705,618]}]}