{"baseObjects":["[403,893,25,714,403,1.7976931348623157e+308,-100,-1,-1,122]","[403,893,25,714,403,1.7976931348623157e+308,-100,-1,-1,122]","[403,893,25,714,403,1.7976931348623157e+308,-100,-1,-1,122]","[403,893,25,714,403,1.7976931348623157e+308,-100,-1,-1,122]"],"returnObjects":["\"Error\"","\"Error\"","\"Error\"","\"Error\""],"callbackArgs":[{"0":403,"1":0,"2":[403,893,25,714,403,1.7976931348623157e+308,-100,-1,-1,122]},{"0":403,"1":0,"2":[403,893,25,714,403,1.7976931348623157e+308,-100,-1,-1,122]},{"0":403,"1":0,"2":[403,893,25,714,403,1.7976931348623157e+308,-100,-1,-1,122]},{"0":403,"1":0,"2":[403,893,25,714,403,1.7976931348623157e+308,-100,-1,-1,122]}]}