{"baseObjects":["[823,823,25,1.7976931348623157e+308,82,25,403,705,25,618]","[823,823,25,1.7976931348623157e+308,82,25,403,705,25,618]","[823,823,25,1.7976931348623157e+308,82,25,403,705,25,618]","[823,823,25,1.7976931348623157e+308,82,25,403,705,25,618]"],"returnObjects":["\"Error\"","\"Error\"","\"Error\"","\"Error\""],"callbackArgs":[{"0":823,"1":0,"2":[823,823,25,1.7976931348623157e+308,82,25,403,705,25,618]},{"0":823,"1":0,"2":[823,823,25,1.7976931348623157e+308,82,25,403,705,25,618]},{"0":823,"1":0,"2":[823,823,25,1.7976931348623157e+308,82,25,403,705,25,618]},{"0":823,"1":0,"2":[823,823,25,1.7976931348623157e+308,82,25,403,705,25,618]}]}