{"baseObjects":["[607,0,122,1.7976931348623157e+308,213,157,-100]","[607,0,122,1.7976931348623157e+308,213,157,-100]","[607,0,122,1.7976931348623157e+308,213,157,-100]","[607,0,122,1.7976931348623157e+308,213,157,-100]"],"returnObjects":["\"Error\"","\"Error\"","\"Error\"","\"Error\""],"callbackArgs":[{"0":607,"1":0,"2":[607,0,122,1.7976931348623157e+308,213,157,-100]},{"0":607,"1":0,"2":[607,0,122,1.7976931348623157e+308,213,157,-100]},{"0":607,"1":0,"2":[607,0,122,1.7976931348623157e+308,213,157,-100]},{"0":607,"1":0,"2":[607,0,122,1.7976931348623157e+308,213,157,-100]}]}