{"baseObjects":["[893,\"H\",\":8\",1.7976931348623157e+308,242,126]","[893,\"H\",\":8\",1.7976931348623157e+308,242,126]","[893,\"H\",\":8\",1.7976931348623157e+308,242,126]","[893,\"H\",\":8\",1.7976931348623157e+308,242,126]"],"returnObjects":["\"Error\"","\"Error\"","\"Error\"","\"Error\""],"callbackArgs":[{"0":893,"1":0,"2":[893,"H",":8",1.7976931348623157e+308,242,126]},{"0":893,"1":0,"2":[893,"H",":8",1.7976931348623157e+308,242,126]},{"0":893,"1":0,"2":[893,"H",":8",1.7976931348623157e+308,242,126]},{"0":893,"1":0,"2":[893,"H",":8",1.7976931348623157e+308,242,126]}]}