{"baseObjects":["[627,1.7976931348623157e+308,1.7976931348623157e+308,59,627,714,893,783,59]","[627,1.7976931348623157e+308,1.7976931348623157e+308,59,627,714,893,783,59]","[627,1.7976931348623157e+308,1.7976931348623157e+308,59,627,714,893,783,59]","[627,1.7976931348623157e+308,1.7976931348623157e+308,59,627,714,893,783,59]"],"returnObjects":["\"Error\"","\"Error\"","\"Error\"","\"Error\""],"callbackArgs":[{"0":627,"1":0,"2":[627,1.7976931348623157e+308,1.7976931348623157e+308,59,627,714,893,783,59]},{"0":627,"1":0,"2":[627,1.7976931348623157e+308,1.7976931348623157e+308,59,627,714,893,783,59]},{"0":627,"1":0,"2":[627,1.7976931348623157e+308,1.7976931348623157e+308,59,627,714,893,783,59]},{"0":627,"1":0,"2":[627,1.7976931348623157e+308,1.7976931348623157e+308,59,627,714,893,783,59]}]}