{"baseObjects":["[714,1.7976931348623157e+308,126,460,213,-100]","[714,1.7976931348623157e+308,126,460,213,-100]","[714,1.7976931348623157e+308,126,460,213,-100]","[714,1.7976931348623157e+308,126,460,213,-100]"],"returnObjects":["\"Error\"","\"Error\"","\"Error\"","\"Error\""],"callbackArgs":[{"0":714,"1":0,"2":[714,1.7976931348623157e+308,126,460,213,-100]},{"0":714,"1":0,"2":[714,1.7976931348623157e+308,126,460,213,-100]},{"0":714,"1":0,"2":[714,1.7976931348623157e+308,126,460,213,-100]},{"0":714,"1":0,"2":[714,1.7976931348623157e+308,126,460,213,-100]}]}