{"baseObjects":["[126,1.7976931348623157e+308,25,59,893,100,714]","[126,1.7976931348623157e+308,25,59,893,100,714]","[126,1.7976931348623157e+308,25,59,893,100,714]","[126,1.7976931348623157e+308,25,59,893,100,714]"],"returnObjects":["\"Error\"","\"Error\"","\"Error\"","\"Error\""],"callbackArgs":[{"0":126,"1":0,"2":[126,1.7976931348623157e+308,25,59,893,100,714]},{"0":126,"1":0,"2":[126,1.7976931348623157e+308,25,59,893,100,714]},{"0":126,"1":0,"2":[126,1.7976931348623157e+308,25,59,893,100,714]},{"0":126,"1":0,"2":[126,1.7976931348623157e+308,25,59,893,100,714]}]}