{"baseObjects":["[893,1.7976931348623157e+308,823,82,100,100,823,823,25]","[893,1.7976931348623157e+308,823,82,100,100,823,823,25]","[893,1.7976931348623157e+308,823,82,100,100,823,823,25]","[893,1.7976931348623157e+308,823,82,100,100,823,823,25]"],"returnObjects":["false","false","false","false"],"callbackArgs":[{"0":893,"1":0,"2":[893,1.7976931348623157e+308,823,82,100,100,823,823,25]},{"0":893,"1":0,"2":[893,1.7976931348623157e+308,823,82,100,100,823,823,25]},{"0":893,"1":0,"2":[893,1.7976931348623157e+308,823,82,100,100,823,823,25]},{"0":893,"1":0,"2":[893,1.7976931348623157e+308,823,82,100,100,823,823,25]}]}