{"baseObjects":["[1.7976931348623157e+308,49,893,714,627,705,618]","[1.7976931348623157e+308,49,893,714,627,705,618]","[1.7976931348623157e+308,49,893,714,627,705,618]","[1.7976931348623157e+308,49,893,714,627,705,618]"],"returnObjects":["false","false","false","false"],"callbackArgs":[{"0":1.7976931348623157e+308,"1":0,"2":[1.7976931348623157e+308,49,893,714,627,705,618]},{"0":1.7976931348623157e+308,"1":0,"2":[1.7976931348623157e+308,49,893,714,627,705,618]},{"0":1.7976931348623157e+308,"1":0,"2":[1.7976931348623157e+308,49,893,714,627,705,618]},{"0":1.7976931348623157e+308,"1":0,"2":[1.7976931348623157e+308,49,893,714,627,705,618]}]}