{"baseObjects":["[714,823,1.7976931348623157e+308,783,893,655,-100]","[714,823,1.7976931348623157e+308,783,893,655,-100]","[714,823,1.7976931348623157e+308,783,893,655,-100]","[714,823,1.7976931348623157e+308,783,893,655,-100]"],"returnObjects":["false","false","false","false"],"callbackArgs":[{"0":714,"1":0,"2":[714,823,1.7976931348623157e+308,783,893,655,-100]},{"0":714,"1":0,"2":[714,823,1.7976931348623157e+308,783,893,655,-100]},{"0":714,"1":0,"2":[714,823,1.7976931348623157e+308,783,893,655,-100]},{"0":714,"1":0,"2":[714,823,1.7976931348623157e+308,783,893,655,-100]}]}