{"baseObjects":["[49,122,100,823,893,595,1.7976931348623157e+308,607,595]","[49,122,100,823,893,595,1.7976931348623157e+308,607,595]","[49,122,100,823,893,595,1.7976931348623157e+308,607,595]","[49,122,100,823,893,595,1.7976931348623157e+308,607,595]"],"returnObjects":["false","false","false","false"],"callbackArgs":[{"0":49,"1":0,"2":[49,122,100,823,893,595,1.7976931348623157e+308,607,595]},{"0":49,"1":0,"2":[49,122,100,823,893,595,1.7976931348623157e+308,607,595]},{"0":49,"1":0,"2":[49,122,100,823,893,595,1.7976931348623157e+308,607,595]},{"0":49,"1":0,"2":[49,122,100,823,893,595,1.7976931348623157e+308,607,595]}]}