{"baseObjects":["[1.7976931348623157e+308,618,783]","[1.7976931348623157e+308,618,783]","[1.7976931348623157e+308,618,783]","[1.7976931348623157e+308,618,783]"],"returnObjects":["false","false","false","false"],"callbackArgs":[{"0":1.7976931348623157e+308,"1":0,"2":[1.7976931348623157e+308,618,783]},{"0":1.7976931348623157e+308,"1":0,"2":[1.7976931348623157e+308,618,783]},{"0":1.7976931348623157e+308,"1":0,"2":[1.7976931348623157e+308,618,783]},{"0":1.7976931348623157e+308,"1":0,"2":[1.7976931348623157e+308,618,783]}]}