{"baseObjects":["[242,49,1.7976931348623157e+308,705,627,59,627,823]","[242,49,1.7976931348623157e+308,705,627,59,627,823]","[242,49,1.7976931348623157e+308,705,627,59,627,823]","[242,49,1.7976931348623157e+308,705,627,59,627,823]"],"returnObjects":["false","false","false","false"],"callbackArgs":[{"0":242,"1":0,"2":[242,49,1.7976931348623157e+308,705,627,59,627,823]},{"0":242,"1":0,"2":[242,49,1.7976931348623157e+308,705,627,59,627,823]},{"0":242,"1":0,"2":[242,49,1.7976931348623157e+308,705,627,59,627,823]},{"0":242,"1":0,"2":[242,49,1.7976931348623157e+308,705,627,59,627,823]}]}