{"baseObjects":["[59,969,126,1.7976931348623157e+308,607,82,618,213,783]","[59,969,126,1.7976931348623157e+308,607,82,618,213,783]","[59,969,126,1.7976931348623157e+308,607,82,618,213,783]","[59,969,126,1.7976931348623157e+308,607,82,618,213,783]"],"returnObjects":["false","false","false","false"],"callbackArgs":[{"0":59,"1":0,"2":[59,969,126,1.7976931348623157e+308,607,82,618,213,783]},{"0":59,"1":0,"2":[59,969,126,1.7976931348623157e+308,607,82,618,213,783]},{"0":59,"1":0,"2":[59,969,126,1.7976931348623157e+308,607,82,618,213,783]},{"0":59,"1":0,"2":[59,969,126,1.7976931348623157e+308,607,82,618,213,783]}]}