{"baseObjects":["[823,-1,1.7976931348623157e+308,618,403,607,607,893,-100]","[823,-1,1.7976931348623157e+308,618,403,607,607,893,-100]","[823,-1,1.7976931348623157e+308,618,403,607,607,893,-100]","[823,-1,1.7976931348623157e+308,618,403,607,607,893,-100]"],"returnObjects":["false","false","false","false"],"callbackArgs":[{"0":823,"1":0,"2":[823,-1,1.7976931348623157e+308,618,403,607,607,893,-100]},{"0":823,"1":0,"2":[823,-1,1.7976931348623157e+308,618,403,607,607,893,-100]},{"0":823,"1":0,"2":[823,-1,1.7976931348623157e+308,618,403,607,607,893,-100]},{"0":823,"1":0,"2":[823,-1,1.7976931348623157e+308,618,403,607,607,893,-100]}]}