{"baseObjects":["[618,627,126,1.7976931348623157e+308,100,122,242,100,618]","[618,627,126,1.7976931348623157e+308,100,122,242,100,618]","[618,627,126,1.7976931348623157e+308,100,122,242,100,618]","[618,627,126,1.7976931348623157e+308,100,122,242,100,618]"],"returnObjects":["false","false","false","false"],"callbackArgs":[{"0":618,"1":0,"2":[618,627,126,1.7976931348623157e+308,100,122,242,100,618]},{"0":618,"1":0,"2":[618,627,126,1.7976931348623157e+308,100,122,242,100,618]},{"0":618,"1":0,"2":[618,627,126,1.7976931348623157e+308,100,122,242,100,618]},{"0":618,"1":0,"2":[618,627,126,1.7976931348623157e+308,100,122,242,100,618]}]}