{"baseObjects":["[595,1.7976931348623157e+308,607,25,843]","[595,1.7976931348623157e+308,607,25,843]","[595,1.7976931348623157e+308,607,25,843]","[595,1.7976931348623157e+308,607,25,843]"],"returnObjects":["false","false","false","false"],"callbackArgs":[{"0":595,"1":0,"2":[595,1.7976931348623157e+308,607,25,843]},{"0":595,"1":0,"2":[595,1.7976931348623157e+308,607,25,843]},{"0":595,"1":0,"2":[595,1.7976931348623157e+308,607,25,843]},{"0":595,"1":0,"2":[595,1.7976931348623157e+308,607,25,843]}]}