{"baseObjects":["[157,843,25,705,1.7976931348623157e+308]","[157,843,25,705,1.7976931348623157e+308]","[157,843,25,705,1.7976931348623157e+308]","[157,843,25,705,1.7976931348623157e+308]"],"returnObjects":["false","false","false","false"],"callbackArgs":[{"0":157,"1":0,"2":[157,843,25,705,1.7976931348623157e+308]},{"0":157,"1":0,"2":[157,843,25,705,1.7976931348623157e+308]},{"0":157,"1":0,"2":[157,843,25,705,1.7976931348623157e+308]},{"0":157,"1":0,"2":[157,843,25,705,1.7976931348623157e+308]}]}