{"baseObjects":["[49,1.7976931348623157e+308,122,157,627,5e-324,607]","[49,1.7976931348623157e+308,122,157,627,5e-324,607]","[49,1.7976931348623157e+308,122,157,627,5e-324,607]","[49,1.7976931348623157e+308,122,157,627,5e-324,607]"],"returnObjects":["false","false","false","false"],"callbackArgs":[{"0":49,"1":0,"2":[49,1.7976931348623157e+308,122,157,627,5e-324,607]},{"0":49,"1":0,"2":[49,1.7976931348623157e+308,122,157,627,5e-324,607]},{"0":49,"1":0,"2":[49,1.7976931348623157e+308,122,157,627,5e-324,607]},{"0":49,"1":0,"2":[49,1.7976931348623157e+308,122,157,627,5e-324,607]}]}