{"baseObjects":["[49,25,783,49,59,403,1.7976931348623157e+308]","[49,25,783,49,59,403,1.7976931348623157e+308]","[49,25,783,49,59,403,1.7976931348623157e+308]","[49,25,783,49,59,403,1.7976931348623157e+308]"],"returnObjects":["false","false","false","false"],"callbackArgs":[{"0":49,"1":0,"2":[49,25,783,49,59,403,1.7976931348623157e+308]},{"0":49,"1":0,"2":[49,25,783,49,59,403,1.7976931348623157e+308]},{"0":49,"1":0,"2":[49,25,783,49,59,403,1.7976931348623157e+308]},{"0":49,"1":0,"2":[49,25,783,49,59,403,1.7976931348623157e+308]}]}