{"baseObjects":["[1.7976931348623157e+308,25,-100,-100,823]","[1.7976931348623157e+308,25,-100,-100,823]","[1.7976931348623157e+308,25,-100,-100,823]","[1.7976931348623157e+308,25,-100,-100,823]"],"returnObjects":["false","false","false","false"],"callbackArgs":[{"0":1.7976931348623157e+308,"1":0,"2":[1.7976931348623157e+308,25,-100,-100,823]},{"0":1.7976931348623157e+308,"1":0,"2":[1.7976931348623157e+308,25,-100,-100,823]},{"0":1.7976931348623157e+308,"1":0,"2":[1.7976931348623157e+308,25,-100,-100,823]},{"0":1.7976931348623157e+308,"1":0,"2":[1.7976931348623157e+308,25,-100,-100,823]}]}