{"baseObjects":["[25,-100,213,0,705,655,1.7976931348623157e+308,843]","[25,-100,213,0,705,655,1.7976931348623157e+308,843]","[25,-100,213,0,705,655,1.7976931348623157e+308,843]","[25,-100,213,0,705,655,1.7976931348623157e+308,843]"],"returnObjects":["false","false","false","false"],"callbackArgs":[{"0":25,"1":0,"2":[25,-100,213,0,705,655,1.7976931348623157e+308,843]},{"0":25,"1":0,"2":[25,-100,213,0,705,655,1.7976931348623157e+308,843]},{"0":25,"1":0,"2":[25,-100,213,0,705,655,1.7976931348623157e+308,843]},{"0":25,"1":0,"2":[25,-100,213,0,705,655,1.7976931348623157e+308,843]}]}