{"baseObjects":["[823,607,969,783,\"G;\",\"sSR\",1.7976931348623157e+308,\"#dR70\",\"!O\",\",;\"]","[823,607,969,783,\"G;\",\"sSR\",1.7976931348623157e+308,\"#dR70\",\"!O\",\",;\"]","[823,607,969,783,\"G;\",\"sSR\",1.7976931348623157e+308,\"#dR70\",\"!O\",\",;\"]","[823,607,969,783,\"G;\",\"sSR\",1.7976931348623157e+308,\"#dR70\",\"!O\",\",;\"]"],"returnObjects":["false","false","false","false"],"callbackArgs":[{"0":823,"1":0,"2":[823,607,969,783,"G;","sSR",1.7976931348623157e+308,"#dR70","!O",",;"]},{"0":823,"1":0,"2":[823,607,969,783,"G;","sSR",1.7976931348623157e+308,"#dR70","!O",",;"]},{"0":823,"1":0,"2":[823,607,969,783,"G;","sSR",1.7976931348623157e+308,"#dR70","!O",",;"]},{"0":823,"1":0,"2":[823,607,969,783,"G;","sSR",1.7976931348623157e+308,"#dR70","!O",",;"]}]}