{"baseObjects":["[1.7976931348623157e+308,\"k\",49,\"h\",\"1\",\"%\",\"ugtc\",59]","[1.7976931348623157e+308,\"k\",49,\"h\",\"1\",\"%\",\"ugtc\",59]","[1.7976931348623157e+308,\"k\",49,\"h\",\"1\",\"%\",\"ugtc\",59]","[1.7976931348623157e+308,\"k\",49,\"h\",\"1\",\"%\",\"ugtc\",59]"],"returnObjects":["false","false","false","false"],"callbackArgs":[{"0":1.7976931348623157e+308,"1":0,"2":[1.7976931348623157e+308,"k",49,"h","1","%","ugtc",59]},{"0":1.7976931348623157e+308,"1":0,"2":[1.7976931348623157e+308,"k",49,"h","1","%","ugtc",59]},{"0":1.7976931348623157e+308,"1":0,"2":[1.7976931348623157e+308,"k",49,"h","1","%","ugtc",59]},{"0":1.7976931348623157e+308,"1":0,"2":[1.7976931348623157e+308,"k",49,"h","1","%","ugtc",59]}]}