{"baseObjects":["[655,595,213,1.7976931348623157e+308,122,607,893,0,893]","[655,595,213,1.7976931348623157e+308,122,607,893,0,893]","[655,595,213,1.7976931348623157e+308,122,607,893,0,893]","[655,595,213,1.7976931348623157e+308,122,607,893,0,893]"],"returnObjects":["false","false","false","false"],"callbackArgs":[{"0":655,"1":0,"2":[655,595,213,1.7976931348623157e+308,122,607,893,0,893]},{"0":655,"1":0,"2":[655,595,213,1.7976931348623157e+308,122,607,893,0,893]},{"0":655,"1":0,"2":[655,595,213,1.7976931348623157e+308,122,607,893,0,893]},{"0":655,"1":0,"2":[655,595,213,1.7976931348623157e+308,122,607,893,0,893]}]}