{"baseObjects":["[213,157,82,-100,618,1.7976931348623157e+308,25,157,969]","[213,157,82,-100,618,1.7976931348623157e+308,25,157,969]","[213,157,82,-100,618,1.7976931348623157e+308,25,157,969]","[213,157,82,-100,618,1.7976931348623157e+308,25,157,969]"],"returnObjects":["false","false","false","false"],"callbackArgs":[{"0":213,"1":0,"2":[213,157,82,-100,618,1.7976931348623157e+308,25,157,969]},{"0":213,"1":0,"2":[213,157,82,-100,618,1.7976931348623157e+308,25,157,969]},{"0":213,"1":0,"2":[213,157,82,-100,618,1.7976931348623157e+308,25,157,969]},{"0":213,"1":0,"2":[213,157,82,-100,618,1.7976931348623157e+308,25,157,969]}]}