{"baseObjects":["[242,823,25,1.7976931348623157e+308,403]","[242,823,25,1.7976931348623157e+308,403]","[242,823,25,1.7976931348623157e+308,403]","[242,823,25,1.7976931348623157e+308,403]"],"returnObjects":["false","false","false","false"],"callbackArgs":[{"0":242,"1":0,"2":[242,823,25,1.7976931348623157e+308,403]},{"0":242,"1":0,"2":[242,823,25,1.7976931348623157e+308,403]},{"0":242,"1":0,"2":[242,823,25,1.7976931348623157e+308,403]},{"0":242,"1":0,"2":[242,823,25,1.7976931348623157e+308,403]}]}