{"baseObjects":["[969,242,627,618,1.7976931348623157e+308,100]","[969,242,627,618,1.7976931348623157e+308,100]","[969,242,627,618,1.7976931348623157e+308,100]","[969,242,627,618,1.7976931348623157e+308,100]"],"returnObjects":["false","false","false","false"],"callbackArgs":[{"0":969,"1":0,"2":[969,242,627,618,1.7976931348623157e+308,100]},{"0":969,"1":0,"2":[969,242,627,618,1.7976931348623157e+308,100]},{"0":969,"1":0,"2":[969,242,627,618,1.7976931348623157e+308,100]},{"0":969,"1":0,"2":[969,242,627,618,1.7976931348623157e+308,100]}]}