{"baseObjects":["[213,893,705,122,595,823,1.7976931348623157e+308]","[213,893,705,122,595,823,1.7976931348623157e+308]","[213,893,705,122,595,823,1.7976931348623157e+308]","[213,893,705,122,595,823,1.7976931348623157e+308]"],"returnObjects":["false","false","false","false"],"callbackArgs":[{"0":213,"1":0,"2":[213,893,705,122,595,823,1.7976931348623157e+308]},{"0":213,"1":0,"2":[213,893,705,122,595,823,1.7976931348623157e+308]},{"0":213,"1":0,"2":[213,893,705,122,595,823,1.7976931348623157e+308]},{"0":213,"1":0,"2":[213,893,705,122,595,823,1.7976931348623157e+308]}]}