{"baseObjects":["[1.7976931348623157e+308,403,-100,100,618,969]","[1.7976931348623157e+308,403,-100,100,618,969]","[1.7976931348623157e+308,403,-100,100,618,969]","[1.7976931348623157e+308,403,-100,100,618,969]"],"returnObjects":["false","false","false","false"],"callbackArgs":[{"0":1.7976931348623157e+308,"1":0,"2":[1.7976931348623157e+308,403,-100,100,618,969]},{"0":1.7976931348623157e+308,"1":0,"2":[1.7976931348623157e+308,403,-100,100,618,969]},{"0":1.7976931348623157e+308,"1":0,"2":[1.7976931348623157e+308,403,-100,100,618,969]},{"0":1.7976931348623157e+308,"1":0,"2":[1.7976931348623157e+308,403,-100,100,618,969]}]}