{"baseObjects":["[1.7976931348623157e+308,714,126,607,49,-1,595]","[1.7976931348623157e+308,714,126,607,49,-1,595]","[1.7976931348623157e+308,714,126,607,49,-1,595]","[1.7976931348623157e+308,714,126,607,49,-1,595]"],"returnObjects":["false","false","false","false"],"callbackArgs":[{"0":1.7976931348623157e+308,"1":0,"2":[1.7976931348623157e+308,714,126,607,49,-1,595]},{"0":1.7976931348623157e+308,"1":0,"2":[1.7976931348623157e+308,714,126,607,49,-1,595]},{"0":1.7976931348623157e+308,"1":0,"2":[1.7976931348623157e+308,714,126,607,49,-1,595]},{"0":1.7976931348623157e+308,"1":0,"2":[1.7976931348623157e+308,714,126,607,49,-1,595]}]}