{"baseObjects":["[1.7976931348623157e+308,607,-1,\"U[\",627,\"`u\",\"!\",242]","[1.7976931348623157e+308,607,-1,\"U[\",627,\"`u\",\"!\",242]","[1.7976931348623157e+308,607,-1,\"U[\",627,\"`u\",\"!\",242]","[1.7976931348623157e+308,607,-1,\"U[\",627,\"`u\",\"!\",242]"],"returnObjects":["false","false","false","false"],"callbackArgs":[{"0":1.7976931348623157e+308,"1":0,"2":[1.7976931348623157e+308,607,-1,"U[",627,"`u","!",242]},{"0":1.7976931348623157e+308,"1":0,"2":[1.7976931348623157e+308,607,-1,"U[",627,"`u","!",242]},{"0":1.7976931348623157e+308,"1":0,"2":[1.7976931348623157e+308,607,-1,"U[",627,"`u","!",242]},{"0":1.7976931348623157e+308,"1":0,"2":[1.7976931348623157e+308,607,-1,"U[",627,"`u","!",242]}]}