{"baseObjects":["[-1,100,823,714,1.7976931348623157e+308,783]","[-1,100,823,714,1.7976931348623157e+308,783]","[-1,100,823,714,1.7976931348623157e+308,783]","[-1,100,823,714,1.7976931348623157e+308,783]"],"returnObjects":["false","false","false","false"],"callbackArgs":[{"0":-1,"1":0,"2":[-1,100,823,714,1.7976931348623157e+308,783]},{"0":-1,"1":0,"2":[-1,100,823,714,1.7976931348623157e+308,783]},{"0":-1,"1":0,"2":[-1,100,823,714,1.7976931348623157e+308,783]},{"0":-1,"1":0,"2":[-1,100,823,714,1.7976931348623157e+308,783]}]}