{"baseObjects":["[607,0,0,242,823,655,213,1.7976931348623157e+308,460,82]","[607,0,0,242,823,655,213,1.7976931348623157e+308,460,82]","[607,0,0,242,823,655,213,1.7976931348623157e+308,460,82]","[607,0,0,242,823,655,213,1.7976931348623157e+308,460,82]"],"returnObjects":["false","false","false","false"],"callbackArgs":[{"0":607,"1":0,"2":[607,0,0,242,823,655,213,1.7976931348623157e+308,460,82]},{"0":607,"1":0,"2":[607,0,0,242,823,655,213,1.7976931348623157e+308,460,82]},{"0":607,"1":0,"2":[607,0,0,242,823,655,213,1.7976931348623157e+308,460,82]},{"0":607,"1":0,"2":[607,0,0,242,823,655,213,1.7976931348623157e+308,460,82]}]}