{"baseObjects":["[783,823,82,823,618,49,126,1.7976931348623157e+308,-1,714]","[783,823,82,823,618,49,126,1.7976931348623157e+308,-1,714]","[783,823,82,823,618,49,126,1.7976931348623157e+308,-1,714]","[783,823,82,823,618,49,126,1.7976931348623157e+308,-1,714]"],"returnObjects":["false","false","false","false"],"callbackArgs":[{"0":783,"1":0,"2":[783,823,82,823,618,49,126,1.7976931348623157e+308,-1,714]},{"0":783,"1":0,"2":[783,823,82,823,618,49,126,1.7976931348623157e+308,-1,714]},{"0":783,"1":0,"2":[783,823,82,823,618,49,126,1.7976931348623157e+308,-1,714]},{"0":783,"1":0,"2":[783,823,82,823,618,49,126,1.7976931348623157e+308,-1,714]}]}