{"baseObjects":["[1.7976931348623157e+308,\"U+\",242,655,\"o\",618]","[1.7976931348623157e+308,\"U+\",242,655,\"o\",618]","[1.7976931348623157e+308,\"U+\",242,655,\"o\",618]","[1.7976931348623157e+308,\"U+\",242,655,\"o\",618]"],"returnObjects":["false","false","false","false"],"callbackArgs":[{"0":1.7976931348623157e+308,"1":0,"2":[1.7976931348623157e+308,"U+",242,655,"o",618]},{"0":1.7976931348623157e+308,"1":0,"2":[1.7976931348623157e+308,"U+",242,655,"o",618]},{"0":1.7976931348623157e+308,"1":0,"2":[1.7976931348623157e+308,"U+",242,655,"o",618]},{"0":1.7976931348623157e+308,"1":0,"2":[1.7976931348623157e+308,"U+",242,655,"o",618]}]}