{"baseObjects":["[893,\"F@\",1.7976931348623157e+308,\"I\",\"f\",893,\"c9Ti\"]","[893,\"F@\",1.7976931348623157e+308,\"I\",\"f\",893,\"c9Ti\"]","[893,\"F@\",1.7976931348623157e+308,\"I\",\"f\",893,\"c9Ti\"]","[893,\"F@\",1.7976931348623157e+308,\"I\",\"f\",893,\"c9Ti\"]"],"returnObjects":["false","false","false","false"],"callbackArgs":[{"0":893,"1":0,"2":[893,"F@",1.7976931348623157e+308,"I","f",893,"c9Ti"]},{"0":893,"1":0,"2":[893,"F@",1.7976931348623157e+308,"I","f",893,"c9Ti"]},{"0":893,"1":0,"2":[893,"F@",1.7976931348623157e+308,"I","f",893,"c9Ti"]},{"0":893,"1":0,"2":[893,"F@",1.7976931348623157e+308,"I","f",893,"c9Ti"]}]}