{"baseObjects":["[25,1.7976931348623157e+308,213,460,705,59,-100,157,823]","[25,1.7976931348623157e+308,213,460,705,59,-100,157,823]","[25,1.7976931348623157e+308,213,460,705,59,-100,157,823]","[25,1.7976931348623157e+308,213,460,705,59,-100,157,823]"],"returnObjects":["false","false","false","false"],"callbackArgs":[{"0":25,"1":0,"2":[25,1.7976931348623157e+308,213,460,705,59,-100,157,823]},{"0":25,"1":0,"2":[25,1.7976931348623157e+308,213,460,705,59,-100,157,823]},{"0":25,"1":0,"2":[25,1.7976931348623157e+308,213,460,705,59,-100,157,823]},{"0":25,"1":0,"2":[25,1.7976931348623157e+308,213,460,705,59,-100,157,823]}]}