{"baseObjects":["[1.7976931348623157e+308,607,783,25,82]","[1.7976931348623157e+308,607,783,25,82]","[1.7976931348623157e+308,607,783,25,82]","[1.7976931348623157e+308,607,783,25,82]"],"returnObjects":["false","false","false","false"],"callbackArgs":[{"0":1.7976931348623157e+308,"1":0,"2":[1.7976931348623157e+308,607,783,25,82]},{"0":1.7976931348623157e+308,"1":0,"2":[1.7976931348623157e+308,607,783,25,82]},{"0":1.7976931348623157e+308,"1":0,"2":[1.7976931348623157e+308,607,783,25,82]},{"0":1.7976931348623157e+308,"1":0,"2":[1.7976931348623157e+308,607,783,25,82]}]}