{"baseObjects":["[25,1.7976931348623157e+308,59]","[25,1.7976931348623157e+308,59]","[25,1.7976931348623157e+308,59]","[25,1.7976931348623157e+308,59]"],"returnObjects":["false","false","false","false"],"callbackArgs":[{"0":25,"1":0,"2":[25,1.7976931348623157e+308,59]},{"0":25,"1":0,"2":[25,1.7976931348623157e+308,59]},{"0":25,"1":0,"2":[25,1.7976931348623157e+308,59]},{"0":25,"1":0,"2":[25,1.7976931348623157e+308,59]}]}