{"baseObjects":["[783,893,49,403,1.7976931348623157e+308,460,403]","[783,893,49,403,1.7976931348623157e+308,460,403]","[783,893,49,403,1.7976931348623157e+308,460,403]","[783,893,49,403,1.7976931348623157e+308,460,403]"],"returnObjects":["false","false","false","false"],"callbackArgs":[{"0":783,"1":0,"2":[783,893,49,403,1.7976931348623157e+308,460,403]},{"0":783,"1":0,"2":[783,893,49,403,1.7976931348623157e+308,460,403]},{"0":783,"1":0,"2":[783,893,49,403,1.7976931348623157e+308,460,403]},{"0":783,"1":0,"2":[783,893,49,403,1.7976931348623157e+308,460,403]}]}