{"baseObjects":["[783,\"gFZfEi\",595,\"@\",\"+\",25,\"<\",-1,1.7976931348623157e+308]","[783,\"gFZfEi\",595,\"@\",\"+\",25,\"<\",-1,1.7976931348623157e+308]","[783,\"gFZfEi\",595,\"@\",\"+\",25,\"<\",-1,1.7976931348623157e+308]","[783,\"gFZfEi\",595,\"@\",\"+\",25,\"<\",-1,1.7976931348623157e+308]"],"returnObjects":["false","false","false","false"],"callbackArgs":[{"0":783,"1":0,"2":[783,"gFZfEi",595,"@","+",25,"<",-1,1.7976931348623157e+308]},{"0":783,"1":0,"2":[783,"gFZfEi",595,"@","+",25,"<",-1,1.7976931348623157e+308]},{"0":783,"1":0,"2":[783,"gFZfEi",595,"@","+",25,"<",-1,1.7976931348623157e+308]},{"0":783,"1":0,"2":[783,"gFZfEi",595,"@","+",25,"<",-1,1.7976931348623157e+308]}]}