{"baseObjects":["[1.7976931348623157e+308,\"=\",893,\"x\",\"P\",595,100,714]","[1.7976931348623157e+308,\"=\",893,\"x\",\"P\",595,100,714]","[1.7976931348623157e+308,\"=\",893,\"x\",\"P\",595,100,714]","[1.7976931348623157e+308,\"=\",893,\"x\",\"P\",595,100,714]"],"returnObjects":["false","false","false","false"],"callbackArgs":[{"0":1.7976931348623157e+308,"1":0,"2":[1.7976931348623157e+308,"=",893,"x","P",595,100,714]},{"0":1.7976931348623157e+308,"1":0,"2":[1.7976931348623157e+308,"=",893,"x","P",595,100,714]},{"0":1.7976931348623157e+308,"1":0,"2":[1.7976931348623157e+308,"=",893,"x","P",595,100,714]},{"0":1.7976931348623157e+308,"1":0,"2":[1.7976931348623157e+308,"=",893,"x","P",595,100,714]}]}