{"baseObjects":["[714,460,0,\"8\",\"3\",705,\"R&\",1.7976931348623157e+308]","[714,460,0,\"8\",\"3\",705,\"R&\",1.7976931348623157e+308]","[714,460,0,\"8\",\"3\",705,\"R&\",1.7976931348623157e+308]","[714,460,0,\"8\",\"3\",705,\"R&\",1.7976931348623157e+308]"],"returnObjects":["false","false","false","false"],"callbackArgs":[{"0":714,"1":0,"2":[714,460,0,"8","3",705,"R&",1.7976931348623157e+308]},{"0":714,"1":0,"2":[714,460,0,"8","3",705,"R&",1.7976931348623157e+308]},{"0":714,"1":0,"2":[714,460,0,"8","3",705,"R&",1.7976931348623157e+308]},{"0":714,"1":0,"2":[714,460,0,"8","3",705,"R&",1.7976931348623157e+308]}]}