{"baseObjects":["[705,1.7976931348623157e+308,126,460]","[705,1.7976931348623157e+308,126,460]","[705,1.7976931348623157e+308,126,460]","[705,1.7976931348623157e+308,126,460]"],"returnObjects":["false","false","false","false"],"callbackArgs":[{"0":705,"1":0,"2":[705,1.7976931348623157e+308,126,460]},{"0":705,"1":0,"2":[705,1.7976931348623157e+308,126,460]},{"0":705,"1":0,"2":[705,1.7976931348623157e+308,126,460]},{"0":705,"1":0,"2":[705,1.7976931348623157e+308,126,460]}]}