{"baseObjects":["[627,893,1.7976931348623157e+308,705,655,403,655]","[627,893,1.7976931348623157e+308,705,655,403,655]","[627,893,1.7976931348623157e+308,705,655,403,655]","[627,893,1.7976931348623157e+308,705,655,403,655]"],"returnObjects":["false","false","false","false"],"callbackArgs":[{"0":627,"1":0,"2":[627,893,1.7976931348623157e+308,705,655,403,655]},{"0":627,"1":0,"2":[627,893,1.7976931348623157e+308,705,655,403,655]},{"0":627,"1":0,"2":[627,893,1.7976931348623157e+308,705,655,403,655]},{"0":627,"1":0,"2":[627,893,1.7976931348623157e+308,705,655,403,655]}]}