{"baseObjects":["[655,1.7976931348623157e+308,100,82,823,893,893,969,242]","[655,1.7976931348623157e+308,100,82,823,893,893,969,242]","[655,1.7976931348623157e+308,100,82,823,893,893,969,242]","[655,1.7976931348623157e+308,100,82,823,893,893,969,242]"],"returnObjects":["false","false","false","false"],"callbackArgs":[{"0":655,"1":0,"2":[655,1.7976931348623157e+308,100,82,823,893,893,969,242]},{"0":655,"1":0,"2":[655,1.7976931348623157e+308,100,82,823,893,893,969,242]},{"0":655,"1":0,"2":[655,1.7976931348623157e+308,100,82,823,893,893,969,242]},{"0":655,"1":0,"2":[655,1.7976931348623157e+308,100,82,823,893,893,969,242]}]}