{"baseObjects":["[242,705,-100,59,100,1.7976931348623157e+308,403,823,595]","[242,705,-100,59,100,1.7976931348623157e+308,403,823,595]","[242,705,-100,59,100,1.7976931348623157e+308,403,823,595]","[242,705,-100,59,100,1.7976931348623157e+308,403,823,595]"],"returnObjects":["false","false","false","false"],"callbackArgs":[{"0":242,"1":0,"2":[242,705,-100,59,100,1.7976931348623157e+308,403,823,595]},{"0":242,"1":0,"2":[242,705,-100,59,100,1.7976931348623157e+308,403,823,595]},{"0":242,"1":0,"2":[242,705,-100,59,100,1.7976931348623157e+308,403,823,595]},{"0":242,"1":0,"2":[242,705,-100,59,100,1.7976931348623157e+308,403,823,595]}]}