{"baseObjects":["[100,242,1.7976931348623157e+308,\"k\",59,843,\"a5I\",\"a\"]","[100,242,1.7976931348623157e+308,\"k\",59,843,\"a5I\",\"a\"]","[100,242,1.7976931348623157e+308,\"k\",59,843,\"a5I\",\"a\"]","[100,242,1.7976931348623157e+308,\"k\",59,843,\"a5I\",\"a\"]"],"returnObjects":["false","false","false","false"],"callbackArgs":[{"0":100,"1":0,"2":[100,242,1.7976931348623157e+308,"k",59,843,"a5I","a"]},{"0":100,"1":0,"2":[100,242,1.7976931348623157e+308,"k",59,843,"a5I","a"]},{"0":100,"1":0,"2":[100,242,1.7976931348623157e+308,"k",59,843,"a5I","a"]},{"0":100,"1":0,"2":[100,242,1.7976931348623157e+308,"k",59,843,"a5I","a"]}]}