{"baseObjects":["[82,0,714,893,460,1.7976931348623157e+308]","[82,0,714,893,460,1.7976931348623157e+308]","[82,0,714,893,460,1.7976931348623157e+308]","[82,0,714,893,460,1.7976931348623157e+308]"],"returnObjects":["false","false","false","false"],"callbackArgs":[{"0":82,"1":0,"2":[82,0,714,893,460,1.7976931348623157e+308]},{"0":82,"1":0,"2":[82,0,714,893,460,1.7976931348623157e+308]},{"0":82,"1":0,"2":[82,0,714,893,460,1.7976931348623157e+308]},{"0":82,"1":0,"2":[82,0,714,893,460,1.7976931348623157e+308]}]}