{"baseObjects":["[607,\":j\",\"yI\",1.7976931348623157e+308,126,627,82,\"U\",0]","[607,\":j\",\"yI\",1.7976931348623157e+308,126,627,82,\"U\",0]","[607,\":j\",\"yI\",1.7976931348623157e+308,126,627,82,\"U\",0]","[607,\":j\",\"yI\",1.7976931348623157e+308,126,627,82,\"U\",0]"],"returnObjects":["false","false","false","false"],"callbackArgs":[{"0":607,"1":0,"2":[607,":j","yI",1.7976931348623157e+308,126,627,82,"U",0]},{"0":607,"1":0,"2":[607,":j","yI",1.7976931348623157e+308,126,627,82,"U",0]},{"0":607,"1":0,"2":[607,":j","yI",1.7976931348623157e+308,126,627,82,"U",0]},{"0":607,"1":0,"2":[607,":j","yI",1.7976931348623157e+308,126,627,82,"U",0]}]}