{"baseObjects":["[893,627,893,82,618,403,1.7976931348623157e+308,783]","[893,627,893,82,618,403,1.7976931348623157e+308,783]","[893,627,893,82,618,403,1.7976931348623157e+308,783]","[893,627,893,82,618,403,1.7976931348623157e+308,783]"],"returnObjects":["false","false","false","false"],"callbackArgs":[{"0":893,"1":0,"2":[893,627,893,82,618,403,1.7976931348623157e+308,783]},{"0":893,"1":0,"2":[893,627,893,82,618,403,1.7976931348623157e+308,783]},{"0":893,"1":0,"2":[893,627,893,82,618,403,1.7976931348623157e+308,783]},{"0":893,"1":0,"2":[893,627,893,82,618,403,1.7976931348623157e+308,783]}]}