{"baseObjects":["[893,25,82,157,618,705,1.7976931348623157e+308,82]","[893,25,82,157,618,705,1.7976931348623157e+308,82]","[893,25,82,157,618,705,1.7976931348623157e+308,82]","[893,25,82,157,618,705,1.7976931348623157e+308,82]"],"returnObjects":["false","false","false","false"],"callbackArgs":[{"0":893,"1":0,"2":[893,25,82,157,618,705,1.7976931348623157e+308,82]},{"0":893,"1":0,"2":[893,25,82,157,618,705,1.7976931348623157e+308,82]},{"0":893,"1":0,"2":[893,25,82,157,618,705,1.7976931348623157e+308,82]},{"0":893,"1":0,"2":[893,25,82,157,618,705,1.7976931348623157e+308,82]}]}