{"baseObjects":["[5e-324,122,-1,1.7976931348623157e+308,59,893,893,627]","[5e-324,122,-1,1.7976931348623157e+308,59,893,893,627]","[5e-324,122,-1,1.7976931348623157e+308,59,893,893,627]","[5e-324,122,-1,1.7976931348623157e+308,59,893,893,627]"],"returnObjects":["false","false","false","false"],"callbackArgs":[{"0":5e-324,"1":0,"2":[5e-324,122,-1,1.7976931348623157e+308,59,893,893,627]},{"0":5e-324,"1":0,"2":[5e-324,122,-1,1.7976931348623157e+308,59,893,893,627]},{"0":5e-324,"1":0,"2":[5e-324,122,-1,1.7976931348623157e+308,59,893,893,627]},{"0":5e-324,"1":0,"2":[5e-324,122,-1,1.7976931348623157e+308,59,893,893,627]}]}