{"baseObjects":["[-100,242,-100,595,1.7976931348623157e+308,705,0,783]","[-100,242,-100,595,1.7976931348623157e+308,705,0,783]","[-100,242,-100,595,1.7976931348623157e+308,705,0,783]","[-100,242,-100,595,1.7976931348623157e+308,705,0,783]"],"returnObjects":["false","false","false","false"],"callbackArgs":[{"0":-100,"1":0,"2":[-100,242,-100,595,1.7976931348623157e+308,705,0,783]},{"0":-100,"1":0,"2":[-100,242,-100,595,1.7976931348623157e+308,705,0,783]},{"0":-100,"1":0,"2":[-100,242,-100,595,1.7976931348623157e+308,705,0,783]},{"0":-100,"1":0,"2":[-100,242,-100,595,1.7976931348623157e+308,705,0,783]}]}