{"baseObjects":["[126,-1,122,969,1.7976931348623157e+308,403,122,969,122,460]","[126,-1,122,969,1.7976931348623157e+308,403,122,969,122,460]","[126,-1,122,969,1.7976931348623157e+308,403,122,969,122,460]","[126,-1,122,969,1.7976931348623157e+308,403,122,969,122,460]"],"returnObjects":["false","false","false","false"],"callbackArgs":[{"0":126,"1":0,"2":[126,-1,122,969,1.7976931348623157e+308,403,122,969,122,460]},{"0":126,"1":0,"2":[126,-1,122,969,1.7976931348623157e+308,403,122,969,122,460]},{"0":126,"1":0,"2":[126,-1,122,969,1.7976931348623157e+308,403,122,969,122,460]},{"0":126,"1":0,"2":[126,-1,122,969,1.7976931348623157e+308,403,122,969,122,460]}]}