{"baseObjects":["[627,1.7976931348623157e+308,893,460,157,627,655]","[627,1.7976931348623157e+308,893,460,157,627,655]","[627,1.7976931348623157e+308,893,460,157,627,655]","[627,1.7976931348623157e+308,893,460,157,627,655]"],"returnObjects":["false","false","false","false"],"callbackArgs":[{"0":627,"1":0,"2":[627,1.7976931348623157e+308,893,460,157,627,655]},{"0":627,"1":0,"2":[627,1.7976931348623157e+308,893,460,157,627,655]},{"0":627,"1":0,"2":[627,1.7976931348623157e+308,893,460,157,627,655]},{"0":627,"1":0,"2":[627,1.7976931348623157e+308,893,460,157,627,655]}]}