{"baseObjects":["[403,655,1.7976931348623157e+308,783,403]","[403,655,1.7976931348623157e+308,783,403]","[403,655,1.7976931348623157e+308,783,403]","[403,655,1.7976931348623157e+308,783,403]"],"returnObjects":["\"Error\"","\"Error\"","\"Error\"","\"Error\""],"callbackArgs":[{"0":403,"1":0,"2":[403,655,1.7976931348623157e+308,783,403]},{"0":403,"1":0,"2":[403,655,1.7976931348623157e+308,783,403]},{"0":403,"1":0,"2":[403,655,1.7976931348623157e+308,783,403]},{"0":403,"1":0,"2":[403,655,1.7976931348623157e+308,783,403]}]}