{"baseObjects":["[126,-1,49,59,1.7976931348623157e+308,126,714,655,655]","[126,-1,49,59,1.7976931348623157e+308,126,714,655,655]","[126,-1,49,59,1.7976931348623157e+308,126,714,655,655]","[126,-1,49,59,1.7976931348623157e+308,126,714,655,655]"],"returnObjects":["\"Error\"","\"Error\"","\"Error\"","\"Error\""],"callbackArgs":[{"0":126,"1":0,"2":[126,-1,49,59,1.7976931348623157e+308,126,714,655,655]},{"0":126,"1":0,"2":[126,-1,49,59,1.7976931348623157e+308,126,714,655,655]},{"0":126,"1":0,"2":[126,-1,49,59,1.7976931348623157e+308,126,714,655,655]},{"0":126,"1":0,"2":[126,-1,49,59,1.7976931348623157e+308,126,714,655,655]}]}