{"baseObjects":["[1.7976931348623157e+308,843,213]","[1.7976931348623157e+308,843,213]","[1.7976931348623157e+308,843,213]","[1.7976931348623157e+308,843,213]"],"returnObjects":["\"Error\"","\"Error\"","\"Error\"","\"Error\""],"callbackArgs":[{"0":1.7976931348623157e+308,"1":0,"2":[1.7976931348623157e+308,843,213]},{"0":1.7976931348623157e+308,"1":0,"2":[1.7976931348623157e+308,843,213]},{"0":1.7976931348623157e+308,"1":0,"2":[1.7976931348623157e+308,843,213]},{"0":1.7976931348623157e+308,"1":0,"2":[1.7976931348623157e+308,843,213]}]}