{"baseObjects":["[122,607,-100,893,893,82,705,1.7976931348623157e+308,705,157]","[122,607,-100,893,893,82,705,1.7976931348623157e+308,705,157]","[122,607,-100,893,893,82,705,1.7976931348623157e+308,705,157]","[122,607,-100,893,893,82,705,1.7976931348623157e+308,705,157]"],"returnObjects":["\"Error\"","\"Error\"","\"Error\"","\"Error\""],"callbackArgs":[{"0":122,"1":0,"2":[122,607,-100,893,893,82,705,1.7976931348623157e+308,705,157]},{"0":122,"1":0,"2":[122,607,-100,893,893,82,705,1.7976931348623157e+308,705,157]},{"0":122,"1":0,"2":[122,607,-100,893,893,82,705,1.7976931348623157e+308,705,157]},{"0":122,"1":0,"2":[122,607,-100,893,893,82,705,1.7976931348623157e+308,705,157]}]}