{"baseObjects":["[1.7976931348623157e+308]","[1.7976931348623157e+308]","[1.7976931348623157e+308]","[1.7976931348623157e+308]"],"returnObjects":["\"Error\"","\"Error\"","[]","[1.7976931348623157e+308]"],"callbackArgs":[{"0":1.7976931348623157e+308,"1":0,"2":[1.7976931348623157e+308]},{"0":1.7976931348623157e+308,"1":0,"2":[1.7976931348623157e+308]},{"0":1.7976931348623157e+308,"1":0,"2":[1.7976931348623157e+308]},{"0":1.7976931348623157e+308,"1":0,"2":[1.7976931348623157e+308]}]}