{"baseObjects":["[607,242,1.7976931348623157e+308,122,893,82,1.7976931348623157e+308,5e-324]","[607,242,1.7976931348623157e+308,122,893,82,1.7976931348623157e+308,5e-324]","[607,242,1.7976931348623157e+308,122,893,82,1.7976931348623157e+308,5e-324]","[607,242,1.7976931348623157e+308,122,893,82,1.7976931348623157e+308,5e-324]"],"returnObjects":["\"Error\"","\"Error\"","\"Error\"","\"Error\""],"callbackArgs":[{"0":607,"1":0,"2":[607,242,1.7976931348623157e+308,122,893,82,1.7976931348623157e+308,5e-324]},{"0":607,"1":0,"2":[607,242,1.7976931348623157e+308,122,893,82,1.7976931348623157e+308,5e-324]},{"0":607,"1":0,"2":[607,242,1.7976931348623157e+308,122,893,82,1.7976931348623157e+308,5e-324]},{"0":607,"1":0,"2":[607,242,1.7976931348623157e+308,122,893,82,1.7976931348623157e+308,5e-324]}]}