{"baseObjects":["[82,969,1.7976931348623157e+308,714,0,25,595]","[82,969,1.7976931348623157e+308,714,0,25,595]","[82,969,1.7976931348623157e+308,714,0,25,595]","[82,969,1.7976931348623157e+308,714,0,25,595]"],"returnObjects":["true","true","true","true"],"callbackArgs":[{"0":82,"1":0,"2":[82,969,1.7976931348623157e+308,714,0,25,595]},{"0":82,"1":0,"2":[82,969,1.7976931348623157e+308,714,0,25,595]},{"0":82,"1":0,"2":[82,969,1.7976931348623157e+308,714,0,25,595]},{"0":82,"1":0,"2":[82,969,1.7976931348623157e+308,714,0,25,595]}]}