{"baseObjects":["[1.7976931348623157e+308]","[1.7976931348623157e+308]","[1.7976931348623157e+308]","[1.7976931348623157e+308]"],"returnObjects":["false","true","false","false"],"callbackArgs":[{"0":1.7976931348623157e+308,"1":0,"2":[1.7976931348623157e+308]},{"0":1.7976931348623157e+308,"1":0,"2":[1.7976931348623157e+308]},{"0":1.7976931348623157e+308,"1":0,"2":[1.7976931348623157e+308]},{"0":1.7976931348623157e+308,"1":0,"2":[1.7976931348623157e+308]}]}