{"baseObjects":["[783,893,157,1.7976931348623157e+308,627]","[783,893,157,1.7976931348623157e+308,627]","[783,893,157,1.7976931348623157e+308,627]","[783,893,157,1.7976931348623157e+308,627]"],"returnObjects":["\"Error\"","\"Error\"","\"Error\"","\"Error\""],"callbackArgs":[{"0":783,"1":0,"2":[783,893,157,1.7976931348623157e+308,627]},{"0":783,"1":0,"2":[783,893,157,1.7976931348623157e+308,627]},{"0":783,"1":0,"2":[783,893,157,1.7976931348623157e+308,627]},{"0":783,"1":0,"2":[783,893,157,1.7976931348623157e+308,627]}]}