{"baseObjects":["[627,1.7976931348623157e+308,893]","[627,1.7976931348623157e+308,893]","[627,1.7976931348623157e+308,893]","[627,1.7976931348623157e+308,893]"],"returnObjects":["\"Error\"","\"Error\"","\"Error\"","\"Error\""],"callbackArgs":[{"0":627,"1":0,"2":[627,1.7976931348623157e+308,893]},{"0":627,"1":0,"2":[627,1.7976931348623157e+308,893]},{"0":627,"1":0,"2":[627,1.7976931348623157e+308,893]},{"0":627,"1":0,"2":[627,1.7976931348623157e+308,893]}]}