{"baseObjects":["[0,714,627,655,627,595,403,1.7976931348623157e+308,126]","[0,714,627,655,627,595,403,1.7976931348623157e+308,126]","[0,714,627,655,627,595,403,1.7976931348623157e+308,126]","[0,714,627,655,627,595,403,1.7976931348623157e+308,126]"],"returnObjects":["false","false","false","\"Error\""],"callbackArgs":[{"0":0,"1":0,"2":[0,714,627,655,627,595,403,1.7976931348623157e+308,126]},{"0":0,"1":0,"2":[0,714,627,655,627,595,403,1.7976931348623157e+308,126]},{"0":0,"1":0,"2":[0,714,627,655,627,595,403,1.7976931348623157e+308,126]},{"0":0,"1":0,"2":[0,714,627,655,627,595,403,1.7976931348623157e+308,126]}]}