{"baseObjects":["[823,1.7976931348623157e+308,823,100,843,627]","[823,1.7976931348623157e+308,823,100,843,627]","[823,1.7976931348623157e+308,823,100,843,627]","[823,1.7976931348623157e+308,823,100,843,627]"],"returnObjects":["\"Error\"","\"Error\"","false","\"Error\""],"callbackArgs":[{"0":823,"1":0,"2":[823,1.7976931348623157e+308,823,100,843,627]},{"0":823,"1":0,"2":[823,1.7976931348623157e+308,823,100,843,627]},{"0":823,"1":0,"2":[823,1.7976931348623157e+308,823,100,843,627]},{"0":823,"1":0,"2":[823,1.7976931348623157e+308,823,100,843,627]}]}