{"baseObjects":["[1.7976931348623157e+308,595,893,122,823,403,-1,618]","[1.7976931348623157e+308,595,893,122,823,403,-1,618]","[1.7976931348623157e+308,595,893,122,823,403,-1,618]","[1.7976931348623157e+308,595,893,122,823,403,-1,618]"],"returnObjects":["\"Error\"","\"Error\"","\"Error\"","\"Error\""],"callbackArgs":[{"0":1.7976931348623157e+308,"1":0,"2":[1.7976931348623157e+308,595,893,122,823,403,-1,618]},{"0":1.7976931348623157e+308,"1":0,"2":[1.7976931348623157e+308,595,893,122,823,403,-1,618]},{"0":1.7976931348623157e+308,"1":0,"2":[1.7976931348623157e+308,595,893,122,823,403,-1,618]},{"0":1.7976931348623157e+308,"1":0,"2":[1.7976931348623157e+308,595,893,122,823,403,-1,618]}]}