{"baseObjects":["[618,5e-324,242,126,823,403,460,783,1.7976931348623157e+308]","[618,5e-324,242,126,823,403,460,783,1.7976931348623157e+308]","[618,5e-324,242,126,823,403,460,783,1.7976931348623157e+308]","[618,5e-324,242,126,823,403,460,783,1.7976931348623157e+308]"],"returnObjects":["\"Error\"","\"Error\"","false","\"Error\""],"callbackArgs":[{"0":618,"1":0,"2":[618,5e-324,242,126,823,403,460,783,1.7976931348623157e+308]},{"0":618,"1":0,"2":[618,5e-324,242,126,823,403,460,783,1.7976931348623157e+308]},{"0":618,"1":0,"2":[618,5e-324,242,126,823,403,460,783,1.7976931348623157e+308]},{"0":618,"1":0,"2":[618,5e-324,242,126,823,403,460,783,1.7976931348623157e+308]}]}