{"baseObjects":["[595,595,607,-1,100,1.7976931348623157e+308,213]","[595,595,607,-1,100,1.7976931348623157e+308,213]","[595,595,607,-1,100,1.7976931348623157e+308,213]","[595,595,607,-1,100,1.7976931348623157e+308,213]"],"returnObjects":["\"Error\"","\"Error\"","false","\"Error\""],"callbackArgs":[{"0":595,"1":0,"2":[595,595,607,-1,100,1.7976931348623157e+308,213]},{"0":595,"1":0,"2":[595,595,607,-1,100,1.7976931348623157e+308,213]},{"0":595,"1":0,"2":[595,595,607,-1,100,1.7976931348623157e+308,213]},{"0":595,"1":0,"2":[595,595,607,-1,100,1.7976931348623157e+308,213]}]}