{"baseObjects":["[242,100,618,213,0,403,607,1.7976931348623157e+308,823,783]","[242,100,618,213,0,403,607,1.7976931348623157e+308,823,783]","[242,100,618,213,0,403,607,1.7976931348623157e+308,823,783]","[242,100,618,213,0,403,607,1.7976931348623157e+308,823,783]"],"returnObjects":["\"Error\"","false","\"Error\"","\"Error\""],"callbackArgs":[{"0":242,"1":0,"2":[242,100,618,213,0,403,607,1.7976931348623157e+308,823,783]},{"0":242,"1":0,"2":[242,100,618,213,0,403,607,1.7976931348623157e+308,823,783]},{"0":242,"1":0,"2":[242,100,618,213,0,403,607,1.7976931348623157e+308,823,783]},{"0":242,"1":0,"2":[242,100,618,213,0,403,607,1.7976931348623157e+308,823,783]}]}