{"baseObjects":["[1.7976931348623157e+308,\"i\",\"XrRP\",82]","[1.7976931348623157e+308,\"i\",\"XrRP\",82]","[1.7976931348623157e+308,\"i\",\"XrRP\",82]","[1.7976931348623157e+308,\"i\",\"XrRP\",82]"],"returnObjects":["\"Error\"","false","\"Error\"","\"Error\""],"callbackArgs":[{"0":1.7976931348623157e+308,"1":0,"2":[1.7976931348623157e+308,"i","XrRP",82]},{"0":1.7976931348623157e+308,"1":0,"2":[1.7976931348623157e+308,"i","XrRP",82]},{"0":1.7976931348623157e+308,"1":0,"2":[1.7976931348623157e+308,"i","XrRP",82]},{"0":1.7976931348623157e+308,"1":0,"2":[1.7976931348623157e+308,"i","XrRP",82]}]}