{"baseObjects":["[618,1.7976931348623157e+308,126,655,122,595,893]","[618,1.7976931348623157e+308,126,655,122,595,893]","[618,1.7976931348623157e+308,126,655,122,595,893]","[618,1.7976931348623157e+308,126,655,122,595,893]"],"returnObjects":["false","\"Error\"","\"Error\"","\"Error\""],"callbackArgs":[{"0":618,"1":0,"2":[618,1.7976931348623157e+308,126,655,122,595,893]},{"0":618,"1":0,"2":[618,1.7976931348623157e+308,126,655,122,595,893]},{"0":618,"1":0,"2":[618,1.7976931348623157e+308,126,655,122,595,893]},{"0":618,"1":0,"2":[618,1.7976931348623157e+308,126,655,122,595,893]}]}