{"baseObjects":["[460,1.7976931348623157e+308,714,\"A\",126,\"E\",\"j:\",\"I\",\"kx\"]","[460,1.7976931348623157e+308,714,\"A\",126,\"E\",\"j:\",\"I\",\"kx\"]","[460,1.7976931348623157e+308,714,\"A\",126,\"E\",\"j:\",\"I\",\"kx\"]","[460,1.7976931348623157e+308,714,\"A\",126,\"E\",\"j:\",\"I\",\"kx\"]"],"returnObjects":["\"Error\"","false","\"Error\"","\"Error\""],"callbackArgs":[{"0":460,"1":0,"2":[460,1.7976931348623157e+308,714,"A",126,"E","j:","I","kx"]},{"0":460,"1":0,"2":[460,1.7976931348623157e+308,714,"A",126,"E","j:","I","kx"]},{"0":460,"1":0,"2":[460,1.7976931348623157e+308,714,"A",126,"E","j:","I","kx"]},{"0":460,"1":0,"2":[460,1.7976931348623157e+308,714,"A",126,"E","j:","I","kx"]}]}