{"baseObjects":["[213,242,1.7976931348623157e+308,893,49,595,-100,595,714]","[213,242,1.7976931348623157e+308,893,49,595,-100,595,714]","[213,242,1.7976931348623157e+308,893,49,595,-100,595,714]","[213,242,1.7976931348623157e+308,893,49,595,-100,595,714]"],"returnObjects":["\"Error\"","\"Error\"","\"Error\"","false"],"callbackArgs":[{"0":213,"1":0,"2":[213,242,1.7976931348623157e+308,893,49,595,-100,595,714]},{"0":213,"1":0,"2":[213,242,1.7976931348623157e+308,893,49,595,-100,595,714]},{"0":213,"1":0,"2":[213,242,1.7976931348623157e+308,893,49,595,-100,595,714]},{"0":213,"1":0,"2":[213,242,1.7976931348623157e+308,893,49,595,-100,595,714]}]}