{"baseObjects":["[-1,1.7976931348623157e+308,607,59,5e-324,969,157,5e-324]","[-1,1.7976931348623157e+308,607,59,5e-324,969,157,5e-324]","[-1,1.7976931348623157e+308,607,59,5e-324,969,157,5e-324]","[-1,1.7976931348623157e+308,607,59,5e-324,969,157,5e-324]"],"returnObjects":["\"Error\"","false","false","\"Error\""],"callbackArgs":[{"0":-1,"1":0,"2":[-1,1.7976931348623157e+308,607,59,5e-324,969,157,5e-324]},{"0":-1,"1":0,"2":[-1,1.7976931348623157e+308,607,59,5e-324,969,157,5e-324]},{"0":-1,"1":0,"2":[-1,1.7976931348623157e+308,607,59,5e-324,969,157,5e-324]},{"0":-1,"1":0,"2":[-1,1.7976931348623157e+308,607,59,5e-324,969,157,5e-324]}]}