{"baseObjects":["[\"IL\",\"6D\",823,\"m0\",595,null,[618,126,49,783,843,627,49,122,242,1.7976931348623157e+308]]","[\"IL\",\"6D\",823,\"m0\",595]","[\"IL\",\"6D\",823,\"m0\",595,null,null,null,null,false]","[\"IL\",\"6D\",823,\"m0\",595]"],"returnObjects":["[]","[\"IL\",\"6D\",823,\"m0\",595]","[\"IL\",\"6D\",823,\"m0\",595]","\"Error\""],"callbackArgs":["{\"0\":\"IL\",\"1\":0,\"2\":[\"IL\",\"6D\",823,\"m0\",595]}","{\"0\":\"6D\",\"1\":1,\"2\":[\"IL\",\"6D\",823,\"m0\",595,null,[618,126,49,783,843,627,49,122,242,1.7976931348623157e+308]]}","{\"0\":823,\"1\":2,\"2\":[\"IL\",\"6D\",823,\"m0\",595,null,[618,126,49,783,843,627,49,122,242,1.7976931348623157e+308]]}","{\"0\":\"m0\",\"1\":3,\"2\":[\"IL\",\"6D\",823,\"m0\",595,null,[618,126,49,783,843,627,49,122,242,1.7976931348623157e+308]]}","{\"0\":595,\"1\":4,\"2\":[\"IL\",\"6D\",823,\"m0\",595,null,[618,126,49,783,843,627,49,122,242,1.7976931348623157e+308]]}","{\"0\":\"IL\",\"1\":0,\"2\":[\"IL\",\"6D\",823,\"m0\",595]}","{\"0\":\"6D\",\"1\":1,\"2\":[\"IL\",\"6D\",823,\"m0\",595]}","{\"0\":823,\"1\":2,\"2\":[\"IL\",\"6D\",823,\"m0\",595]}","{\"0\":\"m0\",\"1\":3,\"2\":[\"IL\",\"6D\",823,\"m0\",595]}","{\"0\":595,\"1\":4,\"2\":[\"IL\",\"6D\",823,\"m0\",595]}","{\"0\":\"IL\",\"1\":0,\"2\":[\"IL\",\"6D\",823,\"m0\",595]}","{\"0\":\"6D\",\"1\":1,\"2\":[\"IL\",\"6D\",823,\"m0\",595,null,null,null,null,false]}","{\"0\":823,\"1\":2,\"2\":[\"IL\",\"6D\",823,\"m0\",595,null,null,null,null,false]}","{\"0\":\"m0\",\"1\":3,\"2\":[\"IL\",\"6D\",823,\"m0\",595,null,null,null,null,false]}","{\"0\":595,\"1\":4,\"2\":[\"IL\",\"6D\",823,\"m0\",595,null,null,null,null,false]}","{\"0\":\"IL\",\"1\":0,\"2\":[\"IL\",\"6D\",823,\"m0\",595]}"]}