{"baseObjects":["[893,783,1.7976931348623157e+308,0,122,49,null,false]","[893,783,1.7976931348623157e+308,0,122,49]","[893,783,1.7976931348623157e+308,0,122,49]","[893,783,1.7976931348623157e+308,0,122,49]"],"returnObjects":["\"Error\"","\"Error\"","\"Error\"","[]"],"callbackArgs":["{\"0\":893,\"1\":0,\"2\":[893,783,1.7976931348623157e+308,0,122,49]}","{\"0\":893,\"1\":0,\"2\":[893,783,1.7976931348623157e+308,0,122,49]}","{\"0\":893,\"1\":0,\"2\":[893,783,1.7976931348623157e+308,0,122,49]}","{\"0\":783,\"1\":1,\"2\":[893,783,1.7976931348623157e+308,0,122,49]}","{\"0\":1.7976931348623157e+308,\"1\":2,\"2\":[893,783,1.7976931348623157e+308,0,122,49]}","{\"0\":0,\"1\":3,\"2\":[893,783,1.7976931348623157e+308,0,122,49]}","{\"0\":122,\"1\":4,\"2\":[893,783,1.7976931348623157e+308,0,122,49]}","{\"0\":49,\"1\":5,\"2\":[893,783,1.7976931348623157e+308,0,122,49]}"]}