{"baseObjects":["[1.7976931348623157e+308,403,-1,607,403,843,893]","[1.7976931348623157e+308,403,-1,607,403,843,893]","[1.7976931348623157e+308,403,-1,607,403,843,893]","[1.7976931348623157e+308,403,-1,607,403,843,893]"],"returnObjects":["\"Error\"","[]","[]","\"Error\""],"callbackArgs":["{\"0\":1.7976931348623157e+308,\"1\":0,\"2\":[1.7976931348623157e+308,403,-1,607,403,843,893]}","{\"0\":1.7976931348623157e+308,\"1\":0,\"2\":[1.7976931348623157e+308,403,-1,607,403,843,893]}","{\"0\":403,\"1\":1,\"2\":[1.7976931348623157e+308,403,-1,607,403,843,893]}","{\"0\":-1,\"1\":2,\"2\":[1.7976931348623157e+308,403,-1,607,403,843,893]}","{\"0\":607,\"1\":3,\"2\":[1.7976931348623157e+308,403,-1,607,403,843,893]}","{\"0\":403,\"1\":4,\"2\":[1.7976931348623157e+308,403,-1,607,403,843,893]}","{\"0\":843,\"1\":5,\"2\":[1.7976931348623157e+308,403,-1,607,403,843,893]}","{\"0\":893,\"1\":6,\"2\":[1.7976931348623157e+308,403,-1,607,403,843,893]}","{\"0\":1.7976931348623157e+308,\"1\":0,\"2\":[1.7976931348623157e+308,403,-1,607,403,843,893]}","{\"0\":403,\"1\":1,\"2\":[1.7976931348623157e+308,403,-1,607,403,843,893]}","{\"0\":-1,\"1\":2,\"2\":[1.7976931348623157e+308,403,-1,607,403,843,893]}","{\"0\":607,\"1\":3,\"2\":[1.7976931348623157e+308,403,-1,607,403,843,893]}","{\"0\":403,\"1\":4,\"2\":[1.7976931348623157e+308,403,-1,607,403,843,893]}","{\"0\":843,\"1\":5,\"2\":[1.7976931348623157e+308,403,-1,607,403,843,893]}","{\"0\":893,\"1\":6,\"2\":[1.7976931348623157e+308,403,-1,607,403,843,893]}","{\"0\":1.7976931348623157e+308,\"1\":0,\"2\":[1.7976931348623157e+308,403,-1,607,403,843,893]}"]}