{"baseObjects":["[\"C\",\"\",-1,607,5e-324,\":\",null,null,{\"213\":607,\"655\":122,\"1.1874982558435825e+308\":\"_M+$?Pct2\",\"\":\":\",\"1.7976931348623157e+308\":655,\"-1\":126,\"J\":\"\",\"v\":1.4760991350600282e+308}]","[\"C\",595,-1,607,5e-324,\":\"]","[\"C\",595,-1,607,5e-324,\":\"]","[]"],"returnObjects":["[]","[]","\"Error\"","[]"],"callbackArgs":["{\"0\":\"C\",\"1\":0,\"2\":[\"C\",595,-1,607,5e-324,\":\"]}","{\"0\":\"\",\"1\":1,\"2\":[\"C\",\"\",-1,607,5e-324,\":\",null,null,{\"213\":607,\"655\":122,\"1.1874982558435825e+308\":\"_M+$?Pct2\",\"\":\":\",\"1.7976931348623157e+308\":655,\"-1\":126,\"J\":\"\",\"v\":1.4760991350600282e+308}]}","{\"0\":-1,\"1\":2,\"2\":[\"C\",\"\",-1,607,5e-324,\":\",null,null,{\"213\":607,\"655\":122,\"1.1874982558435825e+308\":\"_M+$?Pct2\",\"\":\":\",\"1.7976931348623157e+308\":655,\"-1\":126,\"J\":\"\",\"v\":1.4760991350600282e+308}]}","{\"0\":607,\"1\":3,\"2\":[\"C\",\"\",-1,607,5e-324,\":\",null,null,{\"213\":607,\"655\":122,\"1.1874982558435825e+308\":\"_M+$?Pct2\",\"\":\":\",\"1.7976931348623157e+308\":655,\"-1\":126,\"J\":\"\",\"v\":1.4760991350600282e+308}]}","{\"0\":5e-324,\"1\":4,\"2\":[\"C\",\"\",-1,607,5e-324,\":\",null,null,{\"213\":607,\"655\":122,\"1.1874982558435825e+308\":\"_M+$?Pct2\",\"\":\":\",\"1.7976931348623157e+308\":655,\"-1\":126,\"J\":\"\",\"v\":1.4760991350600282e+308}]}","{\"0\":\":\",\"1\":5,\"2\":[\"C\",\"\",-1,607,5e-324,\":\",null,null,{\"213\":607,\"655\":122,\"1.1874982558435825e+308\":\"_M+$?Pct2\",\"\":\":\",\"1.7976931348623157e+308\":655,\"-1\":126,\"J\":\"\",\"v\":1.4760991350600282e+308}]}","{\"0\":\"C\",\"1\":0,\"2\":[\"C\",595,-1,607,5e-324,\":\"]}","{\"0\":595,\"1\":1,\"2\":[\"C\",595,-1,607,5e-324,\":\"]}","{\"0\":-1,\"1\":2,\"2\":[\"C\",595,-1,607,5e-324,\":\"]}","{\"0\":607,\"1\":3,\"2\":[\"C\",595,-1,607,5e-324,\":\"]}","{\"0\":5e-324,\"1\":4,\"2\":[\"C\",595,-1,607,5e-324,\":\"]}","{\"0\":\":\",\"1\":5,\"2\":[\"C\",595,-1,607,5e-324,\":\"]}","{\"0\":\"C\",\"1\":0,\"2\":[\"C\",595,-1,607,5e-324,\":\"]}"]}