{"baseObjects":["[82,157,100,25,157,157,783,595]","[82,157,100,25,157,157,783,595]","[82,157,100,25,157,157,783,1.6626061928702693e+308]","[82,157,100,25,157,157,783,1.6626061928702693e+308]"],"returnObjects":["\"Error\"","[82,157,100,25,157,157,783,1.6626061928702693e+308]","[82,157,100,25,157,157,783,595]","[]"],"callbackArgs":["{\"0\":82,\"1\":0,\"2\":[82,157,100,25,157,157,783,595]}","{\"0\":82,\"1\":0,\"2\":[82,157,100,25,157,157,783,595]}","{\"0\":157,\"1\":1,\"2\":[82,157,100,25,157,157,783,595]}","{\"0\":100,\"1\":2,\"2\":[82,157,100,25,157,157,783,595]}","{\"0\":25,\"1\":3,\"2\":[82,157,100,25,157,157,783,595]}","{\"0\":157,\"1\":4,\"2\":[82,157,100,25,157,157,783,595]}","{\"0\":157,\"1\":5,\"2\":[82,157,100,25,157,157,783,595]}","{\"0\":783,\"1\":6,\"2\":[82,157,100,25,157,157,783,595]}","{\"0\":595,\"1\":7,\"2\":[82,157,100,25,157,157,783,595]}","{\"0\":82,\"1\":0,\"2\":[82,157,100,25,157,157,783,595]}","{\"0\":157,\"1\":1,\"2\":[82,157,100,25,157,157,783,595]}","{\"0\":100,\"1\":2,\"2\":[82,157,100,25,157,157,783,595]}","{\"0\":25,\"1\":3,\"2\":[82,157,100,25,157,157,783,595]}","{\"0\":157,\"1\":4,\"2\":[82,157,100,25,157,157,783,595]}","{\"0\":157,\"1\":5,\"2\":[82,157,100,25,157,157,783,595]}","{\"0\":783,\"1\":6,\"2\":[82,157,100,25,157,157,783,595]}","{\"0\":595,\"1\":7,\"2\":[82,157,100,25,157,157,783,595]}","{\"0\":82,\"1\":0,\"2\":[82,157,100,25,157,157,783,595]}","{\"0\":157,\"1\":1,\"2\":[82,157,100,25,157,157,783,1.6626061928702693e+308]}","{\"0\":100,\"1\":2,\"2\":[82,157,100,25,157,157,783,1.6626061928702693e+308]}","{\"0\":25,\"1\":3,\"2\":[82,157,100,25,157,157,783,1.6626061928702693e+308]}","{\"0\":157,\"1\":4,\"2\":[82,157,100,25,157,157,783,1.6626061928702693e+308]}","{\"0\":157,\"1\":5,\"2\":[82,157,100,25,157,157,783,1.6626061928702693e+308]}","{\"0\":783,\"1\":6,\"2\":[82,157,100,25,157,157,783,1.6626061928702693e+308]}","{\"0\":1.6626061928702693e+308,\"1\":7,\"2\":[82,157,100,25,157,157,783,1.6626061928702693e+308]}"]}