{"baseObjects":["[1.7976931348623157e+308,25,969,969,893,627,893,823,655]","[true,25,969,969,893,627,893,823,655]","[1.7976931348623157e+308,25,969,969,893,627,893,823,655]","[1.7976931348623157e+308,25,969,969,893,627,893,823,655]"],"returnObjects":["\"Error\"","[]","\"Error\"","\"Error\""],"callbackArgs":["{\"0\":1.7976931348623157e+308,\"1\":0,\"2\":[1.7976931348623157e+308,25,969,969,893,627,893,823,655]}","{\"0\":1.7976931348623157e+308,\"1\":0,\"2\":[1.7976931348623157e+308,25,969,969,893,627,893,823,655]}","{\"0\":25,\"1\":1,\"2\":[true,25,969,969,893,627,893,823,655]}","{\"0\":969,\"1\":2,\"2\":[true,25,969,969,893,627,893,823,655]}","{\"0\":969,\"1\":3,\"2\":[true,25,969,969,893,627,893,823,655]}","{\"0\":893,\"1\":4,\"2\":[true,25,969,969,893,627,893,823,655]}","{\"0\":627,\"1\":5,\"2\":[true,25,969,969,893,627,893,823,655]}","{\"0\":893,\"1\":6,\"2\":[true,25,969,969,893,627,893,823,655]}","{\"0\":823,\"1\":7,\"2\":[true,25,969,969,893,627,893,823,655]}","{\"0\":655,\"1\":8,\"2\":[true,25,969,969,893,627,893,823,655]}","{\"0\":1.7976931348623157e+308,\"1\":0,\"2\":[1.7976931348623157e+308,25,969,969,893,627,893,823,655]}","{\"0\":1.7976931348623157e+308,\"1\":0,\"2\":[1.7976931348623157e+308,25,969,969,893,627,893,823,655]}"]}