{"baseObjects":["[126,893,1.7976931348623157e+308,213,242,460,655,969,714,-1]","[126,893,1.7976931348623157e+308,213,242,460,655,969,714,null]","[126,893,1.7976931348623157e+308,213,242,460,655,969,714,-1]","[126,893,1.7976931348623157e+308,213,242,460,655,969,714,null]"],"returnObjects":["[126,893,1.7976931348623157e+308,213,242,460,655,969,714,null]","[126,893,1.7976931348623157e+308,213,242,460,655,969,714,null]","\"Error\"","\"Error\""],"callbackArgs":["{\"0\":126,\"1\":0,\"2\":[126,893,1.7976931348623157e+308,213,242,460,655,969,714,-1]}","{\"0\":893,\"1\":1,\"2\":[126,893,1.7976931348623157e+308,213,242,460,655,969,714,-1]}","{\"0\":1.7976931348623157e+308,\"1\":2,\"2\":[126,893,1.7976931348623157e+308,213,242,460,655,969,714,-1]}","{\"0\":213,\"1\":3,\"2\":[126,893,1.7976931348623157e+308,213,242,460,655,969,714,-1]}","{\"0\":242,\"1\":4,\"2\":[126,893,1.7976931348623157e+308,213,242,460,655,969,714,-1]}","{\"0\":460,\"1\":5,\"2\":[126,893,1.7976931348623157e+308,213,242,460,655,969,714,-1]}","{\"0\":655,\"1\":6,\"2\":[126,893,1.7976931348623157e+308,213,242,460,655,969,714,-1]}","{\"0\":969,\"1\":7,\"2\":[126,893,1.7976931348623157e+308,213,242,460,655,969,714,-1]}","{\"0\":714,\"1\":8,\"2\":[126,893,1.7976931348623157e+308,213,242,460,655,969,714,-1]}","{\"0\":-1,\"1\":9,\"2\":[126,893,1.7976931348623157e+308,213,242,460,655,969,714,-1]}","{\"0\":126,\"1\":0,\"2\":[126,893,1.7976931348623157e+308,213,242,460,655,969,714,-1]}","{\"0\":893,\"1\":1,\"2\":[126,893,1.7976931348623157e+308,213,242,460,655,969,714,null]}","{\"0\":1.7976931348623157e+308,\"1\":2,\"2\":[126,893,1.7976931348623157e+308,213,242,460,655,969,714,null]}","{\"0\":213,\"1\":3,\"2\":[126,893,1.7976931348623157e+308,213,242,460,655,969,714,null]}","{\"0\":242,\"1\":4,\"2\":[126,893,1.7976931348623157e+308,213,242,460,655,969,714,null]}","{\"0\":460,\"1\":5,\"2\":[126,893,1.7976931348623157e+308,213,242,460,655,969,714,null]}","{\"0\":655,\"1\":6,\"2\":[126,893,1.7976931348623157e+308,213,242,460,655,969,714,null]}","{\"0\":969,\"1\":7,\"2\":[126,893,1.7976931348623157e+308,213,242,460,655,969,714,null]}","{\"0\":714,\"1\":8,\"2\":[126,893,1.7976931348623157e+308,213,242,460,655,969,714,null]}","{\"0\":null,\"1\":9,\"2\":[126,893,1.7976931348623157e+308,213,242,460,655,969,714,null]}","{\"0\":126,\"1\":0,\"2\":[126,893,1.7976931348623157e+308,213,242,460,655,969,714,-1]}","{\"0\":126,\"1\":0,\"2\":[126,893,1.7976931348623157e+308,213,242,460,655,969,714,null]}"]}