{"baseObjects":["[1.2384795996715035e+308,-100,823,0,-1,783,655,823,5e-324]","595","[]","[]"],"returnObjects":["[]","[]","[]","[]"],"callbackArgs":["{\"0\":82,\"1\":0,\"2\":[82,-100,823,0,-1,783,655,823,5e-324]}","{\"0\":-100,\"1\":1,\"2\":[1.2384795996715035e+308,-100,823,0,-1,783,655,823,5e-324]}","{\"0\":823,\"1\":2,\"2\":[1.2384795996715035e+308,-100,823,0,-1,783,655,823,5e-324]}","{\"0\":0,\"1\":3,\"2\":[1.2384795996715035e+308,-100,823,0,-1,783,655,823,5e-324]}","{\"0\":-1,\"1\":4,\"2\":[1.2384795996715035e+308,-100,823,0,-1,783,655,823,5e-324]}","{\"0\":783,\"1\":5,\"2\":[1.2384795996715035e+308,-100,823,0,-1,783,655,823,5e-324]}","{\"0\":655,\"1\":6,\"2\":[1.2384795996715035e+308,-100,823,0,-1,783,655,823,5e-324]}","{\"0\":823,\"1\":7,\"2\":[1.2384795996715035e+308,-100,823,0,-1,783,655,823,5e-324]}","{\"0\":5e-324,\"1\":8,\"2\":[1.2384795996715035e+308,-100,823,0,-1,783,655,823,5e-324]}","{\"0\":82,\"1\":0,\"2\":[82,-100,823,0,-1,783,655,823,5e-324]}","{\"0\":-100,\"1\":1,\"2\":[82,-100,823,0,-1,783,655,823,5e-324]}","{\"0\":823,\"1\":2,\"2\":[82,-100,823,0,-1,783,655,823,5e-324]}","{\"0\":0,\"1\":3,\"2\":[82,-100,823,0,-1,783,655,823,5e-324]}","{\"0\":-1,\"1\":4,\"2\":[82,-100,823,0,-1,783,655,823,5e-324]}","{\"0\":783,\"1\":5,\"2\":[82,-100,823,0,-1,783,655,823,5e-324]}","{\"0\":655,\"1\":6,\"2\":[82,-100,823,0,-1,783,655,823,5e-324]}","{\"0\":823,\"1\":7,\"2\":[82,-100,823,0,-1,783,655,823,5e-324]}","{\"0\":5e-324,\"1\":8,\"2\":[82,-100,823,0,-1,783,655,823,5e-324]}"]}