{"baseObjects":["[\"N\",\"N\",\"9\",\"0\",\"K\",\"?\",\"EH\",\";]\",\"k_\",\"#DBx\"]","[\"N\",\"N\",\"9\",\"0\",\"K\",\"?\",\"EH\",\";]\",\"k_\",\"#DBx\"]","[\"N\",\"N\",\"9\",\"0\",\"K\",\"?\",\"EH\",\";]\",\"k_\",\"#DBx\"]","[\"N\",\"N\",\"9\",\"0\",{\"2\":-100,\"\":1.2892492850027393e+308,\"$\":\"\",\"6.239069722890355e+307\":\"\",\"4.4149715489423146e+307\":\"\",\";\":-100,\"9.951251840158961e+306\":\"w\",\"9.62309851839545e+307\":1.420705846277439e+308,\"1.8762066557256368e+307\":8.00988107842757e+307},\"?\",\"EH\",\";]\",\"k_\",\"#DBx\"]"],"returnObjects":["\"Error\"","\"Error\"","\"Error\"","[]"],"callbackArgs":["{\"0\":\"N\",\"1\":0,\"2\":[\"N\",\"N\",\"9\",\"0\",\"K\",\"?\",\"EH\",\";]\",\"k_\",\"#DBx\"]}","{\"0\":\"N\",\"1\":0,\"2\":[\"N\",\"N\",\"9\",\"0\",\"K\",\"?\",\"EH\",\";]\",\"k_\",\"#DBx\"]}","{\"0\":\"N\",\"1\":0,\"2\":[\"N\",\"N\",\"9\",\"0\",\"K\",\"?\",\"EH\",\";]\",\"k_\",\"#DBx\"]}","{\"0\":\"N\",\"1\":0,\"2\":[\"N\",\"N\",\"9\",\"0\",\"K\",\"?\",\"EH\",\";]\",\"k_\",\"#DBx\"]}","{\"0\":\"N\",\"1\":1,\"2\":[\"N\",\"N\",\"9\",\"0\",{\"2\":-100,\"\":1.2892492850027393e+308,\"$\":\"\",\"6.239069722890355e+307\":\"\",\"4.4149715489423146e+307\":\"\",\";\":-100,\"9.951251840158961e+306\":\"w\",\"9.62309851839545e+307\":1.420705846277439e+308,\"1.8762066557256368e+307\":8.00988107842757e+307},\"?\",\"EH\",\";]\",\"k_\",\"#DBx\"]}","{\"0\":\"9\",\"1\":2,\"2\":[\"N\",\"N\",\"9\",\"0\",{\"2\":-100,\"\":1.2892492850027393e+308,\"$\":\"\",\"6.239069722890355e+307\":\"\",\"4.4149715489423146e+307\":\"\",\";\":-100,\"9.951251840158961e+306\":\"w\",\"9.62309851839545e+307\":1.420705846277439e+308,\"1.8762066557256368e+307\":8.00988107842757e+307},\"?\",\"EH\",\";]\",\"k_\",\"#DBx\"]}","{\"0\":\"0\",\"1\":3,\"2\":[\"N\",\"N\",\"9\",\"0\",{\"2\":-100,\"\":1.2892492850027393e+308,\"$\":\"\",\"6.239069722890355e+307\":\"\",\"4.4149715489423146e+307\":\"\",\";\":-100,\"9.951251840158961e+306\":\"w\",\"9.62309851839545e+307\":1.420705846277439e+308,\"1.8762066557256368e+307\":8.00988107842757e+307},\"?\",\"EH\",\";]\",\"k_\",\"#DBx\"]}","{\"0\":{\"2\":-100,\"\":1.2892492850027393e+308,\"$\":\"\",\"6.239069722890355e+307\":\"\",\"4.4149715489423146e+307\":\"\",\";\":-100,\"9.951251840158961e+306\":\"w\",\"9.62309851839545e+307\":1.420705846277439e+308,\"1.8762066557256368e+307\":8.00988107842757e+307},\"1\":4,\"2\":[\"N\",\"N\",\"9\",\"0\",{\"2\":-100,\"\":1.2892492850027393e+308,\"$\":\"\",\"6.239069722890355e+307\":\"\",\"4.4149715489423146e+307\":\"\",\";\":-100,\"9.951251840158961e+306\":\"w\",\"9.62309851839545e+307\":1.420705846277439e+308,\"1.8762066557256368e+307\":8.00988107842757e+307},\"?\",\"EH\",\";]\",\"k_\",\"#DBx\"]}","{\"0\":\"?\",\"1\":5,\"2\":[\"N\",\"N\",\"9\",\"0\",{\"2\":-100,\"\":1.2892492850027393e+308,\"$\":\"\",\"6.239069722890355e+307\":\"\",\"4.4149715489423146e+307\":\"\",\";\":-100,\"9.951251840158961e+306\":\"w\",\"9.62309851839545e+307\":1.420705846277439e+308,\"1.8762066557256368e+307\":8.00988107842757e+307},\"?\",\"EH\",\";]\",\"k_\",\"#DBx\"]}","{\"0\":\"EH\",\"1\":6,\"2\":[\"N\",\"N\",\"9\",\"0\",{\"2\":-100,\"\":1.2892492850027393e+308,\"$\":\"\",\"6.239069722890355e+307\":\"\",\"4.4149715489423146e+307\":\"\",\";\":-100,\"9.951251840158961e+306\":\"w\",\"9.62309851839545e+307\":1.420705846277439e+308,\"1.8762066557256368e+307\":8.00988107842757e+307},\"?\",\"EH\",\";]\",\"k_\",\"#DBx\"]}","{\"0\":\";]\",\"1\":7,\"2\":[\"N\",\"N\",\"9\",\"0\",{\"2\":-100,\"\":1.2892492850027393e+308,\"$\":\"\",\"6.239069722890355e+307\":\"\",\"4.4149715489423146e+307\":\"\",\";\":-100,\"9.951251840158961e+306\":\"w\",\"9.62309851839545e+307\":1.420705846277439e+308,\"1.8762066557256368e+307\":8.00988107842757e+307},\"?\",\"EH\",\";]\",\"k_\",\"#DBx\"]}","{\"0\":\"k_\",\"1\":8,\"2\":[\"N\",\"N\",\"9\",\"0\",{\"2\":-100,\"\":1.2892492850027393e+308,\"$\":\"\",\"6.239069722890355e+307\":\"\",\"4.4149715489423146e+307\":\"\",\";\":-100,\"9.951251840158961e+306\":\"w\",\"9.62309851839545e+307\":1.420705846277439e+308,\"1.8762066557256368e+307\":8.00988107842757e+307},\"?\",\"EH\",\";]\",\"k_\",\"#DBx\"]}","{\"0\":\"#DBx\",\"1\":9,\"2\":[\"N\",\"N\",\"9\",\"0\",{\"2\":-100,\"\":1.2892492850027393e+308,\"$\":\"\",\"6.239069722890355e+307\":\"\",\"4.4149715489423146e+307\":\"\",\";\":-100,\"9.951251840158961e+306\":\"w\",\"9.62309851839545e+307\":1.420705846277439e+308,\"1.8762066557256368e+307\":8.00988107842757e+307},\"?\",\"EH\",\";]\",\"k_\",\"#DBx\"]}"]}