{"baseObjects":["[460,100,893,0,0,126,714,655,1.7976931348623157e+308]","[]","[]","[]"],"returnObjects":["[]","[]","[]","[]"],"callbackArgs":["{\"0\":460,\"1\":0,\"2\":[460,100,893,0,0,126,714,655,1.7976931348623157e+308]}","{\"0\":100,\"1\":1,\"2\":[460,100,893,0,0,126,714,655,1.7976931348623157e+308]}","{\"0\":893,\"1\":2,\"2\":[460,100,893,0,0,126,714,655,1.7976931348623157e+308]}","{\"0\":0,\"1\":3,\"2\":[460,100,893,0,0,126,714,655,1.7976931348623157e+308]}","{\"0\":0,\"1\":4,\"2\":[460,100,893,0,0,126,714,655,1.7976931348623157e+308]}","{\"0\":126,\"1\":5,\"2\":[460,100,893,0,0,126,714,655,1.7976931348623157e+308]}","{\"0\":714,\"1\":6,\"2\":[460,100,893,0,0,126,714,655,1.7976931348623157e+308]}","{\"0\":655,\"1\":7,\"2\":[460,100,893,0,0,126,714,655,1.7976931348623157e+308]}","{\"0\":1.7976931348623157e+308,\"1\":8,\"2\":[460,100,893,0,0,126,714,655,1.7976931348623157e+308]}"]}