{"baseObjects":["[1.7976931348623157e+308,893,{\"242\":\"\",\"460\":\"A\",\"714\":\"\",\"3V\":\"m\",\"1.5483290947138297e+308\":4.88289279591275e+307,\"\":783},655]","[1.7976931348623157e+308,893,{\"242\":\"\",\"460\":\"A\",\"714\":\"\",\"3V\":\"m\",\"1.5483290947138297e+308\":4.88289279591275e+307,\"\":783},655]",null,"[1.7976931348623157e+308,true,82,655]"],"returnObjects":["[1.7976931348623157e+308,893,{\"242\":\"\",\"460\":\"A\",\"714\":\"\",\"3V\":\"m\",\"1.5483290947138297e+308\":4.88289279591275e+307,\"\":783},655]","[]","\"Error\"","[1.7976931348623157e+308,true,82,655]"],"callbackArgs":["{\"0\":1.7976931348623157e+308,\"1\":0,\"2\":[1.7976931348623157e+308,893,82,655]}","{\"0\":893,\"1\":1,\"2\":[1.7976931348623157e+308,893,{\"242\":\"\",\"460\":\"A\",\"714\":\"\",\"3V\":\"m\",\"1.5483290947138297e+308\":4.88289279591275e+307,\"\":783},655]}","{\"0\":{\"242\":\"\",\"460\":\"A\",\"714\":\"\",\"3V\":\"m\",\"1.5483290947138297e+308\":4.88289279591275e+307,\"\":783},\"1\":2,\"2\":[1.7976931348623157e+308,893,{\"242\":\"\",\"460\":\"A\",\"714\":\"\",\"3V\":\"m\",\"1.5483290947138297e+308\":4.88289279591275e+307,\"\":783},655]}","{\"0\":655,\"1\":3,\"2\":[1.7976931348623157e+308,893,{\"242\":\"\",\"460\":\"A\",\"714\":\"\",\"3V\":\"m\",\"1.5483290947138297e+308\":4.88289279591275e+307,\"\":783},655]}","{\"0\":1.7976931348623157e+308,\"1\":0,\"2\":[1.7976931348623157e+308,893,{\"242\":\"\",\"460\":\"A\",\"714\":\"\",\"3V\":\"m\",\"1.5483290947138297e+308\":4.88289279591275e+307,\"\":783},655]}","{\"0\":893,\"1\":1,\"2\":[1.7976931348623157e+308,893,{\"242\":\"\",\"460\":\"A\",\"714\":\"\",\"3V\":\"m\",\"1.5483290947138297e+308\":4.88289279591275e+307,\"\":783},655]}","{\"0\":{\"242\":\"\",\"460\":\"A\",\"714\":\"\",\"3V\":\"m\",\"1.5483290947138297e+308\":4.88289279591275e+307,\"\":783},\"1\":2,\"2\":[1.7976931348623157e+308,893,{\"242\":\"\",\"460\":\"A\",\"714\":\"\",\"3V\":\"m\",\"1.5483290947138297e+308\":4.88289279591275e+307,\"\":783},655]}","{\"0\":655,\"1\":3,\"2\":[1.7976931348623157e+308,893,{\"242\":\"\",\"460\":\"A\",\"714\":\"\",\"3V\":\"m\",\"1.5483290947138297e+308\":4.88289279591275e+307,\"\":783},655]}","{\"0\":1.7976931348623157e+308,\"1\":0,\"2\":[1.7976931348623157e+308,893,{\"242\":\"\",\"460\":\"A\",\"714\":\"\",\"3V\":\"m\",\"1.5483290947138297e+308\":4.88289279591275e+307,\"\":783},655]}","{\"0\":1.7976931348623157e+308,\"1\":0,\"2\":[1.7976931348623157e+308,893,82,655]}","{\"0\":true,\"1\":1,\"2\":[1.7976931348623157e+308,true,82,655]}","{\"0\":82,\"1\":2,\"2\":[1.7976931348623157e+308,true,82,655]}","{\"0\":655,\"1\":3,\"2\":[1.7976931348623157e+308,true,82,655]}"]}