{"baseObjects":["[403,82,{\"607\":460,\"\":\"\",\"=a)XN7\":25,\"W\":\"sa\",\"8.887322355751651e+306\":\"m\"},893]","[403,82,460,893]","[403,82,460,893]","[]"],"returnObjects":["[]","\"Error\"","[403,82,460,893]","[]"],"callbackArgs":["{\"0\":403,\"1\":0,\"2\":[403,82,460,893]}","{\"0\":82,\"1\":1,\"2\":[403,82,{\"607\":460,\"\":\"\",\"=a)XN7\":25,\"W\":\"sa\",\"8.887322355751651e+306\":\"m\"},893]}","{\"0\":{\"607\":460,\"\":\"\",\"=a)XN7\":25,\"W\":\"sa\",\"8.887322355751651e+306\":\"m\"},\"1\":2,\"2\":[403,82,{\"607\":460,\"\":\"\",\"=a)XN7\":25,\"W\":\"sa\",\"8.887322355751651e+306\":\"m\"},893]}","{\"0\":893,\"1\":3,\"2\":[403,82,{\"607\":460,\"\":\"\",\"=a)XN7\":25,\"W\":\"sa\",\"8.887322355751651e+306\":\"m\"},893]}","{\"0\":403,\"1\":0,\"2\":[403,82,460,893]}","{\"0\":82,\"1\":1,\"2\":[403,82,460,893]}","{\"0\":460,\"1\":2,\"2\":[403,82,460,893]}","{\"0\":893,\"1\":3,\"2\":[403,82,460,893]}"]}