{"baseObjects":["[122,1.7976931348623157e+308,25,25,618,893]","[]","[]","[]"],"returnObjects":["[]","[]","[]","[]"],"callbackArgs":["{\"0\":122,\"1\":0,\"2\":[122,1.7976931348623157e+308,25,25,618,893]}","{\"0\":1.7976931348623157e+308,\"1\":1,\"2\":[122,1.7976931348623157e+308,25,25,618,893]}","{\"0\":25,\"1\":2,\"2\":[122,1.7976931348623157e+308,25,25,618,893]}","{\"0\":25,\"1\":3,\"2\":[122,1.7976931348623157e+308,25,25,618,893]}","{\"0\":618,\"1\":4,\"2\":[122,1.7976931348623157e+308,25,25,618,893]}","{\"0\":893,\"1\":5,\"2\":[122,1.7976931348623157e+308,25,25,618,893]}"]}