{"baseObjects":["[49,213,-100,783,59,242,-1,100,627,595]","[49,213,-100,783,59,242,-1,100,627,595]","[49,213,-100,783,59,242,-1,100,627,595]","{\"705\":\"\",\"2.40688577769932e+307\":823,\"Eh\":7.657106213318868e+307,\"1.7976931348623157e+308\":\"Q\"}"],"returnObjects":["[]","[]","[]","[]"],"callbackArgs":["{\"0\":49,\"1\":0,\"2\":[49,213,-100,783,59,242,-1,100,627,595]}","{\"0\":213,\"1\":1,\"2\":[49,213,-100,783,59,242,-1,100,627,595]}","{\"0\":-100,\"1\":2,\"2\":[49,213,-100,783,59,242,-1,100,627,595]}","{\"0\":783,\"1\":3,\"2\":[49,213,-100,783,59,242,-1,100,627,595]}","{\"0\":59,\"1\":4,\"2\":[49,213,-100,783,59,242,-1,100,627,595]}","{\"0\":242,\"1\":5,\"2\":[49,213,-100,783,59,242,-1,100,627,595]}","{\"0\":-1,\"1\":6,\"2\":[49,213,-100,783,59,242,-1,100,627,595]}","{\"0\":100,\"1\":7,\"2\":[49,213,-100,783,59,242,-1,100,627,595]}","{\"0\":627,\"1\":8,\"2\":[49,213,-100,783,59,242,-1,100,627,595]}","{\"0\":595,\"1\":9,\"2\":[49,213,-100,783,59,242,-1,100,627,595]}","{\"0\":49,\"1\":0,\"2\":[49,213,-100,783,59,242,-1,100,627,595]}","{\"0\":213,\"1\":1,\"2\":[49,213,-100,783,59,242,-1,100,627,595]}","{\"0\":-100,\"1\":2,\"2\":[49,213,-100,783,59,242,-1,100,627,595]}","{\"0\":783,\"1\":3,\"2\":[49,213,-100,783,59,242,-1,100,627,595]}","{\"0\":59,\"1\":4,\"2\":[49,213,-100,783,59,242,-1,100,627,595]}","{\"0\":242,\"1\":5,\"2\":[49,213,-100,783,59,242,-1,100,627,595]}","{\"0\":-1,\"1\":6,\"2\":[49,213,-100,783,59,242,-1,100,627,595]}","{\"0\":100,\"1\":7,\"2\":[49,213,-100,783,59,242,-1,100,627,595]}","{\"0\":627,\"1\":8,\"2\":[49,213,-100,783,59,242,-1,100,627,595]}","{\"0\":595,\"1\":9,\"2\":[49,213,-100,783,59,242,-1,100,627,595]}","{\"0\":49,\"1\":0,\"2\":[49,213,-100,783,59,242,-1,100,627,595]}","{\"0\":213,\"1\":1,\"2\":[49,213,-100,783,59,242,-1,100,627,595]}","{\"0\":-100,\"1\":2,\"2\":[49,213,-100,783,59,242,-1,100,627,595]}","{\"0\":783,\"1\":3,\"2\":[49,213,-100,783,59,242,-1,100,627,595]}","{\"0\":59,\"1\":4,\"2\":[49,213,-100,783,59,242,-1,100,627,595]}","{\"0\":242,\"1\":5,\"2\":[49,213,-100,783,59,242,-1,100,627,595]}","{\"0\":-1,\"1\":6,\"2\":[49,213,-100,783,59,242,-1,100,627,595]}","{\"0\":100,\"1\":7,\"2\":[49,213,-100,783,59,242,-1,100,627,595]}","{\"0\":627,\"1\":8,\"2\":[49,213,-100,783,59,242,-1,100,627,595]}","{\"0\":595,\"1\":9,\"2\":[49,213,-100,783,59,242,-1,100,627,595]}","{\"0\":49,\"1\":0,\"2\":[49,213,-100,783,59,242,-1,100,627,595]}","{\"0\":213,\"1\":1,\"2\":[49,213,-100,783,59,242,-1,100,627,595]}","{\"0\":-100,\"1\":2,\"2\":[49,213,-100,783,59,242,-1,100,627,595]}","{\"0\":783,\"1\":3,\"2\":[49,213,-100,783,59,242,-1,100,627,595]}","{\"0\":59,\"1\":4,\"2\":[49,213,-100,783,59,242,-1,100,627,595]}","{\"0\":242,\"1\":5,\"2\":[49,213,-100,783,59,242,-1,100,627,595]}","{\"0\":-1,\"1\":6,\"2\":[49,213,-100,783,59,242,-1,100,627,595]}","{\"0\":100,\"1\":7,\"2\":[49,213,-100,783,59,242,-1,100,627,595]}","{\"0\":627,\"1\":8,\"2\":[49,213,-100,783,59,242,-1,100,627,595]}","{\"0\":595,\"1\":9,\"2\":[49,213,-100,783,59,242,-1,100,627,595]}"]}