{"baseObjects":["[403,1.7976931348623157e+308]","[403,1.7976931348623157e+308]","[403,1.7976931348623157e+308]","[403,1.7976931348623157e+308]"],"returnObjects":["\"Error\"","[403,1.7976931348623157e+308]","\"Error\"","[]"],"callbackArgs":["{\"0\":403,\"1\":0,\"2\":[403,1.7976931348623157e+308]}","{\"0\":403,\"1\":0,\"2\":[403,1.7976931348623157e+308]}","{\"0\":1.7976931348623157e+308,\"1\":1,\"2\":[403,1.7976931348623157e+308]}","{\"0\":403,\"1\":0,\"2\":[403,1.7976931348623157e+308]}","{\"0\":403,\"1\":0,\"2\":[403,1.7976931348623157e+308]}","{\"0\":1.7976931348623157e+308,\"1\":1,\"2\":[403,1.7976931348623157e+308]}"]}