{"baseObjects":["[607,82]","[607,618]","[607,618,null,1.4988138313518536e+308]","[607,618,null,{\"655\":403,\"1.6968953476671118e+308\":\"\",\"Yj42\":9.040704211187284e+307,\"1.4169337274917292e+308\":\"\",\"99#A6\":1.1265804403615626e+308,\"\":8.570244137059251e+307,\"N\":\"\",\"W\":\"_\",\"9.351701935709114e+307\":1.6275086071205838e+308}]"],"returnObjects":["[607,82]","\"Error\"","\"Error\"","[]"],"callbackArgs":["{\"0\":607,\"1\":0,\"2\":[607,618]}","{\"0\":82,\"1\":1,\"2\":[607,82]}","{\"0\":607,\"1\":0,\"2\":[607,618]}","{\"0\":607,\"1\":0,\"2\":[607,618]}","{\"0\":607,\"1\":0,\"2\":[607,618]}","{\"0\":618,\"1\":1,\"2\":[607,618,null,{\"655\":403,\"1.6968953476671118e+308\":\"\",\"Yj42\":9.040704211187284e+307,\"1.4169337274917292e+308\":\"\",\"99#A6\":1.1265804403615626e+308,\"\":8.570244137059251e+307,\"N\":\"\",\"W\":\"_\",\"9.351701935709114e+307\":1.6275086071205838e+308}]}"]}