{"baseObjects":["[{\"1.2726955088556167e+308\":1.051715050559809e+308,\"\":\"l''\",\"w\":\"\",\"7.565337673482484e+307\":\"`mUA\",\"3.634788422839765e+307\":1.2293960853138824e+308,\"1.1810375657549696e+308\":1.692955240030698e+308,\"n\":595},100]","[242,100]","[\"\",100]","[242,100,null,null,null]"],"returnObjects":["[242,100]","\"Error\"","[242,100,null,null,null]","\"Error\""],"callbackArgs":["{\"0\":242,\"1\":0,\"2\":[242,100]}","{\"0\":100,\"1\":1,\"2\":[{\"1.2726955088556167e+308\":1.051715050559809e+308,\"\":\"l''\",\"w\":\"\",\"7.565337673482484e+307\":\"`mUA\",\"3.634788422839765e+307\":1.2293960853138824e+308,\"1.1810375657549696e+308\":1.692955240030698e+308,\"n\":595},100]}","{\"0\":242,\"1\":0,\"2\":[242,100]}","{\"0\":242,\"1\":0,\"2\":[242,100]}","{\"0\":100,\"1\":1,\"2\":[\"\",100]}","{\"0\":242,\"1\":0,\"2\":[242,100]}"]}