{"baseObjects":["{\"1.3698464839007988e+308\":1.7690134087965453e+308,\"3.397030658312975e+307\":4.349855073289407e+307,\"\":\"'!\",\"1.1207930465337737e+308\":\"+!\",\"Og\":\"\",\"1.4164188664283715e+308\":1.146086214579171e+307,\"h\":714,\"9.772706708478732e+306\":122}","[]","[\"{\",\"r\",false,false]","[]"],"returnObjects":["[]","[]","[\"{\",\"r\"]","[]"],"callbackArgs":["{\"0\":\"{\",\"1\":0,\"2\":[\"{\",\"r\",\"+\"]}","{\"0\":\"r\",\"1\":1,\"2\":[\"{\",\"r\",\"+\",null,null,null,[\"mt=\"]]}","{\"0\":\"+\",\"1\":2,\"2\":[\"{\",\"r\",\"+\",null,null,null,[\"mt=\"]]}","{\"0\":\"{\",\"1\":0,\"2\":[\"{\",\"r\",\"+\"]}","{\"0\":\"r\",\"1\":1,\"2\":[\"{\",\"r\",false,false]}","{\"0\":false,\"1\":2,\"2\":[\"{\",\"r\",false,false]}"]}