{"baseObjects":["[1.7976931348623157e+308,100,0,157]","[1.7976931348623157e+308,100,0,157,\"I\"]","[1.7976931348623157e+308,100,0,157]","[]"],"returnObjects":["[1.7976931348623157e+308,100,0,157]","[]","[]","[]"],"callbackArgs":["{\"0\":1.7976931348623157e+308,\"1\":0,\"2\":[1.7976931348623157e+308,100,0,157]}","{\"0\":100,\"1\":1,\"2\":[1.7976931348623157e+308,100,0,157]}","{\"0\":0,\"1\":2,\"2\":[1.7976931348623157e+308,100,0,157]}","{\"0\":157,\"1\":3,\"2\":[1.7976931348623157e+308,100,0,157]}","{\"0\":1.7976931348623157e+308,\"1\":0,\"2\":[1.7976931348623157e+308,100,0,157]}","{\"0\":100,\"1\":1,\"2\":[1.7976931348623157e+308,100,0,157,\"I\"]}","{\"0\":0,\"1\":2,\"2\":[1.7976931348623157e+308,100,0,157,\"I\"]}","{\"0\":157,\"1\":3,\"2\":[1.7976931348623157e+308,100,0,157,\"I\"]}","{\"0\":1.7976931348623157e+308,\"1\":0,\"2\":[1.7976931348623157e+308,100,0,157]}","{\"0\":100,\"1\":1,\"2\":[1.7976931348623157e+308,100,0,157]}","{\"0\":0,\"1\":2,\"2\":[1.7976931348623157e+308,100,0,157]}","{\"0\":157,\"1\":3,\"2\":[1.7976931348623157e+308,100,0,157]}"]}