{"baseObjects":["[0,157,82]","[0,157,82]","[0,157,82,null,null,null,{\"|\":1.2120422823427262e+308}]","[0,157,82]"],"returnObjects":["[]","\"Error\"","[]","[]"],"callbackArgs":["{\"0\":0,\"1\":0,\"2\":[0,157,82]}","{\"0\":157,\"1\":1,\"2\":[0,157,82]}","{\"0\":82,\"1\":2,\"2\":[0,157,82]}","{\"0\":0,\"1\":0,\"2\":[0,157,82]}","{\"0\":157,\"1\":1,\"2\":[0,157,82,null,null,null,{\"|\":1.2120422823427262e+308}]}","{\"0\":82,\"1\":2,\"2\":[0,157,82,null,null,null,{\"|\":1.2120422823427262e+308}]}","{\"0\":0,\"1\":0,\"2\":[0,157,82]}","{\"0\":157,\"1\":1,\"2\":[0,157,82]}","{\"0\":82,\"1\":2,\"2\":[0,157,82]}"]}