{"baseObjects":["[{\"157\":655,\"460\":\"\",\"1.2043233391507152e+308\":655,\"yz;\":\"\",\"\":\"\",\"p\":-1,\"7.483346378154519e+307\":\"\"},595,122,403,403,59,0,714,0,100]","[607,595,122,403,403,59,0,714,0,100]","[607,595,122,403,403,59,0,714,0,100]","[607,595,122,403,403,59,0,714,0,100]"],"returnObjects":["\"Error\"","\"Error\"","\"Error\"","[]"],"callbackArgs":["{\"0\":607,\"1\":0,\"2\":[607,595,122,403,403,59,0,714,0,100]}","{\"0\":607,\"1\":0,\"2\":[607,595,122,403,403,59,0,714,0,100]}","{\"0\":607,\"1\":0,\"2\":[607,595,122,403,403,59,0,714,0,100]}","{\"0\":607,\"1\":0,\"2\":[607,595,122,403,403,59,0,714,0,100]}","{\"0\":595,\"1\":1,\"2\":[607,595,122,403,403,59,0,714,0,100]}","{\"0\":122,\"1\":2,\"2\":[607,595,122,403,403,59,0,714,0,100]}","{\"0\":403,\"1\":3,\"2\":[607,595,122,403,403,59,0,714,0,100]}","{\"0\":403,\"1\":4,\"2\":[607,595,122,403,403,59,0,714,0,100]}","{\"0\":59,\"1\":5,\"2\":[607,595,122,403,403,59,0,714,0,100]}","{\"0\":0,\"1\":6,\"2\":[607,595,122,403,403,59,0,714,0,100]}","{\"0\":714,\"1\":7,\"2\":[607,595,122,403,403,59,0,714,0,100]}","{\"0\":0,\"1\":8,\"2\":[607,595,122,403,403,59,0,714,0,100]}","{\"0\":100,\"1\":9,\"2\":[607,595,122,403,403,59,0,714,0,100]}"]}