{"baseObjects":["[655,\"0\",\"\"]","[655,-100,1.7976931348623157e+308]","[655,-100,1.7976931348623157e+308]","[655,false,1.7976931348623157e+308,null,null,null,\"9\"]"],"returnObjects":["[655,\"0\",\"\"]","[]","[655,-100,1.7976931348623157e+308]","\"Error\""],"callbackArgs":["{\"0\":655,\"1\":0,\"2\":[655,-100,1.7976931348623157e+308]}","{\"0\":\"0\",\"1\":1,\"2\":[655,\"0\",\"\"]}","{\"0\":\"\",\"1\":2,\"2\":[655,\"0\",\"\"]}","{\"0\":655,\"1\":0,\"2\":[655,-100,1.7976931348623157e+308]}","{\"0\":-100,\"1\":1,\"2\":[655,-100,1.7976931348623157e+308]}","{\"0\":1.7976931348623157e+308,\"1\":2,\"2\":[655,-100,1.7976931348623157e+308]}","{\"0\":655,\"1\":0,\"2\":[655,-100,1.7976931348623157e+308]}","{\"0\":-100,\"1\":1,\"2\":[655,-100,1.7976931348623157e+308]}","{\"0\":1.7976931348623157e+308,\"1\":2,\"2\":[655,-100,1.7976931348623157e+308]}","{\"0\":655,\"1\":0,\"2\":[655,-100,1.7976931348623157e+308]}"]}