{"baseObjects":["[655,-100,\"c|^m{Kl\",null,null,null,null,null,null,{\"969\":9.479467245673807e+307,\"M\":\"u'\",\"\":\"Pdp\",\"N^9>t<u25\":1.0436550389996668e+308,\"s\":9.044770694874997e+307,\"^\":1.5659776881421242e+308}]","[655,-100,\"c|^m{Kl\"]","[655,-100,\"c|^m{Kl\"]","[655,-100,\"c|^m{Kl\"]"],"returnObjects":["\"Error\"","[655,-100,\"c|^m{Kl\"]","[\"c|^m{Kl\"]","[655,-100,\"c|^m{Kl\"]"],"callbackArgs":["{\"0\":655,\"1\":0,\"2\":[655,-100,\"c|^m{Kl\"]}","{\"0\":655,\"1\":0,\"2\":[655,-100,\"c|^m{Kl\"]}","{\"0\":-100,\"1\":1,\"2\":[655,-100,\"c|^m{Kl\"]}","{\"0\":\"c|^m{Kl\",\"1\":2,\"2\":[655,-100,\"c|^m{Kl\"]}","{\"0\":655,\"1\":0,\"2\":[655,-100,\"c|^m{Kl\"]}","{\"0\":-100,\"1\":1,\"2\":[655,-100,\"c|^m{Kl\"]}","{\"0\":\"c|^m{Kl\",\"1\":2,\"2\":[655,-100,\"c|^m{Kl\"]}","{\"0\":655,\"1\":0,\"2\":[655,-100,\"c|^m{Kl\"]}","{\"0\":-100,\"1\":1,\"2\":[655,-100,\"c|^m{Kl\"]}","{\"0\":\"c|^m{Kl\",\"1\":2,\"2\":[655,-100,\"c|^m{Kl\"]}"]}