{"baseObjects":["[\"XzS\",\"j\",1.7976931348623157e+308,\"C-\",\"w\",595]","[\"XzS\",\"j\",1.7976931348623157e+308,\"C-\",\"w\",595]","[\"XzS\",\"j\",1.7976931348623157e+308,\"C-\",\"w\",\"\"]","[\"XzS\",\"j\",1.7976931348623157e+308,\"C-\",\"w\",false]"],"returnObjects":["\"Error\"","[]","\"Error\"","[]"],"callbackArgs":["{\"0\":\"XzS\",\"1\":0,\"2\":[\"XzS\",\"j\",1.7976931348623157e+308,\"C-\",\"w\",595]}","{\"0\":\"XzS\",\"1\":0,\"2\":[\"XzS\",\"j\",1.7976931348623157e+308,\"C-\",\"w\",595]}","{\"0\":\"j\",\"1\":1,\"2\":[\"XzS\",\"j\",1.7976931348623157e+308,\"C-\",\"w\",595]}","{\"0\":1.7976931348623157e+308,\"1\":2,\"2\":[\"XzS\",\"j\",1.7976931348623157e+308,\"C-\",\"w\",595]}","{\"0\":\"C-\",\"1\":3,\"2\":[\"XzS\",\"j\",1.7976931348623157e+308,\"C-\",\"w\",595]}","{\"0\":\"w\",\"1\":4,\"2\":[\"XzS\",\"j\",1.7976931348623157e+308,\"C-\",\"w\",595]}","{\"0\":595,\"1\":5,\"2\":[\"XzS\",\"j\",1.7976931348623157e+308,\"C-\",\"w\",595]}","{\"0\":\"XzS\",\"1\":0,\"2\":[\"XzS\",\"j\",1.7976931348623157e+308,\"C-\",\"w\",595]}","{\"0\":\"XzS\",\"1\":0,\"2\":[\"XzS\",\"j\",1.7976931348623157e+308,\"C-\",\"w\",595]}","{\"0\":\"j\",\"1\":1,\"2\":[\"XzS\",\"j\",1.7976931348623157e+308,\"C-\",\"w\",false]}","{\"0\":1.7976931348623157e+308,\"1\":2,\"2\":[\"XzS\",\"j\",1.7976931348623157e+308,\"C-\",\"w\",false]}","{\"0\":\"C-\",\"1\":3,\"2\":[\"XzS\",\"j\",1.7976931348623157e+308,\"C-\",\"w\",false]}","{\"0\":\"w\",\"1\":4,\"2\":[\"XzS\",\"j\",1.7976931348623157e+308,\"C-\",\"w\",false]}","{\"0\":false,\"1\":5,\"2\":[\"XzS\",\"j\",1.7976931348623157e+308,\"C-\",\"w\",false]}"]}