{"baseObjects":["[403,969,242,627,893,823]","[403,969,242,627,893,823,1.596061666950174e+308]","[403,969,242,627,893,823]","[]"],"returnObjects":["\"Error\"","[403,969,242,627,893,823]","[]","[]"],"callbackArgs":["{\"0\":403,\"1\":0,\"2\":[403,969,242,627,893,823]}","{\"0\":403,\"1\":0,\"2\":[403,969,242,627,893,823]}","{\"0\":969,\"1\":1,\"2\":[403,969,242,627,893,823,1.596061666950174e+308]}","{\"0\":242,\"1\":2,\"2\":[403,969,242,627,893,823,1.596061666950174e+308]}","{\"0\":627,\"1\":3,\"2\":[403,969,242,627,893,823,1.596061666950174e+308]}","{\"0\":893,\"1\":4,\"2\":[403,969,242,627,893,823,1.596061666950174e+308]}","{\"0\":823,\"1\":5,\"2\":[403,969,242,627,893,823,1.596061666950174e+308]}","{\"0\":403,\"1\":0,\"2\":[403,969,242,627,893,823]}","{\"0\":969,\"1\":1,\"2\":[403,969,242,627,893,823]}","{\"0\":242,\"1\":2,\"2\":[403,969,242,627,893,823]}","{\"0\":627,\"1\":3,\"2\":[403,969,242,627,893,823]}","{\"0\":893,\"1\":4,\"2\":[403,969,242,627,893,823]}","{\"0\":823,\"1\":5,\"2\":[403,969,242,627,893,823]}"]}