{"baseObjects":["[595,618,213,607,823,242,100]","[595,618,213,607,823,242,100,null,null,{\"627\":1.4861994874520068e+308,\"\":\"w\",\"1.7279508537640503e+307\":\"7{hI&\",\"1.1544365822478582e+308\":\"\",\"1.7976931348623157e+308\":\"V\"}]","[595,618,213,607,823,242,100]","[595,618,213,607,823,242,100]"],"returnObjects":["\"Error\"","[]","\"Error\"","\"Error\""],"callbackArgs":["{\"0\":595,\"1\":0,\"2\":[595,618,213,607,823,242,100]}","{\"0\":595,\"1\":0,\"2\":[595,618,213,607,823,242,100]}","{\"0\":618,\"1\":1,\"2\":[595,618,213,607,823,242,100,null,null,{\"627\":1.4861994874520068e+308,\"\":\"w\",\"1.7279508537640503e+307\":\"7{hI&\",\"1.1544365822478582e+308\":\"\",\"1.7976931348623157e+308\":\"V\"}]}","{\"0\":213,\"1\":2,\"2\":[595,618,213,607,823,242,100,null,null,{\"627\":1.4861994874520068e+308,\"\":\"w\",\"1.7279508537640503e+307\":\"7{hI&\",\"1.1544365822478582e+308\":\"\",\"1.7976931348623157e+308\":\"V\"}]}","{\"0\":607,\"1\":3,\"2\":[595,618,213,607,823,242,100,null,null,{\"627\":1.4861994874520068e+308,\"\":\"w\",\"1.7279508537640503e+307\":\"7{hI&\",\"1.1544365822478582e+308\":\"\",\"1.7976931348623157e+308\":\"V\"}]}","{\"0\":823,\"1\":4,\"2\":[595,618,213,607,823,242,100,null,null,{\"627\":1.4861994874520068e+308,\"\":\"w\",\"1.7279508537640503e+307\":\"7{hI&\",\"1.1544365822478582e+308\":\"\",\"1.7976931348623157e+308\":\"V\"}]}","{\"0\":242,\"1\":5,\"2\":[595,618,213,607,823,242,100,null,null,{\"627\":1.4861994874520068e+308,\"\":\"w\",\"1.7279508537640503e+307\":\"7{hI&\",\"1.1544365822478582e+308\":\"\",\"1.7976931348623157e+308\":\"V\"}]}","{\"0\":100,\"1\":6,\"2\":[595,618,213,607,823,242,100,null,null,{\"627\":1.4861994874520068e+308,\"\":\"w\",\"1.7279508537640503e+307\":\"7{hI&\",\"1.1544365822478582e+308\":\"\",\"1.7976931348623157e+308\":\"V\"}]}","{\"0\":595,\"1\":0,\"2\":[595,618,213,607,823,242,100]}","{\"0\":595,\"1\":0,\"2\":[595,618,213,607,823,242,100]}"]}