{"baseObjects":["[false,655,893,893,59,705,null,null,null,true]","[]","[893,655,1.482615832733239e+307,893,1.7047209277694951e+308,705]","[893,655,893,893,59,705]"],"returnObjects":["[]","[]","[]","[]"],"callbackArgs":["{\"0\":893,\"1\":0,\"2\":[893,655,893,893,59,705]}","{\"0\":655,\"1\":1,\"2\":[false,655,893,893,59,705,null,null,null,true]}","{\"0\":893,\"1\":2,\"2\":[false,655,893,893,59,705,null,null,null,true]}","{\"0\":893,\"1\":3,\"2\":[false,655,893,893,59,705,null,null,null,true]}","{\"0\":59,\"1\":4,\"2\":[false,655,893,893,59,705,null,null,null,true]}","{\"0\":705,\"1\":5,\"2\":[false,655,893,893,59,705,null,null,null,true]}","{\"0\":893,\"1\":0,\"2\":[893,655,893,893,59,705]}","{\"0\":655,\"1\":1,\"2\":[893,655,1.482615832733239e+307,893,1.7047209277694951e+308,705]}","{\"0\":1.482615832733239e+307,\"1\":2,\"2\":[893,655,1.482615832733239e+307,893,1.7047209277694951e+308,705]}","{\"0\":893,\"1\":3,\"2\":[893,655,1.482615832733239e+307,893,1.7047209277694951e+308,705]}","{\"0\":1.7047209277694951e+308,\"1\":4,\"2\":[893,655,1.482615832733239e+307,893,1.7047209277694951e+308,705]}","{\"0\":705,\"1\":5,\"2\":[893,655,1.482615832733239e+307,893,1.7047209277694951e+308,705]}","{\"0\":893,\"1\":0,\"2\":[893,655,893,893,59,705]}","{\"0\":655,\"1\":1,\"2\":[893,655,893,893,59,705]}","{\"0\":893,\"1\":2,\"2\":[893,655,893,893,59,705]}","{\"0\":893,\"1\":3,\"2\":[893,655,893,893,59,705]}","{\"0\":59,\"1\":4,\"2\":[893,655,893,893,59,705]}","{\"0\":705,\"1\":5,\"2\":[893,655,893,893,59,705]}"]}