{"baseObjects":["[618,5e-324,true,1.7976931348623157e+308]","[618,5e-324,0,1.7976931348623157e+308,893]","[618,5e-324,0,1.7976931348623157e+308]","[618,5e-324,0,1.7976931348623157e+308,{\"242\":100,\"MuZ\":\"+\",\"HGoqoZ`s#\":\"pN+\",\"^a\":\"\",\"3.926495475902549e+307\":0}]"],"returnObjects":["[]","[]","[]","[]"],"callbackArgs":["{\"0\":618,\"1\":0,\"2\":[618,5e-324,0,1.7976931348623157e+308]}","{\"0\":5e-324,\"1\":1,\"2\":[618,5e-324,true,1.7976931348623157e+308]}","{\"0\":true,\"1\":2,\"2\":[618,5e-324,true,1.7976931348623157e+308]}","{\"0\":1.7976931348623157e+308,\"1\":3,\"2\":[618,5e-324,true,1.7976931348623157e+308]}","{\"0\":618,\"1\":0,\"2\":[618,5e-324,0,1.7976931348623157e+308]}","{\"0\":5e-324,\"1\":1,\"2\":[618,5e-324,0,1.7976931348623157e+308,893]}","{\"0\":0,\"1\":2,\"2\":[618,5e-324,0,1.7976931348623157e+308,893]}","{\"0\":1.7976931348623157e+308,\"1\":3,\"2\":[618,5e-324,0,1.7976931348623157e+308,893]}","{\"0\":618,\"1\":0,\"2\":[618,5e-324,0,1.7976931348623157e+308]}","{\"0\":5e-324,\"1\":1,\"2\":[618,5e-324,0,1.7976931348623157e+308]}","{\"0\":0,\"1\":2,\"2\":[618,5e-324,0,1.7976931348623157e+308]}","{\"0\":1.7976931348623157e+308,\"1\":3,\"2\":[618,5e-324,0,1.7976931348623157e+308]}","{\"0\":618,\"1\":0,\"2\":[618,5e-324,0,1.7976931348623157e+308]}","{\"0\":5e-324,\"1\":1,\"2\":[618,5e-324,0,1.7976931348623157e+308,{\"242\":100,\"MuZ\":\"+\",\"HGoqoZ`s#\":\"pN+\",\"^a\":\"\",\"3.926495475902549e+307\":0}]}","{\"0\":0,\"1\":2,\"2\":[618,5e-324,0,1.7976931348623157e+308,{\"242\":100,\"MuZ\":\"+\",\"HGoqoZ`s#\":\"pN+\",\"^a\":\"\",\"3.926495475902549e+307\":0}]}","{\"0\":1.7976931348623157e+308,\"1\":3,\"2\":[618,5e-324,0,1.7976931348623157e+308,{\"242\":100,\"MuZ\":\"+\",\"HGoqoZ`s#\":\"pN+\",\"^a\":\"\",\"3.926495475902549e+307\":0}]}"]}