{"baseObjects":["[-100,595,-1,82,1.7976931348623157e+308,157]","[]","[]","[]"],"returnObjects":["[]","[]","[]","[]"],"callbackArgs":["{\"0\":-100,\"1\":0,\"2\":[-100,595,-1,82,1.7976931348623157e+308,157]}","{\"0\":595,\"1\":1,\"2\":[-100,595,-1,82,1.7976931348623157e+308,157]}","{\"0\":-1,\"1\":2,\"2\":[-100,595,-1,82,1.7976931348623157e+308,157]}","{\"0\":82,\"1\":3,\"2\":[-100,595,-1,82,1.7976931348623157e+308,157]}","{\"0\":1.7976931348623157e+308,\"1\":4,\"2\":[-100,595,-1,82,1.7976931348623157e+308,157]}","{\"0\":157,\"1\":5,\"2\":[-100,595,-1,82,1.7976931348623157e+308,157]}"]}