{"baseObjects":["[\"?\",5.441956733855995e+307,-1,893,213,242,893,[122,893,157,1.7976931348623157e+308,607,-1],607]","[]","[]","[]"],"returnObjects":["[]","[]","[]","[]"],"callbackArgs":["{\"0\":714,\"1\":0,\"2\":[714,122,-1,893,213,242,893,618,607]}","{\"0\":5.441956733855995e+307,\"1\":1,\"2\":[\"?\",5.441956733855995e+307,-1,893,213,242,893,[122,893,157,1.7976931348623157e+308,607,-1],607]}","{\"0\":-1,\"1\":2,\"2\":[\"?\",5.441956733855995e+307,-1,893,213,242,893,[122,893,157,1.7976931348623157e+308,607,-1],607]}","{\"0\":893,\"1\":3,\"2\":[\"?\",5.441956733855995e+307,-1,893,213,242,893,[122,893,157,1.7976931348623157e+308,607,-1],607]}","{\"0\":213,\"1\":4,\"2\":[\"?\",5.441956733855995e+307,-1,893,213,242,893,[122,893,157,1.7976931348623157e+308,607,-1],607]}","{\"0\":242,\"1\":5,\"2\":[\"?\",5.441956733855995e+307,-1,893,213,242,893,[122,893,157,1.7976931348623157e+308,607,-1],607]}","{\"0\":893,\"1\":6,\"2\":[\"?\",5.441956733855995e+307,-1,893,213,242,893,[122,893,157,1.7976931348623157e+308,607,-1],607]}","{\"0\":[122,893,157,1.7976931348623157e+308,607,-1],\"1\":7,\"2\":[\"?\",5.441956733855995e+307,-1,893,213,242,893,[122,893,157,1.7976931348623157e+308,607,-1],607]}","{\"0\":607,\"1\":8,\"2\":[\"?\",5.441956733855995e+307,-1,893,213,242,893,[122,893,157,1.7976931348623157e+308,607,-1],607]}"]}