{"baseObjects":["[49,126,null,\">B\",627,242,607]","[]","[49,126,25,\">B\",627,242,607,{\"5\":\"\",\"627\":\"\",\"714\":\"e=\",\"969\":\"x8\",\"L\":8.240952960374957e+307,\"\":\"!;\",\"k<b\":2.6133178693536796e+307,\"6.774146424567938e+307\":1.7121561290336313e+307,\"NrUx\":1.7387712272618494e+308,\"!j\":59}]","[\">B\",false]"],"returnObjects":["[]","[]","[\">B\",false]","[\">B\"]"],"callbackArgs":["{\"0\":49,\"1\":0,\"2\":[49,126,25,\">B\",627,242,607]}","{\"0\":126,\"1\":1,\"2\":[49,126,null,\">B\",627,242,607]}","{\"0\":null,\"1\":2,\"2\":[49,126,null,\">B\",627,242,607]}","{\"0\":\">B\",\"1\":3,\"2\":[49,126,null,\">B\",627,242,607]}","{\"0\":627,\"1\":4,\"2\":[49,126,null,\">B\",627,242,607]}","{\"0\":242,\"1\":5,\"2\":[49,126,null,\">B\",627,242,607]}","{\"0\":607,\"1\":6,\"2\":[49,126,null,\">B\",627,242,607]}","{\"0\":49,\"1\":0,\"2\":[49,126,25,\">B\",627,242,607]}","{\"0\":126,\"1\":1,\"2\":[49,126,25,\">B\",627,242,607,{\"5\":\"\",\"627\":\"\",\"714\":\"e=\",\"969\":\"x8\",\"L\":8.240952960374957e+307,\"\":\"!;\",\"k<b\":2.6133178693536796e+307,\"6.774146424567938e+307\":1.7121561290336313e+307,\"NrUx\":1.7387712272618494e+308,\"!j\":59}]}","{\"0\":25,\"1\":2,\"2\":[49,126,25,\">B\",627,242,607,{\"5\":\"\",\"627\":\"\",\"714\":\"e=\",\"969\":\"x8\",\"L\":8.240952960374957e+307,\"\":\"!;\",\"k<b\":2.6133178693536796e+307,\"6.774146424567938e+307\":1.7121561290336313e+307,\"NrUx\":1.7387712272618494e+308,\"!j\":59}]}","{\"0\":\">B\",\"1\":3,\"2\":[49,126,25,\">B\",627,242,607,{\"5\":\"\",\"627\":\"\",\"714\":\"e=\",\"969\":\"x8\",\"L\":8.240952960374957e+307,\"\":\"!;\",\"k<b\":2.6133178693536796e+307,\"6.774146424567938e+307\":1.7121561290336313e+307,\"NrUx\":1.7387712272618494e+308,\"!j\":59}]}","{\"0\":627,\"1\":4,\"2\":[49,126,25,\">B\",627,242,607,{\"5\":\"\",\"627\":\"\",\"714\":\"e=\",\"969\":\"x8\",\"L\":8.240952960374957e+307,\"\":\"!;\",\"k<b\":2.6133178693536796e+307,\"6.774146424567938e+307\":1.7121561290336313e+307,\"NrUx\":1.7387712272618494e+308,\"!j\":59}]}","{\"0\":242,\"1\":5,\"2\":[49,126,25,\">B\",627,242,607,{\"5\":\"\",\"627\":\"\",\"714\":\"e=\",\"969\":\"x8\",\"L\":8.240952960374957e+307,\"\":\"!;\",\"k<b\":2.6133178693536796e+307,\"6.774146424567938e+307\":1.7121561290336313e+307,\"NrUx\":1.7387712272618494e+308,\"!j\":59}]}","{\"0\":607,\"1\":6,\"2\":[49,126,25,\">B\",627,242,607,{\"5\":\"\",\"627\":\"\",\"714\":\"e=\",\"969\":\"x8\",\"L\":8.240952960374957e+307,\"\":\"!;\",\"k<b\":2.6133178693536796e+307,\"6.774146424567938e+307\":1.7121561290336313e+307,\"NrUx\":1.7387712272618494e+308,\"!j\":59}]}","{\"0\":\">B\",\"1\":0,\"2\":[\">B\"]}"]}