{"baseObjects":["[\"&bE)5\",\"+U\",843,\"H\",714,595,1.7976931348623157e+308]","[\"&bE)5\",\"+U\",843,\"H\",[\",\",\"e\",\"}\"],595,1.7976931348623157e+308]","[\"&bE)5\",\"+U\",843,\"H\",714,595,1.7976931348623157e+308]","[]"],"returnObjects":["[\"&bE)5\",\"+U\",843,\"H\",714,595,1.7976931348623157e+308]","[\"&bE)5\",\"+U\",843,\"H\",[\",\",\"e\",\"}\"],595,1.7976931348623157e+308]","[]","[]"],"callbackArgs":["{\"0\":\"&bE)5\",\"1\":0,\"2\":[\"&bE)5\",\"+U\",843,\"H\",714,595,1.7976931348623157e+308]}","{\"0\":\"+U\",\"1\":1,\"2\":[\"&bE)5\",\"+U\",843,\"H\",714,595,1.7976931348623157e+308]}","{\"0\":843,\"1\":2,\"2\":[\"&bE)5\",\"+U\",843,\"H\",714,595,1.7976931348623157e+308]}","{\"0\":\"H\",\"1\":3,\"2\":[\"&bE)5\",\"+U\",843,\"H\",714,595,1.7976931348623157e+308]}","{\"0\":714,\"1\":4,\"2\":[\"&bE)5\",\"+U\",843,\"H\",714,595,1.7976931348623157e+308]}","{\"0\":595,\"1\":5,\"2\":[\"&bE)5\",\"+U\",843,\"H\",714,595,1.7976931348623157e+308]}","{\"0\":1.7976931348623157e+308,\"1\":6,\"2\":[\"&bE)5\",\"+U\",843,\"H\",714,595,1.7976931348623157e+308]}","{\"0\":\"&bE)5\",\"1\":0,\"2\":[\"&bE)5\",\"+U\",843,\"H\",714,595,1.7976931348623157e+308]}","{\"0\":\"+U\",\"1\":1,\"2\":[\"&bE)5\",\"+U\",843,\"H\",[\",\",\"e\",\"}\"],595,1.7976931348623157e+308]}","{\"0\":843,\"1\":2,\"2\":[\"&bE)5\",\"+U\",843,\"H\",[\",\",\"e\",\"}\"],595,1.7976931348623157e+308]}","{\"0\":\"H\",\"1\":3,\"2\":[\"&bE)5\",\"+U\",843,\"H\",[\",\",\"e\",\"}\"],595,1.7976931348623157e+308]}","{\"0\":[\",\",\"e\",\"}\"],\"1\":4,\"2\":[\"&bE)5\",\"+U\",843,\"H\",[\",\",\"e\",\"}\"],595,1.7976931348623157e+308]}","{\"0\":595,\"1\":5,\"2\":[\"&bE)5\",\"+U\",843,\"H\",[\",\",\"e\",\"}\"],595,1.7976931348623157e+308]}","{\"0\":1.7976931348623157e+308,\"1\":6,\"2\":[\"&bE)5\",\"+U\",843,\"H\",[\",\",\"e\",\"}\"],595,1.7976931348623157e+308]}","{\"0\":\"&bE)5\",\"1\":0,\"2\":[\"&bE)5\",\"+U\",843,\"H\",714,595,1.7976931348623157e+308]}","{\"0\":\"+U\",\"1\":1,\"2\":[\"&bE)5\",\"+U\",843,\"H\",714,595,1.7976931348623157e+308]}","{\"0\":843,\"1\":2,\"2\":[\"&bE)5\",\"+U\",843,\"H\",714,595,1.7976931348623157e+308]}","{\"0\":\"H\",\"1\":3,\"2\":[\"&bE)5\",\"+U\",843,\"H\",714,595,1.7976931348623157e+308]}","{\"0\":714,\"1\":4,\"2\":[\"&bE)5\",\"+U\",843,\"H\",714,595,1.7976931348623157e+308]}","{\"0\":595,\"1\":5,\"2\":[\"&bE)5\",\"+U\",843,\"H\",714,595,1.7976931348623157e+308]}","{\"0\":1.7976931348623157e+308,\"1\":6,\"2\":[\"&bE)5\",\"+U\",843,\"H\",714,595,1.7976931348623157e+308]}"]}