{"baseObjects":["[\"G\",\"+\",\"l\",893,0,\"Z\",\"d\",{\"607\":\"\",\"\":655,\"c\":\"\",\"Q\":7.776257067157277e+307,\"1.014470064063603e+308\":9.05655961632288e+307,\"C\":213,\"p`(\":\"o\",\"1.2169959034319736e+308\":1.4781653260810665e+308,\"sEz\":783,\"v(:]qM?\":\"\"}]","[\"G\",\"+\",\"l\",893,0,\"Z\",\"d\",\"Ah\"]","[\"G\",[893,100,705,403,969],\"l\",893,0,\"Z\",\"d\",\"Ah\"]","[]"],"returnObjects":["[]","[]","[]","[]"],"callbackArgs":["{\"0\":\"G\",\"1\":0,\"2\":[\"G\",\"+\",\"l\",893,0,\"Z\",\"d\",\"Ah\"]}","{\"0\":\"+\",\"1\":1,\"2\":[\"G\",\"+\",\"l\",893,0,\"Z\",\"d\",{\"607\":\"\",\"\":655,\"c\":\"\",\"Q\":7.776257067157277e+307,\"1.014470064063603e+308\":9.05655961632288e+307,\"C\":213,\"p`(\":\"o\",\"1.2169959034319736e+308\":1.4781653260810665e+308,\"sEz\":783,\"v(:]qM?\":\"\"}]}","{\"0\":\"l\",\"1\":2,\"2\":[\"G\",\"+\",\"l\",893,0,\"Z\",\"d\",{\"607\":\"\",\"\":655,\"c\":\"\",\"Q\":7.776257067157277e+307,\"1.014470064063603e+308\":9.05655961632288e+307,\"C\":213,\"p`(\":\"o\",\"1.2169959034319736e+308\":1.4781653260810665e+308,\"sEz\":783,\"v(:]qM?\":\"\"}]}","{\"0\":893,\"1\":3,\"2\":[\"G\",\"+\",\"l\",893,0,\"Z\",\"d\",{\"607\":\"\",\"\":655,\"c\":\"\",\"Q\":7.776257067157277e+307,\"1.014470064063603e+308\":9.05655961632288e+307,\"C\":213,\"p`(\":\"o\",\"1.2169959034319736e+308\":1.4781653260810665e+308,\"sEz\":783,\"v(:]qM?\":\"\"}]}","{\"0\":0,\"1\":4,\"2\":[\"G\",\"+\",\"l\",893,0,\"Z\",\"d\",{\"607\":\"\",\"\":655,\"c\":\"\",\"Q\":7.776257067157277e+307,\"1.014470064063603e+308\":9.05655961632288e+307,\"C\":213,\"p`(\":\"o\",\"1.2169959034319736e+308\":1.4781653260810665e+308,\"sEz\":783,\"v(:]qM?\":\"\"}]}","{\"0\":\"Z\",\"1\":5,\"2\":[\"G\",\"+\",\"l\",893,0,\"Z\",\"d\",{\"607\":\"\",\"\":655,\"c\":\"\",\"Q\":7.776257067157277e+307,\"1.014470064063603e+308\":9.05655961632288e+307,\"C\":213,\"p`(\":\"o\",\"1.2169959034319736e+308\":1.4781653260810665e+308,\"sEz\":783,\"v(:]qM?\":\"\"}]}","{\"0\":\"d\",\"1\":6,\"2\":[\"G\",\"+\",\"l\",893,0,\"Z\",\"d\",{\"607\":\"\",\"\":655,\"c\":\"\",\"Q\":7.776257067157277e+307,\"1.014470064063603e+308\":9.05655961632288e+307,\"C\":213,\"p`(\":\"o\",\"1.2169959034319736e+308\":1.4781653260810665e+308,\"sEz\":783,\"v(:]qM?\":\"\"}]}","{\"0\":{\"607\":\"\",\"\":655,\"c\":\"\",\"Q\":7.776257067157277e+307,\"1.014470064063603e+308\":9.05655961632288e+307,\"C\":213,\"p`(\":\"o\",\"1.2169959034319736e+308\":1.4781653260810665e+308,\"sEz\":783,\"v(:]qM?\":\"\"},\"1\":7,\"2\":[\"G\",\"+\",\"l\",893,0,\"Z\",\"d\",{\"607\":\"\",\"\":655,\"c\":\"\",\"Q\":7.776257067157277e+307,\"1.014470064063603e+308\":9.05655961632288e+307,\"C\":213,\"p`(\":\"o\",\"1.2169959034319736e+308\":1.4781653260810665e+308,\"sEz\":783,\"v(:]qM?\":\"\"}]}","{\"0\":\"G\",\"1\":0,\"2\":[\"G\",\"+\",\"l\",893,0,\"Z\",\"d\",\"Ah\"]}","{\"0\":\"+\",\"1\":1,\"2\":[\"G\",\"+\",\"l\",893,0,\"Z\",\"d\",\"Ah\"]}","{\"0\":\"l\",\"1\":2,\"2\":[\"G\",\"+\",\"l\",893,0,\"Z\",\"d\",\"Ah\"]}","{\"0\":893,\"1\":3,\"2\":[\"G\",\"+\",\"l\",893,0,\"Z\",\"d\",\"Ah\"]}","{\"0\":0,\"1\":4,\"2\":[\"G\",\"+\",\"l\",893,0,\"Z\",\"d\",\"Ah\"]}","{\"0\":\"Z\",\"1\":5,\"2\":[\"G\",\"+\",\"l\",893,0,\"Z\",\"d\",\"Ah\"]}","{\"0\":\"d\",\"1\":6,\"2\":[\"G\",\"+\",\"l\",893,0,\"Z\",\"d\",\"Ah\"]}","{\"0\":\"Ah\",\"1\":7,\"2\":[\"G\",\"+\",\"l\",893,0,\"Z\",\"d\",\"Ah\"]}","{\"0\":\"G\",\"1\":0,\"2\":[\"G\",\"+\",\"l\",893,0,\"Z\",\"d\",\"Ah\"]}","{\"0\":[893,100,705,403,969],\"1\":1,\"2\":[\"G\",[893,100,705,403,969],\"l\",893,0,\"Z\",\"d\",\"Ah\"]}","{\"0\":\"l\",\"1\":2,\"2\":[\"G\",[893,100,705,403,969],\"l\",893,0,\"Z\",\"d\",\"Ah\"]}","{\"0\":893,\"1\":3,\"2\":[\"G\",[893,100,705,403,969],\"l\",893,0,\"Z\",\"d\",\"Ah\"]}","{\"0\":0,\"1\":4,\"2\":[\"G\",[893,100,705,403,969],\"l\",893,0,\"Z\",\"d\",\"Ah\"]}","{\"0\":\"Z\",\"1\":5,\"2\":[\"G\",[893,100,705,403,969],\"l\",893,0,\"Z\",\"d\",\"Ah\"]}","{\"0\":\"d\",\"1\":6,\"2\":[\"G\",[893,100,705,403,969],\"l\",893,0,\"Z\",\"d\",\"Ah\"]}","{\"0\":\"Ah\",\"1\":7,\"2\":[\"G\",[893,100,705,403,969],\"l\",893,0,\"Z\",\"d\",\"Ah\"]}"]}