{"baseObjects":["[126,\"KE\",1.7976931348623157e+308,122,969,\"@O\",969,\"!v^\",\"``\",\"L\"]","[126,\"KE\",1.7976931348623157e+308,122,969,\"@O\",969,\"!v^\",\"``\",\"L\"]","[126,\"KE\",1.7976931348623157e+308,122,969,\"@O\",969,\"!v^\",\"``\",\"L\"]","[]"],"returnObjects":["[]","[126,\"KE\",1.7976931348623157e+308,122,969,\"@O\",969,\"!v^\",\"``\",\"L\"]","\"Error\"","[]"],"callbackArgs":["{\"0\":126,\"1\":0,\"2\":[126,\"KE\",1.7976931348623157e+308,122,969,\"@O\",969,\"!v^\",\"``\",\"L\"]}","{\"0\":\"KE\",\"1\":1,\"2\":[126,\"KE\",1.7976931348623157e+308,122,969,\"@O\",969,\"!v^\",\"``\",\"L\"]}","{\"0\":1.7976931348623157e+308,\"1\":2,\"2\":[126,\"KE\",1.7976931348623157e+308,122,969,\"@O\",969,\"!v^\",\"``\",\"L\"]}","{\"0\":122,\"1\":3,\"2\":[126,\"KE\",1.7976931348623157e+308,122,969,\"@O\",969,\"!v^\",\"``\",\"L\"]}","{\"0\":969,\"1\":4,\"2\":[126,\"KE\",1.7976931348623157e+308,122,969,\"@O\",969,\"!v^\",\"``\",\"L\"]}","{\"0\":\"@O\",\"1\":5,\"2\":[126,\"KE\",1.7976931348623157e+308,122,969,\"@O\",969,\"!v^\",\"``\",\"L\"]}","{\"0\":969,\"1\":6,\"2\":[126,\"KE\",1.7976931348623157e+308,122,969,\"@O\",969,\"!v^\",\"``\",\"L\"]}","{\"0\":\"!v^\",\"1\":7,\"2\":[126,\"KE\",1.7976931348623157e+308,122,969,\"@O\",969,\"!v^\",\"``\",\"L\"]}","{\"0\":\"``\",\"1\":8,\"2\":[126,\"KE\",1.7976931348623157e+308,122,969,\"@O\",969,\"!v^\",\"``\",\"L\"]}","{\"0\":\"L\",\"1\":9,\"2\":[126,\"KE\",1.7976931348623157e+308,122,969,\"@O\",969,\"!v^\",\"``\",\"L\"]}","{\"0\":126,\"1\":0,\"2\":[126,\"KE\",1.7976931348623157e+308,122,969,\"@O\",969,\"!v^\",\"``\",\"L\"]}","{\"0\":\"KE\",\"1\":1,\"2\":[126,\"KE\",1.7976931348623157e+308,122,969,\"@O\",969,\"!v^\",\"``\",\"L\"]}","{\"0\":1.7976931348623157e+308,\"1\":2,\"2\":[126,\"KE\",1.7976931348623157e+308,122,969,\"@O\",969,\"!v^\",\"``\",\"L\"]}","{\"0\":122,\"1\":3,\"2\":[126,\"KE\",1.7976931348623157e+308,122,969,\"@O\",969,\"!v^\",\"``\",\"L\"]}","{\"0\":969,\"1\":4,\"2\":[126,\"KE\",1.7976931348623157e+308,122,969,\"@O\",969,\"!v^\",\"``\",\"L\"]}","{\"0\":\"@O\",\"1\":5,\"2\":[126,\"KE\",1.7976931348623157e+308,122,969,\"@O\",969,\"!v^\",\"``\",\"L\"]}","{\"0\":969,\"1\":6,\"2\":[126,\"KE\",1.7976931348623157e+308,122,969,\"@O\",969,\"!v^\",\"``\",\"L\"]}","{\"0\":\"!v^\",\"1\":7,\"2\":[126,\"KE\",1.7976931348623157e+308,122,969,\"@O\",969,\"!v^\",\"``\",\"L\"]}","{\"0\":\"``\",\"1\":8,\"2\":[126,\"KE\",1.7976931348623157e+308,122,969,\"@O\",969,\"!v^\",\"``\",\"L\"]}","{\"0\":\"L\",\"1\":9,\"2\":[126,\"KE\",1.7976931348623157e+308,122,969,\"@O\",969,\"!v^\",\"``\",\"L\"]}","{\"0\":126,\"1\":0,\"2\":[126,\"KE\",1.7976931348623157e+308,122,969,\"@O\",969,\"!v^\",\"``\",\"L\"]}"]}