{"baseObjects":["[213,1.7976931348623157e+308,705,714]","[213,1.7976931348623157e+308,705,714]","[213,1.7976931348623157e+308,705,714]","[213,1.7976931348623157e+308,705,714]"],"returnObjects":["[213,1.7976931348623157e+308,705,714]","[]","[]","\"Error\""],"callbackArgs":["{\"0\":213,\"1\":0,\"2\":[213,1.7976931348623157e+308,705,714]}","{\"0\":1.7976931348623157e+308,\"1\":1,\"2\":[213,1.7976931348623157e+308,705,714]}","{\"0\":705,\"1\":2,\"2\":[213,1.7976931348623157e+308,705,714]}","{\"0\":714,\"1\":3,\"2\":[213,1.7976931348623157e+308,705,714]}","{\"0\":213,\"1\":0,\"2\":[213,1.7976931348623157e+308,705,714]}","{\"0\":1.7976931348623157e+308,\"1\":1,\"2\":[213,1.7976931348623157e+308,705,714]}","{\"0\":705,\"1\":2,\"2\":[213,1.7976931348623157e+308,705,714]}","{\"0\":714,\"1\":3,\"2\":[213,1.7976931348623157e+308,705,714]}","{\"0\":213,\"1\":0,\"2\":[213,1.7976931348623157e+308,705,714]}","{\"0\":1.7976931348623157e+308,\"1\":1,\"2\":[213,1.7976931348623157e+308,705,714]}","{\"0\":705,\"1\":2,\"2\":[213,1.7976931348623157e+308,705,714]}","{\"0\":714,\"1\":3,\"2\":[213,1.7976931348623157e+308,705,714]}","{\"0\":213,\"1\":0,\"2\":[213,1.7976931348623157e+308,705,714]}"]}