{"baseObjects":["[213,0,460,5e-324,783,823]","[213,0,460,5e-324,783,823]","[213,0,460,5e-324,783,823]","[213,0,460,5e-324,49,823,null,null,1.0099988129364355e+308]"],"returnObjects":["[]","[]","\"Error\"","[]"],"callbackArgs":["{\"0\":213,\"1\":0,\"2\":[213,0,460,5e-324,783,823]}","{\"0\":0,\"1\":1,\"2\":[213,0,460,5e-324,783,823]}","{\"0\":460,\"1\":2,\"2\":[213,0,460,5e-324,783,823]}","{\"0\":5e-324,\"1\":3,\"2\":[213,0,460,5e-324,783,823]}","{\"0\":783,\"1\":4,\"2\":[213,0,460,5e-324,783,823]}","{\"0\":823,\"1\":5,\"2\":[213,0,460,5e-324,783,823]}","{\"0\":213,\"1\":0,\"2\":[213,0,460,5e-324,783,823]}","{\"0\":0,\"1\":1,\"2\":[213,0,460,5e-324,783,823]}","{\"0\":460,\"1\":2,\"2\":[213,0,460,5e-324,783,823]}","{\"0\":5e-324,\"1\":3,\"2\":[213,0,460,5e-324,783,823]}","{\"0\":783,\"1\":4,\"2\":[213,0,460,5e-324,783,823]}","{\"0\":823,\"1\":5,\"2\":[213,0,460,5e-324,783,823]}","{\"0\":213,\"1\":0,\"2\":[213,0,460,5e-324,783,823]}","{\"0\":0,\"1\":1,\"2\":[213,0,460,5e-324,49,823,null,null,1.0099988129364355e+308]}","{\"0\":460,\"1\":2,\"2\":[213,0,460,5e-324,49,823,null,null,1.0099988129364355e+308]}","{\"0\":5e-324,\"1\":3,\"2\":[213,0,460,5e-324,49,823,null,null,1.0099988129364355e+308]}","{\"0\":49,\"1\":4,\"2\":[213,0,460,5e-324,49,823,null,null,1.0099988129364355e+308]}","{\"0\":823,\"1\":5,\"2\":[213,0,460,5e-324,49,823,null,null,1.0099988129364355e+308]}"]}