{"baseObjects":["[126,1.7976931348623157e+308,126,59,460,403,627,823,-1]","[126,1.7976931348623157e+308,126,59,460,403,627,823,-1]","[126,1.7976931348623157e+308,126,59,460,403,627,823,[213]]","[126,1.7976931348623157e+308,126,59,460,403,627,823,-1]"],"returnObjects":["[]","[]","[126,1.7976931348623157e+308,126,59,460,403,627,823,[213]]","\"Error\""],"callbackArgs":["{\"0\":126,\"1\":0,\"2\":[126,1.7976931348623157e+308,126,59,460,403,627,823,-1]}","{\"0\":1.7976931348623157e+308,\"1\":1,\"2\":[126,1.7976931348623157e+308,126,59,460,403,627,823,-1]}","{\"0\":126,\"1\":2,\"2\":[126,1.7976931348623157e+308,126,59,460,403,627,823,-1]}","{\"0\":59,\"1\":3,\"2\":[126,1.7976931348623157e+308,126,59,460,403,627,823,-1]}","{\"0\":460,\"1\":4,\"2\":[126,1.7976931348623157e+308,126,59,460,403,627,823,-1]}","{\"0\":403,\"1\":5,\"2\":[126,1.7976931348623157e+308,126,59,460,403,627,823,-1]}","{\"0\":627,\"1\":6,\"2\":[126,1.7976931348623157e+308,126,59,460,403,627,823,-1]}","{\"0\":823,\"1\":7,\"2\":[126,1.7976931348623157e+308,126,59,460,403,627,823,-1]}","{\"0\":-1,\"1\":8,\"2\":[126,1.7976931348623157e+308,126,59,460,403,627,823,-1]}","{\"0\":126,\"1\":0,\"2\":[126,1.7976931348623157e+308,126,59,460,403,627,823,-1]}","{\"0\":1.7976931348623157e+308,\"1\":1,\"2\":[126,1.7976931348623157e+308,126,59,460,403,627,823,-1]}","{\"0\":126,\"1\":2,\"2\":[126,1.7976931348623157e+308,126,59,460,403,627,823,-1]}","{\"0\":59,\"1\":3,\"2\":[126,1.7976931348623157e+308,126,59,460,403,627,823,-1]}","{\"0\":460,\"1\":4,\"2\":[126,1.7976931348623157e+308,126,59,460,403,627,823,-1]}","{\"0\":403,\"1\":5,\"2\":[126,1.7976931348623157e+308,126,59,460,403,627,823,-1]}","{\"0\":627,\"1\":6,\"2\":[126,1.7976931348623157e+308,126,59,460,403,627,823,-1]}","{\"0\":823,\"1\":7,\"2\":[126,1.7976931348623157e+308,126,59,460,403,627,823,-1]}","{\"0\":-1,\"1\":8,\"2\":[126,1.7976931348623157e+308,126,59,460,403,627,823,-1]}","{\"0\":126,\"1\":0,\"2\":[126,1.7976931348623157e+308,126,59,460,403,627,823,-1]}","{\"0\":1.7976931348623157e+308,\"1\":1,\"2\":[126,1.7976931348623157e+308,126,59,460,403,627,823,[213]]}","{\"0\":126,\"1\":2,\"2\":[126,1.7976931348623157e+308,126,59,460,403,627,823,[213]]}","{\"0\":59,\"1\":3,\"2\":[126,1.7976931348623157e+308,126,59,460,403,627,823,[213]]}","{\"0\":460,\"1\":4,\"2\":[126,1.7976931348623157e+308,126,59,460,403,627,823,[213]]}","{\"0\":403,\"1\":5,\"2\":[126,1.7976931348623157e+308,126,59,460,403,627,823,[213]]}","{\"0\":627,\"1\":6,\"2\":[126,1.7976931348623157e+308,126,59,460,403,627,823,[213]]}","{\"0\":823,\"1\":7,\"2\":[126,1.7976931348623157e+308,126,59,460,403,627,823,[213]]}","{\"0\":[213],\"1\":8,\"2\":[126,1.7976931348623157e+308,126,59,460,403,627,823,[213]]}","{\"0\":126,\"1\":0,\"2\":[126,1.7976931348623157e+308,126,59,460,403,627,823,-1]}"]}