{"baseObjects":["[655,-1,-100,460,25,783,0]","[655,-1,-100,460,25,783,0,null,null,{\"82\":\"\",\"122\":1.3798915169851753e+308,\"595\":5.152088762033405e+307,\"P\":\"\",\"2.972337957844371e+307\":100,\"\":\"m`D\"}]","[655,-1,-100,460,25,783,0]","[655,-1,-100,460,25,783,0]"],"returnObjects":["[]","[655,-1,-100,460,25,783,0]","\"Error\"","\"Error\""],"callbackArgs":["{\"0\":655,\"1\":0,\"2\":[655,-1,-100,460,25,783,0]}","{\"0\":-1,\"1\":1,\"2\":[655,-1,-100,460,25,783,0]}","{\"0\":-100,\"1\":2,\"2\":[655,-1,-100,460,25,783,0]}","{\"0\":460,\"1\":3,\"2\":[655,-1,-100,460,25,783,0]}","{\"0\":25,\"1\":4,\"2\":[655,-1,-100,460,25,783,0]}","{\"0\":783,\"1\":5,\"2\":[655,-1,-100,460,25,783,0]}","{\"0\":0,\"1\":6,\"2\":[655,-1,-100,460,25,783,0]}","{\"0\":655,\"1\":0,\"2\":[655,-1,-100,460,25,783,0]}","{\"0\":-1,\"1\":1,\"2\":[655,-1,-100,460,25,783,0,null,null,{\"82\":\"\",\"122\":1.3798915169851753e+308,\"595\":5.152088762033405e+307,\"P\":\"\",\"2.972337957844371e+307\":100,\"\":\"m`D\"}]}","{\"0\":-100,\"1\":2,\"2\":[655,-1,-100,460,25,783,0,null,null,{\"82\":\"\",\"122\":1.3798915169851753e+308,\"595\":5.152088762033405e+307,\"P\":\"\",\"2.972337957844371e+307\":100,\"\":\"m`D\"}]}","{\"0\":460,\"1\":3,\"2\":[655,-1,-100,460,25,783,0,null,null,{\"82\":\"\",\"122\":1.3798915169851753e+308,\"595\":5.152088762033405e+307,\"P\":\"\",\"2.972337957844371e+307\":100,\"\":\"m`D\"}]}","{\"0\":25,\"1\":4,\"2\":[655,-1,-100,460,25,783,0,null,null,{\"82\":\"\",\"122\":1.3798915169851753e+308,\"595\":5.152088762033405e+307,\"P\":\"\",\"2.972337957844371e+307\":100,\"\":\"m`D\"}]}","{\"0\":783,\"1\":5,\"2\":[655,-1,-100,460,25,783,0,null,null,{\"82\":\"\",\"122\":1.3798915169851753e+308,\"595\":5.152088762033405e+307,\"P\":\"\",\"2.972337957844371e+307\":100,\"\":\"m`D\"}]}","{\"0\":0,\"1\":6,\"2\":[655,-1,-100,460,25,783,0,null,null,{\"82\":\"\",\"122\":1.3798915169851753e+308,\"595\":5.152088762033405e+307,\"P\":\"\",\"2.972337957844371e+307\":100,\"\":\"m`D\"}]}","{\"0\":655,\"1\":0,\"2\":[655,-1,-100,460,25,783,0]}","{\"0\":655,\"1\":0,\"2\":[655,-1,-100,460,25,783,0]}"]}