{"baseObjects":["[969,1.7976931348623157e+308,82,893,\"<5\"]","[969,1.7976931348623157e+308,82,893,4.671610872042754e+307]","[969,1.7976931348623157e+308,82,893,\"<5\"]","[]"],"returnObjects":["[969,1.7976931348623157e+308,82,893,\"<5\"]","[]","[]","[]"],"callbackArgs":["{\"0\":969,\"1\":0,\"2\":[969,1.7976931348623157e+308,82,893,\"<5\"]}","{\"0\":1.7976931348623157e+308,\"1\":1,\"2\":[969,1.7976931348623157e+308,82,893,\"<5\"]}","{\"0\":82,\"1\":2,\"2\":[969,1.7976931348623157e+308,82,893,\"<5\"]}","{\"0\":893,\"1\":3,\"2\":[969,1.7976931348623157e+308,82,893,\"<5\"]}","{\"0\":\"<5\",\"1\":4,\"2\":[969,1.7976931348623157e+308,82,893,\"<5\"]}","{\"0\":969,\"1\":0,\"2\":[969,1.7976931348623157e+308,82,893,\"<5\"]}","{\"0\":1.7976931348623157e+308,\"1\":1,\"2\":[969,1.7976931348623157e+308,82,893,4.671610872042754e+307]}","{\"0\":82,\"1\":2,\"2\":[969,1.7976931348623157e+308,82,893,4.671610872042754e+307]}","{\"0\":893,\"1\":3,\"2\":[969,1.7976931348623157e+308,82,893,4.671610872042754e+307]}","{\"0\":4.671610872042754e+307,\"1\":4,\"2\":[969,1.7976931348623157e+308,82,893,4.671610872042754e+307]}","{\"0\":969,\"1\":0,\"2\":[969,1.7976931348623157e+308,82,893,\"<5\"]}","{\"0\":1.7976931348623157e+308,\"1\":1,\"2\":[969,1.7976931348623157e+308,82,893,\"<5\"]}","{\"0\":82,\"1\":2,\"2\":[969,1.7976931348623157e+308,82,893,\"<5\"]}","{\"0\":893,\"1\":3,\"2\":[969,1.7976931348623157e+308,82,893,\"<5\"]}","{\"0\":\"<5\",\"1\":4,\"2\":[969,1.7976931348623157e+308,82,893,\"<5\"]}"]}