{"baseObjects":["[\"eE\",\"<T<F\",\"D\",\"S%\",\"11\",\"?\",\"&9z\"]","[\"eE\",\"<T<F\",\"D\",\"S%\",{\"0\":-1,\"59\":\"\",\"242\":655,\"\":595,\"2.702634589961885e+307\":1.7713991511018176e+308,\"u<\":\"\",\"1.2290899610830929e+308\":\"g\",\"-1\":\"Gr\",\"3.068281371054896e+307\":\"[\"},\"?\",\"&9z\",null,{\"100\":823,\"460\":-1,\"U\":\"^\",\"\":\"v|\",\"i\":4.95615371717421e+307,\"7.076248953686722e+307\":6.332052003792544e+307,\"[\":\"\"}]","[]","[\"eE\",\"<T<F\",\"D\",\"S%\",\"11\",\"?\",\"&9z\"]"],"returnObjects":["[]","[]","[]","\"Error\""],"callbackArgs":["{\"0\":\"eE\",\"1\":0,\"2\":[\"eE\",\"<T<F\",\"D\",\"S%\",\"11\",\"?\",\"&9z\"]}","{\"0\":\"<T<F\",\"1\":1,\"2\":[\"eE\",\"<T<F\",\"D\",\"S%\",\"11\",\"?\",\"&9z\"]}","{\"0\":\"D\",\"1\":2,\"2\":[\"eE\",\"<T<F\",\"D\",\"S%\",\"11\",\"?\",\"&9z\"]}","{\"0\":\"S%\",\"1\":3,\"2\":[\"eE\",\"<T<F\",\"D\",\"S%\",\"11\",\"?\",\"&9z\"]}","{\"0\":\"11\",\"1\":4,\"2\":[\"eE\",\"<T<F\",\"D\",\"S%\",\"11\",\"?\",\"&9z\"]}","{\"0\":\"?\",\"1\":5,\"2\":[\"eE\",\"<T<F\",\"D\",\"S%\",\"11\",\"?\",\"&9z\"]}","{\"0\":\"&9z\",\"1\":6,\"2\":[\"eE\",\"<T<F\",\"D\",\"S%\",\"11\",\"?\",\"&9z\"]}","{\"0\":\"eE\",\"1\":0,\"2\":[\"eE\",\"<T<F\",\"D\",\"S%\",\"11\",\"?\",\"&9z\"]}","{\"0\":\"<T<F\",\"1\":1,\"2\":[\"eE\",\"<T<F\",\"D\",\"S%\",{\"0\":-1,\"59\":\"\",\"242\":655,\"\":595,\"2.702634589961885e+307\":1.7713991511018176e+308,\"u<\":\"\",\"1.2290899610830929e+308\":\"g\",\"-1\":\"Gr\",\"3.068281371054896e+307\":\"[\"},\"?\",\"&9z\",null,{\"100\":823,\"460\":-1,\"U\":\"^\",\"\":\"v|\",\"i\":4.95615371717421e+307,\"7.076248953686722e+307\":6.332052003792544e+307,\"[\":\"\"}]}","{\"0\":\"D\",\"1\":2,\"2\":[\"eE\",\"<T<F\",\"D\",\"S%\",{\"0\":-1,\"59\":\"\",\"242\":655,\"\":595,\"2.702634589961885e+307\":1.7713991511018176e+308,\"u<\":\"\",\"1.2290899610830929e+308\":\"g\",\"-1\":\"Gr\",\"3.068281371054896e+307\":\"[\"},\"?\",\"&9z\",null,{\"100\":823,\"460\":-1,\"U\":\"^\",\"\":\"v|\",\"i\":4.95615371717421e+307,\"7.076248953686722e+307\":6.332052003792544e+307,\"[\":\"\"}]}","{\"0\":\"S%\",\"1\":3,\"2\":[\"eE\",\"<T<F\",\"D\",\"S%\",{\"0\":-1,\"59\":\"\",\"242\":655,\"\":595,\"2.702634589961885e+307\":1.7713991511018176e+308,\"u<\":\"\",\"1.2290899610830929e+308\":\"g\",\"-1\":\"Gr\",\"3.068281371054896e+307\":\"[\"},\"?\",\"&9z\",null,{\"100\":823,\"460\":-1,\"U\":\"^\",\"\":\"v|\",\"i\":4.95615371717421e+307,\"7.076248953686722e+307\":6.332052003792544e+307,\"[\":\"\"}]}","{\"0\":{\"0\":-1,\"59\":\"\",\"242\":655,\"\":595,\"2.702634589961885e+307\":1.7713991511018176e+308,\"u<\":\"\",\"1.2290899610830929e+308\":\"g\",\"-1\":\"Gr\",\"3.068281371054896e+307\":\"[\"},\"1\":4,\"2\":[\"eE\",\"<T<F\",\"D\",\"S%\",{\"0\":-1,\"59\":\"\",\"242\":655,\"\":595,\"2.702634589961885e+307\":1.7713991511018176e+308,\"u<\":\"\",\"1.2290899610830929e+308\":\"g\",\"-1\":\"Gr\",\"3.068281371054896e+307\":\"[\"},\"?\",\"&9z\",null,{\"100\":823,\"460\":-1,\"U\":\"^\",\"\":\"v|\",\"i\":4.95615371717421e+307,\"7.076248953686722e+307\":6.332052003792544e+307,\"[\":\"\"}]}","{\"0\":\"?\",\"1\":5,\"2\":[\"eE\",\"<T<F\",\"D\",\"S%\",{\"0\":-1,\"59\":\"\",\"242\":655,\"\":595,\"2.702634589961885e+307\":1.7713991511018176e+308,\"u<\":\"\",\"1.2290899610830929e+308\":\"g\",\"-1\":\"Gr\",\"3.068281371054896e+307\":\"[\"},\"?\",\"&9z\",null,{\"100\":823,\"460\":-1,\"U\":\"^\",\"\":\"v|\",\"i\":4.95615371717421e+307,\"7.076248953686722e+307\":6.332052003792544e+307,\"[\":\"\"}]}","{\"0\":\"&9z\",\"1\":6,\"2\":[\"eE\",\"<T<F\",\"D\",\"S%\",{\"0\":-1,\"59\":\"\",\"242\":655,\"\":595,\"2.702634589961885e+307\":1.7713991511018176e+308,\"u<\":\"\",\"1.2290899610830929e+308\":\"g\",\"-1\":\"Gr\",\"3.068281371054896e+307\":\"[\"},\"?\",\"&9z\",null,{\"100\":823,\"460\":-1,\"U\":\"^\",\"\":\"v|\",\"i\":4.95615371717421e+307,\"7.076248953686722e+307\":6.332052003792544e+307,\"[\":\"\"}]}","{\"0\":\"eE\",\"1\":0,\"2\":[\"eE\",\"<T<F\",\"D\",\"S%\",\"11\",\"?\",\"&9z\"]}"]}