{"baseObjects":["[\"P\",5e-324,\"!J\",126,823]","[\"P\",5e-324,\"!J\",126,null,null,{\"2\":618,\"627\":\"\",\"655\":\"\",\"1.519329300741133e+308\":\"j1\",\"\":1.585340262681923e+308,\"-1\":\"\",\"1.1665178431473182e+308\":126,\"1.7320073382810557e+308\":1.75273847064817e+308,\",\":\"\",\"1.3525734672468675e+308\":4.1249855321716053e+307},1.4340775508811218e+308]","[]","[]"],"returnObjects":["[]","[\"P\",5e-324,\"!J\",126,null]","[]","[]"],"callbackArgs":["{\"0\":\"P\",\"1\":0,\"2\":[\"P\",5e-324,\"!J\",126,823]}","{\"0\":5e-324,\"1\":1,\"2\":[\"P\",5e-324,\"!J\",126,823]}","{\"0\":\"!J\",\"1\":2,\"2\":[\"P\",5e-324,\"!J\",126,823]}","{\"0\":126,\"1\":3,\"2\":[\"P\",5e-324,\"!J\",126,823]}","{\"0\":823,\"1\":4,\"2\":[\"P\",5e-324,\"!J\",126,823]}","{\"0\":\"P\",\"1\":0,\"2\":[\"P\",5e-324,\"!J\",126,823]}","{\"0\":5e-324,\"1\":1,\"2\":[\"P\",5e-324,\"!J\",126,null,null,{\"2\":618,\"627\":\"\",\"655\":\"\",\"1.519329300741133e+308\":\"j1\",\"\":1.585340262681923e+308,\"-1\":\"\",\"1.1665178431473182e+308\":126,\"1.7320073382810557e+308\":1.75273847064817e+308,\",\":\"\",\"1.3525734672468675e+308\":4.1249855321716053e+307},1.4340775508811218e+308]}","{\"0\":\"!J\",\"1\":2,\"2\":[\"P\",5e-324,\"!J\",126,null,null,{\"2\":618,\"627\":\"\",\"655\":\"\",\"1.519329300741133e+308\":\"j1\",\"\":1.585340262681923e+308,\"-1\":\"\",\"1.1665178431473182e+308\":126,\"1.7320073382810557e+308\":1.75273847064817e+308,\",\":\"\",\"1.3525734672468675e+308\":4.1249855321716053e+307},1.4340775508811218e+308]}","{\"0\":126,\"1\":3,\"2\":[\"P\",5e-324,\"!J\",126,null,null,{\"2\":618,\"627\":\"\",\"655\":\"\",\"1.519329300741133e+308\":\"j1\",\"\":1.585340262681923e+308,\"-1\":\"\",\"1.1665178431473182e+308\":126,\"1.7320073382810557e+308\":1.75273847064817e+308,\",\":\"\",\"1.3525734672468675e+308\":4.1249855321716053e+307},1.4340775508811218e+308]}","{\"0\":null,\"1\":4,\"2\":[\"P\",5e-324,\"!J\",126,null,null,{\"2\":618,\"627\":\"\",\"655\":\"\",\"1.519329300741133e+308\":\"j1\",\"\":1.585340262681923e+308,\"-1\":\"\",\"1.1665178431473182e+308\":126,\"1.7320073382810557e+308\":1.75273847064817e+308,\",\":\"\",\"1.3525734672468675e+308\":4.1249855321716053e+307},1.4340775508811218e+308]}"]}