{"baseObjects":["[0,607,618,595,{\"100\":\"\",\"893\":627,\"\":\"\",\"+\":\"\",\",\":\"\",\"MU\":\"Zg\",\"f\":\"\"},1.7976931348623157e+308,823,618,1.3369161644775293e+308]","[0,607,{\"25\":1.7896424044035328e+308,\"49\":843,\"126\":\"3-o\",\"\":\"\",\"1.4120152067033575e+308\":\"R\",\"=\":\"\",\"R\":\"\",\"MO\":6.978165069380095e+306,\"z\":\"\"},595,893,1.7976931348623157e+308,823,618]","[]","[]"],"returnObjects":["[{\"100\":\"\",\"893\":627,\"\":\"\",\"+\":\"\",\",\":\"\",\"MU\":\"Zg\",\"f\":\"\"}]","[]","[]","[]"],"callbackArgs":["{\"0\":0,\"1\":0,\"2\":[0,607,618,595,893,1.7976931348623157e+308,823,618]}","{\"0\":607,\"1\":1,\"2\":[0,607,618,595,{\"100\":\"\",\"893\":627,\"\":\"\",\"+\":\"\",\",\":\"\",\"MU\":\"Zg\",\"f\":\"\"},1.7976931348623157e+308,823,618,1.3369161644775293e+308]}","{\"0\":618,\"1\":2,\"2\":[0,607,618,595,{\"100\":\"\",\"893\":627,\"\":\"\",\"+\":\"\",\",\":\"\",\"MU\":\"Zg\",\"f\":\"\"},1.7976931348623157e+308,823,618,1.3369161644775293e+308]}","{\"0\":595,\"1\":3,\"2\":[0,607,618,595,{\"100\":\"\",\"893\":627,\"\":\"\",\"+\":\"\",\",\":\"\",\"MU\":\"Zg\",\"f\":\"\"},1.7976931348623157e+308,823,618,1.3369161644775293e+308]}","{\"0\":{\"100\":\"\",\"893\":627,\"\":\"\",\"+\":\"\",\",\":\"\",\"MU\":\"Zg\",\"f\":\"\"},\"1\":4,\"2\":[0,607,618,595,{\"100\":\"\",\"893\":627,\"\":\"\",\"+\":\"\",\",\":\"\",\"MU\":\"Zg\",\"f\":\"\"},1.7976931348623157e+308,823,618,1.3369161644775293e+308]}","{\"0\":1.7976931348623157e+308,\"1\":5,\"2\":[0,607,618,595,{\"100\":\"\",\"893\":627,\"\":\"\",\"+\":\"\",\",\":\"\",\"MU\":\"Zg\",\"f\":\"\"},1.7976931348623157e+308,823,618,1.3369161644775293e+308]}","{\"0\":823,\"1\":6,\"2\":[0,607,618,595,{\"100\":\"\",\"893\":627,\"\":\"\",\"+\":\"\",\",\":\"\",\"MU\":\"Zg\",\"f\":\"\"},1.7976931348623157e+308,823,618,1.3369161644775293e+308]}","{\"0\":618,\"1\":7,\"2\":[0,607,618,595,{\"100\":\"\",\"893\":627,\"\":\"\",\"+\":\"\",\",\":\"\",\"MU\":\"Zg\",\"f\":\"\"},1.7976931348623157e+308,823,618,1.3369161644775293e+308]}","{\"0\":0,\"1\":0,\"2\":[0,607,618,595,893,1.7976931348623157e+308,823,618]}","{\"0\":607,\"1\":1,\"2\":[0,607,{\"25\":1.7896424044035328e+308,\"49\":843,\"126\":\"3-o\",\"\":\"\",\"1.4120152067033575e+308\":\"R\",\"=\":\"\",\"R\":\"\",\"MO\":6.978165069380095e+306,\"z\":\"\"},595,893,1.7976931348623157e+308,823,618]}","{\"0\":{\"25\":1.7896424044035328e+308,\"49\":843,\"126\":\"3-o\",\"\":\"\",\"1.4120152067033575e+308\":\"R\",\"=\":\"\",\"R\":\"\",\"MO\":6.978165069380095e+306,\"z\":\"\"},\"1\":2,\"2\":[0,607,{\"25\":1.7896424044035328e+308,\"49\":843,\"126\":\"3-o\",\"\":\"\",\"1.4120152067033575e+308\":\"R\",\"=\":\"\",\"R\":\"\",\"MO\":6.978165069380095e+306,\"z\":\"\"},595,893,1.7976931348623157e+308,823,618]}","{\"0\":595,\"1\":3,\"2\":[0,607,{\"25\":1.7896424044035328e+308,\"49\":843,\"126\":\"3-o\",\"\":\"\",\"1.4120152067033575e+308\":\"R\",\"=\":\"\",\"R\":\"\",\"MO\":6.978165069380095e+306,\"z\":\"\"},595,893,1.7976931348623157e+308,823,618]}","{\"0\":893,\"1\":4,\"2\":[0,607,{\"25\":1.7896424044035328e+308,\"49\":843,\"126\":\"3-o\",\"\":\"\",\"1.4120152067033575e+308\":\"R\",\"=\":\"\",\"R\":\"\",\"MO\":6.978165069380095e+306,\"z\":\"\"},595,893,1.7976931348623157e+308,823,618]}","{\"0\":1.7976931348623157e+308,\"1\":5,\"2\":[0,607,{\"25\":1.7896424044035328e+308,\"49\":843,\"126\":\"3-o\",\"\":\"\",\"1.4120152067033575e+308\":\"R\",\"=\":\"\",\"R\":\"\",\"MO\":6.978165069380095e+306,\"z\":\"\"},595,893,1.7976931348623157e+308,823,618]}","{\"0\":823,\"1\":6,\"2\":[0,607,{\"25\":1.7896424044035328e+308,\"49\":843,\"126\":\"3-o\",\"\":\"\",\"1.4120152067033575e+308\":\"R\",\"=\":\"\",\"R\":\"\",\"MO\":6.978165069380095e+306,\"z\":\"\"},595,893,1.7976931348623157e+308,823,618]}","{\"0\":618,\"1\":7,\"2\":[0,607,{\"25\":1.7896424044035328e+308,\"49\":843,\"126\":\"3-o\",\"\":\"\",\"1.4120152067033575e+308\":\"R\",\"=\":\"\",\"R\":\"\",\"MO\":6.978165069380095e+306,\"z\":\"\"},595,893,1.7976931348623157e+308,823,618]}"]}