{"baseObjects":["[\"Nm;\",\"[V\",157,969,\"-[J_W\",893,157,607,\"-\",\"\"]","[\"Nm;\",\"[V\",157,969,\"-[J_W\",893,157,607,\"-\"]","[1.7561811752506442e+308,\"[V\",157,969,\"-[J_W\",893,157,607,\"-\"]","[null,\"[V\",157,969,\"-[J_W\",893,157,607,\"-\"]"],"returnObjects":["\"Error\"","[]","[]","[]"],"callbackArgs":["{\"0\":\"Nm;\",\"1\":0,\"2\":[\"Nm;\",\"[V\",157,969,\"-[J_W\",893,157,607,\"-\"]}","{\"0\":\"Nm;\",\"1\":0,\"2\":[\"Nm;\",\"[V\",157,969,\"-[J_W\",893,157,607,\"-\"]}","{\"0\":\"[V\",\"1\":1,\"2\":[\"Nm;\",\"[V\",157,969,\"-[J_W\",893,157,607,\"-\"]}","{\"0\":157,\"1\":2,\"2\":[\"Nm;\",\"[V\",157,969,\"-[J_W\",893,157,607,\"-\"]}","{\"0\":969,\"1\":3,\"2\":[\"Nm;\",\"[V\",157,969,\"-[J_W\",893,157,607,\"-\"]}","{\"0\":\"-[J_W\",\"1\":4,\"2\":[\"Nm;\",\"[V\",157,969,\"-[J_W\",893,157,607,\"-\"]}","{\"0\":893,\"1\":5,\"2\":[\"Nm;\",\"[V\",157,969,\"-[J_W\",893,157,607,\"-\"]}","{\"0\":157,\"1\":6,\"2\":[\"Nm;\",\"[V\",157,969,\"-[J_W\",893,157,607,\"-\"]}","{\"0\":607,\"1\":7,\"2\":[\"Nm;\",\"[V\",157,969,\"-[J_W\",893,157,607,\"-\"]}","{\"0\":\"-\",\"1\":8,\"2\":[\"Nm;\",\"[V\",157,969,\"-[J_W\",893,157,607,\"-\"]}","{\"0\":\"Nm;\",\"1\":0,\"2\":[\"Nm;\",\"[V\",157,969,\"-[J_W\",893,157,607,\"-\"]}","{\"0\":\"[V\",\"1\":1,\"2\":[1.7561811752506442e+308,\"[V\",157,969,\"-[J_W\",893,157,607,\"-\"]}","{\"0\":157,\"1\":2,\"2\":[1.7561811752506442e+308,\"[V\",157,969,\"-[J_W\",893,157,607,\"-\"]}","{\"0\":969,\"1\":3,\"2\":[1.7561811752506442e+308,\"[V\",157,969,\"-[J_W\",893,157,607,\"-\"]}","{\"0\":\"-[J_W\",\"1\":4,\"2\":[1.7561811752506442e+308,\"[V\",157,969,\"-[J_W\",893,157,607,\"-\"]}","{\"0\":893,\"1\":5,\"2\":[1.7561811752506442e+308,\"[V\",157,969,\"-[J_W\",893,157,607,\"-\"]}","{\"0\":157,\"1\":6,\"2\":[1.7561811752506442e+308,\"[V\",157,969,\"-[J_W\",893,157,607,\"-\"]}","{\"0\":607,\"1\":7,\"2\":[1.7561811752506442e+308,\"[V\",157,969,\"-[J_W\",893,157,607,\"-\"]}","{\"0\":\"-\",\"1\":8,\"2\":[1.7561811752506442e+308,\"[V\",157,969,\"-[J_W\",893,157,607,\"-\"]}","{\"0\":\"Nm;\",\"1\":0,\"2\":[\"Nm;\",\"[V\",157,969,\"-[J_W\",893,157,607,\"-\"]}","{\"0\":\"[V\",\"1\":1,\"2\":[null,\"[V\",157,969,\"-[J_W\",893,157,607,\"-\"]}","{\"0\":157,\"1\":2,\"2\":[null,\"[V\",157,969,\"-[J_W\",893,157,607,\"-\"]}","{\"0\":969,\"1\":3,\"2\":[null,\"[V\",157,969,\"-[J_W\",893,157,607,\"-\"]}","{\"0\":\"-[J_W\",\"1\":4,\"2\":[null,\"[V\",157,969,\"-[J_W\",893,157,607,\"-\"]}","{\"0\":893,\"1\":5,\"2\":[null,\"[V\",157,969,\"-[J_W\",893,157,607,\"-\"]}","{\"0\":157,\"1\":6,\"2\":[null,\"[V\",157,969,\"-[J_W\",893,157,607,\"-\"]}","{\"0\":607,\"1\":7,\"2\":[null,\"[V\",157,969,\"-[J_W\",893,157,607,\"-\"]}","{\"0\":\"-\",\"1\":8,\"2\":[null,\"[V\",157,969,\"-[J_W\",893,157,607,\"-\"]}"]}