{"baseObjects":["[783,893,122,618,1.7976931348623157e+308,-100]","[783,893,122,618,1.7976931348623157e+308,-100]","[783,893,122,618,1.7976931348623157e+308,-100,714]","[783,893,122,618,1.7976931348623157e+308,-100]"],"returnObjects":["\"Error\"","\"Error\"","[]","\"Error\""],"callbackArgs":["{\"0\":783,\"1\":0,\"2\":[783,893,122,618,1.7976931348623157e+308,-100]}","{\"0\":783,\"1\":0,\"2\":[783,893,122,618,1.7976931348623157e+308,-100]}","{\"0\":783,\"1\":0,\"2\":[783,893,122,618,1.7976931348623157e+308,-100]}","{\"0\":893,\"1\":1,\"2\":[783,893,122,618,1.7976931348623157e+308,-100,714]}","{\"0\":122,\"1\":2,\"2\":[783,893,122,618,1.7976931348623157e+308,-100,714]}","{\"0\":618,\"1\":3,\"2\":[783,893,122,618,1.7976931348623157e+308,-100,714]}","{\"0\":1.7976931348623157e+308,\"1\":4,\"2\":[783,893,122,618,1.7976931348623157e+308,-100,714]}","{\"0\":-100,\"1\":5,\"2\":[783,893,122,618,1.7976931348623157e+308,-100,714]}","{\"0\":783,\"1\":0,\"2\":[783,893,122,618,1.7976931348623157e+308,-100]}"]}