{"baseObjects":["[100,783,5e-324,25,49,-100,460]","[100,783,5e-324,25,49,null,460,null,9.43278060930765e+307]","[100,783,5e-324,25,49,-100,460]","[100,783,5e-324,25,49,-100,460]"],"returnObjects":["[]","[100,783,5e-324,25,49,null,460]","\"Error\"","[]"],"callbackArgs":["{\"0\":100,\"1\":0,\"2\":[100,783,5e-324,25,49,-100,460]}","{\"0\":783,\"1\":1,\"2\":[100,783,5e-324,25,49,-100,460]}","{\"0\":5e-324,\"1\":2,\"2\":[100,783,5e-324,25,49,-100,460]}","{\"0\":25,\"1\":3,\"2\":[100,783,5e-324,25,49,-100,460]}","{\"0\":49,\"1\":4,\"2\":[100,783,5e-324,25,49,-100,460]}","{\"0\":-100,\"1\":5,\"2\":[100,783,5e-324,25,49,-100,460]}","{\"0\":460,\"1\":6,\"2\":[100,783,5e-324,25,49,-100,460]}","{\"0\":100,\"1\":0,\"2\":[100,783,5e-324,25,49,-100,460]}","{\"0\":783,\"1\":1,\"2\":[100,783,5e-324,25,49,null,460,null,9.43278060930765e+307]}","{\"0\":5e-324,\"1\":2,\"2\":[100,783,5e-324,25,49,null,460,null,9.43278060930765e+307]}","{\"0\":25,\"1\":3,\"2\":[100,783,5e-324,25,49,null,460,null,9.43278060930765e+307]}","{\"0\":49,\"1\":4,\"2\":[100,783,5e-324,25,49,null,460,null,9.43278060930765e+307]}","{\"0\":null,\"1\":5,\"2\":[100,783,5e-324,25,49,null,460,null,9.43278060930765e+307]}","{\"0\":460,\"1\":6,\"2\":[100,783,5e-324,25,49,null,460,null,9.43278060930765e+307]}","{\"0\":100,\"1\":0,\"2\":[100,783,5e-324,25,49,-100,460]}","{\"0\":100,\"1\":0,\"2\":[100,783,5e-324,25,49,-100,460]}","{\"0\":783,\"1\":1,\"2\":[100,783,5e-324,25,49,-100,460]}","{\"0\":5e-324,\"1\":2,\"2\":[100,783,5e-324,25,49,-100,460]}","{\"0\":25,\"1\":3,\"2\":[100,783,5e-324,25,49,-100,460]}","{\"0\":49,\"1\":4,\"2\":[100,783,5e-324,25,49,-100,460]}","{\"0\":-100,\"1\":5,\"2\":[100,783,5e-324,25,49,-100,460]}","{\"0\":460,\"1\":6,\"2\":[100,783,5e-324,25,49,-100,460]}"]}