{"baseObjects":["[213,\"e\",\"B\",\"d\",969,\"+\",8.469531716576597e+306,705,\"V\"]","[213,{\"a\":1.2908498570980348e+308,\"z+7\":1.414936744240706e+308},\"B\",null,969,\"+\",\"Ra[\",705,\"V\"]","[]","[213,\"e\",\"B\",\"d\",969,\"+\",\"Ra[\",705,\"V\"]"],"returnObjects":["\"Error\"","[]","[]","[]"],"callbackArgs":["{\"0\":213,\"1\":0,\"2\":[213,\"e\",\"B\",\"d\",969,\"+\",\"Ra[\",705,\"V\"]}","{\"0\":213,\"1\":0,\"2\":[213,\"e\",\"B\",\"d\",969,\"+\",\"Ra[\",705,\"V\"]}","{\"0\":{\"a\":1.2908498570980348e+308,\"z+7\":1.414936744240706e+308},\"1\":1,\"2\":[213,{\"a\":1.2908498570980348e+308,\"z+7\":1.414936744240706e+308},\"B\",null,969,\"+\",\"Ra[\",705,\"V\"]}","{\"0\":\"B\",\"1\":2,\"2\":[213,{\"a\":1.2908498570980348e+308,\"z+7\":1.414936744240706e+308},\"B\",null,969,\"+\",\"Ra[\",705,\"V\"]}","{\"0\":null,\"1\":3,\"2\":[213,{\"a\":1.2908498570980348e+308,\"z+7\":1.414936744240706e+308},\"B\",null,969,\"+\",\"Ra[\",705,\"V\"]}","{\"0\":969,\"1\":4,\"2\":[213,{\"a\":1.2908498570980348e+308,\"z+7\":1.414936744240706e+308},\"B\",null,969,\"+\",\"Ra[\",705,\"V\"]}","{\"0\":\"+\",\"1\":5,\"2\":[213,{\"a\":1.2908498570980348e+308,\"z+7\":1.414936744240706e+308},\"B\",null,969,\"+\",\"Ra[\",705,\"V\"]}","{\"0\":\"Ra[\",\"1\":6,\"2\":[213,{\"a\":1.2908498570980348e+308,\"z+7\":1.414936744240706e+308},\"B\",null,969,\"+\",\"Ra[\",705,\"V\"]}","{\"0\":705,\"1\":7,\"2\":[213,{\"a\":1.2908498570980348e+308,\"z+7\":1.414936744240706e+308},\"B\",null,969,\"+\",\"Ra[\",705,\"V\"]}","{\"0\":\"V\",\"1\":8,\"2\":[213,{\"a\":1.2908498570980348e+308,\"z+7\":1.414936744240706e+308},\"B\",null,969,\"+\",\"Ra[\",705,\"V\"]}","{\"0\":213,\"1\":0,\"2\":[213,\"e\",\"B\",\"d\",969,\"+\",\"Ra[\",705,\"V\"]}","{\"0\":\"e\",\"1\":1,\"2\":[213,\"e\",\"B\",\"d\",969,\"+\",\"Ra[\",705,\"V\"]}","{\"0\":\"B\",\"1\":2,\"2\":[213,\"e\",\"B\",\"d\",969,\"+\",\"Ra[\",705,\"V\"]}","{\"0\":\"d\",\"1\":3,\"2\":[213,\"e\",\"B\",\"d\",969,\"+\",\"Ra[\",705,\"V\"]}","{\"0\":969,\"1\":4,\"2\":[213,\"e\",\"B\",\"d\",969,\"+\",\"Ra[\",705,\"V\"]}","{\"0\":\"+\",\"1\":5,\"2\":[213,\"e\",\"B\",\"d\",969,\"+\",\"Ra[\",705,\"V\"]}","{\"0\":\"Ra[\",\"1\":6,\"2\":[213,\"e\",\"B\",\"d\",969,\"+\",\"Ra[\",705,\"V\"]}","{\"0\":705,\"1\":7,\"2\":[213,\"e\",\"B\",\"d\",969,\"+\",\"Ra[\",705,\"V\"]}","{\"0\":\"V\",\"1\":8,\"2\":[213,\"e\",\"B\",\"d\",969,\"+\",\"Ra[\",705,\"V\"]}"]}