{"baseObjects":["[126,126]","[126,126]","[126,126,null,null,null,null,null,[\"T:#\",403,1.7976931348623157e+308,126,\"Hd\",843,\"M\"]]","[]"],"returnObjects":["[]","[]","[126,126]","[]"],"callbackArgs":["{\"0\":126,\"1\":0,\"2\":[126,126]}","{\"0\":126,\"1\":1,\"2\":[126,126]}","{\"0\":126,\"1\":0,\"2\":[126,126]}","{\"0\":126,\"1\":1,\"2\":[126,126]}","{\"0\":126,\"1\":0,\"2\":[126,126]}","{\"0\":126,\"1\":1,\"2\":[126,126,null,null,null,null,null,[\"T:#\",403,1.7976931348623157e+308,126,\"Hd\",843,\"M\"]]}"]}