{"baseObjects":["[618,893,705,126,[655,1.7976931348623157e+308,460,122,0,783,82,823,714,403],242,823,213]","[618,893,705,126,213,242,823,213]","[]","[]"],"returnObjects":["[]","[]","[]","[]"],"callbackArgs":["{\"0\":618,\"1\":0,\"2\":[618,893,705,126,213,242,823,213]}","{\"0\":893,\"1\":1,\"2\":[618,893,705,126,[655,1.7976931348623157e+308,460,122,0,783,82,823,714,403],242,823,213]}","{\"0\":705,\"1\":2,\"2\":[618,893,705,126,[655,1.7976931348623157e+308,460,122,0,783,82,823,714,403],242,823,213]}","{\"0\":126,\"1\":3,\"2\":[618,893,705,126,[655,1.7976931348623157e+308,460,122,0,783,82,823,714,403],242,823,213]}","{\"0\":[655,1.7976931348623157e+308,460,122,0,783,82,823,714,403],\"1\":4,\"2\":[618,893,705,126,[655,1.7976931348623157e+308,460,122,0,783,82,823,714,403],242,823,213]}","{\"0\":242,\"1\":5,\"2\":[618,893,705,126,[655,1.7976931348623157e+308,460,122,0,783,82,823,714,403],242,823,213]}","{\"0\":823,\"1\":6,\"2\":[618,893,705,126,[655,1.7976931348623157e+308,460,122,0,783,82,823,714,403],242,823,213]}","{\"0\":213,\"1\":7,\"2\":[618,893,705,126,[655,1.7976931348623157e+308,460,122,0,783,82,823,714,403],242,823,213]}","{\"0\":618,\"1\":0,\"2\":[618,893,705,126,213,242,823,213]}","{\"0\":893,\"1\":1,\"2\":[618,893,705,126,213,242,823,213]}","{\"0\":705,\"1\":2,\"2\":[618,893,705,126,213,242,823,213]}","{\"0\":126,\"1\":3,\"2\":[618,893,705,126,213,242,823,213]}","{\"0\":213,\"1\":4,\"2\":[618,893,705,126,213,242,823,213]}","{\"0\":242,\"1\":5,\"2\":[618,893,705,126,213,242,823,213]}","{\"0\":823,\"1\":6,\"2\":[618,893,705,126,213,242,823,213]}","{\"0\":213,\"1\":7,\"2\":[618,893,705,126,213,242,823,213]}"]}