{"baseObjects":["[655,843,705,-1,213]","[655,{\"3\":823,\"100\":1.2161948118838115e+308,\"618\":\"Z\",\"783\":1.6619409595152823e+308,\"\":1.6170492974521074e+308,\"-1\":1.487561527825731e+308,\"mr|;\":\"b\",\"5.893849174545687e+307\":\"\",\"X\":\"\"},705,-1,213]","\"\"","[655,843,705,-1,213]"],"returnObjects":["\"Error\"","[655,{\"3\":823,\"100\":1.2161948118838115e+308,\"618\":\"Z\",\"783\":1.6619409595152823e+308,\"\":1.6170492974521074e+308,\"-1\":1.487561527825731e+308,\"mr|;\":\"b\",\"5.893849174545687e+307\":\"\",\"X\":\"\"},705,-1,213]","[]","[655,843,705,-1,213]"],"callbackArgs":["{\"0\":655,\"1\":0,\"2\":[655,843,705,-1,213]}","{\"0\":655,\"1\":0,\"2\":[655,843,705,-1,213]}","{\"0\":{\"3\":823,\"100\":1.2161948118838115e+308,\"618\":\"Z\",\"783\":1.6619409595152823e+308,\"\":1.6170492974521074e+308,\"-1\":1.487561527825731e+308,\"mr|;\":\"b\",\"5.893849174545687e+307\":\"\",\"X\":\"\"},\"1\":1,\"2\":[655,{\"3\":823,\"100\":1.2161948118838115e+308,\"618\":\"Z\",\"783\":1.6619409595152823e+308,\"\":1.6170492974521074e+308,\"-1\":1.487561527825731e+308,\"mr|;\":\"b\",\"5.893849174545687e+307\":\"\",\"X\":\"\"},705,-1,213]}","{\"0\":705,\"1\":2,\"2\":[655,{\"3\":823,\"100\":1.2161948118838115e+308,\"618\":\"Z\",\"783\":1.6619409595152823e+308,\"\":1.6170492974521074e+308,\"-1\":1.487561527825731e+308,\"mr|;\":\"b\",\"5.893849174545687e+307\":\"\",\"X\":\"\"},705,-1,213]}","{\"0\":-1,\"1\":3,\"2\":[655,{\"3\":823,\"100\":1.2161948118838115e+308,\"618\":\"Z\",\"783\":1.6619409595152823e+308,\"\":1.6170492974521074e+308,\"-1\":1.487561527825731e+308,\"mr|;\":\"b\",\"5.893849174545687e+307\":\"\",\"X\":\"\"},705,-1,213]}","{\"0\":213,\"1\":4,\"2\":[655,{\"3\":823,\"100\":1.2161948118838115e+308,\"618\":\"Z\",\"783\":1.6619409595152823e+308,\"\":1.6170492974521074e+308,\"-1\":1.487561527825731e+308,\"mr|;\":\"b\",\"5.893849174545687e+307\":\"\",\"X\":\"\"},705,-1,213]}","{\"0\":655,\"1\":0,\"2\":[655,{\"3\":823,\"100\":1.2161948118838115e+308,\"618\":\"Z\",\"783\":1.6619409595152823e+308,\"\":1.6170492974521074e+308,\"-1\":1.487561527825731e+308,\"mr|;\":\"b\",\"5.893849174545687e+307\":\"\",\"X\":\"\"},705,-1,213]}","{\"0\":{\"3\":823,\"100\":1.2161948118838115e+308,\"618\":\"Z\",\"783\":1.6619409595152823e+308,\"\":1.6170492974521074e+308,\"-1\":1.487561527825731e+308,\"mr|;\":\"b\",\"5.893849174545687e+307\":\"\",\"X\":\"\"},\"1\":1,\"2\":[655,{\"3\":823,\"100\":1.2161948118838115e+308,\"618\":\"Z\",\"783\":1.6619409595152823e+308,\"\":1.6170492974521074e+308,\"-1\":1.487561527825731e+308,\"mr|;\":\"b\",\"5.893849174545687e+307\":\"\",\"X\":\"\"},705,-1,213]}","{\"0\":705,\"1\":2,\"2\":[655,{\"3\":823,\"100\":1.2161948118838115e+308,\"618\":\"Z\",\"783\":1.6619409595152823e+308,\"\":1.6170492974521074e+308,\"-1\":1.487561527825731e+308,\"mr|;\":\"b\",\"5.893849174545687e+307\":\"\",\"X\":\"\"},705,-1,213]}","{\"0\":-1,\"1\":3,\"2\":[655,{\"3\":823,\"100\":1.2161948118838115e+308,\"618\":\"Z\",\"783\":1.6619409595152823e+308,\"\":1.6170492974521074e+308,\"-1\":1.487561527825731e+308,\"mr|;\":\"b\",\"5.893849174545687e+307\":\"\",\"X\":\"\"},705,-1,213]}","{\"0\":213,\"1\":4,\"2\":[655,{\"3\":823,\"100\":1.2161948118838115e+308,\"618\":\"Z\",\"783\":1.6619409595152823e+308,\"\":1.6170492974521074e+308,\"-1\":1.487561527825731e+308,\"mr|;\":\"b\",\"5.893849174545687e+307\":\"\",\"X\":\"\"},705,-1,213]}","{\"0\":655,\"1\":0,\"2\":[655,843,705,-1,213]}","{\"0\":843,\"1\":1,\"2\":[655,843,705,-1,213]}","{\"0\":705,\"1\":2,\"2\":[655,843,705,-1,213]}","{\"0\":-1,\"1\":3,\"2\":[655,843,705,-1,213]}","{\"0\":213,\"1\":4,\"2\":[655,843,705,-1,213]}"]}