{"baseObjects":["[\"!G\",\" \",\"V\",\"o|\"]","[\"!G\",\" \",\"V\",\"o|\",null,null,null,null,null,{\"9yf\":\"\",\"3.9692369816058906e+307\":\"]\",\"\":783,\"*\":9.779922525650262e+306,\"Y+0d]\":\"\",\"j\":1.33665356557379e+308,\"6.58397324818726e+307\":7.657686596820273e+305,\";\":\"\"}]","[\"!G\",null,\"V\",\"o|\"]","[]"],"returnObjects":["[]","[]","[]","[]"],"callbackArgs":["{\"0\":\"!G\",\"1\":0,\"2\":[\"!G\",\" \",\"V\",\"o|\"]}","{\"0\":\" \",\"1\":1,\"2\":[\"!G\",\" \",\"V\",\"o|\"]}","{\"0\":\"V\",\"1\":2,\"2\":[\"!G\",\" \",\"V\",\"o|\"]}","{\"0\":\"o|\",\"1\":3,\"2\":[\"!G\",\" \",\"V\",\"o|\"]}","{\"0\":\"!G\",\"1\":0,\"2\":[\"!G\",\" \",\"V\",\"o|\"]}","{\"0\":\" \",\"1\":1,\"2\":[\"!G\",\" \",\"V\",\"o|\",null,null,null,null,null,{\"9yf\":\"\",\"3.9692369816058906e+307\":\"]\",\"\":783,\"*\":9.779922525650262e+306,\"Y+0d]\":\"\",\"j\":1.33665356557379e+308,\"6.58397324818726e+307\":7.657686596820273e+305,\";\":\"\"}]}","{\"0\":\"V\",\"1\":2,\"2\":[\"!G\",\" \",\"V\",\"o|\",null,null,null,null,null,{\"9yf\":\"\",\"3.9692369816058906e+307\":\"]\",\"\":783,\"*\":9.779922525650262e+306,\"Y+0d]\":\"\",\"j\":1.33665356557379e+308,\"6.58397324818726e+307\":7.657686596820273e+305,\";\":\"\"}]}","{\"0\":\"o|\",\"1\":3,\"2\":[\"!G\",\" \",\"V\",\"o|\",null,null,null,null,null,{\"9yf\":\"\",\"3.9692369816058906e+307\":\"]\",\"\":783,\"*\":9.779922525650262e+306,\"Y+0d]\":\"\",\"j\":1.33665356557379e+308,\"6.58397324818726e+307\":7.657686596820273e+305,\";\":\"\"}]}","{\"0\":\"!G\",\"1\":0,\"2\":[\"!G\",\" \",\"V\",\"o|\"]}","{\"0\":null,\"1\":1,\"2\":[\"!G\",null,\"V\",\"o|\"]}","{\"0\":\"V\",\"1\":2,\"2\":[\"!G\",null,\"V\",\"o|\"]}","{\"0\":\"o|\",\"1\":3,\"2\":[\"!G\",null,\"V\",\"o|\"]}"]}