{"baseObjects":["[\"v\",893,\"5\",893,\"W\"]","[\"v\",893,\"5\",893,\"W\",null,null,null,1.691740869187667e+308]","[\"v\",893,\"5\",893,\"W\"]","[\"v\",893,\"5\",893,{\"893\":\"_]\",\"1.7976931348623157e+308\":\"d\",\"\":2.287192392495372e+307,\"1.26850174334409e+308\":7.667346353135682e+307,\"9.065568984505817e+307\":2.482908916231815e+307}]"],"returnObjects":["\"Error\"","[\"v\",893,\"5\",893,\"W\"]","\"Error\"","[]"],"callbackArgs":["{\"0\":\"v\",\"1\":0,\"2\":[\"v\",893,\"5\",893,\"W\"]}","{\"0\":\"v\",\"1\":0,\"2\":[\"v\",893,\"5\",893,\"W\"]}","{\"0\":893,\"1\":1,\"2\":[\"v\",893,\"5\",893,\"W\",null,null,null,1.691740869187667e+308]}","{\"0\":\"5\",\"1\":2,\"2\":[\"v\",893,\"5\",893,\"W\",null,null,null,1.691740869187667e+308]}","{\"0\":893,\"1\":3,\"2\":[\"v\",893,\"5\",893,\"W\",null,null,null,1.691740869187667e+308]}","{\"0\":\"W\",\"1\":4,\"2\":[\"v\",893,\"5\",893,\"W\",null,null,null,1.691740869187667e+308]}","{\"0\":\"v\",\"1\":0,\"2\":[\"v\",893,\"5\",893,\"W\"]}","{\"0\":\"v\",\"1\":0,\"2\":[\"v\",893,\"5\",893,\"W\"]}","{\"0\":893,\"1\":1,\"2\":[\"v\",893,\"5\",893,{\"893\":\"_]\",\"1.7976931348623157e+308\":\"d\",\"\":2.287192392495372e+307,\"1.26850174334409e+308\":7.667346353135682e+307,\"9.065568984505817e+307\":2.482908916231815e+307}]}","{\"0\":\"5\",\"1\":2,\"2\":[\"v\",893,\"5\",893,{\"893\":\"_]\",\"1.7976931348623157e+308\":\"d\",\"\":2.287192392495372e+307,\"1.26850174334409e+308\":7.667346353135682e+307,\"9.065568984505817e+307\":2.482908916231815e+307}]}","{\"0\":893,\"1\":3,\"2\":[\"v\",893,\"5\",893,{\"893\":\"_]\",\"1.7976931348623157e+308\":\"d\",\"\":2.287192392495372e+307,\"1.26850174334409e+308\":7.667346353135682e+307,\"9.065568984505817e+307\":2.482908916231815e+307}]}","{\"0\":{\"893\":\"_]\",\"1.7976931348623157e+308\":\"d\",\"\":2.287192392495372e+307,\"1.26850174334409e+308\":7.667346353135682e+307,\"9.065568984505817e+307\":2.482908916231815e+307},\"1\":4,\"2\":[\"v\",893,\"5\",893,{\"893\":\"_]\",\"1.7976931348623157e+308\":\"d\",\"\":2.287192392495372e+307,\"1.26850174334409e+308\":7.667346353135682e+307,\"9.065568984505817e+307\":2.482908916231815e+307}]}"]}