{"baseObjects":["[82,627,607,1.7976931348623157e+308,893,595,122,59,823]","[82,627,607,1.7976931348623157e+308,893,595,122,59,823]","[82,627,607,1.7976931348623157e+308,893,595,122,59,82]","[82,627,607,1.7976931348623157e+308,893,595,122,59,823]"],"returnObjects":["[]","[]","[]","\"Error\""],"callbackArgs":["{\"0\":82,\"1\":0,\"2\":[82,627,607,1.7976931348623157e+308,893,595,122,59,823]}","{\"0\":627,\"1\":1,\"2\":[82,627,607,1.7976931348623157e+308,893,595,122,59,823]}","{\"0\":607,\"1\":2,\"2\":[82,627,607,1.7976931348623157e+308,893,595,122,59,823]}","{\"0\":1.7976931348623157e+308,\"1\":3,\"2\":[82,627,607,1.7976931348623157e+308,893,595,122,59,823]}","{\"0\":893,\"1\":4,\"2\":[82,627,607,1.7976931348623157e+308,893,595,122,59,823]}","{\"0\":595,\"1\":5,\"2\":[82,627,607,1.7976931348623157e+308,893,595,122,59,823]}","{\"0\":122,\"1\":6,\"2\":[82,627,607,1.7976931348623157e+308,893,595,122,59,823]}","{\"0\":59,\"1\":7,\"2\":[82,627,607,1.7976931348623157e+308,893,595,122,59,823]}","{\"0\":823,\"1\":8,\"2\":[82,627,607,1.7976931348623157e+308,893,595,122,59,823]}","{\"0\":82,\"1\":0,\"2\":[82,627,607,1.7976931348623157e+308,893,595,122,59,823]}","{\"0\":627,\"1\":1,\"2\":[82,627,607,1.7976931348623157e+308,893,595,122,59,823]}","{\"0\":607,\"1\":2,\"2\":[82,627,607,1.7976931348623157e+308,893,595,122,59,823]}","{\"0\":1.7976931348623157e+308,\"1\":3,\"2\":[82,627,607,1.7976931348623157e+308,893,595,122,59,823]}","{\"0\":893,\"1\":4,\"2\":[82,627,607,1.7976931348623157e+308,893,595,122,59,823]}","{\"0\":595,\"1\":5,\"2\":[82,627,607,1.7976931348623157e+308,893,595,122,59,823]}","{\"0\":122,\"1\":6,\"2\":[82,627,607,1.7976931348623157e+308,893,595,122,59,823]}","{\"0\":59,\"1\":7,\"2\":[82,627,607,1.7976931348623157e+308,893,595,122,59,823]}","{\"0\":823,\"1\":8,\"2\":[82,627,607,1.7976931348623157e+308,893,595,122,59,823]}","{\"0\":82,\"1\":0,\"2\":[82,627,607,1.7976931348623157e+308,893,595,122,59,823]}","{\"0\":627,\"1\":1,\"2\":[82,627,607,1.7976931348623157e+308,893,595,122,59,82]}","{\"0\":607,\"1\":2,\"2\":[82,627,607,1.7976931348623157e+308,893,595,122,59,82]}","{\"0\":1.7976931348623157e+308,\"1\":3,\"2\":[82,627,607,1.7976931348623157e+308,893,595,122,59,82]}","{\"0\":893,\"1\":4,\"2\":[82,627,607,1.7976931348623157e+308,893,595,122,59,82]}","{\"0\":595,\"1\":5,\"2\":[82,627,607,1.7976931348623157e+308,893,595,122,59,82]}","{\"0\":122,\"1\":6,\"2\":[82,627,607,1.7976931348623157e+308,893,595,122,59,82]}","{\"0\":59,\"1\":7,\"2\":[82,627,607,1.7976931348623157e+308,893,595,122,59,82]}","{\"0\":82,\"1\":8,\"2\":[82,627,607,1.7976931348623157e+308,893,595,122,59,82]}","{\"0\":82,\"1\":0,\"2\":[82,627,607,1.7976931348623157e+308,893,595,122,59,823]}"]}