{"baseObjects":["[25,460,823,1.7976931348623157e+308,126,100,25,49,595]","[25,460,823,1.7976931348623157e+308,126,100,25,49,595]","[25,460,823,1.7976931348623157e+308,126,100,25,49,595]","[25,460,823,1.7976931348623157e+308,126,100,25,49,595]"],"returnObjects":["[]","\"Error\"","\"Error\"","\"Error\""],"callbackArgs":["{\"0\":25,\"1\":0,\"2\":[25,460,823,1.7976931348623157e+308,126,100,25,49,595]}","{\"0\":460,\"1\":1,\"2\":[25,460,823,1.7976931348623157e+308,126,100,25,49,595]}","{\"0\":823,\"1\":2,\"2\":[25,460,823,1.7976931348623157e+308,126,100,25,49,595]}","{\"0\":1.7976931348623157e+308,\"1\":3,\"2\":[25,460,823,1.7976931348623157e+308,126,100,25,49,595]}","{\"0\":126,\"1\":4,\"2\":[25,460,823,1.7976931348623157e+308,126,100,25,49,595]}","{\"0\":100,\"1\":5,\"2\":[25,460,823,1.7976931348623157e+308,126,100,25,49,595]}","{\"0\":25,\"1\":6,\"2\":[25,460,823,1.7976931348623157e+308,126,100,25,49,595]}","{\"0\":49,\"1\":7,\"2\":[25,460,823,1.7976931348623157e+308,126,100,25,49,595]}","{\"0\":595,\"1\":8,\"2\":[25,460,823,1.7976931348623157e+308,126,100,25,49,595]}","{\"0\":25,\"1\":0,\"2\":[25,460,823,1.7976931348623157e+308,126,100,25,49,595]}","{\"0\":25,\"1\":0,\"2\":[25,460,823,1.7976931348623157e+308,126,100,25,49,595]}","{\"0\":25,\"1\":0,\"2\":[25,460,823,1.7976931348623157e+308,126,100,25,49,595]}"]}