{"baseObjects":["[]","[595,null,null,null,true]","7.403510193902522e+307","[595,595,1.7976931348623157e+308,595,-100,82,627,-1]"],"returnObjects":["[595,null,null,null,true]","[]","[]","[595,595,1.7976931348623157e+308,595,-100,82,627,-1]"],"callbackArgs":["{\"0\":595,\"1\":0,\"2\":[595,595,1.7976931348623157e+308,595,-100,82,627,-1]}","{\"0\":595,\"1\":0,\"2\":[595]}","{\"0\":595,\"1\":0,\"2\":[595,595,1.7976931348623157e+308,595,-100,82,627,-1]}","{\"0\":true,\"1\":1,\"2\":[595,true,1.7976931348623157e+308,\"9\",-100,82,627,-1]}","{\"0\":1.7976931348623157e+308,\"1\":2,\"2\":[595,true,1.7976931348623157e+308,\"9\",-100,82,627,-1]}","{\"0\":\"9\",\"1\":3,\"2\":[595,true,1.7976931348623157e+308,\"9\",-100,82,627,-1]}","{\"0\":-100,\"1\":4,\"2\":[595,true,1.7976931348623157e+308,\"9\",-100,82,627,-1]}","{\"0\":82,\"1\":5,\"2\":[595,true,1.7976931348623157e+308,\"9\",-100,82,627,-1]}","{\"0\":627,\"1\":6,\"2\":[595,true,1.7976931348623157e+308,\"9\",-100,82,627,-1]}","{\"0\":-1,\"1\":7,\"2\":[595,true,1.7976931348623157e+308,\"9\",-100,82,627,-1]}","{\"0\":595,\"1\":0,\"2\":[595,595,1.7976931348623157e+308,595,-100,82,627,-1]}","{\"0\":595,\"1\":1,\"2\":[595,595,1.7976931348623157e+308,595,-100,82,627,-1]}","{\"0\":1.7976931348623157e+308,\"1\":2,\"2\":[595,595,1.7976931348623157e+308,595,-100,82,627,-1]}","{\"0\":595,\"1\":3,\"2\":[595,595,1.7976931348623157e+308,595,-100,82,627,-1]}","{\"0\":-100,\"1\":4,\"2\":[595,595,1.7976931348623157e+308,595,-100,82,627,-1]}","{\"0\":82,\"1\":5,\"2\":[595,595,1.7976931348623157e+308,595,-100,82,627,-1]}","{\"0\":627,\"1\":6,\"2\":[595,595,1.7976931348623157e+308,595,-100,82,627,-1]}","{\"0\":-1,\"1\":7,\"2\":[595,595,1.7976931348623157e+308,595,-100,82,627,-1]}"]}