{"baseObjects":["[607,82,0,655,100,{\"242\":1.0842621837709848e+308},618,618]","[607,82,0,655,100,122,618,618]","[{\"242\":1.0842621837709848e+308,\"5e-324\":595}]","[607,82,0,655,100,null,[242,122,\"`\",\"qZj\",\"[*\",\"{\"],618]"],"returnObjects":["[{\"242\":1.0842621837709848e+308,\"5e-324\":595}]","[]","\"Error\"","[]"],"callbackArgs":["{\"0\":607,\"1\":0,\"2\":[607,82,0,655,100,122,618,618]}","{\"0\":82,\"1\":1,\"2\":[607,82,0,655,100,{\"242\":1.0842621837709848e+308},618,618]}","{\"0\":0,\"1\":2,\"2\":[607,82,0,655,100,{\"242\":1.0842621837709848e+308},618,618]}","{\"0\":655,\"1\":3,\"2\":[607,82,0,655,100,{\"242\":1.0842621837709848e+308},618,618]}","{\"0\":100,\"1\":4,\"2\":[607,82,0,655,100,{\"242\":1.0842621837709848e+308},618,618]}","{\"0\":{\"242\":1.0842621837709848e+308},\"1\":5,\"2\":[607,82,0,655,100,{\"242\":1.0842621837709848e+308},618,618]}","{\"0\":618,\"1\":6,\"2\":[607,82,0,655,100,{\"242\":1.0842621837709848e+308},618,618]}","{\"0\":618,\"1\":7,\"2\":[607,82,0,655,100,{\"242\":1.0842621837709848e+308},618,618]}","{\"0\":607,\"1\":0,\"2\":[607,82,0,655,100,122,618,618]}","{\"0\":82,\"1\":1,\"2\":[607,82,0,655,100,122,618,618]}","{\"0\":0,\"1\":2,\"2\":[607,82,0,655,100,122,618,618]}","{\"0\":655,\"1\":3,\"2\":[607,82,0,655,100,122,618,618]}","{\"0\":100,\"1\":4,\"2\":[607,82,0,655,100,122,618,618]}","{\"0\":122,\"1\":5,\"2\":[607,82,0,655,100,122,618,618]}","{\"0\":618,\"1\":6,\"2\":[607,82,0,655,100,122,618,618]}","{\"0\":618,\"1\":7,\"2\":[607,82,0,655,100,122,618,618]}","{\"0\":{\"242\":1.0842621837709848e+308},\"1\":0,\"2\":[{\"242\":1.0842621837709848e+308}]}","{\"0\":607,\"1\":0,\"2\":[607,82,0,655,100,122,618,618]}","{\"0\":82,\"1\":1,\"2\":[607,82,0,655,100,null,[242,122,\"`\",\"qZj\",\"[*\",\"{\"],618]}","{\"0\":0,\"1\":2,\"2\":[607,82,0,655,100,null,[242,122,\"`\",\"qZj\",\"[*\",\"{\"],618]}","{\"0\":655,\"1\":3,\"2\":[607,82,0,655,100,null,[242,122,\"`\",\"qZj\",\"[*\",\"{\"],618]}","{\"0\":100,\"1\":4,\"2\":[607,82,0,655,100,null,[242,122,\"`\",\"qZj\",\"[*\",\"{\"],618]}","{\"0\":null,\"1\":5,\"2\":[607,82,0,655,100,null,[242,122,\"`\",\"qZj\",\"[*\",\"{\"],618]}","{\"0\":[242,122,\"`\",\"qZj\",\"[*\",\"{\"],\"1\":6,\"2\":[607,82,0,655,100,null,[242,122,\"`\",\"qZj\",\"[*\",\"{\"],618]}","{\"0\":618,\"1\":7,\"2\":[607,82,0,655,100,null,[242,122,\"`\",\"qZj\",\"[*\",\"{\"],618]}"]}