{"baseObjects":["{\"969\":\"\",\"1.6086911966637174e+308\":\"\",\"1.1507322926381304e+308\":783,\"1mam\":\"HR\"}","[843,705,843,0,714,122,595]","[843,705,843,0,714,122,595]","[843,705,843,0,714,122,595]"],"returnObjects":["[]","\"Error\"","\"Error\"","\"Error\""],"callbackArgs":["{\"0\":843,\"1\":0,\"2\":[843,705,843,0,714,122,595]}","{\"0\":705,\"1\":1,\"2\":[843,705,843,0,714,122,595]}","{\"0\":843,\"1\":2,\"2\":[843,705,843,0,714,122,595]}","{\"0\":0,\"1\":3,\"2\":[843,705,843,0,714,122,595]}","{\"0\":714,\"1\":4,\"2\":[843,705,843,0,714,122,595]}","{\"0\":122,\"1\":5,\"2\":[843,705,843,0,714,122,595]}","{\"0\":595,\"1\":6,\"2\":[843,705,843,0,714,122,595]}","{\"0\":843,\"1\":0,\"2\":[843,705,843,0,714,122,595]}","{\"0\":843,\"1\":0,\"2\":[843,705,843,0,714,122,595]}","{\"0\":843,\"1\":0,\"2\":[843,705,843,0,714,122,595]}"]}