{"baseObjects":["[126,969,82,5e-324,59,{\"100\":\"\",\"607\":1.6551820204929702e+308,\"1.0176181279961711e+307\":1.4287375373068032e+308,\"1.5976021900968378e+307\":\"\",\"4jw\":\"\",\"\":\",\"},705,0]","[]","[]","[]"],"returnObjects":["[]","[]","[]","[]"],"callbackArgs":["{\"0\":126,\"1\":0,\"2\":[126,969,82,5e-324,59,655,705,0]}","{\"0\":969,\"1\":1,\"2\":[126,969,82,5e-324,59,{\"100\":\"\",\"607\":1.6551820204929702e+308,\"1.0176181279961711e+307\":1.4287375373068032e+308,\"1.5976021900968378e+307\":\"\",\"4jw\":\"\",\"\":\",\"},705,0]}","{\"0\":82,\"1\":2,\"2\":[126,969,82,5e-324,59,{\"100\":\"\",\"607\":1.6551820204929702e+308,\"1.0176181279961711e+307\":1.4287375373068032e+308,\"1.5976021900968378e+307\":\"\",\"4jw\":\"\",\"\":\",\"},705,0]}","{\"0\":5e-324,\"1\":3,\"2\":[126,969,82,5e-324,59,{\"100\":\"\",\"607\":1.6551820204929702e+308,\"1.0176181279961711e+307\":1.4287375373068032e+308,\"1.5976021900968378e+307\":\"\",\"4jw\":\"\",\"\":\",\"},705,0]}","{\"0\":59,\"1\":4,\"2\":[126,969,82,5e-324,59,{\"100\":\"\",\"607\":1.6551820204929702e+308,\"1.0176181279961711e+307\":1.4287375373068032e+308,\"1.5976021900968378e+307\":\"\",\"4jw\":\"\",\"\":\",\"},705,0]}","{\"0\":{\"100\":\"\",\"607\":1.6551820204929702e+308,\"1.0176181279961711e+307\":1.4287375373068032e+308,\"1.5976021900968378e+307\":\"\",\"4jw\":\"\",\"\":\",\"},\"1\":5,\"2\":[126,969,82,5e-324,59,{\"100\":\"\",\"607\":1.6551820204929702e+308,\"1.0176181279961711e+307\":1.4287375373068032e+308,\"1.5976021900968378e+307\":\"\",\"4jw\":\"\",\"\":\",\"},705,0]}","{\"0\":705,\"1\":6,\"2\":[126,969,82,5e-324,59,{\"100\":\"\",\"607\":1.6551820204929702e+308,\"1.0176181279961711e+307\":1.4287375373068032e+308,\"1.5976021900968378e+307\":\"\",\"4jw\":\"\",\"\":\",\"},705,0]}","{\"0\":0,\"1\":7,\"2\":[126,969,82,5e-324,59,{\"100\":\"\",\"607\":1.6551820204929702e+308,\"1.0176181279961711e+307\":1.4287375373068032e+308,\"1.5976021900968378e+307\":\"\",\"4jw\":\"\",\"\":\",\"},705,0]}"]}