{"baseObjects":["[7.541878176952894e+307,823,705,213,969,25,460]","[655,823,705,213,969,25,460]","[655,823,705,213,969,25,460]","[655,823,705,213,969,25,460]"],"returnObjects":["[]","[]","[655,823,705,213,969,25,460]","\"Error\""],"callbackArgs":["{\"0\":655,\"1\":0,\"2\":[655,823,705,213,969,25,460]}","{\"0\":823,\"1\":1,\"2\":[7.541878176952894e+307,823,705,213,969,25,460]}","{\"0\":705,\"1\":2,\"2\":[7.541878176952894e+307,823,705,213,969,25,460]}","{\"0\":213,\"1\":3,\"2\":[7.541878176952894e+307,823,705,213,969,25,460]}","{\"0\":969,\"1\":4,\"2\":[7.541878176952894e+307,823,705,213,969,25,460]}","{\"0\":25,\"1\":5,\"2\":[7.541878176952894e+307,823,705,213,969,25,460]}","{\"0\":460,\"1\":6,\"2\":[7.541878176952894e+307,823,705,213,969,25,460]}","{\"0\":655,\"1\":0,\"2\":[655,823,705,213,969,25,460]}","{\"0\":823,\"1\":1,\"2\":[655,823,705,213,969,25,460]}","{\"0\":705,\"1\":2,\"2\":[655,823,705,213,969,25,460]}","{\"0\":213,\"1\":3,\"2\":[655,823,705,213,969,25,460]}","{\"0\":969,\"1\":4,\"2\":[655,823,705,213,969,25,460]}","{\"0\":25,\"1\":5,\"2\":[655,823,705,213,969,25,460]}","{\"0\":460,\"1\":6,\"2\":[655,823,705,213,969,25,460]}","{\"0\":655,\"1\":0,\"2\":[655,823,705,213,969,25,460]}","{\"0\":823,\"1\":1,\"2\":[655,823,705,213,969,25,460]}","{\"0\":705,\"1\":2,\"2\":[655,823,705,213,969,25,460]}","{\"0\":213,\"1\":3,\"2\":[655,823,705,213,969,25,460]}","{\"0\":969,\"1\":4,\"2\":[655,823,705,213,969,25,460]}","{\"0\":25,\"1\":5,\"2\":[655,823,705,213,969,25,460]}","{\"0\":460,\"1\":6,\"2\":[655,823,705,213,969,25,460]}","{\"0\":655,\"1\":0,\"2\":[655,823,705,213,969,25,460]}"]}