{"baseObjects":["[null,714,823,213,460,126,1.7976931348623157e+308,783,-100,705]","[242,714,823,213,460,126,1.7976931348623157e+308,783,-100,705]","[242,714,823,213,460,126,1.7976931348623157e+308,783,-100,705]","[]"],"returnObjects":["[]","[]","\"Error\"","[]"],"callbackArgs":["{\"0\":242,\"1\":0,\"2\":[242,714,823,213,460,126,1.7976931348623157e+308,783,-100,705]}","{\"0\":714,\"1\":1,\"2\":[null,714,823,213,460,126,1.7976931348623157e+308,783,-100,705]}","{\"0\":823,\"1\":2,\"2\":[null,714,823,213,460,126,1.7976931348623157e+308,783,-100,705]}","{\"0\":213,\"1\":3,\"2\":[null,714,823,213,460,126,1.7976931348623157e+308,783,-100,705]}","{\"0\":460,\"1\":4,\"2\":[null,714,823,213,460,126,1.7976931348623157e+308,783,-100,705]}","{\"0\":126,\"1\":5,\"2\":[null,714,823,213,460,126,1.7976931348623157e+308,783,-100,705]}","{\"0\":1.7976931348623157e+308,\"1\":6,\"2\":[null,714,823,213,460,126,1.7976931348623157e+308,783,-100,705]}","{\"0\":783,\"1\":7,\"2\":[null,714,823,213,460,126,1.7976931348623157e+308,783,-100,705]}","{\"0\":-100,\"1\":8,\"2\":[null,714,823,213,460,126,1.7976931348623157e+308,783,-100,705]}","{\"0\":705,\"1\":9,\"2\":[null,714,823,213,460,126,1.7976931348623157e+308,783,-100,705]}","{\"0\":242,\"1\":0,\"2\":[242,714,823,213,460,126,1.7976931348623157e+308,783,-100,705]}","{\"0\":714,\"1\":1,\"2\":[242,714,823,213,460,126,1.7976931348623157e+308,783,-100,705]}","{\"0\":823,\"1\":2,\"2\":[242,714,823,213,460,126,1.7976931348623157e+308,783,-100,705]}","{\"0\":213,\"1\":3,\"2\":[242,714,823,213,460,126,1.7976931348623157e+308,783,-100,705]}","{\"0\":460,\"1\":4,\"2\":[242,714,823,213,460,126,1.7976931348623157e+308,783,-100,705]}","{\"0\":126,\"1\":5,\"2\":[242,714,823,213,460,126,1.7976931348623157e+308,783,-100,705]}","{\"0\":1.7976931348623157e+308,\"1\":6,\"2\":[242,714,823,213,460,126,1.7976931348623157e+308,783,-100,705]}","{\"0\":783,\"1\":7,\"2\":[242,714,823,213,460,126,1.7976931348623157e+308,783,-100,705]}","{\"0\":-100,\"1\":8,\"2\":[242,714,823,213,460,126,1.7976931348623157e+308,783,-100,705]}","{\"0\":705,\"1\":9,\"2\":[242,714,823,213,460,126,1.7976931348623157e+308,783,-100,705]}","{\"0\":242,\"1\":0,\"2\":[242,714,823,213,460,126,1.7976931348623157e+308,783,-100,705]}"]}