{"baseObjects":["[59,714,1.7976931348623157e+308,25,157]","[]","[59,714,1.7976931348623157e+308,25,157]","[59,714,1.7976931348623157e+308,25,157]"],"returnObjects":["[]","[]","[]","\"Error\""],"callbackArgs":["{\"0\":59,\"1\":0,\"2\":[59,714,1.7976931348623157e+308,25,157]}","{\"0\":714,\"1\":1,\"2\":[59,714,1.7976931348623157e+308,25,157]}","{\"0\":1.7976931348623157e+308,\"1\":2,\"2\":[59,714,1.7976931348623157e+308,25,157]}","{\"0\":25,\"1\":3,\"2\":[59,714,1.7976931348623157e+308,25,157]}","{\"0\":157,\"1\":4,\"2\":[59,714,1.7976931348623157e+308,25,157]}","{\"0\":59,\"1\":0,\"2\":[59,714,1.7976931348623157e+308,25,157]}","{\"0\":714,\"1\":1,\"2\":[59,714,1.7976931348623157e+308,25,157]}","{\"0\":1.7976931348623157e+308,\"1\":2,\"2\":[59,714,1.7976931348623157e+308,25,157]}","{\"0\":25,\"1\":3,\"2\":[59,714,1.7976931348623157e+308,25,157]}","{\"0\":157,\"1\":4,\"2\":[59,714,1.7976931348623157e+308,25,157]}"]}