{"baseObjects":["[607,82,213]","[607,82,213,null,null,null,null,null,null,9.80990557220061e+307]","[]","[]"],"returnObjects":["[]","[]","[]","[]"],"callbackArgs":["{\"0\":607,\"1\":0,\"2\":[607,82,213]}","{\"0\":82,\"1\":1,\"2\":[607,82,213]}","{\"0\":213,\"1\":2,\"2\":[607,82,213]}","{\"0\":607,\"1\":0,\"2\":[607,82,213]}","{\"0\":82,\"1\":1,\"2\":[607,82,213,null,null,null,null,null,null,9.80990557220061e+307]}","{\"0\":213,\"1\":2,\"2\":[607,82,213,null,null,null,null,null,null,9.80990557220061e+307]}"]}