{"baseObjects":["[\"(x\",{\"595\":1.7827021435410226e+308,\"714\":1.0830644608502116e+308,\"1.0279135680084984e+308\":\"M\",\"4Zp\":627,\"\":49},\"^\",\"t5K\",\"V\"]","{\"8\":\"\",\"595\":\"X\",\"893\":\"\",\"1.1715215582133586e+308\":655,\"1.7976931348623157e+308\":\"s\",\",I,\":1.783381726765443e+308,\"b\":\"H7An-!\"}","[\"(x\",{\"595\":1.7827021435410226e+308,\"714\":1.0830644608502116e+308,\"1.0279135680084984e+308\":\"M\",\"4Zp\":627,\"\":49},\"^\",\"t5K\",\"V\",{\"655\":1.2111166052207341e+308,\"969\":1.6665113891667046e+306,\"\":618,\"PC\":1.4255631730817602e+308,\"4.044854689692882e+307\":\"$\",\"7.68608177632535e+307\":5.187198468211031e+307}]","[\"(x\",\"[\",\"^\",\"t5K\",\"V\"]"],"returnObjects":["[\"(x\",{\"595\":1.7827021435410226e+308,\"714\":1.0830644608502116e+308,\"1.0279135680084984e+308\":\"M\",\"4Zp\":627,\"\":49},\"^\",\"t5K\",\"V\",{\"655\":1.2111166052207341e+308,\"969\":1.6665113891667046e+306,\"\":618,\"PC\":1.4255631730817602e+308,\"4.044854689692882e+307\":\"$\",\"7.68608177632535e+307\":5.187198468211031e+307}]","[]","[]","\"Error\""],"callbackArgs":["{\"0\":\"(x\",\"1\":0,\"2\":[\"(x\",\"[\",\"^\",\"t5K\",\"V\"]}","{\"0\":{\"595\":1.7827021435410226e+308,\"714\":1.0830644608502116e+308,\"1.0279135680084984e+308\":\"M\",\"4Zp\":627,\"\":49},\"1\":1,\"2\":[\"(x\",{\"595\":1.7827021435410226e+308,\"714\":1.0830644608502116e+308,\"1.0279135680084984e+308\":\"M\",\"4Zp\":627,\"\":49},\"^\",\"t5K\",\"V\"]}","{\"0\":\"^\",\"1\":2,\"2\":[\"(x\",{\"595\":1.7827021435410226e+308,\"714\":1.0830644608502116e+308,\"1.0279135680084984e+308\":\"M\",\"4Zp\":627,\"\":49},\"^\",\"t5K\",\"V\"]}","{\"0\":\"t5K\",\"1\":3,\"2\":[\"(x\",{\"595\":1.7827021435410226e+308,\"714\":1.0830644608502116e+308,\"1.0279135680084984e+308\":\"M\",\"4Zp\":627,\"\":49},\"^\",\"t5K\",\"V\"]}","{\"0\":\"V\",\"1\":4,\"2\":[\"(x\",{\"595\":1.7827021435410226e+308,\"714\":1.0830644608502116e+308,\"1.0279135680084984e+308\":\"M\",\"4Zp\":627,\"\":49},\"^\",\"t5K\",\"V\"]}","{\"0\":\"(x\",\"1\":0,\"2\":[\"(x\",{\"595\":1.7827021435410226e+308,\"714\":1.0830644608502116e+308,\"1.0279135680084984e+308\":\"M\",\"4Zp\":627,\"\":49},\"^\",\"t5K\",\"V\"]}","{\"0\":{\"595\":1.7827021435410226e+308,\"714\":1.0830644608502116e+308,\"1.0279135680084984e+308\":\"M\",\"4Zp\":627,\"\":49},\"1\":1,\"2\":[\"(x\",{\"595\":1.7827021435410226e+308,\"714\":1.0830644608502116e+308,\"1.0279135680084984e+308\":\"M\",\"4Zp\":627,\"\":49},\"^\",\"t5K\",\"V\"]}","{\"0\":\"^\",\"1\":2,\"2\":[\"(x\",{\"595\":1.7827021435410226e+308,\"714\":1.0830644608502116e+308,\"1.0279135680084984e+308\":\"M\",\"4Zp\":627,\"\":49},\"^\",\"t5K\",\"V\"]}","{\"0\":\"t5K\",\"1\":3,\"2\":[\"(x\",{\"595\":1.7827021435410226e+308,\"714\":1.0830644608502116e+308,\"1.0279135680084984e+308\":\"M\",\"4Zp\":627,\"\":49},\"^\",\"t5K\",\"V\"]}","{\"0\":\"V\",\"1\":4,\"2\":[\"(x\",{\"595\":1.7827021435410226e+308,\"714\":1.0830644608502116e+308,\"1.0279135680084984e+308\":\"M\",\"4Zp\":627,\"\":49},\"^\",\"t5K\",\"V\"]}","{\"0\":\"(x\",\"1\":0,\"2\":[\"(x\",{\"595\":1.7827021435410226e+308,\"714\":1.0830644608502116e+308,\"1.0279135680084984e+308\":\"M\",\"4Zp\":627,\"\":49},\"^\",\"t5K\",\"V\"]}","{\"0\":{\"595\":1.7827021435410226e+308,\"714\":1.0830644608502116e+308,\"1.0279135680084984e+308\":\"M\",\"4Zp\":627,\"\":49},\"1\":1,\"2\":[\"(x\",{\"595\":1.7827021435410226e+308,\"714\":1.0830644608502116e+308,\"1.0279135680084984e+308\":\"M\",\"4Zp\":627,\"\":49},\"^\",\"t5K\",\"V\",{\"655\":1.2111166052207341e+308,\"969\":1.6665113891667046e+306,\"\":618,\"PC\":1.4255631730817602e+308,\"4.044854689692882e+307\":\"$\",\"7.68608177632535e+307\":5.187198468211031e+307}]}","{\"0\":\"^\",\"1\":2,\"2\":[\"(x\",{\"595\":1.7827021435410226e+308,\"714\":1.0830644608502116e+308,\"1.0279135680084984e+308\":\"M\",\"4Zp\":627,\"\":49},\"^\",\"t5K\",\"V\",{\"655\":1.2111166052207341e+308,\"969\":1.6665113891667046e+306,\"\":618,\"PC\":1.4255631730817602e+308,\"4.044854689692882e+307\":\"$\",\"7.68608177632535e+307\":5.187198468211031e+307}]}","{\"0\":\"t5K\",\"1\":3,\"2\":[\"(x\",{\"595\":1.7827021435410226e+308,\"714\":1.0830644608502116e+308,\"1.0279135680084984e+308\":\"M\",\"4Zp\":627,\"\":49},\"^\",\"t5K\",\"V\",{\"655\":1.2111166052207341e+308,\"969\":1.6665113891667046e+306,\"\":618,\"PC\":1.4255631730817602e+308,\"4.044854689692882e+307\":\"$\",\"7.68608177632535e+307\":5.187198468211031e+307}]}","{\"0\":\"V\",\"1\":4,\"2\":[\"(x\",{\"595\":1.7827021435410226e+308,\"714\":1.0830644608502116e+308,\"1.0279135680084984e+308\":\"M\",\"4Zp\":627,\"\":49},\"^\",\"t5K\",\"V\",{\"655\":1.2111166052207341e+308,\"969\":1.6665113891667046e+306,\"\":618,\"PC\":1.4255631730817602e+308,\"4.044854689692882e+307\":\"$\",\"7.68608177632535e+307\":5.187198468211031e+307}]}","{\"0\":\"(x\",\"1\":0,\"2\":[\"(x\",\"[\",\"^\",\"t5K\",\"V\"]}"]}