{"baseObjects":["[\"F\",1.7976931348623157e+308,126,\"y\"]","[\"F\",8.199182497203935e+307,126,\"y\"]","[\"F\",1.7976931348623157e+308,126,\"y\",\"NXY\"]","[]"],"returnObjects":["[\"F\",1.7976931348623157e+308,126,\"y\"]","[]","[]","[]"],"callbackArgs":["{\"0\":\"F\",\"1\":0,\"2\":[\"F\",1.7976931348623157e+308,126,\"y\"]}","{\"0\":1.7976931348623157e+308,\"1\":1,\"2\":[\"F\",1.7976931348623157e+308,126,\"y\"]}","{\"0\":126,\"1\":2,\"2\":[\"F\",1.7976931348623157e+308,126,\"y\"]}","{\"0\":\"y\",\"1\":3,\"2\":[\"F\",1.7976931348623157e+308,126,\"y\"]}","{\"0\":\"F\",\"1\":0,\"2\":[\"F\",1.7976931348623157e+308,126,\"y\"]}","{\"0\":8.199182497203935e+307,\"1\":1,\"2\":[\"F\",8.199182497203935e+307,126,\"y\"]}","{\"0\":126,\"1\":2,\"2\":[\"F\",8.199182497203935e+307,126,\"y\"]}","{\"0\":\"y\",\"1\":3,\"2\":[\"F\",8.199182497203935e+307,126,\"y\"]}","{\"0\":\"F\",\"1\":0,\"2\":[\"F\",1.7976931348623157e+308,126,\"y\"]}","{\"0\":1.7976931348623157e+308,\"1\":1,\"2\":[\"F\",1.7976931348623157e+308,126,\"y\",\"NXY\"]}","{\"0\":126,\"1\":2,\"2\":[\"F\",1.7976931348623157e+308,126,\"y\",\"NXY\"]}","{\"0\":\"y\",\"1\":3,\"2\":[\"F\",1.7976931348623157e+308,126,\"y\",\"NXY\"]}"]}