{"baseObjects":["[1.7976931348623157e+308,126,25,655,-1]","[1.7976931348623157e+308,126,25,655,-1]","[1.7976931348623157e+308,126,25,655,-1]","[1.7976931348623157e+308,126,{\"k\":1.5665185793923981e+308,\"c#\":\"{\",\"8.526293616241545e+307\":\"\"},655,-1]"],"returnObjects":["\"Error\"","[1.7976931348623157e+308,126,25,655,-1]","[]","\"Error\""],"callbackArgs":["{\"0\":1.7976931348623157e+308,\"1\":0,\"2\":[1.7976931348623157e+308,126,25,655,-1]}","{\"0\":1.7976931348623157e+308,\"1\":0,\"2\":[1.7976931348623157e+308,126,25,655,-1]}","{\"0\":126,\"1\":1,\"2\":[1.7976931348623157e+308,126,25,655,-1]}","{\"0\":25,\"1\":2,\"2\":[1.7976931348623157e+308,126,25,655,-1]}","{\"0\":655,\"1\":3,\"2\":[1.7976931348623157e+308,126,25,655,-1]}","{\"0\":-1,\"1\":4,\"2\":[1.7976931348623157e+308,126,25,655,-1]}","{\"0\":1.7976931348623157e+308,\"1\":0,\"2\":[1.7976931348623157e+308,126,25,655,-1]}","{\"0\":126,\"1\":1,\"2\":[1.7976931348623157e+308,126,25,655,-1]}","{\"0\":25,\"1\":2,\"2\":[1.7976931348623157e+308,126,25,655,-1]}","{\"0\":655,\"1\":3,\"2\":[1.7976931348623157e+308,126,25,655,-1]}","{\"0\":-1,\"1\":4,\"2\":[1.7976931348623157e+308,126,25,655,-1]}","{\"0\":1.7976931348623157e+308,\"1\":0,\"2\":[1.7976931348623157e+308,126,25,655,-1]}"]}