{"baseObjects":["[460,460,783,213,49,655]","[460,{\"655\":\"7Y\",\"893\":\"?T\",\"\":157,\"-1\":969},783,213,49,655]","[460,{\"655\":\"7Y\",\"893\":\"?T\",\"\":157,\"-1\":969},783,2.7953349574176473e+307,49,655]","[460,{\"655\":\"7Y\",\"893\":\"?T\",\"\":157,\"-1\":969},783,2.7953349574176473e+307,49,655]"],"returnObjects":["[460,{\"655\":\"7Y\",\"893\":\"?T\",\"\":157,\"-1\":969},783,213,49,655]","[460,{\"655\":\"7Y\",\"893\":\"?T\",\"\":157,\"-1\":969},783,2.7953349574176473e+307,49,655]","[]","\"Error\""],"callbackArgs":["{\"0\":460,\"1\":0,\"2\":[460,460,783,213,49,655]}","{\"0\":460,\"1\":1,\"2\":[460,460,783,213,49,655]}","{\"0\":783,\"1\":2,\"2\":[460,460,783,213,49,655]}","{\"0\":213,\"1\":3,\"2\":[460,460,783,213,49,655]}","{\"0\":49,\"1\":4,\"2\":[460,460,783,213,49,655]}","{\"0\":655,\"1\":5,\"2\":[460,460,783,213,49,655]}","{\"0\":460,\"1\":0,\"2\":[460,460,783,213,49,655]}","{\"0\":{\"655\":\"7Y\",\"893\":\"?T\",\"\":157,\"-1\":969},\"1\":1,\"2\":[460,{\"655\":\"7Y\",\"893\":\"?T\",\"\":157,\"-1\":969},783,213,49,655]}","{\"0\":783,\"1\":2,\"2\":[460,{\"655\":\"7Y\",\"893\":\"?T\",\"\":157,\"-1\":969},783,213,49,655]}","{\"0\":213,\"1\":3,\"2\":[460,{\"655\":\"7Y\",\"893\":\"?T\",\"\":157,\"-1\":969},783,213,49,655]}","{\"0\":49,\"1\":4,\"2\":[460,{\"655\":\"7Y\",\"893\":\"?T\",\"\":157,\"-1\":969},783,213,49,655]}","{\"0\":655,\"1\":5,\"2\":[460,{\"655\":\"7Y\",\"893\":\"?T\",\"\":157,\"-1\":969},783,213,49,655]}","{\"0\":460,\"1\":0,\"2\":[460,{\"655\":\"7Y\",\"893\":\"?T\",\"\":157,\"-1\":969},783,213,49,655]}","{\"0\":{\"655\":\"7Y\",\"893\":\"?T\",\"\":157,\"-1\":969},\"1\":1,\"2\":[460,{\"655\":\"7Y\",\"893\":\"?T\",\"\":157,\"-1\":969},783,2.7953349574176473e+307,49,655]}","{\"0\":783,\"1\":2,\"2\":[460,{\"655\":\"7Y\",\"893\":\"?T\",\"\":157,\"-1\":969},783,2.7953349574176473e+307,49,655]}","{\"0\":2.7953349574176473e+307,\"1\":3,\"2\":[460,{\"655\":\"7Y\",\"893\":\"?T\",\"\":157,\"-1\":969},783,2.7953349574176473e+307,49,655]}","{\"0\":49,\"1\":4,\"2\":[460,{\"655\":\"7Y\",\"893\":\"?T\",\"\":157,\"-1\":969},783,2.7953349574176473e+307,49,655]}","{\"0\":655,\"1\":5,\"2\":[460,{\"655\":\"7Y\",\"893\":\"?T\",\"\":157,\"-1\":969},783,2.7953349574176473e+307,49,655]}","{\"0\":460,\"1\":0,\"2\":[460,{\"655\":\"7Y\",\"893\":\"?T\",\"\":157,\"-1\":969},783,2.7953349574176473e+307,49,655]}"]}