{"baseObjects":["[100,1.7976931348623157e+308,1.7976931348623157e+308,59,783]","[]","[]","[]"],"returnObjects":["[]","[]","[]","[]"],"callbackArgs":["{\"0\":100,\"1\":0,\"2\":[100,1.7976931348623157e+308,1.7976931348623157e+308,59,783]}","{\"0\":1.7976931348623157e+308,\"1\":1,\"2\":[100,1.7976931348623157e+308,1.7976931348623157e+308,59,783]}","{\"0\":1.7976931348623157e+308,\"1\":2,\"2\":[100,1.7976931348623157e+308,1.7976931348623157e+308,59,783]}","{\"0\":59,\"1\":3,\"2\":[100,1.7976931348623157e+308,1.7976931348623157e+308,59,783]}","{\"0\":783,\"1\":4,\"2\":[100,1.7976931348623157e+308,1.7976931348623157e+308,59,783]}"]}