{"baseObjects":["[843,122,false,157,null,-1,823]","[843,122,false,157,null,-1,823]","[]","[843,122,126,157,1.7976931348623157e+308,-1,823]"],"returnObjects":["[843,122,false,157,null,-1,823]","[]","[]","[843,122,126,157,1.7976931348623157e+308,-1,823]"],"callbackArgs":["{\"0\":843,\"1\":0,\"2\":[843,122,126,157,1.7976931348623157e+308,-1,823]}","{\"0\":122,\"1\":1,\"2\":[843,122,false,157,null,-1,823]}","{\"0\":false,\"1\":2,\"2\":[843,122,false,157,null,-1,823]}","{\"0\":157,\"1\":3,\"2\":[843,122,false,157,null,-1,823]}","{\"0\":null,\"1\":4,\"2\":[843,122,false,157,null,-1,823]}","{\"0\":-1,\"1\":5,\"2\":[843,122,false,157,null,-1,823]}","{\"0\":823,\"1\":6,\"2\":[843,122,false,157,null,-1,823]}","{\"0\":843,\"1\":0,\"2\":[843,122,false,157,null,-1,823]}","{\"0\":122,\"1\":1,\"2\":[843,122,false,157,null,-1,823]}","{\"0\":false,\"1\":2,\"2\":[843,122,false,157,null,-1,823]}","{\"0\":157,\"1\":3,\"2\":[843,122,false,157,null,-1,823]}","{\"0\":null,\"1\":4,\"2\":[843,122,false,157,null,-1,823]}","{\"0\":-1,\"1\":5,\"2\":[843,122,false,157,null,-1,823]}","{\"0\":823,\"1\":6,\"2\":[843,122,false,157,null,-1,823]}","{\"0\":843,\"1\":0,\"2\":[843,122,126,157,1.7976931348623157e+308,-1,823]}","{\"0\":122,\"1\":1,\"2\":[843,122,126,157,1.7976931348623157e+308,-1,823]}","{\"0\":126,\"1\":2,\"2\":[843,122,126,157,1.7976931348623157e+308,-1,823]}","{\"0\":157,\"1\":3,\"2\":[843,122,126,157,1.7976931348623157e+308,-1,823]}","{\"0\":1.7976931348623157e+308,\"1\":4,\"2\":[843,122,126,157,1.7976931348623157e+308,-1,823]}","{\"0\":-1,\"1\":5,\"2\":[843,122,126,157,1.7976931348623157e+308,-1,823]}","{\"0\":823,\"1\":6,\"2\":[843,122,126,157,1.7976931348623157e+308,-1,823]}"]}