{"baseObjects":["[49,25,823,126,1.7976931348623157e+308]","[49,25,823,126,1.7976931348623157e+308]","[49,25,823,126,1.7976931348623157e+308]","[49,25,823,126,1.7976931348623157e+308]"],"returnObjects":["[49,25,823,126,1.7976931348623157e+308]","\"Error\"","[]","\"Error\""],"callbackArgs":["{\"0\":49,\"1\":0,\"2\":[49,25,823,126,1.7976931348623157e+308]}","{\"0\":25,\"1\":1,\"2\":[49,25,823,126,1.7976931348623157e+308]}","{\"0\":823,\"1\":2,\"2\":[49,25,823,126,1.7976931348623157e+308]}","{\"0\":126,\"1\":3,\"2\":[49,25,823,126,1.7976931348623157e+308]}","{\"0\":1.7976931348623157e+308,\"1\":4,\"2\":[49,25,823,126,1.7976931348623157e+308]}","{\"0\":49,\"1\":0,\"2\":[49,25,823,126,1.7976931348623157e+308]}","{\"0\":49,\"1\":0,\"2\":[49,25,823,126,1.7976931348623157e+308]}","{\"0\":25,\"1\":1,\"2\":[49,25,823,126,1.7976931348623157e+308]}","{\"0\":823,\"1\":2,\"2\":[49,25,823,126,1.7976931348623157e+308]}","{\"0\":126,\"1\":3,\"2\":[49,25,823,126,1.7976931348623157e+308]}","{\"0\":1.7976931348623157e+308,\"1\":4,\"2\":[49,25,823,126,1.7976931348623157e+308]}","{\"0\":49,\"1\":0,\"2\":[49,25,823,126,1.7976931348623157e+308]}"]}