{"baseObjects":["[705,403,969,122,1.7976931348623157e+308]","[705,403,969,122,1.7976931348623157e+308]","[705,403,null,122,1.7976931348623157e+308]","[705,403,null,122,1.7976931348623157e+308]"],"returnObjects":["[705,403,null,122,1.7976931348623157e+308]","[705,403,969,122,1.7976931348623157e+308]","[705,403,null,122,1.7976931348623157e+308]","\"Error\""],"callbackArgs":["{\"0\":705,\"1\":0,\"2\":[705,403,969,122,1.7976931348623157e+308]}","{\"0\":403,\"1\":1,\"2\":[705,403,969,122,1.7976931348623157e+308]}","{\"0\":969,\"1\":2,\"2\":[705,403,969,122,1.7976931348623157e+308]}","{\"0\":122,\"1\":3,\"2\":[705,403,969,122,1.7976931348623157e+308]}","{\"0\":1.7976931348623157e+308,\"1\":4,\"2\":[705,403,969,122,1.7976931348623157e+308]}","{\"0\":705,\"1\":0,\"2\":[705,403,969,122,1.7976931348623157e+308]}","{\"0\":403,\"1\":1,\"2\":[705,403,969,122,1.7976931348623157e+308]}","{\"0\":969,\"1\":2,\"2\":[705,403,969,122,1.7976931348623157e+308]}","{\"0\":122,\"1\":3,\"2\":[705,403,969,122,1.7976931348623157e+308]}","{\"0\":1.7976931348623157e+308,\"1\":4,\"2\":[705,403,969,122,1.7976931348623157e+308]}","{\"0\":705,\"1\":0,\"2\":[705,403,969,122,1.7976931348623157e+308]}","{\"0\":403,\"1\":1,\"2\":[705,403,null,122,1.7976931348623157e+308]}","{\"0\":null,\"1\":2,\"2\":[705,403,null,122,1.7976931348623157e+308]}","{\"0\":122,\"1\":3,\"2\":[705,403,null,122,1.7976931348623157e+308]}","{\"0\":1.7976931348623157e+308,\"1\":4,\"2\":[705,403,null,122,1.7976931348623157e+308]}","{\"0\":705,\"1\":0,\"2\":[705,403,null,122,1.7976931348623157e+308]}"]}