{"baseObjects":["[460,82,5e-324,82,157,403,1.7976931348623157e+308,1.7976931348623157e+308,126,403]","[460,82,5e-324,82,157,403,1.7976931348623157e+308,1.7976931348623157e+308,126,403]","[460,82,5e-324,82,157,403,1.7976931348623157e+308,1.7976931348623157e+308,126,403]","[460,82,null,82,157,403,1.7976931348623157e+308,1.7976931348623157e+308,126,403]"],"returnObjects":["[]","[460,82,5e-324,82,157,403,1.7976931348623157e+308,1.7976931348623157e+308,126,403]","[]","[460,82,null,82,157,403,1.7976931348623157e+308,1.7976931348623157e+308,126,403]"],"callbackArgs":["{\"0\":460,\"1\":0,\"2\":[460,82,5e-324,82,157,403,1.7976931348623157e+308,1.7976931348623157e+308,126,403]}","{\"0\":82,\"1\":1,\"2\":[460,82,5e-324,82,157,403,1.7976931348623157e+308,1.7976931348623157e+308,126,403]}","{\"0\":5e-324,\"1\":2,\"2\":[460,82,5e-324,82,157,403,1.7976931348623157e+308,1.7976931348623157e+308,126,403]}","{\"0\":82,\"1\":3,\"2\":[460,82,5e-324,82,157,403,1.7976931348623157e+308,1.7976931348623157e+308,126,403]}","{\"0\":157,\"1\":4,\"2\":[460,82,5e-324,82,157,403,1.7976931348623157e+308,1.7976931348623157e+308,126,403]}","{\"0\":403,\"1\":5,\"2\":[460,82,5e-324,82,157,403,1.7976931348623157e+308,1.7976931348623157e+308,126,403]}","{\"0\":1.7976931348623157e+308,\"1\":6,\"2\":[460,82,5e-324,82,157,403,1.7976931348623157e+308,1.7976931348623157e+308,126,403]}","{\"0\":1.7976931348623157e+308,\"1\":7,\"2\":[460,82,5e-324,82,157,403,1.7976931348623157e+308,1.7976931348623157e+308,126,403]}","{\"0\":126,\"1\":8,\"2\":[460,82,5e-324,82,157,403,1.7976931348623157e+308,1.7976931348623157e+308,126,403]}","{\"0\":403,\"1\":9,\"2\":[460,82,5e-324,82,157,403,1.7976931348623157e+308,1.7976931348623157e+308,126,403]}","{\"0\":460,\"1\":0,\"2\":[460,82,5e-324,82,157,403,1.7976931348623157e+308,1.7976931348623157e+308,126,403]}","{\"0\":82,\"1\":1,\"2\":[460,82,5e-324,82,157,403,1.7976931348623157e+308,1.7976931348623157e+308,126,403]}","{\"0\":5e-324,\"1\":2,\"2\":[460,82,5e-324,82,157,403,1.7976931348623157e+308,1.7976931348623157e+308,126,403]}","{\"0\":82,\"1\":3,\"2\":[460,82,5e-324,82,157,403,1.7976931348623157e+308,1.7976931348623157e+308,126,403]}","{\"0\":157,\"1\":4,\"2\":[460,82,5e-324,82,157,403,1.7976931348623157e+308,1.7976931348623157e+308,126,403]}","{\"0\":403,\"1\":5,\"2\":[460,82,5e-324,82,157,403,1.7976931348623157e+308,1.7976931348623157e+308,126,403]}","{\"0\":1.7976931348623157e+308,\"1\":6,\"2\":[460,82,5e-324,82,157,403,1.7976931348623157e+308,1.7976931348623157e+308,126,403]}","{\"0\":1.7976931348623157e+308,\"1\":7,\"2\":[460,82,5e-324,82,157,403,1.7976931348623157e+308,1.7976931348623157e+308,126,403]}","{\"0\":126,\"1\":8,\"2\":[460,82,5e-324,82,157,403,1.7976931348623157e+308,1.7976931348623157e+308,126,403]}","{\"0\":403,\"1\":9,\"2\":[460,82,5e-324,82,157,403,1.7976931348623157e+308,1.7976931348623157e+308,126,403]}","{\"0\":460,\"1\":0,\"2\":[460,82,5e-324,82,157,403,1.7976931348623157e+308,1.7976931348623157e+308,126,403]}","{\"0\":82,\"1\":1,\"2\":[460,82,5e-324,82,157,403,1.7976931348623157e+308,1.7976931348623157e+308,126,403]}","{\"0\":5e-324,\"1\":2,\"2\":[460,82,5e-324,82,157,403,1.7976931348623157e+308,1.7976931348623157e+308,126,403]}","{\"0\":82,\"1\":3,\"2\":[460,82,5e-324,82,157,403,1.7976931348623157e+308,1.7976931348623157e+308,126,403]}","{\"0\":157,\"1\":4,\"2\":[460,82,5e-324,82,157,403,1.7976931348623157e+308,1.7976931348623157e+308,126,403]}","{\"0\":403,\"1\":5,\"2\":[460,82,5e-324,82,157,403,1.7976931348623157e+308,1.7976931348623157e+308,126,403]}","{\"0\":1.7976931348623157e+308,\"1\":6,\"2\":[460,82,5e-324,82,157,403,1.7976931348623157e+308,1.7976931348623157e+308,126,403]}","{\"0\":1.7976931348623157e+308,\"1\":7,\"2\":[460,82,5e-324,82,157,403,1.7976931348623157e+308,1.7976931348623157e+308,126,403]}","{\"0\":126,\"1\":8,\"2\":[460,82,5e-324,82,157,403,1.7976931348623157e+308,1.7976931348623157e+308,126,403]}","{\"0\":403,\"1\":9,\"2\":[460,82,5e-324,82,157,403,1.7976931348623157e+308,1.7976931348623157e+308,126,403]}","{\"0\":460,\"1\":0,\"2\":[460,82,5e-324,82,157,403,1.7976931348623157e+308,1.7976931348623157e+308,126,403]}","{\"0\":82,\"1\":1,\"2\":[460,82,null,82,157,403,1.7976931348623157e+308,1.7976931348623157e+308,126,403]}","{\"0\":null,\"1\":2,\"2\":[460,82,null,82,157,403,1.7976931348623157e+308,1.7976931348623157e+308,126,403]}","{\"0\":82,\"1\":3,\"2\":[460,82,null,82,157,403,1.7976931348623157e+308,1.7976931348623157e+308,126,403]}","{\"0\":157,\"1\":4,\"2\":[460,82,null,82,157,403,1.7976931348623157e+308,1.7976931348623157e+308,126,403]}","{\"0\":403,\"1\":5,\"2\":[460,82,null,82,157,403,1.7976931348623157e+308,1.7976931348623157e+308,126,403]}","{\"0\":1.7976931348623157e+308,\"1\":6,\"2\":[460,82,null,82,157,403,1.7976931348623157e+308,1.7976931348623157e+308,126,403]}","{\"0\":1.7976931348623157e+308,\"1\":7,\"2\":[460,82,null,82,157,403,1.7976931348623157e+308,1.7976931348623157e+308,126,403]}","{\"0\":126,\"1\":8,\"2\":[460,82,null,82,157,403,1.7976931348623157e+308,1.7976931348623157e+308,126,403]}","{\"0\":403,\"1\":9,\"2\":[460,82,null,82,157,403,1.7976931348623157e+308,1.7976931348623157e+308,126,403]}"]}