{"baseObjects":["[\"SQ\",\"i\",\"_\",{\"595\":\"\",\"1.4913209683446364e+308\":1.6202442892443399e+308,\"H\":\"\",\"\":1.0852710181541324e+308,\"A\":\"&WYS4\",\"9.927956148233684e+307\":1.7596871007859898e+308},893,\"+\",\"[\",\"a:\"]","[\"SQ\",\"i\",\"_\",0,893,\"+\",\"[\",\"a:\"]","[\"SQ\",\"i\",\"_\",0,893,\"+\",\"[\",\"a:\"]","[\"SQ\",\"i\",\"_\",0,893,\"+\",\"[\",\"a:\"]"],"returnObjects":["[]","[\"SQ\",\"i\",\"_\",0,893,\"+\",\"[\",\"a:\"]","\"Error\"","\"Error\""],"callbackArgs":["{\"0\":\"SQ\",\"1\":0,\"2\":[\"SQ\",\"i\",\"_\",0,893,\"+\",\"[\",\"a:\"]}","{\"0\":\"i\",\"1\":1,\"2\":[\"SQ\",\"i\",\"_\",{\"595\":\"\",\"1.4913209683446364e+308\":1.6202442892443399e+308,\"H\":\"\",\"\":1.0852710181541324e+308,\"A\":\"&WYS4\",\"9.927956148233684e+307\":1.7596871007859898e+308},893,\"+\",\"[\",\"a:\"]}","{\"0\":\"_\",\"1\":2,\"2\":[\"SQ\",\"i\",\"_\",{\"595\":\"\",\"1.4913209683446364e+308\":1.6202442892443399e+308,\"H\":\"\",\"\":1.0852710181541324e+308,\"A\":\"&WYS4\",\"9.927956148233684e+307\":1.7596871007859898e+308},893,\"+\",\"[\",\"a:\"]}","{\"0\":{\"595\":\"\",\"1.4913209683446364e+308\":1.6202442892443399e+308,\"H\":\"\",\"\":1.0852710181541324e+308,\"A\":\"&WYS4\",\"9.927956148233684e+307\":1.7596871007859898e+308},\"1\":3,\"2\":[\"SQ\",\"i\",\"_\",{\"595\":\"\",\"1.4913209683446364e+308\":1.6202442892443399e+308,\"H\":\"\",\"\":1.0852710181541324e+308,\"A\":\"&WYS4\",\"9.927956148233684e+307\":1.7596871007859898e+308},893,\"+\",\"[\",\"a:\"]}","{\"0\":893,\"1\":4,\"2\":[\"SQ\",\"i\",\"_\",{\"595\":\"\",\"1.4913209683446364e+308\":1.6202442892443399e+308,\"H\":\"\",\"\":1.0852710181541324e+308,\"A\":\"&WYS4\",\"9.927956148233684e+307\":1.7596871007859898e+308},893,\"+\",\"[\",\"a:\"]}","{\"0\":\"+\",\"1\":5,\"2\":[\"SQ\",\"i\",\"_\",{\"595\":\"\",\"1.4913209683446364e+308\":1.6202442892443399e+308,\"H\":\"\",\"\":1.0852710181541324e+308,\"A\":\"&WYS4\",\"9.927956148233684e+307\":1.7596871007859898e+308},893,\"+\",\"[\",\"a:\"]}","{\"0\":\"[\",\"1\":6,\"2\":[\"SQ\",\"i\",\"_\",{\"595\":\"\",\"1.4913209683446364e+308\":1.6202442892443399e+308,\"H\":\"\",\"\":1.0852710181541324e+308,\"A\":\"&WYS4\",\"9.927956148233684e+307\":1.7596871007859898e+308},893,\"+\",\"[\",\"a:\"]}","{\"0\":\"a:\",\"1\":7,\"2\":[\"SQ\",\"i\",\"_\",{\"595\":\"\",\"1.4913209683446364e+308\":1.6202442892443399e+308,\"H\":\"\",\"\":1.0852710181541324e+308,\"A\":\"&WYS4\",\"9.927956148233684e+307\":1.7596871007859898e+308},893,\"+\",\"[\",\"a:\"]}","{\"0\":\"SQ\",\"1\":0,\"2\":[\"SQ\",\"i\",\"_\",0,893,\"+\",\"[\",\"a:\"]}","{\"0\":\"i\",\"1\":1,\"2\":[\"SQ\",\"i\",\"_\",0,893,\"+\",\"[\",\"a:\"]}","{\"0\":\"_\",\"1\":2,\"2\":[\"SQ\",\"i\",\"_\",0,893,\"+\",\"[\",\"a:\"]}","{\"0\":0,\"1\":3,\"2\":[\"SQ\",\"i\",\"_\",0,893,\"+\",\"[\",\"a:\"]}","{\"0\":893,\"1\":4,\"2\":[\"SQ\",\"i\",\"_\",0,893,\"+\",\"[\",\"a:\"]}","{\"0\":\"+\",\"1\":5,\"2\":[\"SQ\",\"i\",\"_\",0,893,\"+\",\"[\",\"a:\"]}","{\"0\":\"[\",\"1\":6,\"2\":[\"SQ\",\"i\",\"_\",0,893,\"+\",\"[\",\"a:\"]}","{\"0\":\"a:\",\"1\":7,\"2\":[\"SQ\",\"i\",\"_\",0,893,\"+\",\"[\",\"a:\"]}","{\"0\":\"SQ\",\"1\":0,\"2\":[\"SQ\",\"i\",\"_\",0,893,\"+\",\"[\",\"a:\"]}","{\"0\":\"SQ\",\"1\":0,\"2\":[\"SQ\",\"i\",\"_\",0,893,\"+\",\"[\",\"a:\"]}"]}