{"baseObjects":["[-1,893,1.7976931348623157e+308,25,843,242,-1]","[-1,893,1.7976931348623157e+308,25,843,242,-1]","[]","[]"],"returnObjects":["\"Error\"","[]","[]","[]"],"callbackArgs":["{\"0\":-1,\"1\":0,\"2\":[-1,893,1.7976931348623157e+308,25,843,242,-1]}","{\"0\":-1,\"1\":0,\"2\":[-1,893,1.7976931348623157e+308,25,843,242,-1]}","{\"0\":893,\"1\":1,\"2\":[-1,893,1.7976931348623157e+308,25,843,242,-1]}","{\"0\":1.7976931348623157e+308,\"1\":2,\"2\":[-1,893,1.7976931348623157e+308,25,843,242,-1]}","{\"0\":25,\"1\":3,\"2\":[-1,893,1.7976931348623157e+308,25,843,242,-1]}","{\"0\":843,\"1\":4,\"2\":[-1,893,1.7976931348623157e+308,25,843,242,-1]}","{\"0\":242,\"1\":5,\"2\":[-1,893,1.7976931348623157e+308,25,843,242,-1]}","{\"0\":-1,\"1\":6,\"2\":[-1,893,1.7976931348623157e+308,25,843,242,-1]}"]}