{"baseObjects":["[-100,49,403,126,1.7976931348623157e+308]","[-100,49,8.023703298055452e+307,126,1.7976931348623157e+308]","[]","[]"],"returnObjects":["[]","[]","[]","[]"],"callbackArgs":["{\"0\":-100,\"1\":0,\"2\":[-100,49,403,126,1.7976931348623157e+308]}","{\"0\":49,\"1\":1,\"2\":[-100,49,403,126,1.7976931348623157e+308]}","{\"0\":403,\"1\":2,\"2\":[-100,49,403,126,1.7976931348623157e+308]}","{\"0\":126,\"1\":3,\"2\":[-100,49,403,126,1.7976931348623157e+308]}","{\"0\":1.7976931348623157e+308,\"1\":4,\"2\":[-100,49,403,126,1.7976931348623157e+308]}","{\"0\":-100,\"1\":0,\"2\":[-100,49,403,126,1.7976931348623157e+308]}","{\"0\":49,\"1\":1,\"2\":[-100,49,8.023703298055452e+307,126,1.7976931348623157e+308]}","{\"0\":8.023703298055452e+307,\"1\":2,\"2\":[-100,49,8.023703298055452e+307,126,1.7976931348623157e+308]}","{\"0\":126,\"1\":3,\"2\":[-100,49,8.023703298055452e+307,126,1.7976931348623157e+308]}","{\"0\":1.7976931348623157e+308,\"1\":4,\"2\":[-100,49,8.023703298055452e+307,126,1.7976931348623157e+308]}"]}