{"baseObjects":["[460,25,595,1.7976931348623157e+308,705,655,783,null,null,[5e-324,460,157,100,242]]","[]","[]","[460,25,595,1.7976931348623157e+308,705,655,783]"],"returnObjects":["[]","[]","[]","\"Error\""],"callbackArgs":["{\"0\":460,\"1\":0,\"2\":[460,25,595,1.7976931348623157e+308,705,655,783]}","{\"0\":25,\"1\":1,\"2\":[460,25,595,1.7976931348623157e+308,705,655,783,null,null,[5e-324,460,157,100,242]]}","{\"0\":595,\"1\":2,\"2\":[460,25,595,1.7976931348623157e+308,705,655,783,null,null,[5e-324,460,157,100,242]]}","{\"0\":1.7976931348623157e+308,\"1\":3,\"2\":[460,25,595,1.7976931348623157e+308,705,655,783,null,null,[5e-324,460,157,100,242]]}","{\"0\":705,\"1\":4,\"2\":[460,25,595,1.7976931348623157e+308,705,655,783,null,null,[5e-324,460,157,100,242]]}","{\"0\":655,\"1\":5,\"2\":[460,25,595,1.7976931348623157e+308,705,655,783,null,null,[5e-324,460,157,100,242]]}","{\"0\":783,\"1\":6,\"2\":[460,25,595,1.7976931348623157e+308,705,655,783,null,null,[5e-324,460,157,100,242]]}","{\"0\":460,\"1\":0,\"2\":[460,25,595,1.7976931348623157e+308,705,655,783]}"]}