{"baseObjects":["[1.7976931348623157e+308,893,59,1.7976931348623157e+308,null,null,null,403]","[1.7976931348623157e+308,893,59,1.7976931348623157e+308]","[]","[]"],"returnObjects":["\"Error\"","[]","[]","[]"],"callbackArgs":["{\"0\":1.7976931348623157e+308,\"1\":0,\"2\":[1.7976931348623157e+308,893,59,1.7976931348623157e+308]}","{\"0\":1.7976931348623157e+308,\"1\":0,\"2\":[1.7976931348623157e+308,893,59,1.7976931348623157e+308]}","{\"0\":893,\"1\":1,\"2\":[1.7976931348623157e+308,893,59,1.7976931348623157e+308]}","{\"0\":59,\"1\":2,\"2\":[1.7976931348623157e+308,893,59,1.7976931348623157e+308]}","{\"0\":1.7976931348623157e+308,\"1\":3,\"2\":[1.7976931348623157e+308,893,59,1.7976931348623157e+308]}"]}