{"baseObjects":["[618,25,655,655,242,100,893]","[true,25,655,655,242,100,893,null,null,{\"5\":\"K\",\"823\":627,\"\":\"\",\"4.898670874382906e+307\":1.17216637004474e+308,\"`\":\"\",\"1.5576545106665314e+308\":\"\",\"'\":627,\"6.055931893934415e+307\":\"\",\"1.47132868508043e+308\":403}]","[]","[]"],"returnObjects":["[]","[]","[]","[]"],"callbackArgs":["{\"0\":618,\"1\":0,\"2\":[618,25,655,655,242,100,893]}","{\"0\":25,\"1\":1,\"2\":[618,25,655,655,242,100,893]}","{\"0\":655,\"1\":2,\"2\":[618,25,655,655,242,100,893]}","{\"0\":655,\"1\":3,\"2\":[618,25,655,655,242,100,893]}","{\"0\":242,\"1\":4,\"2\":[618,25,655,655,242,100,893]}","{\"0\":100,\"1\":5,\"2\":[618,25,655,655,242,100,893]}","{\"0\":893,\"1\":6,\"2\":[618,25,655,655,242,100,893]}","{\"0\":618,\"1\":0,\"2\":[618,25,655,655,242,100,893]}","{\"0\":25,\"1\":1,\"2\":[true,25,655,655,242,100,893,null,null,{\"5\":\"K\",\"823\":627,\"\":\"\",\"4.898670874382906e+307\":1.17216637004474e+308,\"`\":\"\",\"1.5576545106665314e+308\":\"\",\"'\":627,\"6.055931893934415e+307\":\"\",\"1.47132868508043e+308\":403}]}","{\"0\":655,\"1\":2,\"2\":[true,25,655,655,242,100,893,null,null,{\"5\":\"K\",\"823\":627,\"\":\"\",\"4.898670874382906e+307\":1.17216637004474e+308,\"`\":\"\",\"1.5576545106665314e+308\":\"\",\"'\":627,\"6.055931893934415e+307\":\"\",\"1.47132868508043e+308\":403}]}","{\"0\":655,\"1\":3,\"2\":[true,25,655,655,242,100,893,null,null,{\"5\":\"K\",\"823\":627,\"\":\"\",\"4.898670874382906e+307\":1.17216637004474e+308,\"`\":\"\",\"1.5576545106665314e+308\":\"\",\"'\":627,\"6.055931893934415e+307\":\"\",\"1.47132868508043e+308\":403}]}","{\"0\":242,\"1\":4,\"2\":[true,25,655,655,242,100,893,null,null,{\"5\":\"K\",\"823\":627,\"\":\"\",\"4.898670874382906e+307\":1.17216637004474e+308,\"`\":\"\",\"1.5576545106665314e+308\":\"\",\"'\":627,\"6.055931893934415e+307\":\"\",\"1.47132868508043e+308\":403}]}","{\"0\":100,\"1\":5,\"2\":[true,25,655,655,242,100,893,null,null,{\"5\":\"K\",\"823\":627,\"\":\"\",\"4.898670874382906e+307\":1.17216637004474e+308,\"`\":\"\",\"1.5576545106665314e+308\":\"\",\"'\":627,\"6.055931893934415e+307\":\"\",\"1.47132868508043e+308\":403}]}","{\"0\":893,\"1\":6,\"2\":[true,25,655,655,242,100,893,null,null,{\"5\":\"K\",\"823\":627,\"\":\"\",\"4.898670874382906e+307\":1.17216637004474e+308,\"`\":\"\",\"1.5576545106665314e+308\":\"\",\"'\":627,\"6.055931893934415e+307\":\"\",\"1.47132868508043e+308\":403}]}"]}