{"baseObjects":["[-1,\"D\",\"^?\",\"jxPN\",213,\"h\",618]","[-1,\"D\",\"^?\",\"jxPN\",213,\"h\",618]","[-1,7.804755549964965e+307,\"^?\",\"jxPN\",213,\"h\",618]","[-1,7.804755549964965e+307,\"^?\",\"jxPN\",213,\"h\",618]"],"returnObjects":["[-1,\"D\",\"^?\",\"jxPN\",213,\"h\",618]","[]","[-1,7.804755549964965e+307,\"^?\",\"jxPN\",213,\"h\",618]","[]"],"callbackArgs":["{\"0\":-1,\"1\":0,\"2\":[-1,\"D\",\"^?\",\"jxPN\",213,\"h\",618]}","{\"0\":\"D\",\"1\":1,\"2\":[-1,\"D\",\"^?\",\"jxPN\",213,\"h\",618]}","{\"0\":\"^?\",\"1\":2,\"2\":[-1,\"D\",\"^?\",\"jxPN\",213,\"h\",618]}","{\"0\":\"jxPN\",\"1\":3,\"2\":[-1,\"D\",\"^?\",\"jxPN\",213,\"h\",618]}","{\"0\":213,\"1\":4,\"2\":[-1,\"D\",\"^?\",\"jxPN\",213,\"h\",618]}","{\"0\":\"h\",\"1\":5,\"2\":[-1,\"D\",\"^?\",\"jxPN\",213,\"h\",618]}","{\"0\":618,\"1\":6,\"2\":[-1,\"D\",\"^?\",\"jxPN\",213,\"h\",618]}","{\"0\":-1,\"1\":0,\"2\":[-1,\"D\",\"^?\",\"jxPN\",213,\"h\",618]}","{\"0\":\"D\",\"1\":1,\"2\":[-1,\"D\",\"^?\",\"jxPN\",213,\"h\",618]}","{\"0\":\"^?\",\"1\":2,\"2\":[-1,\"D\",\"^?\",\"jxPN\",213,\"h\",618]}","{\"0\":\"jxPN\",\"1\":3,\"2\":[-1,\"D\",\"^?\",\"jxPN\",213,\"h\",618]}","{\"0\":213,\"1\":4,\"2\":[-1,\"D\",\"^?\",\"jxPN\",213,\"h\",618]}","{\"0\":\"h\",\"1\":5,\"2\":[-1,\"D\",\"^?\",\"jxPN\",213,\"h\",618]}","{\"0\":618,\"1\":6,\"2\":[-1,\"D\",\"^?\",\"jxPN\",213,\"h\",618]}","{\"0\":-1,\"1\":0,\"2\":[-1,\"D\",\"^?\",\"jxPN\",213,\"h\",618]}","{\"0\":7.804755549964965e+307,\"1\":1,\"2\":[-1,7.804755549964965e+307,\"^?\",\"jxPN\",213,\"h\",618]}","{\"0\":\"^?\",\"1\":2,\"2\":[-1,7.804755549964965e+307,\"^?\",\"jxPN\",213,\"h\",618]}","{\"0\":\"jxPN\",\"1\":3,\"2\":[-1,7.804755549964965e+307,\"^?\",\"jxPN\",213,\"h\",618]}","{\"0\":213,\"1\":4,\"2\":[-1,7.804755549964965e+307,\"^?\",\"jxPN\",213,\"h\",618]}","{\"0\":\"h\",\"1\":5,\"2\":[-1,7.804755549964965e+307,\"^?\",\"jxPN\",213,\"h\",618]}","{\"0\":618,\"1\":6,\"2\":[-1,7.804755549964965e+307,\"^?\",\"jxPN\",213,\"h\",618]}","{\"0\":-1,\"1\":0,\"2\":[-1,7.804755549964965e+307,\"^?\",\"jxPN\",213,\"h\",618]}","{\"0\":7.804755549964965e+307,\"1\":1,\"2\":[-1,7.804755549964965e+307,\"^?\",\"jxPN\",213,\"h\",618]}","{\"0\":\"^?\",\"1\":2,\"2\":[-1,7.804755549964965e+307,\"^?\",\"jxPN\",213,\"h\",618]}","{\"0\":\"jxPN\",\"1\":3,\"2\":[-1,7.804755549964965e+307,\"^?\",\"jxPN\",213,\"h\",618]}","{\"0\":213,\"1\":4,\"2\":[-1,7.804755549964965e+307,\"^?\",\"jxPN\",213,\"h\",618]}","{\"0\":\"h\",\"1\":5,\"2\":[-1,7.804755549964965e+307,\"^?\",\"jxPN\",213,\"h\",618]}","{\"0\":618,\"1\":6,\"2\":[-1,7.804755549964965e+307,\"^?\",\"jxPN\",213,\"h\",618]}"]}