{"baseObjects":["[{\"0\":59,\"\":\"Epr\",\"]\":7.395151162607184e+307,\"VT<\":\"\",\"n\":\"\",\"tNZ\":\"\"},618,783,122,25,893,122]","[242,618,783,122,25,893,122]","[242,618,783,122,25,893,122]","[242,618,783,null,25,893,122]"],"returnObjects":["[242,618,783,null,25,893,122]","[]","[242,618,783,122,25,893,122]","\"Error\""],"callbackArgs":["{\"0\":242,\"1\":0,\"2\":[242,618,783,122,25,893,122]}","{\"0\":618,\"1\":1,\"2\":[{\"0\":59,\"\":\"Epr\",\"]\":7.395151162607184e+307,\"VT<\":\"\",\"n\":\"\",\"tNZ\":\"\"},618,783,122,25,893,122]}","{\"0\":783,\"1\":2,\"2\":[{\"0\":59,\"\":\"Epr\",\"]\":7.395151162607184e+307,\"VT<\":\"\",\"n\":\"\",\"tNZ\":\"\"},618,783,122,25,893,122]}","{\"0\":122,\"1\":3,\"2\":[{\"0\":59,\"\":\"Epr\",\"]\":7.395151162607184e+307,\"VT<\":\"\",\"n\":\"\",\"tNZ\":\"\"},618,783,122,25,893,122]}","{\"0\":25,\"1\":4,\"2\":[{\"0\":59,\"\":\"Epr\",\"]\":7.395151162607184e+307,\"VT<\":\"\",\"n\":\"\",\"tNZ\":\"\"},618,783,122,25,893,122]}","{\"0\":893,\"1\":5,\"2\":[{\"0\":59,\"\":\"Epr\",\"]\":7.395151162607184e+307,\"VT<\":\"\",\"n\":\"\",\"tNZ\":\"\"},618,783,122,25,893,122]}","{\"0\":122,\"1\":6,\"2\":[{\"0\":59,\"\":\"Epr\",\"]\":7.395151162607184e+307,\"VT<\":\"\",\"n\":\"\",\"tNZ\":\"\"},618,783,122,25,893,122]}","{\"0\":242,\"1\":0,\"2\":[242,618,783,122,25,893,122]}","{\"0\":618,\"1\":1,\"2\":[242,618,783,122,25,893,122]}","{\"0\":783,\"1\":2,\"2\":[242,618,783,122,25,893,122]}","{\"0\":122,\"1\":3,\"2\":[242,618,783,122,25,893,122]}","{\"0\":25,\"1\":4,\"2\":[242,618,783,122,25,893,122]}","{\"0\":893,\"1\":5,\"2\":[242,618,783,122,25,893,122]}","{\"0\":122,\"1\":6,\"2\":[242,618,783,122,25,893,122]}","{\"0\":242,\"1\":0,\"2\":[242,618,783,122,25,893,122]}","{\"0\":618,\"1\":1,\"2\":[242,618,783,122,25,893,122]}","{\"0\":783,\"1\":2,\"2\":[242,618,783,122,25,893,122]}","{\"0\":122,\"1\":3,\"2\":[242,618,783,122,25,893,122]}","{\"0\":25,\"1\":4,\"2\":[242,618,783,122,25,893,122]}","{\"0\":893,\"1\":5,\"2\":[242,618,783,122,25,893,122]}","{\"0\":122,\"1\":6,\"2\":[242,618,783,122,25,893,122]}","{\"0\":242,\"1\":0,\"2\":[242,618,783,122,25,893,122]}"]}