{"baseObjects":["[1.7976931348623157e+308,122,607,627,705,126,403]","[1.7976931348623157e+308,122,607,627,705,126,403]","[1.7976931348623157e+308,122,607,627,705,126,403]","[1.7976931348623157e+308,122,607,627,705,126,403]"],"returnObjects":["[1.7976931348623157e+308,122,607,627,705,126,403]","[]","[]","[]"],"callbackArgs":["{\"0\":1.7976931348623157e+308,\"1\":0,\"2\":[1.7976931348623157e+308,122,607,627,705,126,403]}","{\"0\":122,\"1\":1,\"2\":[1.7976931348623157e+308,122,607,627,705,126,403]}","{\"0\":607,\"1\":2,\"2\":[1.7976931348623157e+308,122,607,627,705,126,403]}","{\"0\":627,\"1\":3,\"2\":[1.7976931348623157e+308,122,607,627,705,126,403]}","{\"0\":705,\"1\":4,\"2\":[1.7976931348623157e+308,122,607,627,705,126,403]}","{\"0\":126,\"1\":5,\"2\":[1.7976931348623157e+308,122,607,627,705,126,403]}","{\"0\":403,\"1\":6,\"2\":[1.7976931348623157e+308,122,607,627,705,126,403]}","{\"0\":1.7976931348623157e+308,\"1\":0,\"2\":[1.7976931348623157e+308,122,607,627,705,126,403]}","{\"0\":122,\"1\":1,\"2\":[1.7976931348623157e+308,122,607,627,705,126,403]}","{\"0\":607,\"1\":2,\"2\":[1.7976931348623157e+308,122,607,627,705,126,403]}","{\"0\":627,\"1\":3,\"2\":[1.7976931348623157e+308,122,607,627,705,126,403]}","{\"0\":705,\"1\":4,\"2\":[1.7976931348623157e+308,122,607,627,705,126,403]}","{\"0\":126,\"1\":5,\"2\":[1.7976931348623157e+308,122,607,627,705,126,403]}","{\"0\":403,\"1\":6,\"2\":[1.7976931348623157e+308,122,607,627,705,126,403]}","{\"0\":1.7976931348623157e+308,\"1\":0,\"2\":[1.7976931348623157e+308,122,607,627,705,126,403]}","{\"0\":122,\"1\":1,\"2\":[1.7976931348623157e+308,122,607,627,705,126,403]}","{\"0\":607,\"1\":2,\"2\":[1.7976931348623157e+308,122,607,627,705,126,403]}","{\"0\":627,\"1\":3,\"2\":[1.7976931348623157e+308,122,607,627,705,126,403]}","{\"0\":705,\"1\":4,\"2\":[1.7976931348623157e+308,122,607,627,705,126,403]}","{\"0\":126,\"1\":5,\"2\":[1.7976931348623157e+308,122,607,627,705,126,403]}","{\"0\":403,\"1\":6,\"2\":[1.7976931348623157e+308,122,607,627,705,126,403]}","{\"0\":1.7976931348623157e+308,\"1\":0,\"2\":[1.7976931348623157e+308,122,607,627,705,126,403]}","{\"0\":122,\"1\":1,\"2\":[1.7976931348623157e+308,122,607,627,705,126,403]}","{\"0\":607,\"1\":2,\"2\":[1.7976931348623157e+308,122,607,627,705,126,403]}","{\"0\":627,\"1\":3,\"2\":[1.7976931348623157e+308,122,607,627,705,126,403]}","{\"0\":705,\"1\":4,\"2\":[1.7976931348623157e+308,122,607,627,705,126,403]}","{\"0\":126,\"1\":5,\"2\":[1.7976931348623157e+308,122,607,627,705,126,403]}","{\"0\":403,\"1\":6,\"2\":[1.7976931348623157e+308,122,607,627,705,126,403]}"]}