{"baseObjects":["[157,\"P1_\",\"*]\",49,\"OM\",null,null,null,[157,59,714,1.7976931348623157e+308,403,5e-324,242]]","[157,\"P1_\",\"*]\",49,\"OM\"]","[157,\"P1_\",\"*]\",49,\"OM\"]","[157,\"P1_\",\"*]\",49,\"OM\"]"],"returnObjects":["[157,\"P1_\",\"*]\",49,\"OM\"]","\"Error\"","[]","\"Error\""],"callbackArgs":["{\"0\":157,\"1\":0,\"2\":[157,\"P1_\",\"*]\",49,\"OM\"]}","{\"0\":\"P1_\",\"1\":1,\"2\":[157,\"P1_\",\"*]\",49,\"OM\",null,null,null,[157,59,714,1.7976931348623157e+308,403,5e-324,242]]}","{\"0\":\"*]\",\"1\":2,\"2\":[157,\"P1_\",\"*]\",49,\"OM\",null,null,null,[157,59,714,1.7976931348623157e+308,403,5e-324,242]]}","{\"0\":49,\"1\":3,\"2\":[157,\"P1_\",\"*]\",49,\"OM\",null,null,null,[157,59,714,1.7976931348623157e+308,403,5e-324,242]]}","{\"0\":\"OM\",\"1\":4,\"2\":[157,\"P1_\",\"*]\",49,\"OM\",null,null,null,[157,59,714,1.7976931348623157e+308,403,5e-324,242]]}","{\"0\":157,\"1\":0,\"2\":[157,\"P1_\",\"*]\",49,\"OM\"]}","{\"0\":157,\"1\":0,\"2\":[157,\"P1_\",\"*]\",49,\"OM\"]}","{\"0\":\"P1_\",\"1\":1,\"2\":[157,\"P1_\",\"*]\",49,\"OM\"]}","{\"0\":\"*]\",\"1\":2,\"2\":[157,\"P1_\",\"*]\",49,\"OM\"]}","{\"0\":49,\"1\":3,\"2\":[157,\"P1_\",\"*]\",49,\"OM\"]}","{\"0\":\"OM\",\"1\":4,\"2\":[157,\"P1_\",\"*]\",49,\"OM\"]}","{\"0\":157,\"1\":0,\"2\":[157,\"P1_\",\"*]\",49,\"OM\"]}"]}