{"baseObjects":["[1.7976931348623157e+308,823,25,618,59,618]","[1.7976931348623157e+308,823,25,618,59,618,null,null,{\"1.6392958730591036e+308\":\"\",\"\":\"\",\"3.6237389157406506e+307\":403}]","[{\"714\":5.663514604625947e+307,\"969\":9.791325886392811e+306,\"9.604277255172965e+307\":\"<\"},823,25,618,59,618,{\"403\":618}]","[1.7976931348623157e+308,823,25,618,59,618]"],"returnObjects":["[]","[1.7976931348623157e+308,823,25,618,59,618]","[]","[]"],"callbackArgs":["{\"0\":1.7976931348623157e+308,\"1\":0,\"2\":[1.7976931348623157e+308,823,25,618,59,618]}","{\"0\":823,\"1\":1,\"2\":[1.7976931348623157e+308,823,25,618,59,618]}","{\"0\":25,\"1\":2,\"2\":[1.7976931348623157e+308,823,25,618,59,618]}","{\"0\":618,\"1\":3,\"2\":[1.7976931348623157e+308,823,25,618,59,618]}","{\"0\":59,\"1\":4,\"2\":[1.7976931348623157e+308,823,25,618,59,618]}","{\"0\":618,\"1\":5,\"2\":[1.7976931348623157e+308,823,25,618,59,618]}","{\"0\":1.7976931348623157e+308,\"1\":0,\"2\":[1.7976931348623157e+308,823,25,618,59,618]}","{\"0\":823,\"1\":1,\"2\":[1.7976931348623157e+308,823,25,618,59,618,null,null,{\"1.6392958730591036e+308\":\"\",\"\":\"\",\"3.6237389157406506e+307\":403}]}","{\"0\":25,\"1\":2,\"2\":[1.7976931348623157e+308,823,25,618,59,618,null,null,{\"1.6392958730591036e+308\":\"\",\"\":\"\",\"3.6237389157406506e+307\":403}]}","{\"0\":618,\"1\":3,\"2\":[1.7976931348623157e+308,823,25,618,59,618,null,null,{\"1.6392958730591036e+308\":\"\",\"\":\"\",\"3.6237389157406506e+307\":403}]}","{\"0\":59,\"1\":4,\"2\":[1.7976931348623157e+308,823,25,618,59,618,null,null,{\"1.6392958730591036e+308\":\"\",\"\":\"\",\"3.6237389157406506e+307\":403}]}","{\"0\":618,\"1\":5,\"2\":[1.7976931348623157e+308,823,25,618,59,618,null,null,{\"1.6392958730591036e+308\":\"\",\"\":\"\",\"3.6237389157406506e+307\":403}]}","{\"0\":1.7976931348623157e+308,\"1\":0,\"2\":[1.7976931348623157e+308,823,25,618,59,618]}","{\"0\":823,\"1\":1,\"2\":[{\"714\":5.663514604625947e+307,\"969\":9.791325886392811e+306,\"9.604277255172965e+307\":\"<\"},823,25,618,59,618,{\"403\":618}]}","{\"0\":25,\"1\":2,\"2\":[{\"714\":5.663514604625947e+307,\"969\":9.791325886392811e+306,\"9.604277255172965e+307\":\"<\"},823,25,618,59,618,{\"403\":618}]}","{\"0\":618,\"1\":3,\"2\":[{\"714\":5.663514604625947e+307,\"969\":9.791325886392811e+306,\"9.604277255172965e+307\":\"<\"},823,25,618,59,618,{\"403\":618}]}","{\"0\":59,\"1\":4,\"2\":[{\"714\":5.663514604625947e+307,\"969\":9.791325886392811e+306,\"9.604277255172965e+307\":\"<\"},823,25,618,59,618,{\"403\":618}]}","{\"0\":618,\"1\":5,\"2\":[{\"714\":5.663514604625947e+307,\"969\":9.791325886392811e+306,\"9.604277255172965e+307\":\"<\"},823,25,618,59,618,{\"403\":618}]}","{\"0\":1.7976931348623157e+308,\"1\":0,\"2\":[1.7976931348623157e+308,823,25,618,59,618]}","{\"0\":823,\"1\":1,\"2\":[1.7976931348623157e+308,823,25,618,59,618]}","{\"0\":25,\"1\":2,\"2\":[1.7976931348623157e+308,823,25,618,59,618]}","{\"0\":618,\"1\":3,\"2\":[1.7976931348623157e+308,823,25,618,59,618]}","{\"0\":59,\"1\":4,\"2\":[1.7976931348623157e+308,823,25,618,59,618]}","{\"0\":618,\"1\":5,\"2\":[1.7976931348623157e+308,823,25,618,59,618]}"]}