{"baseObjects":["[\"_\",403,460,\"E[\",\"Z{\",823]","[2.9418369000661504e+307,403,460,\"E[\",\"Z{\",823]","[\"_\",403,460,\"E[\",\"Z{\",823]","[false,403,460,\"E[\",\"Z{\",823]"],"returnObjects":["[]","[\"_\",403,460,\"E[\",\"Z{\",823]","[]","[\"_\",403,460,\"E[\",\"Z{\",823]"],"callbackArgs":["{\"0\":\"_\",\"1\":0,\"2\":[\"_\",403,460,\"E[\",\"Z{\",823]}","{\"0\":403,\"1\":1,\"2\":[\"_\",403,460,\"E[\",\"Z{\",823]}","{\"0\":460,\"1\":2,\"2\":[\"_\",403,460,\"E[\",\"Z{\",823]}","{\"0\":\"E[\",\"1\":3,\"2\":[\"_\",403,460,\"E[\",\"Z{\",823]}","{\"0\":\"Z{\",\"1\":4,\"2\":[\"_\",403,460,\"E[\",\"Z{\",823]}","{\"0\":823,\"1\":5,\"2\":[\"_\",403,460,\"E[\",\"Z{\",823]}","{\"0\":\"_\",\"1\":0,\"2\":[\"_\",403,460,\"E[\",\"Z{\",823]}","{\"0\":403,\"1\":1,\"2\":[2.9418369000661504e+307,403,460,\"E[\",\"Z{\",823]}","{\"0\":460,\"1\":2,\"2\":[2.9418369000661504e+307,403,460,\"E[\",\"Z{\",823]}","{\"0\":\"E[\",\"1\":3,\"2\":[2.9418369000661504e+307,403,460,\"E[\",\"Z{\",823]}","{\"0\":\"Z{\",\"1\":4,\"2\":[2.9418369000661504e+307,403,460,\"E[\",\"Z{\",823]}","{\"0\":823,\"1\":5,\"2\":[2.9418369000661504e+307,403,460,\"E[\",\"Z{\",823]}","{\"0\":\"_\",\"1\":0,\"2\":[\"_\",403,460,\"E[\",\"Z{\",823]}","{\"0\":403,\"1\":1,\"2\":[\"_\",403,460,\"E[\",\"Z{\",823]}","{\"0\":460,\"1\":2,\"2\":[\"_\",403,460,\"E[\",\"Z{\",823]}","{\"0\":\"E[\",\"1\":3,\"2\":[\"_\",403,460,\"E[\",\"Z{\",823]}","{\"0\":\"Z{\",\"1\":4,\"2\":[\"_\",403,460,\"E[\",\"Z{\",823]}","{\"0\":823,\"1\":5,\"2\":[\"_\",403,460,\"E[\",\"Z{\",823]}","{\"0\":\"_\",\"1\":0,\"2\":[\"_\",403,460,\"E[\",\"Z{\",823]}","{\"0\":403,\"1\":1,\"2\":[false,403,460,\"E[\",\"Z{\",823]}","{\"0\":460,\"1\":2,\"2\":[false,403,460,\"E[\",\"Z{\",823]}","{\"0\":\"E[\",\"1\":3,\"2\":[false,403,460,\"E[\",\"Z{\",823]}","{\"0\":\"Z{\",\"1\":4,\"2\":[false,403,460,\"E[\",\"Z{\",823]}","{\"0\":823,\"1\":5,\"2\":[false,403,460,\"E[\",\"Z{\",823]}"]}