{"baseObjects":["[[213,823,59,5e-324,-100,122,607],893,100,460,-100,460,705,0,627,242]","[460,893,100,460,-100,\"\",705,{\"595\":\"Rr\",\"969\":\"}9\",\"\":242,\"A\":5.751461546174513e+306},627,242]","[460,893,100,460,-100,\"\",705,{\"595\":\"Rr\",\"969\":\"}9\",\"\":242,\"A\":5.751461546174513e+306},627,242]","[]"],"returnObjects":["[460,893,100,460,-100,\"\",705,{\"595\":\"Rr\",\"969\":\"}9\",\"\":242,\"A\":5.751461546174513e+306},627,242]","[]","[]","[]"],"callbackArgs":["{\"0\":460,\"1\":0,\"2\":[460,893,100,460,-100,460,705,0,627,242]}","{\"0\":893,\"1\":1,\"2\":[[213,823,59,5e-324,-100,122,607],893,100,460,-100,460,705,0,627,242]}","{\"0\":100,\"1\":2,\"2\":[[213,823,59,5e-324,-100,122,607],893,100,460,-100,460,705,0,627,242]}","{\"0\":460,\"1\":3,\"2\":[[213,823,59,5e-324,-100,122,607],893,100,460,-100,460,705,0,627,242]}","{\"0\":-100,\"1\":4,\"2\":[[213,823,59,5e-324,-100,122,607],893,100,460,-100,460,705,0,627,242]}","{\"0\":460,\"1\":5,\"2\":[[213,823,59,5e-324,-100,122,607],893,100,460,-100,460,705,0,627,242]}","{\"0\":705,\"1\":6,\"2\":[[213,823,59,5e-324,-100,122,607],893,100,460,-100,460,705,0,627,242]}","{\"0\":0,\"1\":7,\"2\":[[213,823,59,5e-324,-100,122,607],893,100,460,-100,460,705,0,627,242]}","{\"0\":627,\"1\":8,\"2\":[[213,823,59,5e-324,-100,122,607],893,100,460,-100,460,705,0,627,242]}","{\"0\":242,\"1\":9,\"2\":[[213,823,59,5e-324,-100,122,607],893,100,460,-100,460,705,0,627,242]}","{\"0\":460,\"1\":0,\"2\":[460,893,100,460,-100,460,705,0,627,242]}","{\"0\":893,\"1\":1,\"2\":[460,893,100,460,-100,\"\",705,0,627,242]}","{\"0\":100,\"1\":2,\"2\":[460,893,100,460,-100,\"\",705,0,627,242]}","{\"0\":460,\"1\":3,\"2\":[460,893,100,460,-100,\"\",705,0,627,242]}","{\"0\":-100,\"1\":4,\"2\":[460,893,100,460,-100,\"\",705,0,627,242]}","{\"0\":\"\",\"1\":5,\"2\":[460,893,100,460,-100,\"\",705,0,627,242]}","{\"0\":705,\"1\":6,\"2\":[460,893,100,460,-100,\"\",705,0,627,242]}","{\"0\":0,\"1\":7,\"2\":[460,893,100,460,-100,\"\",705,0,627,242]}","{\"0\":627,\"1\":8,\"2\":[460,893,100,460,-100,\"\",705,0,627,242]}","{\"0\":242,\"1\":9,\"2\":[460,893,100,460,-100,\"\",705,0,627,242]}","{\"0\":460,\"1\":0,\"2\":[460,893,100,460,-100,\"\",705,0,627,242]}","{\"0\":893,\"1\":1,\"2\":[460,893,100,460,-100,\"\",705,{\"595\":\"Rr\",\"969\":\"}9\",\"\":242,\"A\":5.751461546174513e+306},627,242]}","{\"0\":100,\"1\":2,\"2\":[460,893,100,460,-100,\"\",705,{\"595\":\"Rr\",\"969\":\"}9\",\"\":242,\"A\":5.751461546174513e+306},627,242]}","{\"0\":460,\"1\":3,\"2\":[460,893,100,460,-100,\"\",705,{\"595\":\"Rr\",\"969\":\"}9\",\"\":242,\"A\":5.751461546174513e+306},627,242]}","{\"0\":-100,\"1\":4,\"2\":[460,893,100,460,-100,\"\",705,{\"595\":\"Rr\",\"969\":\"}9\",\"\":242,\"A\":5.751461546174513e+306},627,242]}","{\"0\":\"\",\"1\":5,\"2\":[460,893,100,460,-100,\"\",705,{\"595\":\"Rr\",\"969\":\"}9\",\"\":242,\"A\":5.751461546174513e+306},627,242]}","{\"0\":705,\"1\":6,\"2\":[460,893,100,460,-100,\"\",705,{\"595\":\"Rr\",\"969\":\"}9\",\"\":242,\"A\":5.751461546174513e+306},627,242]}","{\"0\":{\"595\":\"Rr\",\"969\":\"}9\",\"\":242,\"A\":5.751461546174513e+306},\"1\":7,\"2\":[460,893,100,460,-100,\"\",705,{\"595\":\"Rr\",\"969\":\"}9\",\"\":242,\"A\":5.751461546174513e+306},627,242]}","{\"0\":627,\"1\":8,\"2\":[460,893,100,460,-100,\"\",705,{\"595\":\"Rr\",\"969\":\"}9\",\"\":242,\"A\":5.751461546174513e+306},627,242]}","{\"0\":242,\"1\":9,\"2\":[460,893,100,460,-100,\"\",705,{\"595\":\"Rr\",\"969\":\"}9\",\"\":242,\"A\":5.751461546174513e+306},627,242]}"]}