{"baseObjects":["[\"ME5@N\",\"g\",\"dOe;>\",\"D\",\"pU_\",\"3C\",\"X\",\"N\",\"p%\",\"7\"]","[627,157,0,82,460,49,126,1.7976931348623157e+308,969]","82","[627,157,0,82,460,49,126,\"wlPiAWPl\",\"v\"]"],"returnObjects":["\"Error\"","\"Error\"","[]","[]"],"callbackArgs":["{\"0\":627,\"1\":0,\"2\":[627,157,0,82,460,49,126,1.7976931348623157e+308,969]}","{\"0\":627,\"1\":0,\"2\":[627,157,0,82,460,49,126,1.7976931348623157e+308,969]}","{\"0\":627,\"1\":0,\"2\":[627,157,0,82,460,49,126,1.7976931348623157e+308,969]}","{\"0\":157,\"1\":1,\"2\":[627,157,0,82,460,49,126,1.7976931348623157e+308,969]}","{\"0\":0,\"1\":2,\"2\":[627,157,0,82,460,49,126,1.7976931348623157e+308,969]}","{\"0\":82,\"1\":3,\"2\":[627,157,0,82,460,49,126,1.7976931348623157e+308,969]}","{\"0\":460,\"1\":4,\"2\":[627,157,0,82,460,49,126,1.7976931348623157e+308,969]}","{\"0\":49,\"1\":5,\"2\":[627,157,0,82,460,49,126,1.7976931348623157e+308,969]}","{\"0\":126,\"1\":6,\"2\":[627,157,0,82,460,49,126,1.7976931348623157e+308,969]}","{\"0\":1.7976931348623157e+308,\"1\":7,\"2\":[627,157,0,82,460,49,126,1.7976931348623157e+308,969]}","{\"0\":969,\"1\":8,\"2\":[627,157,0,82,460,49,126,1.7976931348623157e+308,969]}","{\"0\":627,\"1\":0,\"2\":[627,157,0,82,460,49,126,1.7976931348623157e+308,969]}","{\"0\":157,\"1\":1,\"2\":[627,157,0,82,460,49,126,\"wlPiAWPl\",\"v\"]}","{\"0\":0,\"1\":2,\"2\":[627,157,0,82,460,49,126,\"wlPiAWPl\",\"v\"]}","{\"0\":82,\"1\":3,\"2\":[627,157,0,82,460,49,126,\"wlPiAWPl\",\"v\"]}","{\"0\":460,\"1\":4,\"2\":[627,157,0,82,460,49,126,\"wlPiAWPl\",\"v\"]}","{\"0\":49,\"1\":5,\"2\":[627,157,0,82,460,49,126,\"wlPiAWPl\",\"v\"]}","{\"0\":126,\"1\":6,\"2\":[627,157,0,82,460,49,126,\"wlPiAWPl\",\"v\"]}","{\"0\":\"wlPiAWPl\",\"1\":7,\"2\":[627,157,0,82,460,49,126,\"wlPiAWPl\",\"v\"]}","{\"0\":\"v\",\"1\":8,\"2\":[627,157,0,82,460,49,126,\"wlPiAWPl\",\"v\"]}"]}