{"baseObjects":["[213,460,82]","[213,460,82]","[213,460,82]","[213,460,82,null,null,null,null,null,null,1.3266846095560904e+308]"],"returnObjects":["\"Error\"","\"Error\"","\"Error\"","[]"],"callbackArgs":["{\"0\":213,\"1\":0,\"2\":[213,460,82]}","{\"0\":213,\"1\":0,\"2\":[213,460,82]}","{\"0\":213,\"1\":0,\"2\":[213,460,82]}","{\"0\":213,\"1\":0,\"2\":[213,460,82]}","{\"0\":460,\"1\":1,\"2\":[213,460,82,null,null,null,null,null,null,1.3266846095560904e+308]}","{\"0\":82,\"1\":2,\"2\":[213,460,82,null,null,null,null,null,null,1.3266846095560904e+308]}"]}