{"baseObjects":["[403,893,null,82,714,595,null,null,{\"460\":\"\",\"1.2762908883472138e+308\":7.6315929399543e+307,\"\":3.688242117804629e+307,\"5.910802449683049e+306\":1.6982768805191369e+308,\"1.560094157803123e+308\":1.6749434638130816e+308,\"3.150937269761434e+307\":3.655855293513299e+307,\"5e-324\":\"k\",\"zZ8\":\"l\",\"3.4288236566122873e+307\":\"\"}]","[]","[]","[]"],"returnObjects":["[]","[]","[]","[]"],"callbackArgs":["{\"0\":403,\"1\":0,\"2\":[403,893,823,82,714,595]}","{\"0\":893,\"1\":1,\"2\":[403,893,null,82,714,595,null,null,{\"460\":\"\",\"1.2762908883472138e+308\":7.6315929399543e+307,\"\":3.688242117804629e+307,\"5.910802449683049e+306\":1.6982768805191369e+308,\"1.560094157803123e+308\":1.6749434638130816e+308,\"3.150937269761434e+307\":3.655855293513299e+307,\"5e-324\":\"k\",\"zZ8\":\"l\",\"3.4288236566122873e+307\":\"\"}]}","{\"0\":null,\"1\":2,\"2\":[403,893,null,82,714,595,null,null,{\"460\":\"\",\"1.2762908883472138e+308\":7.6315929399543e+307,\"\":3.688242117804629e+307,\"5.910802449683049e+306\":1.6982768805191369e+308,\"1.560094157803123e+308\":1.6749434638130816e+308,\"3.150937269761434e+307\":3.655855293513299e+307,\"5e-324\":\"k\",\"zZ8\":\"l\",\"3.4288236566122873e+307\":\"\"}]}","{\"0\":82,\"1\":3,\"2\":[403,893,null,82,714,595,null,null,{\"460\":\"\",\"1.2762908883472138e+308\":7.6315929399543e+307,\"\":3.688242117804629e+307,\"5.910802449683049e+306\":1.6982768805191369e+308,\"1.560094157803123e+308\":1.6749434638130816e+308,\"3.150937269761434e+307\":3.655855293513299e+307,\"5e-324\":\"k\",\"zZ8\":\"l\",\"3.4288236566122873e+307\":\"\"}]}","{\"0\":714,\"1\":4,\"2\":[403,893,null,82,714,595,null,null,{\"460\":\"\",\"1.2762908883472138e+308\":7.6315929399543e+307,\"\":3.688242117804629e+307,\"5.910802449683049e+306\":1.6982768805191369e+308,\"1.560094157803123e+308\":1.6749434638130816e+308,\"3.150937269761434e+307\":3.655855293513299e+307,\"5e-324\":\"k\",\"zZ8\":\"l\",\"3.4288236566122873e+307\":\"\"}]}","{\"0\":595,\"1\":5,\"2\":[403,893,null,82,714,595,null,null,{\"460\":\"\",\"1.2762908883472138e+308\":7.6315929399543e+307,\"\":3.688242117804629e+307,\"5.910802449683049e+306\":1.6982768805191369e+308,\"1.560094157803123e+308\":1.6749434638130816e+308,\"3.150937269761434e+307\":3.655855293513299e+307,\"5e-324\":\"k\",\"zZ8\":\"l\",\"3.4288236566122873e+307\":\"\"}]}"]}