{"baseObjects":["[82,213,null,null,null,null,8.948030093437393e+307]","[82,213]","[]","[]"],"returnObjects":["[]","[]","[]","[]"],"callbackArgs":["{\"0\":82,\"1\":0,\"2\":[82,213]}","{\"0\":213,\"1\":1,\"2\":[82,213,null,null,null,null,8.948030093437393e+307]}","{\"0\":82,\"1\":0,\"2\":[82,213]}","{\"0\":213,\"1\":1,\"2\":[82,213]}"]}