{"baseObjects":["[-100,122,100,969,5e-324]","[-100,122,[1.7976931348623157e+308,213,843],969,5e-324,null,null,null,null,null,null,null,null,null,null,null,null,null,null,null,null,null,null,null,null]","[-100,122,100,969,5e-324]","[-100,122,100,969,5e-324]"],"returnObjects":["[]","[[1.7976931348623157e+308,213,843]]","\"Error\"","\"Error\""],"callbackArgs":["{\"0\":-100,\"1\":0,\"2\":[-100,122,100,969,5e-324]}","{\"0\":122,\"1\":1,\"2\":[-100,122,100,969,5e-324]}","{\"0\":100,\"1\":2,\"2\":[-100,122,100,969,5e-324]}","{\"0\":969,\"1\":3,\"2\":[-100,122,100,969,5e-324]}","{\"0\":5e-324,\"1\":4,\"2\":[-100,122,100,969,5e-324]}","{\"0\":-100,\"1\":0,\"2\":[-100,122,100,969,5e-324]}","{\"0\":122,\"1\":1,\"2\":[-100,122,[1.7976931348623157e+308,213,843],969,5e-324,null,null,null,null,null,null,null,null,null,null,null,null,null,null,null,null,null,null,null,null]}","{\"0\":[1.7976931348623157e+308,213,843],\"1\":2,\"2\":[-100,122,[1.7976931348623157e+308,213,843],969,5e-324,null,null,null,null,null,null,null,null,null,null,null,null,null,null,null,null,null,null,null,null]}","{\"0\":969,\"1\":3,\"2\":[-100,122,[1.7976931348623157e+308,213,843],969,5e-324,null,null,null,null,null,null,null,null,null,null,null,null,null,null,null,null,null,null,null,null]}","{\"0\":5e-324,\"1\":4,\"2\":[-100,122,[1.7976931348623157e+308,213,843],969,5e-324,null,null,null,null,null,null,null,null,null,null,null,null,null,null,null,null,null,null,null,null]}","{\"0\":-100,\"1\":0,\"2\":[-100,122,100,969,5e-324]}","{\"0\":-100,\"1\":0,\"2\":[-100,122,100,969,5e-324]}"]}