{"baseObjects":["{\"7\":\"\",\"403\":\"\",\"893\":\"D\",\"\":\"\",\"2.42265310319301e+307\":59,\"<xy\":\"Y1\"}","[]","[]","[]"],"returnObjects":["[]","[]","[]","[]"],"callbackArgs":["{\"0\":\"vXh\",\"1\":0,\"2\":[\"vXh\",\"z?\",\"Dp%v5\",\"[v+m\",\"_?\"]}","{\"0\":\"z?\",\"1\":1,\"2\":[\"vXh\",\"z?\",\"Dp%v5\",\"[v+m\",{\"126\":\"wN<pa\",\"9.264746930471168e+306\":\"fMEm\",\"1.142572938169964e+308\":\"\",\"1.0203656453055998e+308\":\"c\",\"#\":9.774715804646457e+307,\"<\":49}]}","{\"0\":\"Dp%v5\",\"1\":2,\"2\":[\"vXh\",\"z?\",\"Dp%v5\",\"[v+m\",{\"126\":\"wN<pa\",\"9.264746930471168e+306\":\"fMEm\",\"1.142572938169964e+308\":\"\",\"1.0203656453055998e+308\":\"c\",\"#\":9.774715804646457e+307,\"<\":49}]}","{\"0\":\"[v+m\",\"1\":3,\"2\":[\"vXh\",\"z?\",\"Dp%v5\",\"[v+m\",{\"126\":\"wN<pa\",\"9.264746930471168e+306\":\"fMEm\",\"1.142572938169964e+308\":\"\",\"1.0203656453055998e+308\":\"c\",\"#\":9.774715804646457e+307,\"<\":49}]}","{\"0\":{\"126\":\"wN<pa\",\"9.264746930471168e+306\":\"fMEm\",\"1.142572938169964e+308\":\"\",\"1.0203656453055998e+308\":\"c\",\"#\":9.774715804646457e+307,\"<\":49},\"1\":4,\"2\":[\"vXh\",\"z?\",\"Dp%v5\",\"[v+m\",{\"126\":\"wN<pa\",\"9.264746930471168e+306\":\"fMEm\",\"1.142572938169964e+308\":\"\",\"1.0203656453055998e+308\":\"c\",\"#\":9.774715804646457e+307,\"<\":49}]}"]}