{"baseObjects":["[-1,783,5e-324,242,null,null,null,null,null,[823,\"t\",595,893,\"uD\",783,\"+?\"]]","[-1,783,5e-324,242]","[-1,783,5e-324,242]","[-1,783,5e-324,242,null,null,null,8.494069119917205e+307]"],"returnObjects":["[]","[]","\"Error\"","[]"],"callbackArgs":["{\"0\":-1,\"1\":0,\"2\":[-1,783,5e-324,242]}","{\"0\":783,\"1\":1,\"2\":[-1,783,5e-324,242,null,null,null,null,null,[823,\"t\",595,893,\"uD\",783,\"+?\"]]}","{\"0\":5e-324,\"1\":2,\"2\":[-1,783,5e-324,242,null,null,null,null,null,[823,\"t\",595,893,\"uD\",783,\"+?\"]]}","{\"0\":242,\"1\":3,\"2\":[-1,783,5e-324,242,null,null,null,null,null,[823,\"t\",595,893,\"uD\",783,\"+?\"]]}","{\"0\":-1,\"1\":0,\"2\":[-1,783,5e-324,242]}","{\"0\":783,\"1\":1,\"2\":[-1,783,5e-324,242]}","{\"0\":5e-324,\"1\":2,\"2\":[-1,783,5e-324,242]}","{\"0\":242,\"1\":3,\"2\":[-1,783,5e-324,242]}","{\"0\":-1,\"1\":0,\"2\":[-1,783,5e-324,242]}","{\"0\":-1,\"1\":0,\"2\":[-1,783,5e-324,242]}","{\"0\":783,\"1\":1,\"2\":[-1,783,5e-324,242,null,null,null,8.494069119917205e+307]}","{\"0\":5e-324,\"1\":2,\"2\":[-1,783,5e-324,242,null,null,null,8.494069119917205e+307]}","{\"0\":242,\"1\":3,\"2\":[-1,783,5e-324,242,null,null,null,8.494069119917205e+307]}"]}