{"baseObjects":["[\"!\",\"Bp\",null,null,null,null,null,null,{\"618\":\"_c\",\"@\":\"G_\",\"4.910300072491162e+307\":1.0412295551305353e+308,\"\":\"}\",\"I0}\":\"u\",\"9.304732155663868e+307\":122,\"6.311674177728819e+307\":\"\",\"!\":1.659384649214093e+308}]","[\"!\",\"Bp\"]","[\"!\",\"Bp\"]","[\"!\",\"Bp\"]"],"returnObjects":["[\"!\",\"Bp\"]","[\"!\",\"Bp\"]","\"Error\"","\"Error\""],"callbackArgs":["{\"0\":\"!\",\"1\":0,\"2\":[\"!\",\"Bp\"]}","{\"0\":\"Bp\",\"1\":1,\"2\":[\"!\",\"Bp\",null,null,null,null,null,null,{\"618\":\"_c\",\"@\":\"G_\",\"4.910300072491162e+307\":1.0412295551305353e+308,\"\":\"}\",\"I0}\":\"u\",\"9.304732155663868e+307\":122,\"6.311674177728819e+307\":\"\",\"!\":1.659384649214093e+308}]}","{\"0\":\"!\",\"1\":0,\"2\":[\"!\",\"Bp\"]}","{\"0\":\"Bp\",\"1\":1,\"2\":[\"!\",\"Bp\"]}","{\"0\":\"!\",\"1\":0,\"2\":[\"!\",\"Bp\"]}","{\"0\":\"!\",\"1\":0,\"2\":[\"!\",\"Bp\"]}"]}