{"baseObjects":["[\"P\",\"Z[\",\"!\",1.7976931348623157e+308,607]","[]","[]","[\"P\",\"Z[\",\"!\",1.7976931348623157e+308,607,null,null,null,null,true]"],"returnObjects":["[]","[]","[]","\"Error\""],"callbackArgs":["{\"0\":\"P\",\"1\":0,\"2\":[\"P\",\"Z[\",\"!\",1.7976931348623157e+308,607]}","{\"0\":\"Z[\",\"1\":1,\"2\":[\"P\",\"Z[\",\"!\",1.7976931348623157e+308,607]}","{\"0\":\"!\",\"1\":2,\"2\":[\"P\",\"Z[\",\"!\",1.7976931348623157e+308,607]}","{\"0\":1.7976931348623157e+308,\"1\":3,\"2\":[\"P\",\"Z[\",\"!\",1.7976931348623157e+308,607]}","{\"0\":607,\"1\":4,\"2\":[\"P\",\"Z[\",\"!\",1.7976931348623157e+308,607]}","{\"0\":\"P\",\"1\":0,\"2\":[\"P\",\"Z[\",\"!\",1.7976931348623157e+308,607]}"]}