{"baseObjects":["[460,893,213,\"={\",126,\"{\",823,\"U,\",{\"460\":8.097324365465041e+306,\"\":\"\",\"B\":8.906449711986766e+307,\"3.735125172278983e+306\":2.7496424982392083e+307,\"y2\":-100,\"Cb\":\")\",\"HG\":59,\"o\":9.364118021449204e+306},\"\"]","[460,893,213,\"={\",126,\"{\",823,\"U,\",{\"460\":8.097324365465041e+306,\"\":\"\",\"B\":8.906449711986766e+307,\"3.735125172278983e+306\":2.7496424982392083e+307,\"y2\":-100,\"Cb\":\")\",\"HG\":59,\"o\":9.364118021449204e+306}]","[460,893,213,\"={\",126,\"{\",823,\"U,\",403]","[]"],"returnObjects":["[460,893,213,\"={\",126,\"{\",823,\"U,\",{\"460\":8.097324365465041e+306,\"\":\"\",\"B\":8.906449711986766e+307,\"3.735125172278983e+306\":2.7496424982392083e+307,\"y2\":-100,\"Cb\":\")\",\"HG\":59,\"o\":9.364118021449204e+306}]","[]","[]","[]"],"callbackArgs":["{\"0\":460,\"1\":0,\"2\":[460,893,213,\"={\",126,\"{\",823,\"U,\",403]}","{\"0\":893,\"1\":1,\"2\":[460,893,213,\"={\",126,\"{\",823,\"U,\",{\"460\":8.097324365465041e+306,\"\":\"\",\"B\":8.906449711986766e+307,\"3.735125172278983e+306\":2.7496424982392083e+307,\"y2\":-100,\"Cb\":\")\",\"HG\":59,\"o\":9.364118021449204e+306},\"\"]}","{\"0\":213,\"1\":2,\"2\":[460,893,213,\"={\",126,\"{\",823,\"U,\",{\"460\":8.097324365465041e+306,\"\":\"\",\"B\":8.906449711986766e+307,\"3.735125172278983e+306\":2.7496424982392083e+307,\"y2\":-100,\"Cb\":\")\",\"HG\":59,\"o\":9.364118021449204e+306},\"\"]}","{\"0\":\"={\",\"1\":3,\"2\":[460,893,213,\"={\",126,\"{\",823,\"U,\",{\"460\":8.097324365465041e+306,\"\":\"\",\"B\":8.906449711986766e+307,\"3.735125172278983e+306\":2.7496424982392083e+307,\"y2\":-100,\"Cb\":\")\",\"HG\":59,\"o\":9.364118021449204e+306},\"\"]}","{\"0\":126,\"1\":4,\"2\":[460,893,213,\"={\",126,\"{\",823,\"U,\",{\"460\":8.097324365465041e+306,\"\":\"\",\"B\":8.906449711986766e+307,\"3.735125172278983e+306\":2.7496424982392083e+307,\"y2\":-100,\"Cb\":\")\",\"HG\":59,\"o\":9.364118021449204e+306},\"\"]}","{\"0\":\"{\",\"1\":5,\"2\":[460,893,213,\"={\",126,\"{\",823,\"U,\",{\"460\":8.097324365465041e+306,\"\":\"\",\"B\":8.906449711986766e+307,\"3.735125172278983e+306\":2.7496424982392083e+307,\"y2\":-100,\"Cb\":\")\",\"HG\":59,\"o\":9.364118021449204e+306},\"\"]}","{\"0\":823,\"1\":6,\"2\":[460,893,213,\"={\",126,\"{\",823,\"U,\",{\"460\":8.097324365465041e+306,\"\":\"\",\"B\":8.906449711986766e+307,\"3.735125172278983e+306\":2.7496424982392083e+307,\"y2\":-100,\"Cb\":\")\",\"HG\":59,\"o\":9.364118021449204e+306},\"\"]}","{\"0\":\"U,\",\"1\":7,\"2\":[460,893,213,\"={\",126,\"{\",823,\"U,\",{\"460\":8.097324365465041e+306,\"\":\"\",\"B\":8.906449711986766e+307,\"3.735125172278983e+306\":2.7496424982392083e+307,\"y2\":-100,\"Cb\":\")\",\"HG\":59,\"o\":9.364118021449204e+306},\"\"]}","{\"0\":{\"460\":8.097324365465041e+306,\"\":\"\",\"B\":8.906449711986766e+307,\"3.735125172278983e+306\":2.7496424982392083e+307,\"y2\":-100,\"Cb\":\")\",\"HG\":59,\"o\":9.364118021449204e+306},\"1\":8,\"2\":[460,893,213,\"={\",126,\"{\",823,\"U,\",{\"460\":8.097324365465041e+306,\"\":\"\",\"B\":8.906449711986766e+307,\"3.735125172278983e+306\":2.7496424982392083e+307,\"y2\":-100,\"Cb\":\")\",\"HG\":59,\"o\":9.364118021449204e+306},\"\"]}","{\"0\":460,\"1\":0,\"2\":[460,893,213,\"={\",126,\"{\",823,\"U,\",{\"460\":8.097324365465041e+306,\"\":\"\",\"B\":8.906449711986766e+307,\"3.735125172278983e+306\":2.7496424982392083e+307,\"y2\":-100,\"Cb\":\")\",\"HG\":59,\"o\":9.364118021449204e+306}]}","{\"0\":893,\"1\":1,\"2\":[460,893,213,\"={\",126,\"{\",823,\"U,\",{\"460\":8.097324365465041e+306,\"\":\"\",\"B\":8.906449711986766e+307,\"3.735125172278983e+306\":2.7496424982392083e+307,\"y2\":-100,\"Cb\":\")\",\"HG\":59,\"o\":9.364118021449204e+306}]}","{\"0\":213,\"1\":2,\"2\":[460,893,213,\"={\",126,\"{\",823,\"U,\",{\"460\":8.097324365465041e+306,\"\":\"\",\"B\":8.906449711986766e+307,\"3.735125172278983e+306\":2.7496424982392083e+307,\"y2\":-100,\"Cb\":\")\",\"HG\":59,\"o\":9.364118021449204e+306}]}","{\"0\":\"={\",\"1\":3,\"2\":[460,893,213,\"={\",126,\"{\",823,\"U,\",{\"460\":8.097324365465041e+306,\"\":\"\",\"B\":8.906449711986766e+307,\"3.735125172278983e+306\":2.7496424982392083e+307,\"y2\":-100,\"Cb\":\")\",\"HG\":59,\"o\":9.364118021449204e+306}]}","{\"0\":126,\"1\":4,\"2\":[460,893,213,\"={\",126,\"{\",823,\"U,\",{\"460\":8.097324365465041e+306,\"\":\"\",\"B\":8.906449711986766e+307,\"3.735125172278983e+306\":2.7496424982392083e+307,\"y2\":-100,\"Cb\":\")\",\"HG\":59,\"o\":9.364118021449204e+306}]}","{\"0\":\"{\",\"1\":5,\"2\":[460,893,213,\"={\",126,\"{\",823,\"U,\",{\"460\":8.097324365465041e+306,\"\":\"\",\"B\":8.906449711986766e+307,\"3.735125172278983e+306\":2.7496424982392083e+307,\"y2\":-100,\"Cb\":\")\",\"HG\":59,\"o\":9.364118021449204e+306}]}","{\"0\":823,\"1\":6,\"2\":[460,893,213,\"={\",126,\"{\",823,\"U,\",{\"460\":8.097324365465041e+306,\"\":\"\",\"B\":8.906449711986766e+307,\"3.735125172278983e+306\":2.7496424982392083e+307,\"y2\":-100,\"Cb\":\")\",\"HG\":59,\"o\":9.364118021449204e+306}]}","{\"0\":\"U,\",\"1\":7,\"2\":[460,893,213,\"={\",126,\"{\",823,\"U,\",{\"460\":8.097324365465041e+306,\"\":\"\",\"B\":8.906449711986766e+307,\"3.735125172278983e+306\":2.7496424982392083e+307,\"y2\":-100,\"Cb\":\")\",\"HG\":59,\"o\":9.364118021449204e+306}]}","{\"0\":{\"460\":8.097324365465041e+306,\"\":\"\",\"B\":8.906449711986766e+307,\"3.735125172278983e+306\":2.7496424982392083e+307,\"y2\":-100,\"Cb\":\")\",\"HG\":59,\"o\":9.364118021449204e+306},\"1\":8,\"2\":[460,893,213,\"={\",126,\"{\",823,\"U,\",{\"460\":8.097324365465041e+306,\"\":\"\",\"B\":8.906449711986766e+307,\"3.735125172278983e+306\":2.7496424982392083e+307,\"y2\":-100,\"Cb\":\")\",\"HG\":59,\"o\":9.364118021449204e+306}]}","{\"0\":460,\"1\":0,\"2\":[460,893,213,\"={\",126,\"{\",823,\"U,\",403]}","{\"0\":893,\"1\":1,\"2\":[460,893,213,\"={\",126,\"{\",823,\"U,\",403]}","{\"0\":213,\"1\":2,\"2\":[460,893,213,\"={\",126,\"{\",823,\"U,\",403]}","{\"0\":\"={\",\"1\":3,\"2\":[460,893,213,\"={\",126,\"{\",823,\"U,\",403]}","{\"0\":126,\"1\":4,\"2\":[460,893,213,\"={\",126,\"{\",823,\"U,\",403]}","{\"0\":\"{\",\"1\":5,\"2\":[460,893,213,\"={\",126,\"{\",823,\"U,\",403]}","{\"0\":823,\"1\":6,\"2\":[460,893,213,\"={\",126,\"{\",823,\"U,\",403]}","{\"0\":\"U,\",\"1\":7,\"2\":[460,893,213,\"={\",126,\"{\",823,\"U,\",403]}","{\"0\":403,\"1\":8,\"2\":[460,893,213,\"={\",126,\"{\",823,\"U,\",403]}"]}