{"baseObjects":["[714,1.7976931348623157e+308,1.7976931348623157e+308,1.7976931348623157e+308]","[714,1.7976931348623157e+308,1.7976931348623157e+308,1.7976931348623157e+308]","[714,1.7976931348623157e+308,1.7976931348623157e+308,1.7976931348623157e+308,null,null,null]","[714,1.7976931348623157e+308,1.7976931348623157e+308,1.7976931348623157e+308,null,null,null,null,null,[893,705,823]]"],"returnObjects":["\"Error\"","[]","[]","[714,1.7976931348623157e+308,1.7976931348623157e+308,1.7976931348623157e+308]"],"callbackArgs":["{\"0\":714,\"1\":0,\"2\":[714,1.7976931348623157e+308,1.7976931348623157e+308,1.7976931348623157e+308]}","{\"0\":714,\"1\":0,\"2\":[714,1.7976931348623157e+308,1.7976931348623157e+308,1.7976931348623157e+308]}","{\"0\":1.7976931348623157e+308,\"1\":1,\"2\":[714,1.7976931348623157e+308,1.7976931348623157e+308,1.7976931348623157e+308]}","{\"0\":1.7976931348623157e+308,\"1\":2,\"2\":[714,1.7976931348623157e+308,1.7976931348623157e+308,1.7976931348623157e+308]}","{\"0\":1.7976931348623157e+308,\"1\":3,\"2\":[714,1.7976931348623157e+308,1.7976931348623157e+308,1.7976931348623157e+308]}","{\"0\":714,\"1\":0,\"2\":[714,1.7976931348623157e+308,1.7976931348623157e+308,1.7976931348623157e+308]}","{\"0\":1.7976931348623157e+308,\"1\":1,\"2\":[714,1.7976931348623157e+308,1.7976931348623157e+308,1.7976931348623157e+308,null,null,null]}","{\"0\":1.7976931348623157e+308,\"1\":2,\"2\":[714,1.7976931348623157e+308,1.7976931348623157e+308,1.7976931348623157e+308,null,null,null]}","{\"0\":1.7976931348623157e+308,\"1\":3,\"2\":[714,1.7976931348623157e+308,1.7976931348623157e+308,1.7976931348623157e+308,null,null,null]}","{\"0\":714,\"1\":0,\"2\":[714,1.7976931348623157e+308,1.7976931348623157e+308,1.7976931348623157e+308]}","{\"0\":1.7976931348623157e+308,\"1\":1,\"2\":[714,1.7976931348623157e+308,1.7976931348623157e+308,1.7976931348623157e+308,null,null,null,null,null,[893,705,823]]}","{\"0\":1.7976931348623157e+308,\"1\":2,\"2\":[714,1.7976931348623157e+308,1.7976931348623157e+308,1.7976931348623157e+308,null,null,null,null,null,[893,705,823]]}","{\"0\":1.7976931348623157e+308,\"1\":3,\"2\":[714,1.7976931348623157e+308,1.7976931348623157e+308,1.7976931348623157e+308,null,null,null,null,null,[893,705,823]]}"]}