{"baseObjects":["[242,100]","[242,100,null,{\"25\":\"\",\"82\":\"6x2!q\",\"618\":\"\",\"\":618,\"Je\":213,\"7.674229675025789e+307\":\"\",\"2.98355567831666e+307\":\"\",\"C\":1.5307902520203787e+307}]","[242,100]","[]"],"returnObjects":["[]","[]","[]","[]"],"callbackArgs":["{\"0\":242,\"1\":0,\"2\":[242,100]}","{\"0\":100,\"1\":1,\"2\":[242,100]}","{\"0\":242,\"1\":0,\"2\":[242,100]}","{\"0\":100,\"1\":1,\"2\":[242,100,null,{\"25\":\"\",\"82\":\"6x2!q\",\"618\":\"\",\"\":618,\"Je\":213,\"7.674229675025789e+307\":\"\",\"2.98355567831666e+307\":\"\",\"C\":1.5307902520203787e+307}]}","{\"0\":242,\"1\":0,\"2\":[242,100]}","{\"0\":100,\"1\":1,\"2\":[242,100]}"]}