{"baseObjects":["[\"q\",\"t\"]","[\"q\",{\"1\":{\"122\":1.146659274293536e+308,\"242\":\"4\",\"843\":\"@\",\"1.1017614908693999e+308\":\"\",\"2.5137468713571327e+307\":\"\",\"8.536084603868081e+307\":627,\"\":1.0119979867472689e+308,\"1.6317828096012598e+308\":\"\",\"B^`\":969}}]","[\"q\",\"t\"]","[\"q\",\"t\",1.7115753026637231e+308]"],"returnObjects":["\"Error\"","[]","[\"q\",\"t\"]","\"Error\""],"callbackArgs":["{\"0\":\"q\",\"1\":0,\"2\":[\"q\",\"t\"]}","{\"0\":\"q\",\"1\":0,\"2\":[\"q\",\"t\"]}","{\"0\":{\"1\":{\"122\":1.146659274293536e+308,\"242\":\"4\",\"843\":\"@\",\"1.1017614908693999e+308\":\"\",\"2.5137468713571327e+307\":\"\",\"8.536084603868081e+307\":627,\"\":1.0119979867472689e+308,\"1.6317828096012598e+308\":\"\",\"B^`\":969}},\"1\":1,\"2\":[\"q\",{\"1\":{\"122\":1.146659274293536e+308,\"242\":\"4\",\"843\":\"@\",\"1.1017614908693999e+308\":\"\",\"2.5137468713571327e+307\":\"\",\"8.536084603868081e+307\":627,\"\":1.0119979867472689e+308,\"1.6317828096012598e+308\":\"\",\"B^`\":969}}]}","{\"0\":\"q\",\"1\":0,\"2\":[\"q\",\"t\"]}","{\"0\":\"t\",\"1\":1,\"2\":[\"q\",\"t\"]}","{\"0\":\"q\",\"1\":0,\"2\":[\"q\",\"t\"]}"]}