{"baseObjects":["[-100,\"\",3.6803409052812265e+307,null,null,null,\"\"]","[]","[-100,460]","[]"],"returnObjects":["[]","[]","[]","[]"],"callbackArgs":["{\"0\":-100,\"1\":0,\"2\":[-100,460]}","{\"0\":\"\",\"1\":1,\"2\":[-100,\"\",3.6803409052812265e+307,null,null,null,\"\"]}","{\"0\":-100,\"1\":0,\"2\":[-100,460]}","{\"0\":460,\"1\":1,\"2\":[-100,460]}"]}