{"baseObjects":["[460,823,-100,607,595,823,122,1.7976931348623157e+308,-1]","[460,823,-100,607,595,823,122,1.7976931348623157e+308,-1]","[460,823,-100,607,595,823,122,1.7976931348623157e+308,-1]","[460,823,-100,607,595,823,122,1.7976931348623157e+308,-1]"],"returnObjects":["[]","[460,823,-100,607,595,823,122,1.7976931348623157e+308,-1]","[460,823,-100,607,595,823,122,1.7976931348623157e+308,-1]","[]"],"callbackArgs":["{\"0\":460,\"1\":0,\"2\":[460,823,-100,607,595,823,122,1.7976931348623157e+308,-1]}","{\"0\":823,\"1\":1,\"2\":[460,823,-100,607,595,823,122,1.7976931348623157e+308,-1]}","{\"0\":-100,\"1\":2,\"2\":[460,823,-100,607,595,823,122,1.7976931348623157e+308,-1]}","{\"0\":607,\"1\":3,\"2\":[460,823,-100,607,595,823,122,1.7976931348623157e+308,-1]}","{\"0\":595,\"1\":4,\"2\":[460,823,-100,607,595,823,122,1.7976931348623157e+308,-1]}","{\"0\":823,\"1\":5,\"2\":[460,823,-100,607,595,823,122,1.7976931348623157e+308,-1]}","{\"0\":122,\"1\":6,\"2\":[460,823,-100,607,595,823,122,1.7976931348623157e+308,-1]}","{\"0\":1.7976931348623157e+308,\"1\":7,\"2\":[460,823,-100,607,595,823,122,1.7976931348623157e+308,-1]}","{\"0\":-1,\"1\":8,\"2\":[460,823,-100,607,595,823,122,1.7976931348623157e+308,-1]}","{\"0\":460,\"1\":0,\"2\":[460,823,-100,607,595,823,122,1.7976931348623157e+308,-1]}","{\"0\":823,\"1\":1,\"2\":[460,823,-100,607,595,823,122,1.7976931348623157e+308,-1]}","{\"0\":-100,\"1\":2,\"2\":[460,823,-100,607,595,823,122,1.7976931348623157e+308,-1]}","{\"0\":607,\"1\":3,\"2\":[460,823,-100,607,595,823,122,1.7976931348623157e+308,-1]}","{\"0\":595,\"1\":4,\"2\":[460,823,-100,607,595,823,122,1.7976931348623157e+308,-1]}","{\"0\":823,\"1\":5,\"2\":[460,823,-100,607,595,823,122,1.7976931348623157e+308,-1]}","{\"0\":122,\"1\":6,\"2\":[460,823,-100,607,595,823,122,1.7976931348623157e+308,-1]}","{\"0\":1.7976931348623157e+308,\"1\":7,\"2\":[460,823,-100,607,595,823,122,1.7976931348623157e+308,-1]}","{\"0\":-1,\"1\":8,\"2\":[460,823,-100,607,595,823,122,1.7976931348623157e+308,-1]}","{\"0\":460,\"1\":0,\"2\":[460,823,-100,607,595,823,122,1.7976931348623157e+308,-1]}","{\"0\":823,\"1\":1,\"2\":[460,823,-100,607,595,823,122,1.7976931348623157e+308,-1]}","{\"0\":-100,\"1\":2,\"2\":[460,823,-100,607,595,823,122,1.7976931348623157e+308,-1]}","{\"0\":607,\"1\":3,\"2\":[460,823,-100,607,595,823,122,1.7976931348623157e+308,-1]}","{\"0\":595,\"1\":4,\"2\":[460,823,-100,607,595,823,122,1.7976931348623157e+308,-1]}","{\"0\":823,\"1\":5,\"2\":[460,823,-100,607,595,823,122,1.7976931348623157e+308,-1]}","{\"0\":122,\"1\":6,\"2\":[460,823,-100,607,595,823,122,1.7976931348623157e+308,-1]}","{\"0\":1.7976931348623157e+308,\"1\":7,\"2\":[460,823,-100,607,595,823,122,1.7976931348623157e+308,-1]}","{\"0\":-1,\"1\":8,\"2\":[460,823,-100,607,595,823,122,1.7976931348623157e+308,-1]}","{\"0\":460,\"1\":0,\"2\":[460,823,-100,607,595,823,122,1.7976931348623157e+308,-1]}","{\"0\":823,\"1\":1,\"2\":[460,823,-100,607,595,823,122,1.7976931348623157e+308,-1]}","{\"0\":-100,\"1\":2,\"2\":[460,823,-100,607,595,823,122,1.7976931348623157e+308,-1]}","{\"0\":607,\"1\":3,\"2\":[460,823,-100,607,595,823,122,1.7976931348623157e+308,-1]}","{\"0\":595,\"1\":4,\"2\":[460,823,-100,607,595,823,122,1.7976931348623157e+308,-1]}","{\"0\":823,\"1\":5,\"2\":[460,823,-100,607,595,823,122,1.7976931348623157e+308,-1]}","{\"0\":122,\"1\":6,\"2\":[460,823,-100,607,595,823,122,1.7976931348623157e+308,-1]}","{\"0\":1.7976931348623157e+308,\"1\":7,\"2\":[460,823,-100,607,595,823,122,1.7976931348623157e+308,-1]}","{\"0\":-1,\"1\":8,\"2\":[460,823,-100,607,595,823,122,1.7976931348623157e+308,-1]}"]}