{"baseObjects":["{\"2\":[100,893,595,460,893,843,25],\"618\":\"zsu=L\",\"3x\":-100,\"\":\"\",\"o8E\":242,\"1.4980274009384837e+308\":6.274047532513798e+307,\"1.4611998308230543e+308\":7.060943761746867e+307,\"%<t\":5.166279719770532e+307,\";Ja=\":\"A\"}","[705,25,242,213,403,null,null,\"\"]","[705,25,242,213,403,null,null,\"\"]","[705,25,242,213,403,null,null,\"\"]"],"returnObjects":["[705,25,242,213,403,null,null,\"\"]","\"Error\"","[]","[]"],"callbackArgs":["{\"0\":705,\"1\":0,\"2\":[705,25,242,213,403]}","{\"0\":25,\"1\":1,\"2\":[705,25,242,213,403]}","{\"0\":242,\"1\":2,\"2\":[705,25,242,213,403]}","{\"0\":213,\"1\":3,\"2\":[705,25,242,213,403]}","{\"0\":403,\"1\":4,\"2\":[705,25,242,213,403]}","{\"0\":705,\"1\":0,\"2\":[705,25,242,213,403]}","{\"0\":705,\"1\":0,\"2\":[705,25,242,213,403]}","{\"0\":25,\"1\":1,\"2\":[705,25,242,213,403,null,null,\"\"]}","{\"0\":242,\"1\":2,\"2\":[705,25,242,213,403,null,null,\"\"]}","{\"0\":213,\"1\":3,\"2\":[705,25,242,213,403,null,null,\"\"]}","{\"0\":403,\"1\":4,\"2\":[705,25,242,213,403,null,null,\"\"]}","{\"0\":705,\"1\":0,\"2\":[705,25,242,213,403,null,null,\"\"]}","{\"0\":25,\"1\":1,\"2\":[705,25,242,213,403,null,null,\"\"]}","{\"0\":242,\"1\":2,\"2\":[705,25,242,213,403,null,null,\"\"]}","{\"0\":213,\"1\":3,\"2\":[705,25,242,213,403,null,null,\"\"]}","{\"0\":403,\"1\":4,\"2\":[705,25,242,213,403,null,null,\"\"]}","{\"0\":\"\",\"1\":7,\"2\":[705,25,242,213,403,null,null,\"\"]}"]}