{"baseObjects":["[242,403]","[242,5e-324]","[242,5e-324,null,null,null,null,null,null,null,2.530662014069668e+307]","{\"\":-100,\"1.0599899729352742e+308\":\"b\",\"Do\":\"\",\"D\":6.892214557787285e+307}"],"returnObjects":["\"Error\"","\"Error\"","[]","[]"],"callbackArgs":["{\"0\":242,\"1\":0,\"2\":[242,5e-324]}","{\"0\":242,\"1\":0,\"2\":[242,5e-324]}","{\"0\":242,\"1\":0,\"2\":[242,5e-324]}","{\"0\":5e-324,\"1\":1,\"2\":[242,5e-324,null,null,null,null,null,null,null,2.530662014069668e+307]}","{\"0\":242,\"1\":0,\"2\":[242,5e-324]}","{\"0\":5e-324,\"1\":1,\"2\":[242,5e-324,null,null,null,null,null,null,null,\"\"]}"]}