{"baseObjects":["[\"\",403,705,82,\"C-M\",\"Uub\",-1,null,[1.7976931348623157e+308,460]]","[25,403,705,82,\"C-M\",\"Uub\",-1]","[25,403,705,82,\"C-M\",\"Uub\",-1,null,null,true]","[]"],"returnObjects":["[]","\"Error\"","[]","[]"],"callbackArgs":["{\"0\":25,\"1\":0,\"2\":[25,403,705,82,\"C-M\",\"Uub\",-1]}","{\"0\":403,\"1\":1,\"2\":[\"\",403,705,82,\"C-M\",\"Uub\",-1,null,[1.7976931348623157e+308,460]]}","{\"0\":705,\"1\":2,\"2\":[\"\",403,705,82,\"C-M\",\"Uub\",-1,null,[1.7976931348623157e+308,460]]}","{\"0\":82,\"1\":3,\"2\":[\"\",403,705,82,\"C-M\",\"Uub\",-1,null,[1.7976931348623157e+308,460]]}","{\"0\":\"C-M\",\"1\":4,\"2\":[\"\",403,705,82,\"C-M\",\"Uub\",-1,null,[1.7976931348623157e+308,460]]}","{\"0\":\"Uub\",\"1\":5,\"2\":[\"\",403,705,82,\"C-M\",\"Uub\",-1,null,[1.7976931348623157e+308,460]]}","{\"0\":-1,\"1\":6,\"2\":[\"\",403,705,82,\"C-M\",\"Uub\",-1,null,[1.7976931348623157e+308,460]]}","{\"0\":25,\"1\":0,\"2\":[25,403,705,82,\"C-M\",\"Uub\",-1]}","{\"0\":25,\"1\":0,\"2\":[25,403,705,82,\"C-M\",\"Uub\",-1]}","{\"0\":403,\"1\":1,\"2\":[25,403,705,82,\"C-M\",\"Uub\",-1,null,null,true]}","{\"0\":705,\"1\":2,\"2\":[25,403,705,82,\"C-M\",\"Uub\",-1,null,null,true]}","{\"0\":82,\"1\":3,\"2\":[25,403,705,82,\"C-M\",\"Uub\",-1,null,null,true]}","{\"0\":\"C-M\",\"1\":4,\"2\":[25,403,705,82,\"C-M\",\"Uub\",-1,null,null,true]}","{\"0\":\"Uub\",\"1\":5,\"2\":[25,403,705,82,\"C-M\",\"Uub\",-1,null,null,true]}","{\"0\":-1,\"1\":6,\"2\":[25,403,705,82,\"C-M\",\"Uub\",-1,null,null,true]}"]}