{"baseObjects":["[627,783,823,1.7976931348623157e+308,460,49]","[627,783,823,1.7976931348623157e+308,460,49]","[627,783,823,1.7976931348623157e+308,460,49,null,null,null,null]","[]"],"returnObjects":["[627,783,823,1.7976931348623157e+308,460,49]","[]","[]","[]"],"callbackArgs":["{\"0\":627,\"1\":0,\"2\":[627,783,823,1.7976931348623157e+308,460,49]}","{\"0\":783,\"1\":1,\"2\":[627,783,823,1.7976931348623157e+308,460,49]}","{\"0\":823,\"1\":2,\"2\":[627,783,823,1.7976931348623157e+308,460,49]}","{\"0\":1.7976931348623157e+308,\"1\":3,\"2\":[627,783,823,1.7976931348623157e+308,460,49]}","{\"0\":460,\"1\":4,\"2\":[627,783,823,1.7976931348623157e+308,460,49]}","{\"0\":49,\"1\":5,\"2\":[627,783,823,1.7976931348623157e+308,460,49]}","{\"0\":627,\"1\":0,\"2\":[627,783,823,1.7976931348623157e+308,460,49]}","{\"0\":783,\"1\":1,\"2\":[627,783,823,1.7976931348623157e+308,460,49]}","{\"0\":823,\"1\":2,\"2\":[627,783,823,1.7976931348623157e+308,460,49]}","{\"0\":1.7976931348623157e+308,\"1\":3,\"2\":[627,783,823,1.7976931348623157e+308,460,49]}","{\"0\":460,\"1\":4,\"2\":[627,783,823,1.7976931348623157e+308,460,49]}","{\"0\":49,\"1\":5,\"2\":[627,783,823,1.7976931348623157e+308,460,49]}","{\"0\":627,\"1\":0,\"2\":[627,783,823,1.7976931348623157e+308,460,49]}","{\"0\":783,\"1\":1,\"2\":[627,783,823,1.7976931348623157e+308,460,49,null,null,null,null]}","{\"0\":823,\"1\":2,\"2\":[627,783,823,1.7976931348623157e+308,460,49,null,null,null,null]}","{\"0\":1.7976931348623157e+308,\"1\":3,\"2\":[627,783,823,1.7976931348623157e+308,460,49,null,null,null,null]}","{\"0\":460,\"1\":4,\"2\":[627,783,823,1.7976931348623157e+308,460,49,null,null,null,null]}","{\"0\":49,\"1\":5,\"2\":[627,783,823,1.7976931348623157e+308,460,49,null,null,null,null]}"]}