{"baseObjects":["[843,714,157,1.7976931348623157e+308,823,213,59,25]","[]","[]","[]"],"returnObjects":["[]","[]","[]","[]"],"callbackArgs":["{\"0\":843,\"1\":0,\"2\":[843,714,157,1.7976931348623157e+308,823,213,59,25]}","{\"0\":714,\"1\":1,\"2\":[843,714,157,1.7976931348623157e+308,823,213,59,25]}","{\"0\":157,\"1\":2,\"2\":[843,714,157,1.7976931348623157e+308,823,213,59,25]}","{\"0\":1.7976931348623157e+308,\"1\":3,\"2\":[843,714,157,1.7976931348623157e+308,823,213,59,25]}","{\"0\":823,\"1\":4,\"2\":[843,714,157,1.7976931348623157e+308,823,213,59,25]}","{\"0\":213,\"1\":5,\"2\":[843,714,157,1.7976931348623157e+308,823,213,59,25]}","{\"0\":59,\"1\":6,\"2\":[843,714,157,1.7976931348623157e+308,823,213,59,25]}","{\"0\":25,\"1\":7,\"2\":[843,714,157,1.7976931348623157e+308,823,213,59,25]}"]}