{"baseObjects":["[{\"655\":\"\",\"893\":705,\"-100\":4.551003452793983e+306,\"1.3691035447286266e+308\":607,\"1.5142585240022878e+308\":1.359136872727139e+308,\"2.752475637127002e+307\":\":S\",\"%;\":\"18{\",\"-1\":\"\"},\"y\",\"ppT5\",\"q&\",\"WzX\",\"E\",null,{\"3\":1.392282022603362e+306,\"&-\":705,\"J\":\"3\",\"$u\":-100,\"5.091880966048685e+307\":49,\"8.52581987686938e+307\":0,\"\":\"w\",\"6.48462256079936e+307\":6.428245440695281e+307}]","[]","[]","[]"],"returnObjects":["[]","[]","[]","[]"],"callbackArgs":["{\"0\":\"O\",\"1\":0,\"2\":[\"O\",\"y\",\"ppT5\",\"q&\",\"WzX\",\"E\"]}","{\"0\":\"y\",\"1\":1,\"2\":[{\"655\":\"\",\"893\":705,\"-100\":4.551003452793983e+306,\"1.3691035447286266e+308\":607,\"1.5142585240022878e+308\":1.359136872727139e+308,\"2.752475637127002e+307\":\":S\",\"%;\":\"18{\",\"-1\":\"\"},\"y\",\"ppT5\",\"q&\",\"WzX\",\"E\",null,{\"3\":1.392282022603362e+306,\"&-\":705,\"J\":\"3\",\"$u\":-100,\"5.091880966048685e+307\":49,\"8.52581987686938e+307\":0,\"\":\"w\",\"6.48462256079936e+307\":6.428245440695281e+307}]}","{\"0\":\"ppT5\",\"1\":2,\"2\":[{\"655\":\"\",\"893\":705,\"-100\":4.551003452793983e+306,\"1.3691035447286266e+308\":607,\"1.5142585240022878e+308\":1.359136872727139e+308,\"2.752475637127002e+307\":\":S\",\"%;\":\"18{\",\"-1\":\"\"},\"y\",\"ppT5\",\"q&\",\"WzX\",\"E\",null,{\"3\":1.392282022603362e+306,\"&-\":705,\"J\":\"3\",\"$u\":-100,\"5.091880966048685e+307\":49,\"8.52581987686938e+307\":0,\"\":\"w\",\"6.48462256079936e+307\":6.428245440695281e+307}]}","{\"0\":\"q&\",\"1\":3,\"2\":[{\"655\":\"\",\"893\":705,\"-100\":4.551003452793983e+306,\"1.3691035447286266e+308\":607,\"1.5142585240022878e+308\":1.359136872727139e+308,\"2.752475637127002e+307\":\":S\",\"%;\":\"18{\",\"-1\":\"\"},\"y\",\"ppT5\",\"q&\",\"WzX\",\"E\",null,{\"3\":1.392282022603362e+306,\"&-\":705,\"J\":\"3\",\"$u\":-100,\"5.091880966048685e+307\":49,\"8.52581987686938e+307\":0,\"\":\"w\",\"6.48462256079936e+307\":6.428245440695281e+307}]}","{\"0\":\"WzX\",\"1\":4,\"2\":[{\"655\":\"\",\"893\":705,\"-100\":4.551003452793983e+306,\"1.3691035447286266e+308\":607,\"1.5142585240022878e+308\":1.359136872727139e+308,\"2.752475637127002e+307\":\":S\",\"%;\":\"18{\",\"-1\":\"\"},\"y\",\"ppT5\",\"q&\",\"WzX\",\"E\",null,{\"3\":1.392282022603362e+306,\"&-\":705,\"J\":\"3\",\"$u\":-100,\"5.091880966048685e+307\":49,\"8.52581987686938e+307\":0,\"\":\"w\",\"6.48462256079936e+307\":6.428245440695281e+307}]}","{\"0\":\"E\",\"1\":5,\"2\":[{\"655\":\"\",\"893\":705,\"-100\":4.551003452793983e+306,\"1.3691035447286266e+308\":607,\"1.5142585240022878e+308\":1.359136872727139e+308,\"2.752475637127002e+307\":\":S\",\"%;\":\"18{\",\"-1\":\"\"},\"y\",\"ppT5\",\"q&\",\"WzX\",\"E\",null,{\"3\":1.392282022603362e+306,\"&-\":705,\"J\":\"3\",\"$u\":-100,\"5.091880966048685e+307\":49,\"8.52581987686938e+307\":0,\"\":\"w\",\"6.48462256079936e+307\":6.428245440695281e+307}]}"]}