{"baseObjects":["[1.7976931348623157e+308,\"m\"]","[1.7976931348623157e+308,\"m\"]","[1.7976931348623157e+308,\"m\"]","[]"],"returnObjects":["\"Error\"","[]","[1.7976931348623157e+308,\"m\"]","[]"],"callbackArgs":["{\"0\":1.7976931348623157e+308,\"1\":0,\"2\":[1.7976931348623157e+308,\"m\"]}","{\"0\":1.7976931348623157e+308,\"1\":0,\"2\":[1.7976931348623157e+308,\"m\"]}","{\"0\":\"m\",\"1\":1,\"2\":[1.7976931348623157e+308,\"m\"]}","{\"0\":1.7976931348623157e+308,\"1\":0,\"2\":[1.7976931348623157e+308,\"m\"]}","{\"0\":\"m\",\"1\":1,\"2\":[1.7976931348623157e+308,\"m\"]}"]}