{"baseObjects":["[823,627,100,627]","[823,null,-100,627]","[823,627,-100,627,null,null,null,null,null,{\"595\":\"PO\",\"969\":\"\",\"-\":\"\",\"1.4520367453559065e+308\":\"\",\"8,\":6.228765068040712e+307,\"-1\":157}]","[]"],"returnObjects":["[]","[]","[]","[]"],"callbackArgs":["{\"0\":823,\"1\":0,\"2\":[823,627,-100,627]}","{\"0\":627,\"1\":1,\"2\":[823,627,100,627]}","{\"0\":100,\"1\":2,\"2\":[823,627,100,627]}","{\"0\":627,\"1\":3,\"2\":[823,627,100,627]}","{\"0\":823,\"1\":0,\"2\":[823,627,-100,627]}","{\"0\":null,\"1\":1,\"2\":[823,null,-100,627]}","{\"0\":-100,\"1\":2,\"2\":[823,null,-100,627]}","{\"0\":627,\"1\":3,\"2\":[823,null,-100,627]}","{\"0\":823,\"1\":0,\"2\":[823,627,-100,627]}","{\"0\":627,\"1\":1,\"2\":[823,627,-100,627,null,null,null,null,null,{\"595\":\"PO\",\"969\":\"\",\"-\":\"\",\"1.4520367453559065e+308\":\"\",\"8,\":6.228765068040712e+307,\"-1\":157}]}","{\"0\":-100,\"1\":2,\"2\":[823,627,-100,627,null,null,null,null,null,{\"595\":\"PO\",\"969\":\"\",\"-\":\"\",\"1.4520367453559065e+308\":\"\",\"8,\":6.228765068040712e+307,\"-1\":157}]}","{\"0\":627,\"1\":3,\"2\":[823,627,-100,627,null,null,null,null,null,{\"595\":\"PO\",\"969\":\"\",\"-\":\"\",\"1.4520367453559065e+308\":\"\",\"8,\":6.228765068040712e+307,\"-1\":157}]}"]}