{"baseObjects":["[\"`\",\"FZ\",\"ii\",\"^-\",\"fT\",\"&\",\",\",\"4 \"]","[\"`\",\"FZ\",{\"2.899026469480456e+307\":\"-r,-\",\"2.4504837340413813e+307\":\"\",\"Ol@\":2.76589595675279e+307,\"8.219755775179059e+307\":\"\",\"-a\":\"0S*n\",\"1.6867966269191668e+308\":\"L\"},\"^-\",\"fT\",\"&\",\",\",\"4 \",null,null]","[]","[\"`\",\"FZ\",\"ii\",\"^-\",\"fT\",\"&\",\",\",\"4 \"]"],"returnObjects":["[\"`\",\"FZ\",\"ii\",\"^-\",\"fT\",\"&\",\",\",\"4 \"]","[]","[]","\"Error\""],"callbackArgs":["{\"0\":\"`\",\"1\":0,\"2\":[\"`\",\"FZ\",\"ii\",\"^-\",\"fT\",\"&\",\",\",\"4 \"]}","{\"0\":\"FZ\",\"1\":1,\"2\":[\"`\",\"FZ\",\"ii\",\"^-\",\"fT\",\"&\",\",\",\"4 \"]}","{\"0\":\"ii\",\"1\":2,\"2\":[\"`\",\"FZ\",\"ii\",\"^-\",\"fT\",\"&\",\",\",\"4 \"]}","{\"0\":\"^-\",\"1\":3,\"2\":[\"`\",\"FZ\",\"ii\",\"^-\",\"fT\",\"&\",\",\",\"4 \"]}","{\"0\":\"fT\",\"1\":4,\"2\":[\"`\",\"FZ\",\"ii\",\"^-\",\"fT\",\"&\",\",\",\"4 \"]}","{\"0\":\"&\",\"1\":5,\"2\":[\"`\",\"FZ\",\"ii\",\"^-\",\"fT\",\"&\",\",\",\"4 \"]}","{\"0\":\",\",\"1\":6,\"2\":[\"`\",\"FZ\",\"ii\",\"^-\",\"fT\",\"&\",\",\",\"4 \"]}","{\"0\":\"4 \",\"1\":7,\"2\":[\"`\",\"FZ\",\"ii\",\"^-\",\"fT\",\"&\",\",\",\"4 \"]}","{\"0\":\"`\",\"1\":0,\"2\":[\"`\",\"FZ\",\"ii\",\"^-\",\"fT\",\"&\",\",\",\"4 \"]}","{\"0\":\"FZ\",\"1\":1,\"2\":[\"`\",\"FZ\",{\"2.899026469480456e+307\":\"-r,-\",\"2.4504837340413813e+307\":\"\",\"Ol@\":2.76589595675279e+307,\"8.219755775179059e+307\":\"\",\"-a\":\"0S*n\",\"1.6867966269191668e+308\":\"L\"},\"^-\",\"fT\",\"&\",\",\",\"4 \",null,null]}","{\"0\":{\"2.899026469480456e+307\":\"-r,-\",\"2.4504837340413813e+307\":\"\",\"Ol@\":2.76589595675279e+307,\"8.219755775179059e+307\":\"\",\"-a\":\"0S*n\",\"1.6867966269191668e+308\":\"L\"},\"1\":2,\"2\":[\"`\",\"FZ\",{\"2.899026469480456e+307\":\"-r,-\",\"2.4504837340413813e+307\":\"\",\"Ol@\":2.76589595675279e+307,\"8.219755775179059e+307\":\"\",\"-a\":\"0S*n\",\"1.6867966269191668e+308\":\"L\"},\"^-\",\"fT\",\"&\",\",\",\"4 \",null,null]}","{\"0\":\"^-\",\"1\":3,\"2\":[\"`\",\"FZ\",{\"2.899026469480456e+307\":\"-r,-\",\"2.4504837340413813e+307\":\"\",\"Ol@\":2.76589595675279e+307,\"8.219755775179059e+307\":\"\",\"-a\":\"0S*n\",\"1.6867966269191668e+308\":\"L\"},\"^-\",\"fT\",\"&\",\",\",\"4 \",null,null]}","{\"0\":\"fT\",\"1\":4,\"2\":[\"`\",\"FZ\",{\"2.899026469480456e+307\":\"-r,-\",\"2.4504837340413813e+307\":\"\",\"Ol@\":2.76589595675279e+307,\"8.219755775179059e+307\":\"\",\"-a\":\"0S*n\",\"1.6867966269191668e+308\":\"L\"},\"^-\",\"fT\",\"&\",\",\",\"4 \",null,null]}","{\"0\":\"&\",\"1\":5,\"2\":[\"`\",\"FZ\",{\"2.899026469480456e+307\":\"-r,-\",\"2.4504837340413813e+307\":\"\",\"Ol@\":2.76589595675279e+307,\"8.219755775179059e+307\":\"\",\"-a\":\"0S*n\",\"1.6867966269191668e+308\":\"L\"},\"^-\",\"fT\",\"&\",\",\",\"4 \",null,null]}","{\"0\":\",\",\"1\":6,\"2\":[\"`\",\"FZ\",{\"2.899026469480456e+307\":\"-r,-\",\"2.4504837340413813e+307\":\"\",\"Ol@\":2.76589595675279e+307,\"8.219755775179059e+307\":\"\",\"-a\":\"0S*n\",\"1.6867966269191668e+308\":\"L\"},\"^-\",\"fT\",\"&\",\",\",\"4 \",null,null]}","{\"0\":\"4 \",\"1\":7,\"2\":[\"`\",\"FZ\",{\"2.899026469480456e+307\":\"-r,-\",\"2.4504837340413813e+307\":\"\",\"Ol@\":2.76589595675279e+307,\"8.219755775179059e+307\":\"\",\"-a\":\"0S*n\",\"1.6867966269191668e+308\":\"L\"},\"^-\",\"fT\",\"&\",\",\",\"4 \",null,null]}","{\"0\":\"`\",\"1\":0,\"2\":[\"`\",\"FZ\",\"ii\",\"^-\",\"fT\",\"&\",\",\",\"4 \"]}"]}