{"baseObjects":["[59,100,1.7976931348623157e+308]","[59,100,1.7976931348623157e+308]"],"returnObjects":[null,null],"callbackArgs":[{"0":59,"1":0,"2":[59,100,1.7976931348623157e+308]},{"0":59,"1":0,"2":[59,100,1.7976931348623157e+308]}]}