{"baseObjects":["[122,242,\"x1\",705,\"Z\",\"k\",595,1.7976931348623157e+308]","[122,242,\"x1\",705,\"Z\",\"k\",595,1.7976931348623157e+308]","[122,242,\"x1\",705,\"Z\",\"k\",595,1.7976931348623157e+308]","[122,242,\"x1\",705,\"Z\",\"k\",595,1.7976931348623157e+308]"],"returnObjects":["\"Error\"","\"Error\"","\"Error\"","\"Error\""],"callbackArgs":[{"0":122,"1":0,"2":[122,242,"x1",705,"Z","k",595,1.7976931348623157e+308]},{"0":122,"1":0,"2":[122,242,"x1",705,"Z","k",595,1.7976931348623157e+308]},{"0":122,"1":0,"2":[122,242,"x1",705,"Z","k",595,1.7976931348623157e+308]},{"0":122,"1":0,"2":[122,242,"x1",705,"Z","k",595,1.7976931348623157e+308]}]}