{"baseObjects":["[783,213,969,1.7976931348623157e+308]","[783,213,969,1.7976931348623157e+308]","[783,213,969,1.7976931348623157e+308]","[783,213,969,1.7976931348623157e+308]"],"returnObjects":["\"Error\"","\"Error\"","\"Error\"","\"Error\""],"callbackArgs":[{"0":783,"1":0,"2":[783,213,969,1.7976931348623157e+308]},{"0":783,"1":0,"2":[783,213,969,1.7976931348623157e+308]},{"0":783,"1":0,"2":[783,213,969,1.7976931348623157e+308]},{"0":783,"1":0,"2":[783,213,969,1.7976931348623157e+308]}]}