{"baseObjects":["[1.7976931348623157e+308,242,714,1.7976931348623157e+308,213,893]","[1.7976931348623157e+308,242,714,1.7976931348623157e+308,213,893]","[1.7976931348623157e+308,242,714,1.7976931348623157e+308,213,893]","[1.7976931348623157e+308,242,714,1.7976931348623157e+308,213,893]"],"returnObjects":["\"Error\"","\"Error\"","\"Error\"","\"Error\""],"callbackArgs":[{"0":1.7976931348623157e+308,"1":0,"2":[1.7976931348623157e+308,242,714,1.7976931348623157e+308,213,893]},{"0":1.7976931348623157e+308,"1":0,"2":[1.7976931348623157e+308,242,714,1.7976931348623157e+308,213,893]},{"0":1.7976931348623157e+308,"1":0,"2":[1.7976931348623157e+308,242,714,1.7976931348623157e+308,213,893]},{"0":1.7976931348623157e+308,"1":0,"2":[1.7976931348623157e+308,242,714,1.7976931348623157e+308,213,893]}]}