{"baseObjects":["[403,213,714,126,1.7976931348623157e+308]","[403,213,714,126,1.7976931348623157e+308]","[403,213,714,126,1.7976931348623157e+308]","[403,213,714,126,1.7976931348623157e+308]"],"returnObjects":["\"Error\"","\"Error\"","\"Error\"","\"Error\""],"callbackArgs":[{"0":403,"1":0,"2":[403,213,714,126,1.7976931348623157e+308]},{"0":403,"1":0,"2":[403,213,714,126,1.7976931348623157e+308]},{"0":403,"1":0,"2":[403,213,714,126,1.7976931348623157e+308]},{"0":403,"1":0,"2":[403,213,714,126,1.7976931348623157e+308]}]}