{"baseObjects":["[122,607,893,1.7976931348623157e+308,595,460,655,705,213]","[122,607,893,1.7976931348623157e+308,595,460,655,705,213]","[122,607,893,1.7976931348623157e+308,595,460,655,705,213]","[122,607,893,1.7976931348623157e+308,595,460,655,705,213]"],"returnObjects":["\"Error\"","\"Error\"","\"Error\"","\"Error\""],"callbackArgs":[{"0":122,"1":0,"2":[122,607,893,1.7976931348623157e+308,595,460,655,705,213]},{"0":122,"1":0,"2":[122,607,893,1.7976931348623157e+308,595,460,655,705,213]},{"0":122,"1":0,"2":[122,607,893,1.7976931348623157e+308,595,460,655,705,213]},{"0":122,"1":0,"2":[122,607,893,1.7976931348623157e+308,595,460,655,705,213]}]}