{"baseObjects":["[595,627,1.7976931348623157e+308,595,157]","[595,627,1.7976931348623157e+308,595,157]","[595,627,1.7976931348623157e+308,595,157]","[595,627,1.7976931348623157e+308,595,157]"],"returnObjects":["\"Error\"","\"Error\"","\"Error\"","\"Error\""],"callbackArgs":[{"0":595,"1":0,"2":[595,627,1.7976931348623157e+308,595,157]},{"0":595,"1":0,"2":[595,627,1.7976931348623157e+308,595,157]},{"0":595,"1":0,"2":[595,627,1.7976931348623157e+308,595,157]},{"0":595,"1":0,"2":[595,627,1.7976931348623157e+308,595,157]}]}