{"baseObjects":["[-100,893,213,403,714,1.7976931348623157e+308]","[-100,893,213,403,714,1.7976931348623157e+308]"],"returnObjects":[null,null],"callbackArgs":[{"0":-100,"1":0,"2":[-100,893,213,403,714,1.7976931348623157e+308]},{"0":-100,"1":0,"2":[-100,893,213,403,714,1.7976931348623157e+308]}]}