{"baseObjects":["[783,1.7976931348623157e+308,\"W\"]","[783,1.7976931348623157e+308,\"W\"]","[783,1.7976931348623157e+308,\"W\"]","[783,1.7976931348623157e+308,\"W\"]"],"returnObjects":["\"Error\"","\"Error\"","\"Error\"","\"Error\""],"callbackArgs":[{"0":783,"1":0,"2":[783,1.7976931348623157e+308,"W"]},{"0":783,"1":0,"2":[783,1.7976931348623157e+308,"W"]},{"0":783,"1":0,"2":[783,1.7976931348623157e+308,"W"]},{"0":783,"1":0,"2":[783,1.7976931348623157e+308,"W"]}]}