{"baseObjects":["[783,1.7976931348623157e+308,-1,-100,49,607,25]"],"returnObjects":[null],"callbackArgs":[{"0":783,"1":0,"2":[783,1.7976931348623157e+308,-1,-100,49,607,25]}]}