{"baseObjects":["[-1,655,1.7976931348623157e+308,\"&\",\"9p\",783,714,\"8_\",\"zFQB:d|\"]","[-1,655,1.7976931348623157e+308,\"&\",\"9p\",783,714,\"8_\",\"zFQB:d|\"]","[-1,655,1.7976931348623157e+308,\"&\",\"9p\",783,714,\"8_\",\"zFQB:d|\"]","[-1,655,1.7976931348623157e+308,\"&\",\"9p\",783,714,\"8_\",\"zFQB:d|\"]"],"returnObjects":["\"Error\"","\"Error\"","\"Error\"","\"Error\""],"callbackArgs":[{"0":-1,"1":0,"2":[-1,655,1.7976931348623157e+308,"&","9p",783,714,"8_","zFQB:d|"]},{"0":-1,"1":0,"2":[-1,655,1.7976931348623157e+308,"&","9p",783,714,"8_","zFQB:d|"]},{"0":-1,"1":0,"2":[-1,655,1.7976931348623157e+308,"&","9p",783,714,"8_","zFQB:d|"]},{"0":-1,"1":0,"2":[-1,655,1.7976931348623157e+308,"&","9p",783,714,"8_","zFQB:d|"]}]}