{"baseObjects":["[157,-100,843,655,1.7976931348623157e+308,\"I\",\"%\",\"F\",\"{l\"]","[157,-100,843,655,1.7976931348623157e+308,\"I\",\"%\",\"F\",\"{l\"]","[157,-100,843,655,1.7976931348623157e+308,\"I\",\"%\",\"F\",\"{l\"]","[157,-100,843,655,1.7976931348623157e+308,\"I\",\"%\",\"F\",\"{l\"]"],"returnObjects":["\"Error\"","\"Error\"","\"Error\"","\"Error\""],"callbackArgs":[{"0":157,"1":0,"2":[157,-100,843,655,1.7976931348623157e+308,"I","%","F","{l"]},{"0":157,"1":0,"2":[157,-100,843,655,1.7976931348623157e+308,"I","%","F","{l"]},{"0":157,"1":0,"2":[157,-100,843,655,1.7976931348623157e+308,"I","%","F","{l"]},{"0":157,"1":0,"2":[157,-100,843,655,1.7976931348623157e+308,"I","%","F","{l"]}]}