{"baseObjects":["[1.7976931348623157e+308,607,618,595,595,157,783,403]","[1.7976931348623157e+308,607,618,595,595,157,783,403]","[1.7976931348623157e+308,607,618,595,595,157,783,403]","[1.7976931348623157e+308,607,618,595,595,157,783,403]"],"returnObjects":["\"Error\"","\"Error\"","\"Error\"","\"Error\""],"callbackArgs":[{"0":1.7976931348623157e+308,"1":0,"2":[1.7976931348623157e+308,607,618,595,595,157,783,403]},{"0":1.7976931348623157e+308,"1":0,"2":[1.7976931348623157e+308,607,618,595,595,157,783,403]},{"0":1.7976931348623157e+308,"1":0,"2":[1.7976931348623157e+308,607,618,595,595,157,783,403]},{"0":1.7976931348623157e+308,"1":0,"2":[1.7976931348623157e+308,607,618,595,595,157,783,403]}]}