{"baseObjects":["[595]","[595]","[595]","[595]"],"returnObjects":["-51","72.98239496525929",null,"50"],"callbackArgs":[{"0":49,"1":595,"2":0,"3":[595]},{"0":{"5.268204077712129e+307":242,"`<":"dd"},"1":595,"2":0,"3":[595]},{"0":[59,157,607,59,0],"1":595,"2":0,"3":[595]},{"1":595,"2":0,"3":[595]}]}