{"baseObjects":["[100]","[100]","[100]","[100]"],"returnObjects":["72.2278772437656","100","-77","-9"],"callbackArgs":[{"0":1.4238951904778659e+308,"1":100,"2":0,"3":[100]},{"0":null,"1":100,"2":0,"3":[100]},{"0":true,"1":100,"2":0,"3":[100]}]}