{"baseObjects":["[893,1.7976931348623157e+308,705,157,0,-100]","[893,1.7976931348623157e+308,705,157,0,-100,null,null,2.6011833149003685e+307]","[893,1.7976931348623157e+308,705,157,0,-100,null,null,{\"242\":2.4117353091259494e+307,\"1.284500451645563e+308\":\"\",\"\":3.0006702620700676e+307,\"qn\":126,\"u':\":242,\" M\":\"J*S\",\"3.874595739723433e+306\":595,\"1.2188648631002442e+308\":460,\"I\":595}]","[893,1.7976931348623157e+308,705,157,0,-100]"],"returnObjects":[null,"\"Error\"",null,"\"Error\""],"callbackArgs":["{\"0\":893,\"1\":0,\"2\":[893,1.7976931348623157e+308,705,157,0,-100]}","{\"0\":1.7976931348623157e+308,\"1\":1,\"2\":[893,1.7976931348623157e+308,705,157,0,-100]}","{\"0\":705,\"1\":2,\"2\":[893,1.7976931348623157e+308,705,157,0,-100]}","{\"0\":157,\"1\":3,\"2\":[893,1.7976931348623157e+308,705,157,0,-100]}","{\"0\":0,\"1\":4,\"2\":[893,1.7976931348623157e+308,705,157,0,-100]}","{\"0\":-100,\"1\":5,\"2\":[893,1.7976931348623157e+308,705,157,0,-100]}","{\"0\":893,\"1\":0,\"2\":[893,1.7976931348623157e+308,705,157,0,-100]}","{\"0\":893,\"1\":0,\"2\":[893,1.7976931348623157e+308,705,157,0,-100]}","{\"0\":1.7976931348623157e+308,\"1\":1,\"2\":[893,1.7976931348623157e+308,705,157,0,-100,null,null,{\"242\":2.4117353091259494e+307,\"1.284500451645563e+308\":\"\",\"\":3.0006702620700676e+307,\"qn\":126,\"u':\":242,\" M\":\"J*S\",\"3.874595739723433e+306\":595,\"1.2188648631002442e+308\":460,\"I\":595}]}","{\"0\":705,\"1\":2,\"2\":[893,1.7976931348623157e+308,705,157,0,-100,null,null,{\"242\":2.4117353091259494e+307,\"1.284500451645563e+308\":\"\",\"\":3.0006702620700676e+307,\"qn\":126,\"u':\":242,\" M\":\"J*S\",\"3.874595739723433e+306\":595,\"1.2188648631002442e+308\":460,\"I\":595}]}","{\"0\":157,\"1\":3,\"2\":[893,1.7976931348623157e+308,705,157,0,-100,null,null,{\"242\":2.4117353091259494e+307,\"1.284500451645563e+308\":\"\",\"\":3.0006702620700676e+307,\"qn\":126,\"u':\":242,\" M\":\"J*S\",\"3.874595739723433e+306\":595,\"1.2188648631002442e+308\":460,\"I\":595}]}","{\"0\":0,\"1\":4,\"2\":[893,1.7976931348623157e+308,705,157,0,-100,null,null,{\"242\":2.4117353091259494e+307,\"1.284500451645563e+308\":\"\",\"\":3.0006702620700676e+307,\"qn\":126,\"u':\":242,\" M\":\"J*S\",\"3.874595739723433e+306\":595,\"1.2188648631002442e+308\":460,\"I\":595}]}","{\"0\":-100,\"1\":5,\"2\":[893,1.7976931348623157e+308,705,157,0,-100,null,null,{\"242\":2.4117353091259494e+307,\"1.284500451645563e+308\":\"\",\"\":3.0006702620700676e+307,\"qn\":126,\"u':\":242,\" M\":\"J*S\",\"3.874595739723433e+306\":595,\"1.2188648631002442e+308\":460,\"I\":595}]}","{\"0\":893,\"1\":0,\"2\":[893,1.7976931348623157e+308,705,157,0,-100]}"]}