{"baseObjects":["[\"<&\",\"FPB\",705,\"\",213,\"b\",1.507416513609454e+308,\"p\",\"OWLx\"]","[\"<&\",\"FPB\",705,[1.7976931348623157e+308,157],213,\"b\",\"9\",\"p\",\"OWLx\"]","[\"<&\",\"FPB\",705,705,213,\"b\",\"9\",\"p\",\"OWLx\"]","[\"<&\",\"FPB\",705,705,213,\"b\",\"9\",\"p\",\"OWLx\"]"],"returnObjects":[null,null,null,null],"callbackArgs":["{\"0\":\"<&\",\"1\":0,\"2\":[\"<&\",\"FPB\",705,705,213,\"b\",\"9\",\"p\",\"OWLx\"]}","{\"0\":\"FPB\",\"1\":1,\"2\":[\"<&\",\"FPB\",705,\"\",213,\"b\",1.507416513609454e+308,\"p\",\"OWLx\"]}","{\"0\":705,\"1\":2,\"2\":[\"<&\",\"FPB\",705,\"\",213,\"b\",1.507416513609454e+308,\"p\",\"OWLx\"]}","{\"0\":\"\",\"1\":3,\"2\":[\"<&\",\"FPB\",705,\"\",213,\"b\",1.507416513609454e+308,\"p\",\"OWLx\"]}","{\"0\":213,\"1\":4,\"2\":[\"<&\",\"FPB\",705,\"\",213,\"b\",1.507416513609454e+308,\"p\",\"OWLx\"]}","{\"0\":\"b\",\"1\":5,\"2\":[\"<&\",\"FPB\",705,\"\",213,\"b\",1.507416513609454e+308,\"p\",\"OWLx\"]}","{\"0\":1.507416513609454e+308,\"1\":6,\"2\":[\"<&\",\"FPB\",705,\"\",213,\"b\",1.507416513609454e+308,\"p\",\"OWLx\"]}","{\"0\":\"p\",\"1\":7,\"2\":[\"<&\",\"FPB\",705,\"\",213,\"b\",1.507416513609454e+308,\"p\",\"OWLx\"]}","{\"0\":\"OWLx\",\"1\":8,\"2\":[\"<&\",\"FPB\",705,\"\",213,\"b\",1.507416513609454e+308,\"p\",\"OWLx\"]}","{\"0\":\"<&\",\"1\":0,\"2\":[\"<&\",\"FPB\",705,705,213,\"b\",\"9\",\"p\",\"OWLx\"]}","{\"0\":\"FPB\",\"1\":1,\"2\":[\"<&\",\"FPB\",705,[1.7976931348623157e+308,157],213,\"b\",\"9\",\"p\",\"OWLx\"]}","{\"0\":705,\"1\":2,\"2\":[\"<&\",\"FPB\",705,[1.7976931348623157e+308,157],213,\"b\",\"9\",\"p\",\"OWLx\"]}","{\"0\":[1.7976931348623157e+308,157],\"1\":3,\"2\":[\"<&\",\"FPB\",705,[1.7976931348623157e+308,157],213,\"b\",\"9\",\"p\",\"OWLx\"]}","{\"0\":213,\"1\":4,\"2\":[\"<&\",\"FPB\",705,[1.7976931348623157e+308,157],213,\"b\",\"9\",\"p\",\"OWLx\"]}","{\"0\":\"b\",\"1\":5,\"2\":[\"<&\",\"FPB\",705,[1.7976931348623157e+308,157],213,\"b\",\"9\",\"p\",\"OWLx\"]}","{\"0\":\"9\",\"1\":6,\"2\":[\"<&\",\"FPB\",705,[1.7976931348623157e+308,157],213,\"b\",\"9\",\"p\",\"OWLx\"]}","{\"0\":\"p\",\"1\":7,\"2\":[\"<&\",\"FPB\",705,[1.7976931348623157e+308,157],213,\"b\",\"9\",\"p\",\"OWLx\"]}","{\"0\":\"OWLx\",\"1\":8,\"2\":[\"<&\",\"FPB\",705,[1.7976931348623157e+308,157],213,\"b\",\"9\",\"p\",\"OWLx\"]}","{\"0\":\"<&\",\"1\":0,\"2\":[\"<&\",\"FPB\",705,705,213,\"b\",\"9\",\"p\",\"OWLx\"]}","{\"0\":\"FPB\",\"1\":1,\"2\":[\"<&\",\"FPB\",705,705,213,\"b\",\"9\",\"p\",\"OWLx\"]}","{\"0\":705,\"1\":2,\"2\":[\"<&\",\"FPB\",705,705,213,\"b\",\"9\",\"p\",\"OWLx\"]}","{\"0\":705,\"1\":3,\"2\":[\"<&\",\"FPB\",705,705,213,\"b\",\"9\",\"p\",\"OWLx\"]}","{\"0\":213,\"1\":4,\"2\":[\"<&\",\"FPB\",705,705,213,\"b\",\"9\",\"p\",\"OWLx\"]}","{\"0\":\"b\",\"1\":5,\"2\":[\"<&\",\"FPB\",705,705,213,\"b\",\"9\",\"p\",\"OWLx\"]}","{\"0\":\"9\",\"1\":6,\"2\":[\"<&\",\"FPB\",705,705,213,\"b\",\"9\",\"p\",\"OWLx\"]}","{\"0\":\"p\",\"1\":7,\"2\":[\"<&\",\"FPB\",705,705,213,\"b\",\"9\",\"p\",\"OWLx\"]}","{\"0\":\"OWLx\",\"1\":8,\"2\":[\"<&\",\"FPB\",705,705,213,\"b\",\"9\",\"p\",\"OWLx\"]}","{\"0\":\"<&\",\"1\":0,\"2\":[\"<&\",\"FPB\",705,705,213,\"b\",\"9\",\"p\",\"OWLx\"]}","{\"0\":\"FPB\",\"1\":1,\"2\":[\"<&\",\"FPB\",705,705,213,\"b\",\"9\",\"p\",\"OWLx\"]}","{\"0\":705,\"1\":2,\"2\":[\"<&\",\"FPB\",705,705,213,\"b\",\"9\",\"p\",\"OWLx\"]}","{\"0\":705,\"1\":3,\"2\":[\"<&\",\"FPB\",705,705,213,\"b\",\"9\",\"p\",\"OWLx\"]}","{\"0\":213,\"1\":4,\"2\":[\"<&\",\"FPB\",705,705,213,\"b\",\"9\",\"p\",\"OWLx\"]}","{\"0\":\"b\",\"1\":5,\"2\":[\"<&\",\"FPB\",705,705,213,\"b\",\"9\",\"p\",\"OWLx\"]}","{\"0\":\"9\",\"1\":6,\"2\":[\"<&\",\"FPB\",705,705,213,\"b\",\"9\",\"p\",\"OWLx\"]}","{\"0\":\"p\",\"1\":7,\"2\":[\"<&\",\"FPB\",705,705,213,\"b\",\"9\",\"p\",\"OWLx\"]}","{\"0\":\"OWLx\",\"1\":8,\"2\":[\"<&\",\"FPB\",705,705,213,\"b\",\"9\",\"p\",\"OWLx\"]}"]}