{"baseObjects":["[403,1.7976931348623157e+308,969,\"#3T\"]","[403,1.7976931348623157e+308,969,\"#3T\"]","[403,1.7976931348623157e+308,969,\"#3T\"]","[403,1.7976931348623157e+308,969,\"#3T\"]"],"returnObjects":[null,null,null,"\"Error\""],"callbackArgs":["{\"0\":403,\"1\":0,\"2\":[403,1.7976931348623157e+308,969,\"#3T\"]}","{\"0\":1.7976931348623157e+308,\"1\":1,\"2\":[403,1.7976931348623157e+308,969,\"#3T\"]}","{\"0\":969,\"1\":2,\"2\":[403,1.7976931348623157e+308,969,\"#3T\"]}","{\"0\":\"#3T\",\"1\":3,\"2\":[403,1.7976931348623157e+308,969,\"#3T\"]}","{\"0\":403,\"1\":0,\"2\":[403,1.7976931348623157e+308,969,\"#3T\"]}","{\"0\":1.7976931348623157e+308,\"1\":1,\"2\":[403,1.7976931348623157e+308,969,\"#3T\"]}","{\"0\":969,\"1\":2,\"2\":[403,1.7976931348623157e+308,969,\"#3T\"]}","{\"0\":\"#3T\",\"1\":3,\"2\":[403,1.7976931348623157e+308,969,\"#3T\"]}","{\"0\":403,\"1\":0,\"2\":[403,1.7976931348623157e+308,969,\"#3T\"]}","{\"0\":1.7976931348623157e+308,\"1\":1,\"2\":[403,1.7976931348623157e+308,969,\"#3T\"]}","{\"0\":969,\"1\":2,\"2\":[403,1.7976931348623157e+308,969,\"#3T\"]}","{\"0\":\"#3T\",\"1\":3,\"2\":[403,1.7976931348623157e+308,969,\"#3T\"]}","{\"0\":403,\"1\":0,\"2\":[403,1.7976931348623157e+308,969,\"#3T\"]}"]}