{"baseObjects":["[100]","[100]","[100,null,null,null,null,null,null,null,null,6.558144531998456e+307]","[100,null,null,{\"893\":9.049759773852002e+307,\"1.5417885176939019e+308\":1.4375398399115817e+308,\"\":4.453773288167034e+307,\"1.3555749636832502e+308\":\"3aA\"}]"],"returnObjects":[null,"\"Error\"",null,"\"Error\""],"callbackArgs":["{\"0\":100,\"1\":0,\"2\":[100]}","{\"0\":100,\"1\":0,\"2\":[100]}","{\"0\":100,\"1\":0,\"2\":[100]}"]}