{"baseObjects":["[25,607,25,true,893,460,705,1.7976931348623157e+308,126]","[25,607,25,607,893,460,705,1.7976931348623157e+308,126]","[25,607,25,607,893,460,705,1.7976931348623157e+308,126]","[25,607,25,false,893,460,705,1.7976931348623157e+308,126]"],"returnObjects":[null,null,"\"Error\"","\"Error\""],"callbackArgs":["{\"0\":25,\"1\":0,\"2\":[25,607,25,607,893,460,705,1.7976931348623157e+308,126]}","{\"0\":607,\"1\":1,\"2\":[25,607,25,true,893,460,705,1.7976931348623157e+308,126]}","{\"0\":25,\"1\":2,\"2\":[25,607,25,true,893,460,705,1.7976931348623157e+308,126]}","{\"0\":true,\"1\":3,\"2\":[25,607,25,true,893,460,705,1.7976931348623157e+308,126]}","{\"0\":893,\"1\":4,\"2\":[25,607,25,true,893,460,705,1.7976931348623157e+308,126]}","{\"0\":460,\"1\":5,\"2\":[25,607,25,true,893,460,705,1.7976931348623157e+308,126]}","{\"0\":705,\"1\":6,\"2\":[25,607,25,true,893,460,705,1.7976931348623157e+308,126]}","{\"0\":1.7976931348623157e+308,\"1\":7,\"2\":[25,607,25,true,893,460,705,1.7976931348623157e+308,126]}","{\"0\":126,\"1\":8,\"2\":[25,607,25,true,893,460,705,1.7976931348623157e+308,126]}","{\"0\":25,\"1\":0,\"2\":[25,607,25,607,893,460,705,1.7976931348623157e+308,126]}","{\"0\":607,\"1\":1,\"2\":[25,607,25,607,893,460,705,1.7976931348623157e+308,126]}","{\"0\":25,\"1\":2,\"2\":[25,607,25,607,893,460,705,1.7976931348623157e+308,126]}","{\"0\":607,\"1\":3,\"2\":[25,607,25,607,893,460,705,1.7976931348623157e+308,126]}","{\"0\":893,\"1\":4,\"2\":[25,607,25,607,893,460,705,1.7976931348623157e+308,126]}","{\"0\":460,\"1\":5,\"2\":[25,607,25,607,893,460,705,1.7976931348623157e+308,126]}","{\"0\":705,\"1\":6,\"2\":[25,607,25,607,893,460,705,1.7976931348623157e+308,126]}","{\"0\":1.7976931348623157e+308,\"1\":7,\"2\":[25,607,25,607,893,460,705,1.7976931348623157e+308,126]}","{\"0\":126,\"1\":8,\"2\":[25,607,25,607,893,460,705,1.7976931348623157e+308,126]}","{\"0\":25,\"1\":0,\"2\":[25,607,25,607,893,460,705,1.7976931348623157e+308,126]}","{\"0\":25,\"1\":0,\"2\":[25,607,25,607,893,460,705,1.7976931348623157e+308,126]}"]}