{"baseObjects":["[213,595,-100,25]","[{\"823\":714,\"1.4036364781341747e+308\":\"\"},595,-100,25,null,[49]]","\"\"","[213,595,-100,25]"],"returnObjects":[null,null,null,null],"callbackArgs":["{\"0\":213,\"1\":0,\"2\":[213,595,-100,25]}","{\"0\":595,\"1\":1,\"2\":[213,595,-100,25]}","{\"0\":-100,\"1\":2,\"2\":[213,595,-100,25]}","{\"0\":25,\"1\":3,\"2\":[213,595,-100,25]}","{\"0\":213,\"1\":0,\"2\":[213,595,-100,25]}","{\"0\":595,\"1\":1,\"2\":[{\"823\":714,\"1.4036364781341747e+308\":\"\"},595,-100,25,null,[49]]}","{\"0\":-100,\"1\":2,\"2\":[{\"823\":714,\"1.4036364781341747e+308\":\"\"},595,-100,25,null,[49]]}","{\"0\":25,\"1\":3,\"2\":[{\"823\":714,\"1.4036364781341747e+308\":\"\"},595,-100,25,null,[49]]}","{\"0\":213,\"1\":0,\"2\":[213,595,-100,25]}","{\"0\":595,\"1\":1,\"2\":[213,595,-100,25]}","{\"0\":-100,\"1\":2,\"2\":[213,595,-100,25]}","{\"0\":25,\"1\":3,\"2\":[213,595,-100,25]}","{\"0\":213,\"1\":0,\"2\":[213,595,-100,25]}","{\"0\":595,\"1\":1,\"2\":[213,595,-100,25]}","{\"0\":-100,\"1\":2,\"2\":[213,595,-100,25]}","{\"0\":25,\"1\":3,\"2\":[213,595,-100,25]}"]}