{"baseObjects":["[5e-324,403,893,403,714,595,false,714,783]","[5e-324,403,893,403,714,595,403,714,783]","[5e-324,403,893,403,714,595,403,9.474812590220345e+307,783]","[5e-324,403,893,403,714,595,403,714,783]"],"returnObjects":[null,null,null,"\"Error\""],"callbackArgs":["{\"0\":5e-324,\"1\":0,\"2\":[5e-324,403,893,403,714,595,403,714,783]}","{\"0\":403,\"1\":1,\"2\":[5e-324,403,893,403,714,595,false,714,783]}","{\"0\":893,\"1\":2,\"2\":[5e-324,403,893,403,714,595,false,714,783]}","{\"0\":403,\"1\":3,\"2\":[5e-324,403,893,403,714,595,false,714,783]}","{\"0\":714,\"1\":4,\"2\":[5e-324,403,893,403,714,595,false,714,783]}","{\"0\":595,\"1\":5,\"2\":[5e-324,403,893,403,714,595,false,714,783]}","{\"0\":false,\"1\":6,\"2\":[5e-324,403,893,403,714,595,false,714,783]}","{\"0\":714,\"1\":7,\"2\":[5e-324,403,893,403,714,595,false,714,783]}","{\"0\":783,\"1\":8,\"2\":[5e-324,403,893,403,714,595,false,714,783]}","{\"0\":5e-324,\"1\":0,\"2\":[5e-324,403,893,403,714,595,403,714,783]}","{\"0\":403,\"1\":1,\"2\":[5e-324,403,893,403,714,595,403,714,783]}","{\"0\":893,\"1\":2,\"2\":[5e-324,403,893,403,714,595,403,714,783]}","{\"0\":403,\"1\":3,\"2\":[5e-324,403,893,403,714,595,403,714,783]}","{\"0\":714,\"1\":4,\"2\":[5e-324,403,893,403,714,595,403,714,783]}","{\"0\":595,\"1\":5,\"2\":[5e-324,403,893,403,714,595,403,714,783]}","{\"0\":403,\"1\":6,\"2\":[5e-324,403,893,403,714,595,403,714,783]}","{\"0\":714,\"1\":7,\"2\":[5e-324,403,893,403,714,595,403,714,783]}","{\"0\":783,\"1\":8,\"2\":[5e-324,403,893,403,714,595,403,714,783]}","{\"0\":5e-324,\"1\":0,\"2\":[5e-324,403,893,403,714,595,403,714,783]}","{\"0\":403,\"1\":1,\"2\":[5e-324,403,893,403,714,595,403,9.474812590220345e+307,783]}","{\"0\":893,\"1\":2,\"2\":[5e-324,403,893,403,714,595,403,9.474812590220345e+307,783]}","{\"0\":403,\"1\":3,\"2\":[5e-324,403,893,403,714,595,403,9.474812590220345e+307,783]}","{\"0\":714,\"1\":4,\"2\":[5e-324,403,893,403,714,595,403,9.474812590220345e+307,783]}","{\"0\":595,\"1\":5,\"2\":[5e-324,403,893,403,714,595,403,9.474812590220345e+307,783]}","{\"0\":403,\"1\":6,\"2\":[5e-324,403,893,403,714,595,403,9.474812590220345e+307,783]}","{\"0\":9.474812590220345e+307,\"1\":7,\"2\":[5e-324,403,893,403,714,595,403,9.474812590220345e+307,783]}","{\"0\":783,\"1\":8,\"2\":[5e-324,403,893,403,714,595,403,9.474812590220345e+307,783]}","{\"0\":5e-324,\"1\":0,\"2\":[5e-324,403,893,403,714,595,403,714,783]}"]}