{"baseObjects":["\"e\"","[460,[213,\"37tur\",82,\"OV\",\"z\",\"9\",\"X7P\"],627,100,655,627,893,714]","[460,null,627,100,655,627,893,714]","[460,126,627,{\"\":\"\",\"1.4536617123292348e+308\":607,\"1.7976931348623157e+308\":\"\",\"'\":\"f\",\"1.4491847584408095e+307\":9.02032713536931e+307,\"1.4834103317200468e+308\":\"\"},655,627,893,true]"],"returnObjects":[null,null,null,null],"callbackArgs":["{\"0\":460,\"1\":0,\"2\":[460,126,627,100,655,627,893,714]}","{\"0\":126,\"1\":1,\"2\":[460,126,[-1],100,655,627,893,714]}","{\"0\":[-1],\"1\":2,\"2\":[460,126,[-1],100,655,627,893,714]}","{\"0\":100,\"1\":3,\"2\":[460,126,[-1],100,655,627,893,714]}","{\"0\":655,\"1\":4,\"2\":[460,126,[-1],100,655,627,893,714]}","{\"0\":627,\"1\":5,\"2\":[460,126,[-1],100,655,627,893,714]}","{\"0\":893,\"1\":6,\"2\":[460,126,[-1],100,655,627,893,714]}","{\"0\":714,\"1\":7,\"2\":[460,126,[-1],100,655,627,893,714]}","{\"0\":460,\"1\":0,\"2\":[460,126,627,100,655,627,893,714]}","{\"0\":[213,\"37tur\",82,\"OV\",\"z\",\"9\",\"X7P\"],\"1\":1,\"2\":[460,[213,\"37tur\",82,\"OV\",\"z\",\"9\",\"X7P\"],627,100,655,627,893,714]}","{\"0\":627,\"1\":2,\"2\":[460,[213,\"37tur\",82,\"OV\",\"z\",\"9\",\"X7P\"],627,100,655,627,893,714]}","{\"0\":100,\"1\":3,\"2\":[460,[213,\"37tur\",82,\"OV\",\"z\",\"9\",\"X7P\"],627,100,655,627,893,714]}","{\"0\":655,\"1\":4,\"2\":[460,[213,\"37tur\",82,\"OV\",\"z\",\"9\",\"X7P\"],627,100,655,627,893,714]}","{\"0\":627,\"1\":5,\"2\":[460,[213,\"37tur\",82,\"OV\",\"z\",\"9\",\"X7P\"],627,100,655,627,893,714]}","{\"0\":893,\"1\":6,\"2\":[460,[213,\"37tur\",82,\"OV\",\"z\",\"9\",\"X7P\"],627,100,655,627,893,714]}","{\"0\":714,\"1\":7,\"2\":[460,[213,\"37tur\",82,\"OV\",\"z\",\"9\",\"X7P\"],627,100,655,627,893,714]}","{\"0\":460,\"1\":0,\"2\":[460,126,627,100,655,627,893,714]}","{\"0\":null,\"1\":1,\"2\":[460,null,627,100,655,627,893,714]}","{\"0\":627,\"1\":2,\"2\":[460,null,627,100,655,627,893,714]}","{\"0\":100,\"1\":3,\"2\":[460,null,627,100,655,627,893,714]}","{\"0\":655,\"1\":4,\"2\":[460,null,627,100,655,627,893,714]}","{\"0\":627,\"1\":5,\"2\":[460,null,627,100,655,627,893,714]}","{\"0\":893,\"1\":6,\"2\":[460,null,627,100,655,627,893,714]}","{\"0\":714,\"1\":7,\"2\":[460,null,627,100,655,627,893,714]}","{\"0\":460,\"1\":0,\"2\":[460,126,627,100,655,627,893,714]}","{\"0\":126,\"1\":1,\"2\":[460,126,627,{\"\":\"\",\"1.4536617123292348e+308\":607,\"1.7976931348623157e+308\":\"\",\"'\":\"f\",\"1.4491847584408095e+307\":9.02032713536931e+307,\"1.4834103317200468e+308\":\"\"},655,627,893,true]}","{\"0\":627,\"1\":2,\"2\":[460,126,627,{\"\":\"\",\"1.4536617123292348e+308\":607,\"1.7976931348623157e+308\":\"\",\"'\":\"f\",\"1.4491847584408095e+307\":9.02032713536931e+307,\"1.4834103317200468e+308\":\"\"},655,627,893,true]}","{\"0\":{\"\":\"\",\"1.4536617123292348e+308\":607,\"1.7976931348623157e+308\":\"\",\"'\":\"f\",\"1.4491847584408095e+307\":9.02032713536931e+307,\"1.4834103317200468e+308\":\"\"},\"1\":3,\"2\":[460,126,627,{\"\":\"\",\"1.4536617123292348e+308\":607,\"1.7976931348623157e+308\":\"\",\"'\":\"f\",\"1.4491847584408095e+307\":9.02032713536931e+307,\"1.4834103317200468e+308\":\"\"},655,627,893,true]}","{\"0\":655,\"1\":4,\"2\":[460,126,627,{\"\":\"\",\"1.4536617123292348e+308\":607,\"1.7976931348623157e+308\":\"\",\"'\":\"f\",\"1.4491847584408095e+307\":9.02032713536931e+307,\"1.4834103317200468e+308\":\"\"},655,627,893,true]}","{\"0\":627,\"1\":5,\"2\":[460,126,627,{\"\":\"\",\"1.4536617123292348e+308\":607,\"1.7976931348623157e+308\":\"\",\"'\":\"f\",\"1.4491847584408095e+307\":9.02032713536931e+307,\"1.4834103317200468e+308\":\"\"},655,627,893,true]}","{\"0\":893,\"1\":6,\"2\":[460,126,627,{\"\":\"\",\"1.4536617123292348e+308\":607,\"1.7976931348623157e+308\":\"\",\"'\":\"f\",\"1.4491847584408095e+307\":9.02032713536931e+307,\"1.4834103317200468e+308\":\"\"},655,627,893,true]}","{\"0\":true,\"1\":7,\"2\":[460,126,627,{\"\":\"\",\"1.4536617123292348e+308\":607,\"1.7976931348623157e+308\":\"\",\"'\":\"f\",\"1.4491847584408095e+307\":9.02032713536931e+307,\"1.4834103317200468e+308\":\"\"},655,627,893,true]}"]}