{"baseObjects":["[{\"8\":\"Ue2\",\"705\":122,\"9.737256529108044e+307\":\"^\",\"8.552095528483349e+307\":\"\",\"\":\"\",\"1.3230002697056079e+308\":1.5051681627305305e+308,\"4.0500757018696177e+307\":\"\",\"!g4\":1.0771575138583462e+308,\"1.2388897502938876e+307\":\"\"}]","[126]","[126,null,null,null,null,\"\",null,null]","[126]"],"returnObjects":[null,"\"Error\"",null,"\"Error\""],"callbackArgs":["{\"0\":126,\"1\":0,\"2\":[126]}","{\"0\":126,\"1\":0,\"2\":[126]}","{\"0\":126,\"1\":0,\"2\":[126]}","{\"0\":126,\"1\":0,\"2\":[126]}"]}