{"baseObjects":["[157,1.7976931348623157e+308,893]","[\"vQy_\",893,122]","[157,1.7976931348623157e+308,893]","[157,\"\",893,null,null,null,null,null,\"\"]"],"returnObjects":["\"Error\"",null,null,null],"callbackArgs":["{\"0\":157,\"1\":0,\"2\":[157,1.7976931348623157e+308,893]}","{\"0\":157,\"1\":0,\"2\":[157,1.7976931348623157e+308,893]}","{\"0\":1.7976931348623157e+308,\"1\":1,\"2\":[157,1.7976931348623157e+308,893]}","{\"0\":893,\"1\":2,\"2\":[157,1.7976931348623157e+308,893]}","{\"0\":157,\"1\":0,\"2\":[157,1.7976931348623157e+308,893]}","{\"0\":1.7976931348623157e+308,\"1\":1,\"2\":[157,1.7976931348623157e+308,893]}","{\"0\":893,\"1\":2,\"2\":[157,1.7976931348623157e+308,893]}","{\"0\":157,\"1\":0,\"2\":[157,1.7976931348623157e+308,893]}","{\"0\":\"\",\"1\":1,\"2\":[157,\"\",893,null,null,null,null,null,\"\"]}","{\"0\":893,\"1\":2,\"2\":[157,\"\",893,null,null,null,null,null,\"\"]}"]}