{"baseObjects":["[969,1.7976931348623157e+308,783,-100]",null,"[969,1.7976931348623157e+308,783,-100]","[969,1.7976931348623157e+308,783,null]"],"returnObjects":["\"Error\"","\"Error\"",null,null],"callbackArgs":["{\"0\":969,\"1\":0,\"2\":[969,1.7976931348623157e+308,783,-100]}","{\"0\":969,\"1\":0,\"2\":[969,1.7976931348623157e+308,783,-100]}","{\"0\":969,\"1\":0,\"2\":[969,1.7976931348623157e+308,783,-100]}","{\"0\":1.7976931348623157e+308,\"1\":1,\"2\":[969,1.7976931348623157e+308,783,-100]}","{\"0\":783,\"1\":2,\"2\":[969,1.7976931348623157e+308,783,-100]}","{\"0\":-100,\"1\":3,\"2\":[969,1.7976931348623157e+308,783,-100]}","{\"0\":969,\"1\":0,\"2\":[969,1.7976931348623157e+308,783,-100]}","{\"0\":1.7976931348623157e+308,\"1\":1,\"2\":[969,1.7976931348623157e+308,783,null]}","{\"0\":783,\"1\":2,\"2\":[969,1.7976931348623157e+308,783,null]}","{\"0\":null,\"1\":3,\"2\":[969,1.7976931348623157e+308,783,null]}"]}