{"baseObjects":["[595,\"1\",\"VhU\",\"u5(\",213,843]","[595,\"1\",\"VhU\",\"u5(\",213,843,null,null,null,[49,213,893,-1,0,618,122,893,1.7976931348623157e+308,655]]","[595,\"1\",\"VhU\",\"u5(\",213,true]","[595,\"1\",\"VhU\",\"u5(\",213,843,null,null,null,null]"],"returnObjects":[null,null,null,null],"callbackArgs":["{\"0\":595,\"1\":0,\"2\":[595,\"1\",\"VhU\",\"u5(\",213,843]}","{\"0\":\"1\",\"1\":1,\"2\":[595,\"1\",\"VhU\",\"u5(\",213,843]}","{\"0\":\"VhU\",\"1\":2,\"2\":[595,\"1\",\"VhU\",\"u5(\",213,843]}","{\"0\":\"u5(\",\"1\":3,\"2\":[595,\"1\",\"VhU\",\"u5(\",213,843]}","{\"0\":213,\"1\":4,\"2\":[595,\"1\",\"VhU\",\"u5(\",213,843]}","{\"0\":843,\"1\":5,\"2\":[595,\"1\",\"VhU\",\"u5(\",213,843]}","{\"0\":595,\"1\":0,\"2\":[595,\"1\",\"VhU\",\"u5(\",213,843]}","{\"0\":\"1\",\"1\":1,\"2\":[595,\"1\",\"VhU\",\"u5(\",213,843,null,null,null,[49,213,893,-1,0,618,122,893,1.7976931348623157e+308,655]]}","{\"0\":\"VhU\",\"1\":2,\"2\":[595,\"1\",\"VhU\",\"u5(\",213,843,null,null,null,[49,213,893,-1,0,618,122,893,1.7976931348623157e+308,655]]}","{\"0\":\"u5(\",\"1\":3,\"2\":[595,\"1\",\"VhU\",\"u5(\",213,843,null,null,null,[49,213,893,-1,0,618,122,893,1.7976931348623157e+308,655]]}","{\"0\":213,\"1\":4,\"2\":[595,\"1\",\"VhU\",\"u5(\",213,843,null,null,null,[49,213,893,-1,0,618,122,893,1.7976931348623157e+308,655]]}","{\"0\":843,\"1\":5,\"2\":[595,\"1\",\"VhU\",\"u5(\",213,843,null,null,null,[49,213,893,-1,0,618,122,893,1.7976931348623157e+308,655]]}","{\"0\":595,\"1\":0,\"2\":[595,\"1\",\"VhU\",\"u5(\",213,843]}","{\"0\":\"1\",\"1\":1,\"2\":[595,\"1\",\"VhU\",\"u5(\",213,true]}","{\"0\":\"VhU\",\"1\":2,\"2\":[595,\"1\",\"VhU\",\"u5(\",213,true]}","{\"0\":\"u5(\",\"1\":3,\"2\":[595,\"1\",\"VhU\",\"u5(\",213,true]}","{\"0\":213,\"1\":4,\"2\":[595,\"1\",\"VhU\",\"u5(\",213,true]}","{\"0\":true,\"1\":5,\"2\":[595,\"1\",\"VhU\",\"u5(\",213,true]}","{\"0\":595,\"1\":0,\"2\":[595,\"1\",\"VhU\",\"u5(\",213,843]}","{\"0\":\"1\",\"1\":1,\"2\":[595,\"1\",\"VhU\",\"u5(\",213,843,null,null,null,null]}","{\"0\":\"VhU\",\"1\":2,\"2\":[595,\"1\",\"VhU\",\"u5(\",213,843,null,null,null,null]}","{\"0\":\"u5(\",\"1\":3,\"2\":[595,\"1\",\"VhU\",\"u5(\",213,843,null,null,null,null]}","{\"0\":213,\"1\":4,\"2\":[595,\"1\",\"VhU\",\"u5(\",213,843,null,null,null,null]}","{\"0\":843,\"1\":5,\"2\":[595,\"1\",\"VhU\",\"u5(\",213,843,null,null,null,null]}"]}