{"baseObjects":["[213,705,843,0,82,126,82,0,-1,49]","[213,705,843,0,82,126,82,0,-1,49]","[213,705,843,0,82,126,82,6.838746680792474e+307,-1,49]","[213,1.3888388910301806e+308,843,0,82,126,82,0,-1,49]"],"returnObjects":["\"Error\"","\"Error\"",null,null],"callbackArgs":["{\"0\":213,\"1\":0,\"2\":[213,705,843,0,82,126,82,0,-1,49]}","{\"0\":213,\"1\":0,\"2\":[213,705,843,0,82,126,82,0,-1,49]}","{\"0\":213,\"1\":0,\"2\":[213,705,843,0,82,126,82,0,-1,49]}","{\"0\":705,\"1\":1,\"2\":[213,705,843,0,82,126,82,6.838746680792474e+307,-1,49]}","{\"0\":843,\"1\":2,\"2\":[213,705,843,0,82,126,82,6.838746680792474e+307,-1,49]}","{\"0\":0,\"1\":3,\"2\":[213,705,843,0,82,126,82,6.838746680792474e+307,-1,49]}","{\"0\":82,\"1\":4,\"2\":[213,705,843,0,82,126,82,6.838746680792474e+307,-1,49]}","{\"0\":126,\"1\":5,\"2\":[213,705,843,0,82,126,82,6.838746680792474e+307,-1,49]}","{\"0\":82,\"1\":6,\"2\":[213,705,843,0,82,126,82,6.838746680792474e+307,-1,49]}","{\"0\":6.838746680792474e+307,\"1\":7,\"2\":[213,705,843,0,82,126,82,6.838746680792474e+307,-1,49]}","{\"0\":-1,\"1\":8,\"2\":[213,705,843,0,82,126,82,6.838746680792474e+307,-1,49]}","{\"0\":49,\"1\":9,\"2\":[213,705,843,0,82,126,82,6.838746680792474e+307,-1,49]}","{\"0\":213,\"1\":0,\"2\":[213,705,843,0,82,126,82,0,-1,49]}","{\"0\":1.3888388910301806e+308,\"1\":1,\"2\":[213,1.3888388910301806e+308,843,0,82,126,82,0,-1,49]}","{\"0\":843,\"1\":2,\"2\":[213,1.3888388910301806e+308,843,0,82,126,82,0,-1,49]}","{\"0\":0,\"1\":3,\"2\":[213,1.3888388910301806e+308,843,0,82,126,82,0,-1,49]}","{\"0\":82,\"1\":4,\"2\":[213,1.3888388910301806e+308,843,0,82,126,82,0,-1,49]}","{\"0\":126,\"1\":5,\"2\":[213,1.3888388910301806e+308,843,0,82,126,82,0,-1,49]}","{\"0\":82,\"1\":6,\"2\":[213,1.3888388910301806e+308,843,0,82,126,82,0,-1,49]}","{\"0\":0,\"1\":7,\"2\":[213,1.3888388910301806e+308,843,0,82,126,82,0,-1,49]}","{\"0\":-1,\"1\":8,\"2\":[213,1.3888388910301806e+308,843,0,82,126,82,0,-1,49]}","{\"0\":49,\"1\":9,\"2\":[213,1.3888388910301806e+308,843,0,82,126,82,0,-1,49]}"]}