{"baseObjects":["[157,100,843,82,122,100,126,100,823]","[157,100,843,82,false,100,126,100,823,8.986564487118448e+307]","[157,100,843,82,122,100,false,100,823]","[157,100,843,82,122,100,126,100,823]"],"returnObjects":[null,null,null,"\"Error\""],"callbackArgs":["{\"0\":157,\"1\":0,\"2\":[157,100,843,82,122,100,126,100,823]}","{\"0\":100,\"1\":1,\"2\":[157,100,843,82,122,100,126,100,823]}","{\"0\":843,\"1\":2,\"2\":[157,100,843,82,122,100,126,100,823]}","{\"0\":82,\"1\":3,\"2\":[157,100,843,82,122,100,126,100,823]}","{\"0\":122,\"1\":4,\"2\":[157,100,843,82,122,100,126,100,823]}","{\"0\":100,\"1\":5,\"2\":[157,100,843,82,122,100,126,100,823]}","{\"0\":126,\"1\":6,\"2\":[157,100,843,82,122,100,126,100,823]}","{\"0\":100,\"1\":7,\"2\":[157,100,843,82,122,100,126,100,823]}","{\"0\":823,\"1\":8,\"2\":[157,100,843,82,122,100,126,100,823]}","{\"0\":157,\"1\":0,\"2\":[157,100,843,82,122,100,126,100,823]}","{\"0\":100,\"1\":1,\"2\":[157,100,843,82,false,100,126,100,823,8.986564487118448e+307]}","{\"0\":843,\"1\":2,\"2\":[157,100,843,82,false,100,126,100,823,8.986564487118448e+307]}","{\"0\":82,\"1\":3,\"2\":[157,100,843,82,false,100,126,100,823,8.986564487118448e+307]}","{\"0\":false,\"1\":4,\"2\":[157,100,843,82,false,100,126,100,823,8.986564487118448e+307]}","{\"0\":100,\"1\":5,\"2\":[157,100,843,82,false,100,126,100,823,8.986564487118448e+307]}","{\"0\":126,\"1\":6,\"2\":[157,100,843,82,false,100,126,100,823,8.986564487118448e+307]}","{\"0\":100,\"1\":7,\"2\":[157,100,843,82,false,100,126,100,823,8.986564487118448e+307]}","{\"0\":823,\"1\":8,\"2\":[157,100,843,82,false,100,126,100,823,8.986564487118448e+307]}","{\"0\":157,\"1\":0,\"2\":[157,100,843,82,122,100,126,100,823]}","{\"0\":100,\"1\":1,\"2\":[157,100,843,82,122,100,false,100,823]}","{\"0\":843,\"1\":2,\"2\":[157,100,843,82,122,100,false,100,823]}","{\"0\":82,\"1\":3,\"2\":[157,100,843,82,122,100,false,100,823]}","{\"0\":122,\"1\":4,\"2\":[157,100,843,82,122,100,false,100,823]}","{\"0\":100,\"1\":5,\"2\":[157,100,843,82,122,100,false,100,823]}","{\"0\":false,\"1\":6,\"2\":[157,100,843,82,122,100,false,100,823]}","{\"0\":100,\"1\":7,\"2\":[157,100,843,82,122,100,false,100,823]}","{\"0\":823,\"1\":8,\"2\":[157,100,843,82,122,100,false,100,823]}","{\"0\":157,\"1\":0,\"2\":[157,100,843,82,122,100,126,100,823]}"]}