{"baseObjects":["[460,655,true,0,100,\"j!\"]","[[\"R\",\"n;\",\"O\",\"JJ\",\"2\"],655,\"`\",0,100,\"j!\",null,9.851346930571794e+307]","[460,655,\"`\",0,100,\"j!\"]","[460,655,\"`\",0,100,\"j!\"]"],"returnObjects":[null,null,null,"\"Error\""],"callbackArgs":["{\"0\":460,\"1\":0,\"2\":[460,655,\"`\",0,100,\"j!\"]}","{\"0\":655,\"1\":1,\"2\":[460,655,true,0,100,\"j!\"]}","{\"0\":true,\"1\":2,\"2\":[460,655,true,0,100,\"j!\"]}","{\"0\":0,\"1\":3,\"2\":[460,655,true,0,100,\"j!\"]}","{\"0\":100,\"1\":4,\"2\":[460,655,true,0,100,\"j!\"]}","{\"0\":\"j!\",\"1\":5,\"2\":[460,655,true,0,100,\"j!\"]}","{\"0\":460,\"1\":0,\"2\":[460,655,\"`\",0,100,\"j!\"]}","{\"0\":655,\"1\":1,\"2\":[[\"R\",\"n;\",\"O\",\"JJ\",\"2\"],655,\"`\",0,100,\"j!\",null,9.851346930571794e+307]}","{\"0\":\"`\",\"1\":2,\"2\":[[\"R\",\"n;\",\"O\",\"JJ\",\"2\"],655,\"`\",0,100,\"j!\",null,9.851346930571794e+307]}","{\"0\":0,\"1\":3,\"2\":[[\"R\",\"n;\",\"O\",\"JJ\",\"2\"],655,\"`\",0,100,\"j!\",null,9.851346930571794e+307]}","{\"0\":100,\"1\":4,\"2\":[[\"R\",\"n;\",\"O\",\"JJ\",\"2\"],655,\"`\",0,100,\"j!\",null,9.851346930571794e+307]}","{\"0\":\"j!\",\"1\":5,\"2\":[[\"R\",\"n;\",\"O\",\"JJ\",\"2\"],655,\"`\",0,100,\"j!\",null,9.851346930571794e+307]}","{\"0\":460,\"1\":0,\"2\":[460,655,\"`\",0,100,\"j!\"]}","{\"0\":655,\"1\":1,\"2\":[460,655,\"`\",0,100,\"j!\"]}","{\"0\":\"`\",\"1\":2,\"2\":[460,655,\"`\",0,100,\"j!\"]}","{\"0\":0,\"1\":3,\"2\":[460,655,\"`\",0,100,\"j!\"]}","{\"0\":100,\"1\":4,\"2\":[460,655,\"`\",0,100,\"j!\"]}","{\"0\":\"j!\",\"1\":5,\"2\":[460,655,\"`\",0,100,\"j!\"]}","{\"0\":460,\"1\":0,\"2\":[460,655,\"`\",0,100,\"j!\"]}"]}