{"baseObjects":["[705,126,122,82,1.7976931348623157e+308,-1,843,783]","[705,126,122,82,1.7976931348623157e+308,-1,843,783]","[705,126,122,82,1.7976931348623157e+308,-1,843,783]","[705,126,122,82,1.7976931348623157e+308,-1,843,783,9.913798433325089e+306]"],"returnObjects":[null,null,null,"\"Error\""],"callbackArgs":["{\"0\":705,\"1\":0,\"2\":[705,126,122,82,1.7976931348623157e+308,-1,843,783]}","{\"0\":126,\"1\":1,\"2\":[705,126,122,82,1.7976931348623157e+308,-1,843,783]}","{\"0\":122,\"1\":2,\"2\":[705,126,122,82,1.7976931348623157e+308,-1,843,783]}","{\"0\":82,\"1\":3,\"2\":[705,126,122,82,1.7976931348623157e+308,-1,843,783]}","{\"0\":1.7976931348623157e+308,\"1\":4,\"2\":[705,126,122,82,1.7976931348623157e+308,-1,843,783]}","{\"0\":-1,\"1\":5,\"2\":[705,126,122,82,1.7976931348623157e+308,-1,843,783]}","{\"0\":843,\"1\":6,\"2\":[705,126,122,82,1.7976931348623157e+308,-1,843,783]}","{\"0\":783,\"1\":7,\"2\":[705,126,122,82,1.7976931348623157e+308,-1,843,783]}","{\"0\":705,\"1\":0,\"2\":[705,126,122,82,1.7976931348623157e+308,-1,843,783]}","{\"0\":126,\"1\":1,\"2\":[705,126,122,82,1.7976931348623157e+308,-1,843,783]}","{\"0\":122,\"1\":2,\"2\":[705,126,122,82,1.7976931348623157e+308,-1,843,783]}","{\"0\":82,\"1\":3,\"2\":[705,126,122,82,1.7976931348623157e+308,-1,843,783]}","{\"0\":1.7976931348623157e+308,\"1\":4,\"2\":[705,126,122,82,1.7976931348623157e+308,-1,843,783]}","{\"0\":-1,\"1\":5,\"2\":[705,126,122,82,1.7976931348623157e+308,-1,843,783]}","{\"0\":843,\"1\":6,\"2\":[705,126,122,82,1.7976931348623157e+308,-1,843,783]}","{\"0\":783,\"1\":7,\"2\":[705,126,122,82,1.7976931348623157e+308,-1,843,783]}","{\"0\":705,\"1\":0,\"2\":[705,126,122,82,1.7976931348623157e+308,-1,843,783]}","{\"0\":126,\"1\":1,\"2\":[705,126,122,82,1.7976931348623157e+308,-1,843,783]}","{\"0\":122,\"1\":2,\"2\":[705,126,122,82,1.7976931348623157e+308,-1,843,783]}","{\"0\":82,\"1\":3,\"2\":[705,126,122,82,1.7976931348623157e+308,-1,843,783]}","{\"0\":1.7976931348623157e+308,\"1\":4,\"2\":[705,126,122,82,1.7976931348623157e+308,-1,843,783]}","{\"0\":-1,\"1\":5,\"2\":[705,126,122,82,1.7976931348623157e+308,-1,843,783]}","{\"0\":843,\"1\":6,\"2\":[705,126,122,82,1.7976931348623157e+308,-1,843,783]}","{\"0\":783,\"1\":7,\"2\":[705,126,122,82,1.7976931348623157e+308,-1,843,783]}","{\"0\":705,\"1\":0,\"2\":[705,126,122,82,1.7976931348623157e+308,-1,843,783]}"]}