{"baseObjects":["[1.7976931348623157e+308,\"d4\",\"o\"]","[1.7976931348623157e+308,\"d4\",\"o\"]","[1.7976931348623157e+308,\"d4\",\"o\"]","[1.7976931348623157e+308,\"d4\",\"o\"]"],"returnObjects":[null,null,"\"Error\"","\"Error\""],"callbackArgs":["{\"0\":1.7976931348623157e+308,\"1\":0,\"2\":[1.7976931348623157e+308,\"d4\",\"o\"]}","{\"0\":\"d4\",\"1\":1,\"2\":[1.7976931348623157e+308,\"d4\",\"o\"]}","{\"0\":\"o\",\"1\":2,\"2\":[1.7976931348623157e+308,\"d4\",\"o\"]}","{\"0\":1.7976931348623157e+308,\"1\":0,\"2\":[1.7976931348623157e+308,\"d4\",\"o\"]}","{\"0\":\"d4\",\"1\":1,\"2\":[1.7976931348623157e+308,\"d4\",\"o\"]}","{\"0\":\"o\",\"1\":2,\"2\":[1.7976931348623157e+308,\"d4\",\"o\"]}","{\"0\":1.7976931348623157e+308,\"1\":0,\"2\":[1.7976931348623157e+308,\"d4\",\"o\"]}","{\"0\":1.7976931348623157e+308,\"1\":0,\"2\":[1.7976931348623157e+308,\"d4\",\"o\"]}"]}