{"baseObjects":["[1.7976931348623157e+308,705,1.7976931348623157e+308,242]","[1.7976931348623157e+308,705,1.7976931348623157e+308,242]","[1.7976931348623157e+308,705,1.7976931348623157e+308,242,null,null,true]","[1.7976931348623157e+308,705,1.7976931348623157e+308,242]"],"returnObjects":[null,null,null,"\"Error\""],"callbackArgs":["{\"0\":1.7976931348623157e+308,\"1\":0,\"2\":[1.7976931348623157e+308,705,1.7976931348623157e+308,242]}","{\"0\":705,\"1\":1,\"2\":[1.7976931348623157e+308,705,1.7976931348623157e+308,242]}","{\"0\":1.7976931348623157e+308,\"1\":2,\"2\":[1.7976931348623157e+308,705,1.7976931348623157e+308,242]}","{\"0\":242,\"1\":3,\"2\":[1.7976931348623157e+308,705,1.7976931348623157e+308,242]}","{\"0\":1.7976931348623157e+308,\"1\":0,\"2\":[1.7976931348623157e+308,705,1.7976931348623157e+308,242]}","{\"0\":705,\"1\":1,\"2\":[1.7976931348623157e+308,705,1.7976931348623157e+308,242]}","{\"0\":1.7976931348623157e+308,\"1\":2,\"2\":[1.7976931348623157e+308,705,1.7976931348623157e+308,242]}","{\"0\":242,\"1\":3,\"2\":[1.7976931348623157e+308,705,1.7976931348623157e+308,242]}","{\"0\":1.7976931348623157e+308,\"1\":0,\"2\":[1.7976931348623157e+308,705,1.7976931348623157e+308,242]}","{\"0\":705,\"1\":1,\"2\":[1.7976931348623157e+308,705,1.7976931348623157e+308,242,null,null,true]}","{\"0\":1.7976931348623157e+308,\"1\":2,\"2\":[1.7976931348623157e+308,705,1.7976931348623157e+308,242,null,null,true]}","{\"0\":242,\"1\":3,\"2\":[1.7976931348623157e+308,705,1.7976931348623157e+308,242,null,null,true]}","{\"0\":1.7976931348623157e+308,\"1\":0,\"2\":[1.7976931348623157e+308,705,1.7976931348623157e+308,242]}"]}