{"baseObjects":["[122,1.7976931348623157e+308,714,618,-100,627,843]","[122,1.7976931348623157e+308,714,618,-100,627,843]","[122,1.7976931348623157e+308,714,618,-100,627,843]","[122,1.7976931348623157e+308,714,618,-100,627,843]"],"returnObjects":[null,null,null,null],"callbackArgs":["{\"0\":122,\"1\":0,\"2\":[122,1.7976931348623157e+308,714,618,-100,627,843]}","{\"0\":1.7976931348623157e+308,\"1\":1,\"2\":[122,1.7976931348623157e+308,714,618,-100,627,843]}","{\"0\":714,\"1\":2,\"2\":[122,1.7976931348623157e+308,714,618,-100,627,843]}","{\"0\":618,\"1\":3,\"2\":[122,1.7976931348623157e+308,714,618,-100,627,843]}","{\"0\":-100,\"1\":4,\"2\":[122,1.7976931348623157e+308,714,618,-100,627,843]}","{\"0\":627,\"1\":5,\"2\":[122,1.7976931348623157e+308,714,618,-100,627,843]}","{\"0\":843,\"1\":6,\"2\":[122,1.7976931348623157e+308,714,618,-100,627,843]}","{\"0\":122,\"1\":0,\"2\":[122,1.7976931348623157e+308,714,618,-100,627,843]}","{\"0\":1.7976931348623157e+308,\"1\":1,\"2\":[122,1.7976931348623157e+308,714,618,-100,627,843]}","{\"0\":714,\"1\":2,\"2\":[122,1.7976931348623157e+308,714,618,-100,627,843]}","{\"0\":618,\"1\":3,\"2\":[122,1.7976931348623157e+308,714,618,-100,627,843]}","{\"0\":-100,\"1\":4,\"2\":[122,1.7976931348623157e+308,714,618,-100,627,843]}","{\"0\":627,\"1\":5,\"2\":[122,1.7976931348623157e+308,714,618,-100,627,843]}","{\"0\":843,\"1\":6,\"2\":[122,1.7976931348623157e+308,714,618,-100,627,843]}","{\"0\":122,\"1\":0,\"2\":[122,1.7976931348623157e+308,714,618,-100,627,843]}","{\"0\":1.7976931348623157e+308,\"1\":1,\"2\":[122,1.7976931348623157e+308,714,618,-100,627,843]}","{\"0\":714,\"1\":2,\"2\":[122,1.7976931348623157e+308,714,618,-100,627,843]}","{\"0\":618,\"1\":3,\"2\":[122,1.7976931348623157e+308,714,618,-100,627,843]}","{\"0\":-100,\"1\":4,\"2\":[122,1.7976931348623157e+308,714,618,-100,627,843]}","{\"0\":627,\"1\":5,\"2\":[122,1.7976931348623157e+308,714,618,-100,627,843]}","{\"0\":843,\"1\":6,\"2\":[122,1.7976931348623157e+308,714,618,-100,627,843]}","{\"0\":122,\"1\":0,\"2\":[122,1.7976931348623157e+308,714,618,-100,627,843]}","{\"0\":1.7976931348623157e+308,\"1\":1,\"2\":[122,1.7976931348623157e+308,714,618,-100,627,843]}","{\"0\":714,\"1\":2,\"2\":[122,1.7976931348623157e+308,714,618,-100,627,843]}","{\"0\":618,\"1\":3,\"2\":[122,1.7976931348623157e+308,714,618,-100,627,843]}","{\"0\":-100,\"1\":4,\"2\":[122,1.7976931348623157e+308,714,618,-100,627,843]}","{\"0\":627,\"1\":5,\"2\":[122,1.7976931348623157e+308,714,618,-100,627,843]}","{\"0\":843,\"1\":6,\"2\":[122,1.7976931348623157e+308,714,618,-100,627,843]}"]}