{"baseObjects":["[1.7976931348623157e+308,969,607,-100,843,157,460]","[\"\",969,607,-100,843,157,460]","[1.7976931348623157e+308,969,607,-100,843,157,460]","[1.7976931348623157e+308,969,607,-100,843,157,460]"],"returnObjects":[null,null,null,null],"callbackArgs":["{\"0\":1.7976931348623157e+308,\"1\":0,\"2\":[1.7976931348623157e+308,969,607,-100,843,157,460]}","{\"0\":969,\"1\":1,\"2\":[1.7976931348623157e+308,969,607,-100,843,157,460]}","{\"0\":607,\"1\":2,\"2\":[1.7976931348623157e+308,969,607,-100,843,157,460]}","{\"0\":-100,\"1\":3,\"2\":[1.7976931348623157e+308,969,607,-100,843,157,460]}","{\"0\":843,\"1\":4,\"2\":[1.7976931348623157e+308,969,607,-100,843,157,460]}","{\"0\":157,\"1\":5,\"2\":[1.7976931348623157e+308,969,607,-100,843,157,460]}","{\"0\":460,\"1\":6,\"2\":[1.7976931348623157e+308,969,607,-100,843,157,460]}","{\"0\":1.7976931348623157e+308,\"1\":0,\"2\":[1.7976931348623157e+308,969,607,-100,843,157,460]}","{\"0\":969,\"1\":1,\"2\":[\"\",969,607,-100,843,157,460]}","{\"0\":607,\"1\":2,\"2\":[\"\",969,607,-100,843,157,460]}","{\"0\":-100,\"1\":3,\"2\":[\"\",969,607,-100,843,157,460]}","{\"0\":843,\"1\":4,\"2\":[\"\",969,607,-100,843,157,460]}","{\"0\":157,\"1\":5,\"2\":[\"\",969,607,-100,843,157,460]}","{\"0\":460,\"1\":6,\"2\":[\"\",969,607,-100,843,157,460]}","{\"0\":1.7976931348623157e+308,\"1\":0,\"2\":[1.7976931348623157e+308,969,607,-100,843,157,460]}","{\"0\":969,\"1\":1,\"2\":[1.7976931348623157e+308,969,607,-100,843,157,460]}","{\"0\":607,\"1\":2,\"2\":[1.7976931348623157e+308,969,607,-100,843,157,460]}","{\"0\":-100,\"1\":3,\"2\":[1.7976931348623157e+308,969,607,-100,843,157,460]}","{\"0\":843,\"1\":4,\"2\":[1.7976931348623157e+308,969,607,-100,843,157,460]}","{\"0\":157,\"1\":5,\"2\":[1.7976931348623157e+308,969,607,-100,843,157,460]}","{\"0\":460,\"1\":6,\"2\":[1.7976931348623157e+308,969,607,-100,843,157,460]}","{\"0\":1.7976931348623157e+308,\"1\":0,\"2\":[1.7976931348623157e+308,969,607,-100,843,157,460]}","{\"0\":969,\"1\":1,\"2\":[1.7976931348623157e+308,969,607,-100,843,157,460]}","{\"0\":607,\"1\":2,\"2\":[1.7976931348623157e+308,969,607,-100,843,157,460]}","{\"0\":-100,\"1\":3,\"2\":[1.7976931348623157e+308,969,607,-100,843,157,460]}","{\"0\":843,\"1\":4,\"2\":[1.7976931348623157e+308,969,607,-100,843,157,460]}","{\"0\":157,\"1\":5,\"2\":[1.7976931348623157e+308,969,607,-100,843,157,460]}","{\"0\":460,\"1\":6,\"2\":[1.7976931348623157e+308,969,607,-100,843,157,460]}"]}