{"baseObjects":["[618,705,49,1.7976931348623157e+308]","[618,705,49,1.7976931348623157e+308]","[618,705,49,1.7976931348623157e+308]","[618,705,49,1.7976931348623157e+308]"],"returnObjects":[null,null,null,null],"callbackArgs":["{\"0\":618,\"1\":0,\"2\":[618,705,49,1.7976931348623157e+308]}","{\"0\":705,\"1\":1,\"2\":[618,705,49,1.7976931348623157e+308]}","{\"0\":49,\"1\":2,\"2\":[618,705,49,1.7976931348623157e+308]}","{\"0\":1.7976931348623157e+308,\"1\":3,\"2\":[618,705,49,1.7976931348623157e+308]}","{\"0\":618,\"1\":0,\"2\":[618,705,49,1.7976931348623157e+308]}","{\"0\":705,\"1\":1,\"2\":[618,705,49,1.7976931348623157e+308]}","{\"0\":49,\"1\":2,\"2\":[618,705,49,1.7976931348623157e+308]}","{\"0\":1.7976931348623157e+308,\"1\":3,\"2\":[618,705,49,1.7976931348623157e+308]}","{\"0\":618,\"1\":0,\"2\":[618,705,49,1.7976931348623157e+308]}","{\"0\":705,\"1\":1,\"2\":[618,705,49,1.7976931348623157e+308]}","{\"0\":49,\"1\":2,\"2\":[618,705,49,1.7976931348623157e+308]}","{\"0\":1.7976931348623157e+308,\"1\":3,\"2\":[618,705,49,1.7976931348623157e+308]}","{\"0\":618,\"1\":0,\"2\":[618,705,49,1.7976931348623157e+308]}","{\"0\":705,\"1\":1,\"2\":[618,705,49,1.7976931348623157e+308]}","{\"0\":49,\"1\":2,\"2\":[618,705,49,1.7976931348623157e+308]}","{\"0\":1.7976931348623157e+308,\"1\":3,\"2\":[618,705,49,1.7976931348623157e+308]}"]}