{"baseObjects":["[49,714,403,460,893]","[49,714,403,{\"100\":1.1177793484593658e+308,\"403\":\"\",\"595\":\"g\",\"4.083728733904201e+307\":3.7259444344756405e+307,\"'\":\"\",\"\":\"\",\";]\":1.7141449962547415e+308,\"1.0259543637880594e+308\":\"\",\"l\":5.701404070991624e+307},893]","[49,714,403,460,893]","[49,714,403,460,893]"],"returnObjects":[null,null,"\"Error\"","\"Error\""],"callbackArgs":["{\"0\":49,\"1\":0,\"2\":[49,714,403,460,893]}","{\"0\":714,\"1\":1,\"2\":[49,714,403,460,893]}","{\"0\":403,\"1\":2,\"2\":[49,714,403,460,893]}","{\"0\":460,\"1\":3,\"2\":[49,714,403,460,893]}","{\"0\":893,\"1\":4,\"2\":[49,714,403,460,893]}","{\"0\":49,\"1\":0,\"2\":[49,714,403,460,893]}","{\"0\":714,\"1\":1,\"2\":[49,714,403,{\"100\":1.1177793484593658e+308,\"403\":\"\",\"595\":\"g\",\"4.083728733904201e+307\":3.7259444344756405e+307,\"'\":\"\",\"\":\"\",\";]\":1.7141449962547415e+308,\"1.0259543637880594e+308\":\"\",\"l\":5.701404070991624e+307},893]}","{\"0\":403,\"1\":2,\"2\":[49,714,403,{\"100\":1.1177793484593658e+308,\"403\":\"\",\"595\":\"g\",\"4.083728733904201e+307\":3.7259444344756405e+307,\"'\":\"\",\"\":\"\",\";]\":1.7141449962547415e+308,\"1.0259543637880594e+308\":\"\",\"l\":5.701404070991624e+307},893]}","{\"0\":{\"100\":1.1177793484593658e+308,\"403\":\"\",\"595\":\"g\",\"4.083728733904201e+307\":3.7259444344756405e+307,\"'\":\"\",\"\":\"\",\";]\":1.7141449962547415e+308,\"1.0259543637880594e+308\":\"\",\"l\":5.701404070991624e+307},\"1\":3,\"2\":[49,714,403,{\"100\":1.1177793484593658e+308,\"403\":\"\",\"595\":\"g\",\"4.083728733904201e+307\":3.7259444344756405e+307,\"'\":\"\",\"\":\"\",\";]\":1.7141449962547415e+308,\"1.0259543637880594e+308\":\"\",\"l\":5.701404070991624e+307},893]}","{\"0\":893,\"1\":4,\"2\":[49,714,403,{\"100\":1.1177793484593658e+308,\"403\":\"\",\"595\":\"g\",\"4.083728733904201e+307\":3.7259444344756405e+307,\"'\":\"\",\"\":\"\",\";]\":1.7141449962547415e+308,\"1.0259543637880594e+308\":\"\",\"l\":5.701404070991624e+307},893]}","{\"0\":49,\"1\":0,\"2\":[49,714,403,460,893]}","{\"0\":49,\"1\":0,\"2\":[49,714,403,460,893]}"]}