{"baseObjects":["[\"Uz\",\"o\",null,null,null,4.1056066780135623e+307]","[\"Uz\",\"o\",null,null,true]","[\"Uz\",\"o\"]","[\"Uz\",\"o\",{\"242\":1.6829422222318822e+308,\"9.01105779780182e+307\":5.289575960403393e+307,\"\":8.344626770522465e+307,\"1.7504468931015534e+308\":\"Sq\",\"4.077400941796633e+307\":3.307079146139776e+306,\"1.7976931348623157e+308\":9.324804541442182e+307,\"5|?\":1.7635310520417641e+308,\"4.497122282225607e+307\":4.174429261539272e+307}]"],"returnObjects":[null,"\"Error\"","\"Error\"",null],"callbackArgs":["{\"0\":\"Uz\",\"1\":0,\"2\":[\"Uz\",\"o\"]}","{\"0\":\"o\",\"1\":1,\"2\":[\"Uz\",\"o\",null,null,null,4.1056066780135623e+307]}","{\"0\":\"Uz\",\"1\":0,\"2\":[\"Uz\",\"o\"]}","{\"0\":\"Uz\",\"1\":0,\"2\":[\"Uz\",\"o\"]}","{\"0\":\"Uz\",\"1\":0,\"2\":[\"Uz\",\"o\"]}","{\"0\":\"o\",\"1\":1,\"2\":[\"Uz\",\"o\",{\"242\":1.6829422222318822e+308,\"9.01105779780182e+307\":5.289575960403393e+307,\"\":8.344626770522465e+307,\"1.7504468931015534e+308\":\"Sq\",\"4.077400941796633e+307\":3.307079146139776e+306,\"1.7976931348623157e+308\":9.324804541442182e+307,\"5|?\":1.7635310520417641e+308,\"4.497122282225607e+307\":4.174429261539272e+307}]}"]}