{"baseObjects":["[1.7976931348623157e+308,0,893,893]","[1.7976931348623157e+308,0,893,893]","[1.7976931348623157e+308,0,893,893]","[1.7976931348623157e+308,0,893,893]"],"returnObjects":["\"Error\"",null,null,null],"callbackArgs":["{\"0\":1.7976931348623157e+308,\"1\":0,\"2\":[1.7976931348623157e+308,0,893,893]}","{\"0\":1.7976931348623157e+308,\"1\":0,\"2\":[1.7976931348623157e+308,0,893,893]}","{\"0\":0,\"1\":1,\"2\":[1.7976931348623157e+308,0,893,893]}","{\"0\":893,\"1\":2,\"2\":[1.7976931348623157e+308,0,893,893]}","{\"0\":893,\"1\":3,\"2\":[1.7976931348623157e+308,0,893,893]}","{\"0\":1.7976931348623157e+308,\"1\":0,\"2\":[1.7976931348623157e+308,0,893,893]}","{\"0\":0,\"1\":1,\"2\":[1.7976931348623157e+308,0,893,893]}","{\"0\":893,\"1\":2,\"2\":[1.7976931348623157e+308,0,893,893]}","{\"0\":893,\"1\":3,\"2\":[1.7976931348623157e+308,0,893,893]}","{\"0\":1.7976931348623157e+308,\"1\":0,\"2\":[1.7976931348623157e+308,0,893,893]}","{\"0\":0,\"1\":1,\"2\":[1.7976931348623157e+308,0,893,893]}","{\"0\":893,\"1\":2,\"2\":[1.7976931348623157e+308,0,893,893]}","{\"0\":893,\"1\":3,\"2\":[1.7976931348623157e+308,0,893,893]}"]}