{"baseObjects":["[100,618,-100,242,-1,1.7976931348623157e+308,823,714,59,[783,618,242]]","[{\"r\":\"*t\"},618,-100,242,-1,1.7976931348623157e+308,823,714,59]","[100,618,-100,242,-1,1.7976931348623157e+308,823,714,59]","[100,618,-100,242,-1,1.7976931348623157e+308,823,714,59]"],"returnObjects":[null,"\"Error\"","\"Error\"","\"Error\""],"callbackArgs":["{\"0\":100,\"1\":0,\"2\":[100,618,-100,242,-1,1.7976931348623157e+308,823,714,59]}","{\"0\":618,\"1\":1,\"2\":[100,618,-100,242,-1,1.7976931348623157e+308,823,714,59,[783,618,242]]}","{\"0\":-100,\"1\":2,\"2\":[100,618,-100,242,-1,1.7976931348623157e+308,823,714,59,[783,618,242]]}","{\"0\":242,\"1\":3,\"2\":[100,618,-100,242,-1,1.7976931348623157e+308,823,714,59,[783,618,242]]}","{\"0\":-1,\"1\":4,\"2\":[100,618,-100,242,-1,1.7976931348623157e+308,823,714,59,[783,618,242]]}","{\"0\":1.7976931348623157e+308,\"1\":5,\"2\":[100,618,-100,242,-1,1.7976931348623157e+308,823,714,59,[783,618,242]]}","{\"0\":823,\"1\":6,\"2\":[100,618,-100,242,-1,1.7976931348623157e+308,823,714,59,[783,618,242]]}","{\"0\":714,\"1\":7,\"2\":[100,618,-100,242,-1,1.7976931348623157e+308,823,714,59,[783,618,242]]}","{\"0\":59,\"1\":8,\"2\":[100,618,-100,242,-1,1.7976931348623157e+308,823,714,59,[783,618,242]]}","{\"0\":100,\"1\":0,\"2\":[100,618,-100,242,-1,1.7976931348623157e+308,823,714,59]}","{\"0\":100,\"1\":0,\"2\":[100,618,-100,242,-1,1.7976931348623157e+308,823,714,59]}","{\"0\":100,\"1\":0,\"2\":[100,618,-100,242,-1,1.7976931348623157e+308,823,714,59]}"]}