{"baseObjects":["[893,\"a\",122,595,82,4.0345259906235977e+307,\"[\",213,\"_\",213]","{\"25\":126,\"\":\"Q\",\"6.743956664310123e+307\":\"\"}","[893,\"a\",122,595,82,213,\"[\",213,\"_\",213]","[893,\"a\",122,595,82,213,\"[\",213,\"_\",213]"],"returnObjects":[null,null,null,"\"Error\""],"callbackArgs":["{\"0\":893,\"1\":0,\"2\":[893,\"a\",122,595,82,213,\"[\",213,\"_\",213]}","{\"0\":\"a\",\"1\":1,\"2\":[893,\"a\",122,595,82,4.0345259906235977e+307,\"[\",213,\"_\",213]}","{\"0\":122,\"1\":2,\"2\":[893,\"a\",122,595,82,4.0345259906235977e+307,\"[\",213,\"_\",213]}","{\"0\":595,\"1\":3,\"2\":[893,\"a\",122,595,82,4.0345259906235977e+307,\"[\",213,\"_\",213]}","{\"0\":82,\"1\":4,\"2\":[893,\"a\",122,595,82,4.0345259906235977e+307,\"[\",213,\"_\",213]}","{\"0\":4.0345259906235977e+307,\"1\":5,\"2\":[893,\"a\",122,595,82,4.0345259906235977e+307,\"[\",213,\"_\",213]}","{\"0\":\"[\",\"1\":6,\"2\":[893,\"a\",122,595,82,4.0345259906235977e+307,\"[\",213,\"_\",213]}","{\"0\":213,\"1\":7,\"2\":[893,\"a\",122,595,82,4.0345259906235977e+307,\"[\",213,\"_\",213]}","{\"0\":\"_\",\"1\":8,\"2\":[893,\"a\",122,595,82,4.0345259906235977e+307,\"[\",213,\"_\",213]}","{\"0\":213,\"1\":9,\"2\":[893,\"a\",122,595,82,4.0345259906235977e+307,\"[\",213,\"_\",213]}","{\"0\":893,\"1\":0,\"2\":[893,\"a\",122,595,82,213,\"[\",213,\"_\",213]}","{\"0\":\"a\",\"1\":1,\"2\":[893,\"a\",122,0,82,213,\"[\",213,\"j\",213]}","{\"0\":122,\"1\":2,\"2\":[893,\"a\",122,0,82,213,\"[\",213,\"j\",213]}","{\"0\":0,\"1\":3,\"2\":[893,\"a\",122,0,82,213,\"[\",213,\"j\",213]}","{\"0\":82,\"1\":4,\"2\":[893,\"a\",122,0,82,213,\"[\",213,\"j\",213]}","{\"0\":213,\"1\":5,\"2\":[893,\"a\",122,0,82,213,\"[\",213,\"j\",213]}","{\"0\":\"[\",\"1\":6,\"2\":[893,\"a\",122,0,82,213,\"[\",213,\"j\",213]}","{\"0\":213,\"1\":7,\"2\":[893,\"a\",122,0,82,213,\"[\",213,\"j\",213]}","{\"0\":\"j\",\"1\":8,\"2\":[893,\"a\",122,0,82,213,\"[\",213,\"j\",213]}","{\"0\":213,\"1\":9,\"2\":[893,\"a\",122,0,82,213,\"[\",213,\"j\",213]}","{\"0\":893,\"1\":0,\"2\":[893,\"a\",122,595,82,213,\"[\",213,\"_\",213]}","{\"0\":\"a\",\"1\":1,\"2\":[893,\"a\",122,595,82,213,\"[\",213,\"_\",213]}","{\"0\":122,\"1\":2,\"2\":[893,\"a\",122,595,82,213,\"[\",213,\"_\",213]}","{\"0\":595,\"1\":3,\"2\":[893,\"a\",122,595,82,213,\"[\",213,\"_\",213]}","{\"0\":82,\"1\":4,\"2\":[893,\"a\",122,595,82,213,\"[\",213,\"_\",213]}","{\"0\":213,\"1\":5,\"2\":[893,\"a\",122,595,82,213,\"[\",213,\"_\",213]}","{\"0\":\"[\",\"1\":6,\"2\":[893,\"a\",122,595,82,213,\"[\",213,\"_\",213]}","{\"0\":213,\"1\":7,\"2\":[893,\"a\",122,595,82,213,\"[\",213,\"_\",213]}","{\"0\":\"_\",\"1\":8,\"2\":[893,\"a\",122,595,82,213,\"[\",213,\"_\",213]}","{\"0\":213,\"1\":9,\"2\":[893,\"a\",122,595,82,213,\"[\",213,\"_\",213]}","{\"0\":893,\"1\":0,\"2\":[893,\"a\",122,595,82,213,\"[\",213,\"_\",213]}"]}