{"baseObjects":["[213,969,242,25,618,100,213]","[]","[213,969,242,25,618,100,213]","[213,969,{\"\":8.800452071324304e+307},25,618,100,213]"],"returnObjects":[null,null,null,null],"callbackArgs":["{\"0\":213,\"1\":0,\"2\":[213,969,242,25,618,100,213]}","{\"0\":969,\"1\":1,\"2\":[213,969,242,25,618,100,213]}","{\"0\":242,\"1\":2,\"2\":[213,969,242,25,618,100,213]}","{\"0\":25,\"1\":3,\"2\":[213,969,242,25,618,100,213]}","{\"0\":618,\"1\":4,\"2\":[213,969,242,25,618,100,213]}","{\"0\":100,\"1\":5,\"2\":[213,969,242,25,618,100,213]}","{\"0\":213,\"1\":6,\"2\":[213,969,242,25,618,100,213]}","{\"0\":213,\"1\":0,\"2\":[213,969,242,25,618,100,213]}","{\"0\":213,\"1\":0,\"2\":[213,969,242,25,618,100,213]}","{\"0\":969,\"1\":1,\"2\":[213,969,242,25,618,100,213]}","{\"0\":242,\"1\":2,\"2\":[213,969,242,25,618,100,213]}","{\"0\":25,\"1\":3,\"2\":[213,969,242,25,618,100,213]}","{\"0\":618,\"1\":4,\"2\":[213,969,242,25,618,100,213]}","{\"0\":100,\"1\":5,\"2\":[213,969,242,25,618,100,213]}","{\"0\":213,\"1\":6,\"2\":[213,969,242,25,618,100,213]}","{\"0\":213,\"1\":0,\"2\":[213,969,242,25,618,100,213]}","{\"0\":969,\"1\":1,\"2\":[213,969,{\"\":8.800452071324304e+307},25,618,100,213]}","{\"0\":{\"\":8.800452071324304e+307},\"1\":2,\"2\":[213,969,{\"\":8.800452071324304e+307},25,618,100,213]}","{\"0\":25,\"1\":3,\"2\":[213,969,{\"\":8.800452071324304e+307},25,618,100,213]}","{\"0\":618,\"1\":4,\"2\":[213,969,{\"\":8.800452071324304e+307},25,618,100,213]}","{\"0\":100,\"1\":5,\"2\":[213,969,{\"\":8.800452071324304e+307},25,618,100,213]}","{\"0\":213,\"1\":6,\"2\":[213,969,{\"\":8.800452071324304e+307},25,618,100,213]}"]}