{"baseObjects":["[893,403,655,403,595,655,122,[655,893,0,49,49,213,705,618]]","[893,403,655,403,595,655,122,969]","[893,403,4.2487505574801944e+307,403,595,655,122,969]","[893,403,655,403,595,655,122,969]"],"returnObjects":[null,null,null,"\"Error\""],"callbackArgs":["{\"0\":893,\"1\":0,\"2\":[893,403,655,403,595,655,122,969]}","{\"0\":403,\"1\":1,\"2\":[893,403,655,403,595,655,122,[655,893,0,49,49,213,705,618]]}","{\"0\":655,\"1\":2,\"2\":[893,403,655,403,595,655,122,[655,893,0,49,49,213,705,618]]}","{\"0\":403,\"1\":3,\"2\":[893,403,655,403,595,655,122,[655,893,0,49,49,213,705,618]]}","{\"0\":595,\"1\":4,\"2\":[893,403,655,403,595,655,122,[655,893,0,49,49,213,705,618]]}","{\"0\":655,\"1\":5,\"2\":[893,403,655,403,595,655,122,[655,893,0,49,49,213,705,618]]}","{\"0\":122,\"1\":6,\"2\":[893,403,655,403,595,655,122,[655,893,0,49,49,213,705,618]]}","{\"0\":[655,893,0,49,49,213,705,618],\"1\":7,\"2\":[893,403,655,403,595,655,122,[655,893,0,49,49,213,705,618]]}","{\"0\":893,\"1\":0,\"2\":[893,403,655,403,595,655,122,969]}","{\"0\":403,\"1\":1,\"2\":[893,403,655,403,595,655,122,969]}","{\"0\":655,\"1\":2,\"2\":[893,403,655,403,595,655,122,969]}","{\"0\":403,\"1\":3,\"2\":[893,403,655,403,595,655,122,969]}","{\"0\":595,\"1\":4,\"2\":[893,403,655,403,595,655,122,969]}","{\"0\":655,\"1\":5,\"2\":[893,403,655,403,595,655,122,969]}","{\"0\":122,\"1\":6,\"2\":[893,403,655,403,595,655,122,969]}","{\"0\":969,\"1\":7,\"2\":[893,403,655,403,595,655,122,969]}","{\"0\":893,\"1\":0,\"2\":[893,403,655,403,595,655,122,969]}","{\"0\":403,\"1\":1,\"2\":[893,403,4.2487505574801944e+307,403,595,655,122,969]}","{\"0\":4.2487505574801944e+307,\"1\":2,\"2\":[893,403,4.2487505574801944e+307,403,595,655,122,969]}","{\"0\":403,\"1\":3,\"2\":[893,403,4.2487505574801944e+307,403,595,655,122,969]}","{\"0\":595,\"1\":4,\"2\":[893,403,4.2487505574801944e+307,403,595,655,122,969]}","{\"0\":655,\"1\":5,\"2\":[893,403,4.2487505574801944e+307,403,595,655,122,969]}","{\"0\":122,\"1\":6,\"2\":[893,403,4.2487505574801944e+307,403,595,655,122,969]}","{\"0\":969,\"1\":7,\"2\":[893,403,4.2487505574801944e+307,403,595,655,122,969]}","{\"0\":893,\"1\":0,\"2\":[893,403,655,403,595,655,122,969]}"]}