{"baseObjects":["[1.7976931348623157e+308,714,126]","[1.7976931348623157e+308,714,126]","[1.7976931348623157e+308,714,126]","[1.7976931348623157e+308,714,126,null,null,null]"],"returnObjects":[null,"\"Error\"","\"Error\"",null],"callbackArgs":["{\"0\":1.7976931348623157e+308,\"1\":0,\"2\":[1.7976931348623157e+308,714,126]}","{\"0\":714,\"1\":1,\"2\":[1.7976931348623157e+308,714,126]}","{\"0\":126,\"1\":2,\"2\":[1.7976931348623157e+308,714,126]}","{\"0\":1.7976931348623157e+308,\"1\":0,\"2\":[1.7976931348623157e+308,714,126]}","{\"0\":1.7976931348623157e+308,\"1\":0,\"2\":[1.7976931348623157e+308,714,126]}","{\"0\":714,\"1\":1,\"2\":[1.7976931348623157e+308,714,126,null,null,null]}","{\"0\":126,\"1\":2,\"2\":[1.7976931348623157e+308,714,126,null,null,null]}"]}