{"baseObjects":["[5e-324,126,783,100]","[5e-324,126,783,100]","[5e-324,126,783,100]","[5e-324,126,783,100,null,{\"618\":\"{\",\"6.437939309810687e+307\":-1}]"],"returnObjects":[null,"\"Error\"","\"Error\"",null],"callbackArgs":["{\"0\":5e-324,\"1\":0,\"2\":[5e-324,126,783,100]}","{\"0\":126,\"1\":1,\"2\":[5e-324,126,783,100]}","{\"0\":783,\"1\":2,\"2\":[5e-324,126,783,100]}","{\"0\":100,\"1\":3,\"2\":[5e-324,126,783,100]}","{\"0\":5e-324,\"1\":0,\"2\":[5e-324,126,783,100]}","{\"0\":5e-324,\"1\":0,\"2\":[5e-324,126,783,100]}","{\"0\":5e-324,\"1\":0,\"2\":[5e-324,126,783,100]}","{\"0\":126,\"1\":1,\"2\":[5e-324,126,783,100,null,{\"618\":\"{\",\"6.437939309810687e+307\":-1}]}","{\"0\":783,\"1\":2,\"2\":[5e-324,126,783,100,null,{\"618\":\"{\",\"6.437939309810687e+307\":-1}]}","{\"0\":100,\"1\":3,\"2\":[5e-324,126,783,100,null,{\"618\":\"{\",\"6.437939309810687e+307\":-1}]}"]}