{"baseObjects":["[82,0,403,595,true,25,242,-1,783]","618","[82,0,403,595,82,{\"969\":403,\"1.1165514185190782e+308\":705},242,-1,783]","[82,0,403,595,82,25,242,-1,783]"],"returnObjects":[null,null,null,null],"callbackArgs":["{\"0\":82,\"1\":0,\"2\":[82,0,403,595,82,25,242,-1,783]}","{\"0\":0,\"1\":1,\"2\":[82,0,403,595,true,25,242,-1,783]}","{\"0\":403,\"1\":2,\"2\":[82,0,403,595,true,25,242,-1,783]}","{\"0\":595,\"1\":3,\"2\":[82,0,403,595,true,25,242,-1,783]}","{\"0\":true,\"1\":4,\"2\":[82,0,403,595,true,25,242,-1,783]}","{\"0\":25,\"1\":5,\"2\":[82,0,403,595,true,25,242,-1,783]}","{\"0\":242,\"1\":6,\"2\":[82,0,403,595,true,25,242,-1,783]}","{\"0\":-1,\"1\":7,\"2\":[82,0,403,595,true,25,242,-1,783]}","{\"0\":783,\"1\":8,\"2\":[82,0,403,595,true,25,242,-1,783]}","{\"0\":82,\"1\":0,\"2\":[82,0,403,595,82,25,242,-1,783]}","{\"0\":0,\"1\":1,\"2\":[82,0,403,[\"&MP!\",\"Fq\",\"0tt\",\"s9\",\"^%\",\"c\",\"#$\",\"S\",\"%Xt\",\"` W0b5\"],82,25,242,-1,783]}","{\"0\":403,\"1\":2,\"2\":[82,0,403,[\"&MP!\",\"Fq\",\"0tt\",\"s9\",\"^%\",\"c\",\"#$\",\"S\",\"%Xt\",\"` W0b5\"],82,25,242,-1,783]}","{\"0\":[\"&MP!\",\"Fq\",\"0tt\",\"s9\",\"^%\",\"c\",\"#$\",\"S\",\"%Xt\",\"` W0b5\"],\"1\":3,\"2\":[82,0,403,[\"&MP!\",\"Fq\",\"0tt\",\"s9\",\"^%\",\"c\",\"#$\",\"S\",\"%Xt\",\"` W0b5\"],82,25,242,-1,783]}","{\"0\":82,\"1\":4,\"2\":[82,0,403,[\"&MP!\",\"Fq\",\"0tt\",\"s9\",\"^%\",\"c\",\"#$\",\"S\",\"%Xt\",\"` W0b5\"],82,25,242,-1,783]}","{\"0\":25,\"1\":5,\"2\":[82,0,403,[\"&MP!\",\"Fq\",\"0tt\",\"s9\",\"^%\",\"c\",\"#$\",\"S\",\"%Xt\",\"` W0b5\"],82,25,242,-1,783]}","{\"0\":242,\"1\":6,\"2\":[82,0,403,[\"&MP!\",\"Fq\",\"0tt\",\"s9\",\"^%\",\"c\",\"#$\",\"S\",\"%Xt\",\"` W0b5\"],82,25,242,-1,783]}","{\"0\":-1,\"1\":7,\"2\":[82,0,403,[\"&MP!\",\"Fq\",\"0tt\",\"s9\",\"^%\",\"c\",\"#$\",\"S\",\"%Xt\",\"` W0b5\"],82,25,242,-1,783]}","{\"0\":783,\"1\":8,\"2\":[82,0,403,[\"&MP!\",\"Fq\",\"0tt\",\"s9\",\"^%\",\"c\",\"#$\",\"S\",\"%Xt\",\"` W0b5\"],82,25,242,-1,783]}","{\"0\":82,\"1\":0,\"2\":[82,0,403,595,82,25,242,-1,783]}","{\"0\":0,\"1\":1,\"2\":[82,0,403,595,82,{\"969\":403,\"1.1165514185190782e+308\":705},242,-1,783]}","{\"0\":403,\"1\":2,\"2\":[82,0,403,595,82,{\"969\":403,\"1.1165514185190782e+308\":705},242,-1,783]}","{\"0\":595,\"1\":3,\"2\":[82,0,403,595,82,{\"969\":403,\"1.1165514185190782e+308\":705},242,-1,783]}","{\"0\":82,\"1\":4,\"2\":[82,0,403,595,82,{\"969\":403,\"1.1165514185190782e+308\":705},242,-1,783]}","{\"0\":{\"969\":403,\"1.1165514185190782e+308\":705},\"1\":5,\"2\":[82,0,403,595,82,{\"969\":403,\"1.1165514185190782e+308\":705},242,-1,783]}","{\"0\":242,\"1\":6,\"2\":[82,0,403,595,82,{\"969\":403,\"1.1165514185190782e+308\":705},242,-1,783]}","{\"0\":-1,\"1\":7,\"2\":[82,0,403,595,82,{\"969\":403,\"1.1165514185190782e+308\":705},242,-1,783]}","{\"0\":783,\"1\":8,\"2\":[82,0,403,595,82,{\"969\":403,\"1.1165514185190782e+308\":705},242,-1,783]}","{\"0\":82,\"1\":0,\"2\":[82,0,403,595,82,25,242,-1,783]}","{\"0\":0,\"1\":1,\"2\":[82,0,403,595,82,25,242,-1,783]}","{\"0\":403,\"1\":2,\"2\":[82,0,403,595,82,25,242,-1,783]}","{\"0\":595,\"1\":3,\"2\":[82,0,403,595,82,25,242,-1,783]}","{\"0\":82,\"1\":4,\"2\":[82,0,403,595,82,25,242,-1,783]}","{\"0\":25,\"1\":5,\"2\":[82,0,403,595,82,25,242,-1,783]}","{\"0\":242,\"1\":6,\"2\":[82,0,403,595,82,25,242,-1,783]}","{\"0\":-1,\"1\":7,\"2\":[82,0,403,595,82,25,242,-1,783]}","{\"0\":783,\"1\":8,\"2\":[82,0,403,595,82,25,242,-1,783]}"]}