{"baseObjects":["[157,157,618]","[157,157,618,null,783]","[157,157,618]","[157,157,618,null,{\"8.629557101825008e+307\":\"6\",\"\":\"\"}]"],"returnObjects":["\"Error\"",null,null,null],"callbackArgs":["{\"0\":157,\"1\":0,\"2\":[157,157,618]}","{\"0\":157,\"1\":0,\"2\":[157,157,618]}","{\"0\":157,\"1\":1,\"2\":[157,157,618,null,783]}","{\"0\":618,\"1\":2,\"2\":[157,157,618,null,783]}","{\"0\":157,\"1\":0,\"2\":[157,157,618]}","{\"0\":157,\"1\":1,\"2\":[157,157,618]}","{\"0\":618,\"1\":2,\"2\":[157,157,618]}","{\"0\":157,\"1\":0,\"2\":[157,157,618]}","{\"0\":157,\"1\":1,\"2\":[157,157,618,null,{\"8.629557101825008e+307\":\"6\",\"\":\"\"}]}","{\"0\":618,\"1\":2,\"2\":[157,157,618,null,{\"8.629557101825008e+307\":\"6\",\"\":\"\"}]}"]}