{"baseObjects":["[157,157,100,823,82,null,null,true]","[157,157,100,823,82]","[157,{\"1.0035733268422689e+308\":122},100,823,82,null,null,null,true]","[157,157,100,823,82,null,null,null,null,true]"],"returnObjects":[null,null,null,null],"callbackArgs":["{\"0\":157,\"1\":0,\"2\":[157,157,100,823,82]}","{\"0\":157,\"1\":1,\"2\":[157,157,100,823,82,null,null,true]}","{\"0\":100,\"1\":2,\"2\":[157,157,100,823,82,null,null,true]}","{\"0\":823,\"1\":3,\"2\":[157,157,100,823,82,null,null,true]}","{\"0\":82,\"1\":4,\"2\":[157,157,100,823,82,null,null,true]}","{\"0\":157,\"1\":0,\"2\":[157,157,100,823,82]}","{\"0\":157,\"1\":1,\"2\":[157,157,100,823,82]}","{\"0\":100,\"1\":2,\"2\":[157,157,100,823,82]}","{\"0\":823,\"1\":3,\"2\":[157,157,100,823,82]}","{\"0\":82,\"1\":4,\"2\":[157,157,100,823,82]}","{\"0\":157,\"1\":0,\"2\":[157,157,100,823,82]}","{\"0\":{\"1.0035733268422689e+308\":122},\"1\":1,\"2\":[157,{\"1.0035733268422689e+308\":122},100,823,82,null,null,null,true]}","{\"0\":100,\"1\":2,\"2\":[157,{\"1.0035733268422689e+308\":122},100,823,82,null,null,null,true]}","{\"0\":823,\"1\":3,\"2\":[157,{\"1.0035733268422689e+308\":122},100,823,82,null,null,null,true]}","{\"0\":82,\"1\":4,\"2\":[157,{\"1.0035733268422689e+308\":122},100,823,82,null,null,null,true]}","{\"0\":157,\"1\":0,\"2\":[157,157,100,823,82]}","{\"0\":157,\"1\":1,\"2\":[157,157,100,823,82,null,null,null,null,true]}","{\"0\":100,\"1\":2,\"2\":[157,157,100,823,82,null,null,null,null,true]}","{\"0\":823,\"1\":3,\"2\":[157,157,100,823,82,null,null,null,null,true]}","{\"0\":82,\"1\":4,\"2\":[157,157,100,823,82,null,null,null,null,true]}"]}