{"baseObjects":["[\"M\",\"I{sW\",\"$\",\"{k\",true]","[null,null,null,null,null,null,null]","[\"M\",{\"126\":\"lJa\",\"843\":1.280699256864876e+308,\"-1\":1.7976931348623157e+308,\"\":\"X\",\"3.1168163084760965e+307\":705,\"#\":\"<u#-\",\"4XFMB\":\"\",\"`\":1.0034053626492548e+307},\"$\",\"{k\",\"Y\",null,null,null,false]","[\"M\",\"I{sW\",\"$\",\"{k\",\"Y\"]"],"returnObjects":["\"Error\"",null,null,"\"Error\""],"callbackArgs":["{\"0\":\"M\",\"1\":0,\"2\":[\"M\",\"I{sW\",\"$\",\"{k\",\"Y\"]}","{\"0\":\"M\",\"1\":0,\"2\":[\"M\",\"I{sW\",\"$\",\"{k\",\"Y\"]}","{\"0\":\"M\",\"1\":0,\"2\":[\"M\",\"I{sW\",\"$\",\"{k\",\"Y\"]}","{\"0\":{\"126\":\"lJa\",\"843\":1.280699256864876e+308,\"-1\":1.7976931348623157e+308,\"\":\"X\",\"3.1168163084760965e+307\":705,\"#\":\"<u#-\",\"4XFMB\":\"\",\"`\":1.0034053626492548e+307},\"1\":1,\"2\":[\"M\",{\"126\":\"lJa\",\"843\":1.280699256864876e+308,\"-1\":1.7976931348623157e+308,\"\":\"X\",\"3.1168163084760965e+307\":705,\"#\":\"<u#-\",\"4XFMB\":\"\",\"`\":1.0034053626492548e+307},\"$\",\"{k\",\"Y\",null,null,null,false]}","{\"0\":\"$\",\"1\":2,\"2\":[\"M\",{\"126\":\"lJa\",\"843\":1.280699256864876e+308,\"-1\":1.7976931348623157e+308,\"\":\"X\",\"3.1168163084760965e+307\":705,\"#\":\"<u#-\",\"4XFMB\":\"\",\"`\":1.0034053626492548e+307},\"$\",\"{k\",\"Y\",null,null,null,false]}","{\"0\":\"{k\",\"1\":3,\"2\":[\"M\",{\"126\":\"lJa\",\"843\":1.280699256864876e+308,\"-1\":1.7976931348623157e+308,\"\":\"X\",\"3.1168163084760965e+307\":705,\"#\":\"<u#-\",\"4XFMB\":\"\",\"`\":1.0034053626492548e+307},\"$\",\"{k\",\"Y\",null,null,null,false]}","{\"0\":\"Y\",\"1\":4,\"2\":[\"M\",{\"126\":\"lJa\",\"843\":1.280699256864876e+308,\"-1\":1.7976931348623157e+308,\"\":\"X\",\"3.1168163084760965e+307\":705,\"#\":\"<u#-\",\"4XFMB\":\"\",\"`\":1.0034053626492548e+307},\"$\",\"{k\",\"Y\",null,null,null,false]}","{\"0\":\"M\",\"1\":0,\"2\":[\"M\",\"I{sW\",\"$\",\"{k\",\"Y\"]}"]}