{"baseObjects":["[242,618,-1,705,122,893,122,59,100,1.1356601735829559e+308]","[242,618,-1,705,122,893,122,59,100,213]","[242,618,-1,705,122,893,122,59,100,213]","[242,618,-1,705,122,{\"157\":\"ty\",\"655\":82,\"\":82,\"6.530099253087799e+307\":\"\",\"-UbJ\":\"7\",\"1.6761648762564886e+308\":\"YfD\"},122,59,100,213]"],"returnObjects":[null,null,"\"Error\"","\"Error\""],"callbackArgs":["{\"0\":242,\"1\":0,\"2\":[242,618,-1,705,122,893,122,59,100,213]}","{\"0\":618,\"1\":1,\"2\":[242,618,-1,705,122,893,122,59,100,1.1356601735829559e+308]}","{\"0\":-1,\"1\":2,\"2\":[242,618,-1,705,122,893,122,59,100,1.1356601735829559e+308]}","{\"0\":705,\"1\":3,\"2\":[242,618,-1,705,122,893,122,59,100,1.1356601735829559e+308]}","{\"0\":122,\"1\":4,\"2\":[242,618,-1,705,122,893,122,59,100,1.1356601735829559e+308]}","{\"0\":893,\"1\":5,\"2\":[242,618,-1,705,122,893,122,59,100,1.1356601735829559e+308]}","{\"0\":122,\"1\":6,\"2\":[242,618,-1,705,122,893,122,59,100,1.1356601735829559e+308]}","{\"0\":59,\"1\":7,\"2\":[242,618,-1,705,122,893,122,59,100,1.1356601735829559e+308]}","{\"0\":100,\"1\":8,\"2\":[242,618,-1,705,122,893,122,59,100,1.1356601735829559e+308]}","{\"0\":1.1356601735829559e+308,\"1\":9,\"2\":[242,618,-1,705,122,893,122,59,100,1.1356601735829559e+308]}","{\"0\":242,\"1\":0,\"2\":[242,618,-1,705,122,893,122,59,100,213]}","{\"0\":618,\"1\":1,\"2\":[242,618,-1,705,122,893,122,59,100,213]}","{\"0\":-1,\"1\":2,\"2\":[242,618,-1,705,122,893,122,59,100,213]}","{\"0\":705,\"1\":3,\"2\":[242,618,-1,705,122,893,122,59,100,213]}","{\"0\":122,\"1\":4,\"2\":[242,618,-1,705,122,893,122,59,100,213]}","{\"0\":893,\"1\":5,\"2\":[242,618,-1,705,122,893,122,59,100,213]}","{\"0\":122,\"1\":6,\"2\":[242,618,-1,705,122,893,122,59,100,213]}","{\"0\":59,\"1\":7,\"2\":[242,618,-1,705,122,893,122,59,100,213]}","{\"0\":100,\"1\":8,\"2\":[242,618,-1,705,122,893,122,59,100,213]}","{\"0\":213,\"1\":9,\"2\":[242,618,-1,705,122,893,122,59,100,213]}","{\"0\":242,\"1\":0,\"2\":[242,618,-1,705,122,893,122,59,100,213]}","{\"0\":242,\"1\":0,\"2\":[242,618,-1,705,122,893,122,59,100,213]}"]}