{"baseObjects":["[242,618,823,\"@\",{\"0\":\"WPG\",\"82\":\"\",\"607\":1.7865305879727257e+308,\"9.876632004293613e+307\":595,\"5.024524815253774e+306\":\"{\",\"\":213,\"1.4434796145529947e+308\":1.7976931348623157e+308},\"p\",213,\"a<x9\",[843,403,82,49]]","[242,618,823,\"@\",213,\"p\",213,\"a<x9\"]","[242,618,823,\"@\",213,\"p\",213,\"a<x9\"]","[242,618,823,\"@\",213,\"p\",213,null]"],"returnObjects":[null,null,"\"Error\"",null],"callbackArgs":["{\"0\":242,\"1\":0,\"2\":[242,618,823,\"@\",213,\"p\",213,\"a<x9\"]}","{\"0\":618,\"1\":1,\"2\":[242,618,823,\"@\",{\"0\":\"WPG\",\"82\":\"\",\"607\":1.7865305879727257e+308,\"9.876632004293613e+307\":595,\"5.024524815253774e+306\":\"{\",\"\":213,\"1.4434796145529947e+308\":1.7976931348623157e+308},\"p\",213,\"a<x9\",[843,403,82,49]]}","{\"0\":823,\"1\":2,\"2\":[242,618,823,\"@\",{\"0\":\"WPG\",\"82\":\"\",\"607\":1.7865305879727257e+308,\"9.876632004293613e+307\":595,\"5.024524815253774e+306\":\"{\",\"\":213,\"1.4434796145529947e+308\":1.7976931348623157e+308},\"p\",213,\"a<x9\",[843,403,82,49]]}","{\"0\":\"@\",\"1\":3,\"2\":[242,618,823,\"@\",{\"0\":\"WPG\",\"82\":\"\",\"607\":1.7865305879727257e+308,\"9.876632004293613e+307\":595,\"5.024524815253774e+306\":\"{\",\"\":213,\"1.4434796145529947e+308\":1.7976931348623157e+308},\"p\",213,\"a<x9\",[843,403,82,49]]}","{\"0\":{\"0\":\"WPG\",\"82\":\"\",\"607\":1.7865305879727257e+308,\"9.876632004293613e+307\":595,\"5.024524815253774e+306\":\"{\",\"\":213,\"1.4434796145529947e+308\":1.7976931348623157e+308},\"1\":4,\"2\":[242,618,823,\"@\",{\"0\":\"WPG\",\"82\":\"\",\"607\":1.7865305879727257e+308,\"9.876632004293613e+307\":595,\"5.024524815253774e+306\":\"{\",\"\":213,\"1.4434796145529947e+308\":1.7976931348623157e+308},\"p\",213,\"a<x9\",[843,403,82,49]]}","{\"0\":\"p\",\"1\":5,\"2\":[242,618,823,\"@\",{\"0\":\"WPG\",\"82\":\"\",\"607\":1.7865305879727257e+308,\"9.876632004293613e+307\":595,\"5.024524815253774e+306\":\"{\",\"\":213,\"1.4434796145529947e+308\":1.7976931348623157e+308},\"p\",213,\"a<x9\",[843,403,82,49]]}","{\"0\":213,\"1\":6,\"2\":[242,618,823,\"@\",{\"0\":\"WPG\",\"82\":\"\",\"607\":1.7865305879727257e+308,\"9.876632004293613e+307\":595,\"5.024524815253774e+306\":\"{\",\"\":213,\"1.4434796145529947e+308\":1.7976931348623157e+308},\"p\",213,\"a<x9\",[843,403,82,49]]}","{\"0\":\"a<x9\",\"1\":7,\"2\":[242,618,823,\"@\",{\"0\":\"WPG\",\"82\":\"\",\"607\":1.7865305879727257e+308,\"9.876632004293613e+307\":595,\"5.024524815253774e+306\":\"{\",\"\":213,\"1.4434796145529947e+308\":1.7976931348623157e+308},\"p\",213,\"a<x9\",[843,403,82,49]]}","{\"0\":242,\"1\":0,\"2\":[242,618,823,\"@\",213,\"p\",213,\"a<x9\"]}","{\"0\":618,\"1\":1,\"2\":[242,618,823,\"@\",213,\"p\",213,\"a<x9\"]}","{\"0\":823,\"1\":2,\"2\":[242,618,823,\"@\",213,\"p\",213,\"a<x9\"]}","{\"0\":\"@\",\"1\":3,\"2\":[242,618,823,\"@\",213,\"p\",213,\"a<x9\"]}","{\"0\":213,\"1\":4,\"2\":[242,618,823,\"@\",213,\"p\",213,\"a<x9\"]}","{\"0\":\"p\",\"1\":5,\"2\":[242,618,823,\"@\",213,\"p\",213,\"a<x9\"]}","{\"0\":213,\"1\":6,\"2\":[242,618,823,\"@\",213,\"p\",213,\"a<x9\"]}","{\"0\":\"a<x9\",\"1\":7,\"2\":[242,618,823,\"@\",213,\"p\",213,\"a<x9\"]}","{\"0\":242,\"1\":0,\"2\":[242,618,823,\"@\",213,\"p\",213,\"a<x9\"]}","{\"0\":242,\"1\":0,\"2\":[242,618,823,\"@\",213,\"p\",213,\"a<x9\"]}","{\"0\":618,\"1\":1,\"2\":[242,618,823,\"@\",213,\"p\",213,null]}","{\"0\":823,\"1\":2,\"2\":[242,618,823,\"@\",213,\"p\",213,null]}","{\"0\":\"@\",\"1\":3,\"2\":[242,618,823,\"@\",213,\"p\",213,null]}","{\"0\":213,\"1\":4,\"2\":[242,618,823,\"@\",213,\"p\",213,null]}","{\"0\":\"p\",\"1\":5,\"2\":[242,618,823,\"@\",213,\"p\",213,null]}","{\"0\":213,\"1\":6,\"2\":[242,618,823,\"@\",213,\"p\",213,null]}","{\"0\":null,\"1\":7,\"2\":[242,618,823,\"@\",213,\"p\",213,null]}"]}