{"baseObjects":["[655,627,1.7976931348623157e+308,213,607]","[655,627,1.7976931348623157e+308,213,607]","[655,627,1.7976931348623157e+308,213,607]","[655,627,1.7976931348623157e+308,213,607]"],"returnObjects":[null,null,"\"Error\"",null],"callbackArgs":["{\"0\":655,\"1\":0,\"2\":[655,627,1.7976931348623157e+308,213,607]}","{\"0\":627,\"1\":1,\"2\":[655,627,1.7976931348623157e+308,213,607]}","{\"0\":1.7976931348623157e+308,\"1\":2,\"2\":[655,627,1.7976931348623157e+308,213,607]}","{\"0\":213,\"1\":3,\"2\":[655,627,1.7976931348623157e+308,213,607]}","{\"0\":607,\"1\":4,\"2\":[655,627,1.7976931348623157e+308,213,607]}","{\"0\":655,\"1\":0,\"2\":[655,627,1.7976931348623157e+308,213,607]}","{\"0\":627,\"1\":1,\"2\":[655,627,1.7976931348623157e+308,213,607]}","{\"0\":1.7976931348623157e+308,\"1\":2,\"2\":[655,627,1.7976931348623157e+308,213,607]}","{\"0\":213,\"1\":3,\"2\":[655,627,1.7976931348623157e+308,213,607]}","{\"0\":607,\"1\":4,\"2\":[655,627,1.7976931348623157e+308,213,607]}","{\"0\":655,\"1\":0,\"2\":[655,627,1.7976931348623157e+308,213,607]}","{\"0\":655,\"1\":0,\"2\":[655,627,1.7976931348623157e+308,213,607]}","{\"0\":627,\"1\":1,\"2\":[655,627,1.7976931348623157e+308,213,607]}","{\"0\":1.7976931348623157e+308,\"1\":2,\"2\":[655,627,1.7976931348623157e+308,213,607]}","{\"0\":213,\"1\":3,\"2\":[655,627,1.7976931348623157e+308,213,607]}","{\"0\":607,\"1\":4,\"2\":[655,627,1.7976931348623157e+308,213,607]}"]}