{"baseObjects":["[607,618,126,843,213,969,213,1.7976931348623157e+308]","[607,618,126,843,213,969,213,1.7976931348623157e+308]","[607,618,126,843,213,969,213,[\"y\",\"V \",\"S<\"],\"s\"]","[607,618,126,843,213,969,213,1.7976931348623157e+308]"],"returnObjects":[null,null,null,"\"Error\""],"callbackArgs":["{\"0\":607,\"1\":0,\"2\":[607,618,126,843,213,969,213,1.7976931348623157e+308]}","{\"0\":618,\"1\":1,\"2\":[607,618,126,843,213,969,213,1.7976931348623157e+308]}","{\"0\":126,\"1\":2,\"2\":[607,618,126,843,213,969,213,1.7976931348623157e+308]}","{\"0\":843,\"1\":3,\"2\":[607,618,126,843,213,969,213,1.7976931348623157e+308]}","{\"0\":213,\"1\":4,\"2\":[607,618,126,843,213,969,213,1.7976931348623157e+308]}","{\"0\":969,\"1\":5,\"2\":[607,618,126,843,213,969,213,1.7976931348623157e+308]}","{\"0\":213,\"1\":6,\"2\":[607,618,126,843,213,969,213,1.7976931348623157e+308]}","{\"0\":1.7976931348623157e+308,\"1\":7,\"2\":[607,618,126,843,213,969,213,1.7976931348623157e+308]}","{\"0\":607,\"1\":0,\"2\":[607,618,126,843,213,969,213,1.7976931348623157e+308]}","{\"0\":618,\"1\":1,\"2\":[607,618,126,843,213,969,213,1.7976931348623157e+308]}","{\"0\":126,\"1\":2,\"2\":[607,618,126,843,213,969,213,1.7976931348623157e+308]}","{\"0\":843,\"1\":3,\"2\":[607,618,126,843,213,969,213,1.7976931348623157e+308]}","{\"0\":213,\"1\":4,\"2\":[607,618,126,843,213,969,213,1.7976931348623157e+308]}","{\"0\":969,\"1\":5,\"2\":[607,618,126,843,213,969,213,1.7976931348623157e+308]}","{\"0\":213,\"1\":6,\"2\":[607,618,126,843,213,969,213,1.7976931348623157e+308]}","{\"0\":1.7976931348623157e+308,\"1\":7,\"2\":[607,618,126,843,213,969,213,1.7976931348623157e+308]}","{\"0\":607,\"1\":0,\"2\":[607,618,126,843,213,969,213,1.7976931348623157e+308]}","{\"0\":618,\"1\":1,\"2\":[607,618,126,843,213,969,213,[\"y\",\"V \",\"S<\"],\"s\"]}","{\"0\":126,\"1\":2,\"2\":[607,618,126,843,213,969,213,[\"y\",\"V \",\"S<\"],\"s\"]}","{\"0\":843,\"1\":3,\"2\":[607,618,126,843,213,969,213,[\"y\",\"V \",\"S<\"],\"s\"]}","{\"0\":213,\"1\":4,\"2\":[607,618,126,843,213,969,213,[\"y\",\"V \",\"S<\"],\"s\"]}","{\"0\":969,\"1\":5,\"2\":[607,618,126,843,213,969,213,[\"y\",\"V \",\"S<\"],\"s\"]}","{\"0\":213,\"1\":6,\"2\":[607,618,126,843,213,969,213,[\"y\",\"V \",\"S<\"],\"s\"]}","{\"0\":[\"y\",\"V \",\"S<\"],\"1\":7,\"2\":[607,618,126,843,213,969,213,[\"y\",\"V \",\"S<\"],\"s\"]}","{\"0\":607,\"1\":0,\"2\":[607,618,126,843,213,969,213,1.7976931348623157e+308]}"]}