{"baseObjects":["[122,969,705,49,25,618,122,1.56241391817094e+308]","[122,969,705,49,25,618,122]","[893,618,49,213,242,157,49,-100]","[122,969,705,49,25,618,122]"],"returnObjects":[null,null,null,null],"callbackArgs":["{\"0\":122,\"1\":0,\"2\":[122,969,705,49,25,618,122]}","{\"0\":969,\"1\":1,\"2\":[122,969,705,49,25,618,122,1.56241391817094e+308]}","{\"0\":705,\"1\":2,\"2\":[122,969,705,49,25,618,122,1.56241391817094e+308]}","{\"0\":49,\"1\":3,\"2\":[122,969,705,49,25,618,122,1.56241391817094e+308]}","{\"0\":25,\"1\":4,\"2\":[122,969,705,49,25,618,122,1.56241391817094e+308]}","{\"0\":618,\"1\":5,\"2\":[122,969,705,49,25,618,122,1.56241391817094e+308]}","{\"0\":122,\"1\":6,\"2\":[122,969,705,49,25,618,122,1.56241391817094e+308]}","{\"0\":122,\"1\":0,\"2\":[122,969,705,49,25,618,122]}","{\"0\":969,\"1\":1,\"2\":[122,969,705,49,25,618,122]}","{\"0\":705,\"1\":2,\"2\":[122,969,705,49,25,618,122]}","{\"0\":49,\"1\":3,\"2\":[122,969,705,49,25,618,122]}","{\"0\":25,\"1\":4,\"2\":[122,969,705,49,25,618,122]}","{\"0\":618,\"1\":5,\"2\":[122,969,705,49,25,618,122]}","{\"0\":122,\"1\":6,\"2\":[122,969,705,49,25,618,122]}","{\"0\":122,\"1\":0,\"2\":[122,969,705,49,25,618,122]}","{\"0\":969,\"1\":1,\"2\":[122,969,705,49,25,618,122]}","{\"0\":705,\"1\":2,\"2\":[122,969,705,49,25,618,122]}","{\"0\":49,\"1\":3,\"2\":[122,969,705,49,25,618,122]}","{\"0\":25,\"1\":4,\"2\":[122,969,705,49,25,618,122]}","{\"0\":618,\"1\":5,\"2\":[122,969,705,49,25,618,122]}","{\"0\":122,\"1\":6,\"2\":[122,969,705,49,25,618,122]}","{\"0\":122,\"1\":0,\"2\":[122,969,705,49,25,618,122]}","{\"0\":969,\"1\":1,\"2\":[122,969,705,49,25,618,122]}","{\"0\":705,\"1\":2,\"2\":[122,969,705,49,25,618,122]}","{\"0\":49,\"1\":3,\"2\":[122,969,705,49,25,618,122]}","{\"0\":25,\"1\":4,\"2\":[122,969,705,49,25,618,122]}","{\"0\":618,\"1\":5,\"2\":[122,969,705,49,25,618,122]}","{\"0\":122,\"1\":6,\"2\":[122,969,705,49,25,618,122]}"]}