{"baseObjects":["[82,213,-1,25,403,1.7976931348623157e+308]","[82,213,-1,25,403,1.7976931348623157e+308]","[82,213,-1,25,403,1.7976931348623157e+308]","[82,213,-1,25,403,1.7976931348623157e+308]"],"returnObjects":[null,null,null,"\"Error\""],"callbackArgs":["{\"0\":82,\"1\":0,\"2\":[82,213,-1,25,403,1.7976931348623157e+308]}","{\"0\":213,\"1\":1,\"2\":[82,213,-1,25,403,1.7976931348623157e+308]}","{\"0\":-1,\"1\":2,\"2\":[82,213,-1,25,403,1.7976931348623157e+308]}","{\"0\":25,\"1\":3,\"2\":[82,213,-1,25,403,1.7976931348623157e+308]}","{\"0\":403,\"1\":4,\"2\":[82,213,-1,25,403,1.7976931348623157e+308]}","{\"0\":1.7976931348623157e+308,\"1\":5,\"2\":[82,213,-1,25,403,1.7976931348623157e+308]}","{\"0\":82,\"1\":0,\"2\":[82,213,-1,25,403,1.7976931348623157e+308]}","{\"0\":213,\"1\":1,\"2\":[82,213,-1,25,403,1.7976931348623157e+308]}","{\"0\":-1,\"1\":2,\"2\":[82,213,-1,25,403,1.7976931348623157e+308]}","{\"0\":25,\"1\":3,\"2\":[82,213,-1,25,403,1.7976931348623157e+308]}","{\"0\":403,\"1\":4,\"2\":[82,213,-1,25,403,1.7976931348623157e+308]}","{\"0\":1.7976931348623157e+308,\"1\":5,\"2\":[82,213,-1,25,403,1.7976931348623157e+308]}","{\"0\":82,\"1\":0,\"2\":[82,213,-1,25,403,1.7976931348623157e+308]}","{\"0\":213,\"1\":1,\"2\":[82,213,-1,25,403,1.7976931348623157e+308]}","{\"0\":-1,\"1\":2,\"2\":[82,213,-1,25,403,1.7976931348623157e+308]}","{\"0\":25,\"1\":3,\"2\":[82,213,-1,25,403,1.7976931348623157e+308]}","{\"0\":403,\"1\":4,\"2\":[82,213,-1,25,403,1.7976931348623157e+308]}","{\"0\":1.7976931348623157e+308,\"1\":5,\"2\":[82,213,-1,25,403,1.7976931348623157e+308]}","{\"0\":82,\"1\":0,\"2\":[82,213,-1,25,403,1.7976931348623157e+308]}"]}