{"baseObjects":["[25,-100,705,1.7976931348623157e+308,969,893]","[25,-100,3.51977243970723e+307,1.7976931348623157e+308,969,893]","[25,-100,705,\"Y\",969,893]","[25,-100,705,1.7976931348623157e+308,969,893]"],"returnObjects":[null,null,null,"\"Error\""],"callbackArgs":["{\"0\":25,\"1\":0,\"2\":[25,-100,705,1.7976931348623157e+308,969,893]}","{\"0\":-100,\"1\":1,\"2\":[25,-100,705,1.7976931348623157e+308,969,893]}","{\"0\":705,\"1\":2,\"2\":[25,-100,705,1.7976931348623157e+308,969,893]}","{\"0\":1.7976931348623157e+308,\"1\":3,\"2\":[25,-100,705,1.7976931348623157e+308,969,893]}","{\"0\":969,\"1\":4,\"2\":[25,-100,705,1.7976931348623157e+308,969,893]}","{\"0\":893,\"1\":5,\"2\":[25,-100,705,1.7976931348623157e+308,969,893]}","{\"0\":25,\"1\":0,\"2\":[25,-100,705,1.7976931348623157e+308,969,893]}","{\"0\":-100,\"1\":1,\"2\":[25,-100,3.51977243970723e+307,1.7976931348623157e+308,969,893]}","{\"0\":3.51977243970723e+307,\"1\":2,\"2\":[25,-100,3.51977243970723e+307,1.7976931348623157e+308,969,893]}","{\"0\":1.7976931348623157e+308,\"1\":3,\"2\":[25,-100,3.51977243970723e+307,1.7976931348623157e+308,969,893]}","{\"0\":969,\"1\":4,\"2\":[25,-100,3.51977243970723e+307,1.7976931348623157e+308,969,893]}","{\"0\":893,\"1\":5,\"2\":[25,-100,3.51977243970723e+307,1.7976931348623157e+308,969,893]}","{\"0\":25,\"1\":0,\"2\":[25,-100,705,1.7976931348623157e+308,969,893]}","{\"0\":-100,\"1\":1,\"2\":[25,-100,705,\"Y\",969,893]}","{\"0\":705,\"1\":2,\"2\":[25,-100,705,\"Y\",969,893]}","{\"0\":\"Y\",\"1\":3,\"2\":[25,-100,705,\"Y\",969,893]}","{\"0\":969,\"1\":4,\"2\":[25,-100,705,\"Y\",969,893]}","{\"0\":893,\"1\":5,\"2\":[25,-100,705,\"Y\",969,893]}","{\"0\":25,\"1\":0,\"2\":[25,-100,705,1.7976931348623157e+308,969,893]}"]}