{"baseObjects":["[242,126,null,null,null,null,null,null,null,{\"403\":4.600675548146527e+307,\"607\":\"\",\"7.318069005155744e+307\":1.6844941838958952e+308,\"\":\"&\",\"6.285479429481496e+307\":2.730195760531145e+307}]","[242,126]","[242,126,null,null,null,null,null,null,null,\"\"]","[242,126]"],"returnObjects":[null,null,"\"Error\"","\"Error\""],"callbackArgs":["{\"0\":242,\"1\":0,\"2\":[242,126]}","{\"0\":126,\"1\":1,\"2\":[242,126,null,null,null,null,null,null,null,{\"403\":4.600675548146527e+307,\"607\":\"\",\"7.318069005155744e+307\":1.6844941838958952e+308,\"\":\"&\",\"6.285479429481496e+307\":2.730195760531145e+307}]}","{\"0\":242,\"1\":0,\"2\":[242,126]}","{\"0\":126,\"1\":1,\"2\":[242,126]}","{\"0\":242,\"1\":0,\"2\":[242,126]}","{\"0\":242,\"1\":0,\"2\":[242,126]}"]}