{"baseObjects":["[\"p\",893,\"M)\",\"Eq\",705,1.7976931348623157e+308,-100]","[\"p\",893,\"M)\",\"Eq\",705,1.7976931348623157e+308,-100]","[\"p\",893,\"M)\",\"Eq\",705,1.7976931348623157e+308,-100]","[\"p\",893,\"M)\",\"Eq\",705,1.7976931348623157e+308,-100]"],"returnObjects":[null,null,null,"\"Error\""],"callbackArgs":["{\"0\":\"p\",\"1\":0,\"2\":[\"p\",893,\"M)\",\"Eq\",705,1.7976931348623157e+308,-100]}","{\"0\":893,\"1\":1,\"2\":[\"p\",893,\"M)\",\"Eq\",705,1.7976931348623157e+308,-100]}","{\"0\":\"M)\",\"1\":2,\"2\":[\"p\",893,\"M)\",\"Eq\",705,1.7976931348623157e+308,-100]}","{\"0\":\"Eq\",\"1\":3,\"2\":[\"p\",893,\"M)\",\"Eq\",705,1.7976931348623157e+308,-100]}","{\"0\":705,\"1\":4,\"2\":[\"p\",893,\"M)\",\"Eq\",705,1.7976931348623157e+308,-100]}","{\"0\":1.7976931348623157e+308,\"1\":5,\"2\":[\"p\",893,\"M)\",\"Eq\",705,1.7976931348623157e+308,-100]}","{\"0\":-100,\"1\":6,\"2\":[\"p\",893,\"M)\",\"Eq\",705,1.7976931348623157e+308,-100]}","{\"0\":\"p\",\"1\":0,\"2\":[\"p\",893,\"M)\",\"Eq\",705,1.7976931348623157e+308,-100]}","{\"0\":893,\"1\":1,\"2\":[\"p\",893,\"M)\",\"Eq\",705,1.7976931348623157e+308,-100]}","{\"0\":\"M)\",\"1\":2,\"2\":[\"p\",893,\"M)\",\"Eq\",705,1.7976931348623157e+308,-100]}","{\"0\":\"Eq\",\"1\":3,\"2\":[\"p\",893,\"M)\",\"Eq\",705,1.7976931348623157e+308,-100]}","{\"0\":705,\"1\":4,\"2\":[\"p\",893,\"M)\",\"Eq\",705,1.7976931348623157e+308,-100]}","{\"0\":1.7976931348623157e+308,\"1\":5,\"2\":[\"p\",893,\"M)\",\"Eq\",705,1.7976931348623157e+308,-100]}","{\"0\":-100,\"1\":6,\"2\":[\"p\",893,\"M)\",\"Eq\",705,1.7976931348623157e+308,-100]}","{\"0\":\"p\",\"1\":0,\"2\":[\"p\",893,\"M)\",\"Eq\",705,1.7976931348623157e+308,-100]}","{\"0\":893,\"1\":1,\"2\":[\"p\",893,\"M)\",\"Eq\",705,1.7976931348623157e+308,-100]}","{\"0\":\"M)\",\"1\":2,\"2\":[\"p\",893,\"M)\",\"Eq\",705,1.7976931348623157e+308,-100]}","{\"0\":\"Eq\",\"1\":3,\"2\":[\"p\",893,\"M)\",\"Eq\",705,1.7976931348623157e+308,-100]}","{\"0\":705,\"1\":4,\"2\":[\"p\",893,\"M)\",\"Eq\",705,1.7976931348623157e+308,-100]}","{\"0\":1.7976931348623157e+308,\"1\":5,\"2\":[\"p\",893,\"M)\",\"Eq\",705,1.7976931348623157e+308,-100]}","{\"0\":-100,\"1\":6,\"2\":[\"p\",893,\"M)\",\"Eq\",705,1.7976931348623157e+308,-100]}","{\"0\":\"p\",\"1\":0,\"2\":[\"p\",893,\"M)\",\"Eq\",705,1.7976931348623157e+308,-100]}"]}