{"baseObjects":["[969,1.7976931348623157e+308,618,59]","[969,1.7976931348623157e+308,618,59]","[969,1.7976931348623157e+308,618,59]","[969,1.7976931348623157e+308,618,59,null,59,null,null,null,\"<\"]"],"returnObjects":["\"Error\"",null,null,null],"callbackArgs":["{\"0\":969,\"1\":0,\"2\":[969,1.7976931348623157e+308,618,59]}","{\"0\":1.7976931348623157e+308,\"1\":1,\"2\":[969,1.7976931348623157e+308,618,59]}","{\"0\":969,\"1\":0,\"2\":[969,1.7976931348623157e+308,618,59]}","{\"0\":1.7976931348623157e+308,\"1\":1,\"2\":[969,1.7976931348623157e+308,618,59]}","{\"0\":618,\"1\":2,\"2\":[969,1.7976931348623157e+308,618,59]}","{\"0\":59,\"1\":3,\"2\":[969,1.7976931348623157e+308,618,59]}","{\"0\":969,\"1\":0,\"2\":[969,1.7976931348623157e+308,618,59]}","{\"0\":1.7976931348623157e+308,\"1\":1,\"2\":[969,1.7976931348623157e+308,618,59]}","{\"0\":618,\"1\":2,\"2\":[969,1.7976931348623157e+308,618,59]}","{\"0\":59,\"1\":3,\"2\":[969,1.7976931348623157e+308,618,59]}","{\"0\":969,\"1\":0,\"2\":[969,1.7976931348623157e+308,618,59]}","{\"0\":1.7976931348623157e+308,\"1\":1,\"2\":[969,1.7976931348623157e+308,618,59,null,59,null,null,null,\"<\"]}","{\"0\":618,\"1\":2,\"2\":[969,1.7976931348623157e+308,618,59,null,59,null,null,null,\"<\"]}","{\"0\":59,\"1\":3,\"2\":[969,1.7976931348623157e+308,618,59,null,59,null,null,null,\"<\"]}"]}