{"baseObjects":["[843,\"G\",true,714,-1,\"T\",{\"403\":\"\",\"655\":\"@$i\",\"6.238529230416802e+307\":9.58365731040654e+307,\"1.7976931348623157e+308\":100,\"\":\"wGGM!\",\"-100\":1.5494624257869865e+307,\"1.6139879554455084e+308\":\"21\"}]","[843,\"G\",\"U\",714,-1,\"T\",\"9s9\"]","[843,true,\"U\",714,-1,\"T\",\"9s9\"]","[843,[\"aO=W^g^\",25],\"U\",714,-1,\"T\",\"9s9\"]"],"returnObjects":[null,"\"Error\"",null,null],"callbackArgs":["{\"0\":843,\"1\":0,\"2\":[843,\"G\",\"U\",714,-1,\"T\",\"9s9\"]}","{\"0\":\"G\",\"1\":1,\"2\":[843,\"G\",true,714,-1,\"T\",{\"403\":\"\",\"655\":\"@$i\",\"6.238529230416802e+307\":9.58365731040654e+307,\"1.7976931348623157e+308\":100,\"\":\"wGGM!\",\"-100\":1.5494624257869865e+307,\"1.6139879554455084e+308\":\"21\"}]}","{\"0\":true,\"1\":2,\"2\":[843,\"G\",true,714,-1,\"T\",{\"403\":\"\",\"655\":\"@$i\",\"6.238529230416802e+307\":9.58365731040654e+307,\"1.7976931348623157e+308\":100,\"\":\"wGGM!\",\"-100\":1.5494624257869865e+307,\"1.6139879554455084e+308\":\"21\"}]}","{\"0\":714,\"1\":3,\"2\":[843,\"G\",true,714,-1,\"T\",{\"403\":\"\",\"655\":\"@$i\",\"6.238529230416802e+307\":9.58365731040654e+307,\"1.7976931348623157e+308\":100,\"\":\"wGGM!\",\"-100\":1.5494624257869865e+307,\"1.6139879554455084e+308\":\"21\"}]}","{\"0\":-1,\"1\":4,\"2\":[843,\"G\",true,714,-1,\"T\",{\"403\":\"\",\"655\":\"@$i\",\"6.238529230416802e+307\":9.58365731040654e+307,\"1.7976931348623157e+308\":100,\"\":\"wGGM!\",\"-100\":1.5494624257869865e+307,\"1.6139879554455084e+308\":\"21\"}]}","{\"0\":\"T\",\"1\":5,\"2\":[843,\"G\",true,714,-1,\"T\",{\"403\":\"\",\"655\":\"@$i\",\"6.238529230416802e+307\":9.58365731040654e+307,\"1.7976931348623157e+308\":100,\"\":\"wGGM!\",\"-100\":1.5494624257869865e+307,\"1.6139879554455084e+308\":\"21\"}]}","{\"0\":{\"403\":\"\",\"655\":\"@$i\",\"6.238529230416802e+307\":9.58365731040654e+307,\"1.7976931348623157e+308\":100,\"\":\"wGGM!\",\"-100\":1.5494624257869865e+307,\"1.6139879554455084e+308\":\"21\"},\"1\":6,\"2\":[843,\"G\",true,714,-1,\"T\",{\"403\":\"\",\"655\":\"@$i\",\"6.238529230416802e+307\":9.58365731040654e+307,\"1.7976931348623157e+308\":100,\"\":\"wGGM!\",\"-100\":1.5494624257869865e+307,\"1.6139879554455084e+308\":\"21\"}]}","{\"0\":843,\"1\":0,\"2\":[843,\"G\",\"U\",714,-1,\"T\",\"9s9\"]}","{\"0\":843,\"1\":0,\"2\":[843,\"G\",\"U\",714,-1,\"T\",\"9s9\"]}","{\"0\":true,\"1\":1,\"2\":[843,true,\"U\",714,-1,\"T\",\"9s9\"]}","{\"0\":\"U\",\"1\":2,\"2\":[843,true,\"U\",714,-1,\"T\",\"9s9\"]}","{\"0\":714,\"1\":3,\"2\":[843,true,\"U\",714,-1,\"T\",\"9s9\"]}","{\"0\":-1,\"1\":4,\"2\":[843,true,\"U\",714,-1,\"T\",\"9s9\"]}","{\"0\":\"T\",\"1\":5,\"2\":[843,true,\"U\",714,-1,\"T\",\"9s9\"]}","{\"0\":\"9s9\",\"1\":6,\"2\":[843,true,\"U\",714,-1,\"T\",\"9s9\"]}","{\"0\":843,\"1\":0,\"2\":[843,\"G\",\"U\",714,-1,\"T\",\"9s9\"]}","{\"0\":[\"aO=W^g^\",25],\"1\":1,\"2\":[843,[\"aO=W^g^\",25],\"U\",714,-1,\"T\",\"9s9\"]}","{\"0\":\"U\",\"1\":2,\"2\":[843,[\"aO=W^g^\",25],\"U\",714,-1,\"T\",\"9s9\"]}","{\"0\":714,\"1\":3,\"2\":[843,[\"aO=W^g^\",25],\"U\",714,-1,\"T\",\"9s9\"]}","{\"0\":-1,\"1\":4,\"2\":[843,[\"aO=W^g^\",25],\"U\",714,-1,\"T\",\"9s9\"]}","{\"0\":\"T\",\"1\":5,\"2\":[843,[\"aO=W^g^\",25],\"U\",714,-1,\"T\",\"9s9\"]}","{\"0\":\"9s9\",\"1\":6,\"2\":[843,[\"aO=W^g^\",25],\"U\",714,-1,\"T\",\"9s9\"]}"]}