{"baseObjects":["[403,403,126,1.7976931348623157e+308,618,126,49,-100]","[403,403,126,1.7976931348623157e+308,618,126,49,-100]","[403,403,126,1.7976931348623157e+308,618,126,49,-100]","[403,403,126,1.7976931348623157e+308,618,126,49,-100]"],"returnObjects":[null,null,null,"\"Error\""],"callbackArgs":["{\"0\":403,\"1\":0,\"2\":[403,403,126,1.7976931348623157e+308,618,126,49,-100]}","{\"0\":403,\"1\":1,\"2\":[403,403,126,1.7976931348623157e+308,618,126,49,-100]}","{\"0\":126,\"1\":2,\"2\":[403,403,126,1.7976931348623157e+308,618,126,49,-100]}","{\"0\":1.7976931348623157e+308,\"1\":3,\"2\":[403,403,126,1.7976931348623157e+308,618,126,49,-100]}","{\"0\":618,\"1\":4,\"2\":[403,403,126,1.7976931348623157e+308,618,126,49,-100]}","{\"0\":126,\"1\":5,\"2\":[403,403,126,1.7976931348623157e+308,618,126,49,-100]}","{\"0\":49,\"1\":6,\"2\":[403,403,126,1.7976931348623157e+308,618,126,49,-100]}","{\"0\":-100,\"1\":7,\"2\":[403,403,126,1.7976931348623157e+308,618,126,49,-100]}","{\"0\":403,\"1\":0,\"2\":[403,403,126,1.7976931348623157e+308,618,126,49,-100]}","{\"0\":403,\"1\":1,\"2\":[403,403,126,1.7976931348623157e+308,618,126,49,-100]}","{\"0\":126,\"1\":2,\"2\":[403,403,126,1.7976931348623157e+308,618,126,49,-100]}","{\"0\":1.7976931348623157e+308,\"1\":3,\"2\":[403,403,126,1.7976931348623157e+308,618,126,49,-100]}","{\"0\":618,\"1\":4,\"2\":[403,403,126,1.7976931348623157e+308,618,126,49,-100]}","{\"0\":126,\"1\":5,\"2\":[403,403,126,1.7976931348623157e+308,618,126,49,-100]}","{\"0\":49,\"1\":6,\"2\":[403,403,126,1.7976931348623157e+308,618,126,49,-100]}","{\"0\":-100,\"1\":7,\"2\":[403,403,126,1.7976931348623157e+308,618,126,49,-100]}","{\"0\":403,\"1\":0,\"2\":[403,403,126,1.7976931348623157e+308,618,126,49,-100]}","{\"0\":403,\"1\":1,\"2\":[403,403,126,1.7976931348623157e+308,618,126,49,-100]}","{\"0\":126,\"1\":2,\"2\":[403,403,126,1.7976931348623157e+308,618,126,49,-100]}","{\"0\":1.7976931348623157e+308,\"1\":3,\"2\":[403,403,126,1.7976931348623157e+308,618,126,49,-100]}","{\"0\":618,\"1\":4,\"2\":[403,403,126,1.7976931348623157e+308,618,126,49,-100]}","{\"0\":126,\"1\":5,\"2\":[403,403,126,1.7976931348623157e+308,618,126,49,-100]}","{\"0\":49,\"1\":6,\"2\":[403,403,126,1.7976931348623157e+308,618,126,49,-100]}","{\"0\":-100,\"1\":7,\"2\":[403,403,126,1.7976931348623157e+308,618,126,49,-100]}","{\"0\":403,\"1\":0,\"2\":[403,403,126,1.7976931348623157e+308,618,126,49,-100]}"]}