{"baseObjects":["[{\"5\":1.0462921051530393e+308,\"\":-1,\"1.3322629792636906e+308\":\"\"},403,-1,705,82,213]","[157,403,-1,705,82,[893,59,893,1.7976931348623157e+308]]","[157,403,-1,705,82,213]","[157,403,-1,705,82,213]"],"returnObjects":[null,null,"\"Error\"","\"Error\""],"callbackArgs":["{\"0\":157,\"1\":0,\"2\":[157,403,-1,705,82,213]}","{\"0\":403,\"1\":1,\"2\":[{\"5\":1.0462921051530393e+308,\"\":-1,\"1.3322629792636906e+308\":\"\"},403,-1,705,82,213]}","{\"0\":-1,\"1\":2,\"2\":[{\"5\":1.0462921051530393e+308,\"\":-1,\"1.3322629792636906e+308\":\"\"},403,-1,705,82,213]}","{\"0\":705,\"1\":3,\"2\":[{\"5\":1.0462921051530393e+308,\"\":-1,\"1.3322629792636906e+308\":\"\"},403,-1,705,82,213]}","{\"0\":82,\"1\":4,\"2\":[{\"5\":1.0462921051530393e+308,\"\":-1,\"1.3322629792636906e+308\":\"\"},403,-1,705,82,213]}","{\"0\":213,\"1\":5,\"2\":[{\"5\":1.0462921051530393e+308,\"\":-1,\"1.3322629792636906e+308\":\"\"},403,-1,705,82,213]}","{\"0\":157,\"1\":0,\"2\":[157,403,-1,705,82,213]}","{\"0\":403,\"1\":1,\"2\":[157,403,-1,705,82,[893,59,893,1.7976931348623157e+308]]}","{\"0\":-1,\"1\":2,\"2\":[157,403,-1,705,82,[893,59,893,1.7976931348623157e+308]]}","{\"0\":705,\"1\":3,\"2\":[157,403,-1,705,82,[893,59,893,1.7976931348623157e+308]]}","{\"0\":82,\"1\":4,\"2\":[157,403,-1,705,82,[893,59,893,1.7976931348623157e+308]]}","{\"0\":[893,59,893,1.7976931348623157e+308],\"1\":5,\"2\":[157,403,-1,705,82,[893,59,893,1.7976931348623157e+308]]}","{\"0\":157,\"1\":0,\"2\":[157,403,-1,705,82,213]}","{\"0\":157,\"1\":0,\"2\":[157,403,-1,705,82,213]}"]}