{"baseObjects":["[122,823,705,627,-100,82,100]","[\"zCc\",823,705,627,-100,82,100,null,[1.7976931348623157e+308,460,618,823]]","[122,823,705,627,-100,82,100]","[122,823,705,627,-100,82,100]"],"returnObjects":[null,null,null,"\"Error\""],"callbackArgs":["{\"0\":122,\"1\":0,\"2\":[122,823,705,627,-100,82,100]}","{\"0\":823,\"1\":1,\"2\":[122,823,705,627,-100,82,100]}","{\"0\":705,\"1\":2,\"2\":[122,823,705,627,-100,82,100]}","{\"0\":627,\"1\":3,\"2\":[122,823,705,627,-100,82,100]}","{\"0\":-100,\"1\":4,\"2\":[122,823,705,627,-100,82,100]}","{\"0\":82,\"1\":5,\"2\":[122,823,705,627,-100,82,100]}","{\"0\":100,\"1\":6,\"2\":[122,823,705,627,-100,82,100]}","{\"0\":122,\"1\":0,\"2\":[122,823,705,627,-100,82,100]}","{\"0\":823,\"1\":1,\"2\":[\"zCc\",823,705,627,-100,82,100,null,[1.7976931348623157e+308,460,618,823]]}","{\"0\":705,\"1\":2,\"2\":[\"zCc\",823,705,627,-100,82,100,null,[1.7976931348623157e+308,460,618,823]]}","{\"0\":627,\"1\":3,\"2\":[\"zCc\",823,705,627,-100,82,100,null,[1.7976931348623157e+308,460,618,823]]}","{\"0\":-100,\"1\":4,\"2\":[\"zCc\",823,705,627,-100,82,100,null,[1.7976931348623157e+308,460,618,823]]}","{\"0\":82,\"1\":5,\"2\":[\"zCc\",823,705,627,-100,82,100,null,[1.7976931348623157e+308,460,618,823]]}","{\"0\":100,\"1\":6,\"2\":[\"zCc\",823,705,627,-100,82,100,null,[1.7976931348623157e+308,460,618,823]]}","{\"0\":122,\"1\":0,\"2\":[122,823,705,627,-100,82,100]}","{\"0\":823,\"1\":1,\"2\":[122,823,705,627,-100,82,100]}","{\"0\":705,\"1\":2,\"2\":[122,823,705,627,-100,82,100]}","{\"0\":627,\"1\":3,\"2\":[122,823,705,627,-100,82,100]}","{\"0\":-100,\"1\":4,\"2\":[122,823,705,627,-100,82,100]}","{\"0\":82,\"1\":5,\"2\":[122,823,705,627,-100,82,100]}","{\"0\":100,\"1\":6,\"2\":[122,823,705,627,-100,82,100]}","{\"0\":122,\"1\":0,\"2\":[122,823,705,627,-100,82,100]}"]}