{"baseObjects":["[100,242,\"E\",\"6,\",213,null,null,null,{\"705\":3.431620768698896e+306,\"\":\"\",\"C\":1.4023644372181004e+308}]","[100,242,\"E\",\"6,\",213,null,\"\"]","[100,242,\"E\",\"6,\",213]","[100,242,\"E\",\"6,\",213]"],"returnObjects":[null,"\"Error\"","\"Error\"",null],"callbackArgs":["{\"0\":100,\"1\":0,\"2\":[100,242,\"E\",\"6,\",213]}","{\"0\":242,\"1\":1,\"2\":[100,242,\"E\",\"6,\",213,null,null,null,{\"705\":3.431620768698896e+306,\"\":\"\",\"C\":1.4023644372181004e+308}]}","{\"0\":\"E\",\"1\":2,\"2\":[100,242,\"E\",\"6,\",213,null,null,null,{\"705\":3.431620768698896e+306,\"\":\"\",\"C\":1.4023644372181004e+308}]}","{\"0\":\"6,\",\"1\":3,\"2\":[100,242,\"E\",\"6,\",213,null,null,null,{\"705\":3.431620768698896e+306,\"\":\"\",\"C\":1.4023644372181004e+308}]}","{\"0\":213,\"1\":4,\"2\":[100,242,\"E\",\"6,\",213,null,null,null,{\"705\":3.431620768698896e+306,\"\":\"\",\"C\":1.4023644372181004e+308}]}","{\"0\":100,\"1\":0,\"2\":[100,242,\"E\",\"6,\",213]}","{\"0\":100,\"1\":0,\"2\":[100,242,\"E\",\"6,\",213]}","{\"0\":100,\"1\":0,\"2\":[100,242,\"E\",\"6,\",213]}","{\"0\":242,\"1\":1,\"2\":[100,242,\"E\",\"6,\",213]}","{\"0\":\"E\",\"1\":2,\"2\":[100,242,\"E\",\"6,\",213]}","{\"0\":\"6,\",\"1\":3,\"2\":[100,242,\"E\",\"6,\",213]}","{\"0\":213,\"1\":4,\"2\":[100,242,\"E\",\"6,\",213]}"]}