{"baseObjects":["[49,59,122,460,157]","[49,59,122,{\"\":\"\",\"69!y\":1.663833015683432e+308,\"[\":\"\",\"1.0960672535087112e+308\":213},157]","[49,59,122,460,157]","[49,59,122,460,157]"],"returnObjects":[null,null,"\"Error\"","\"Error\""],"callbackArgs":["{\"0\":49,\"1\":0,\"2\":[49,59,122,460,157]}","{\"0\":59,\"1\":1,\"2\":[49,59,122,460,157]}","{\"0\":122,\"1\":2,\"2\":[49,59,122,460,157]}","{\"0\":460,\"1\":3,\"2\":[49,59,122,460,157]}","{\"0\":157,\"1\":4,\"2\":[49,59,122,460,157]}","{\"0\":49,\"1\":0,\"2\":[49,59,122,460,157]}","{\"0\":59,\"1\":1,\"2\":[49,59,122,{\"\":\"\",\"69!y\":1.663833015683432e+308,\"[\":\"\",\"1.0960672535087112e+308\":213},157]}","{\"0\":122,\"1\":2,\"2\":[49,59,122,{\"\":\"\",\"69!y\":1.663833015683432e+308,\"[\":\"\",\"1.0960672535087112e+308\":213},157]}","{\"0\":{\"\":\"\",\"69!y\":1.663833015683432e+308,\"[\":\"\",\"1.0960672535087112e+308\":213},\"1\":3,\"2\":[49,59,122,{\"\":\"\",\"69!y\":1.663833015683432e+308,\"[\":\"\",\"1.0960672535087112e+308\":213},157]}","{\"0\":157,\"1\":4,\"2\":[49,59,122,{\"\":\"\",\"69!y\":1.663833015683432e+308,\"[\":\"\",\"1.0960672535087112e+308\":213},157]}","{\"0\":49,\"1\":0,\"2\":[49,59,122,460,157]}","{\"0\":49,\"1\":0,\"2\":[49,59,122,460,157]}"]}