{"baseObjects":["[\"v&\",\"$\",\"F\",\"dt\"]","[\"v&\",\"$\",\"F\",\"dt\"]","[\"v&\",\"$\",\"F\",{\"1.315431295636998e+308\":100,\"1.5718827274141417e+308\":25,\"3.494541988017432e+306\":\"\"}]","[false,\"$\",\"F\",\"dt\"]"],"returnObjects":[null,"\"Error\"",null,null],"callbackArgs":["{\"0\":\"v&\",\"1\":0,\"2\":[\"v&\",\"$\",\"F\",\"dt\"]}","{\"0\":\"$\",\"1\":1,\"2\":[\"v&\",\"$\",\"F\",\"dt\"]}","{\"0\":\"F\",\"1\":2,\"2\":[\"v&\",\"$\",\"F\",\"dt\"]}","{\"0\":\"dt\",\"1\":3,\"2\":[\"v&\",\"$\",\"F\",\"dt\"]}","{\"0\":\"v&\",\"1\":0,\"2\":[\"v&\",\"$\",\"F\",\"dt\"]}","{\"0\":\"v&\",\"1\":0,\"2\":[\"v&\",\"$\",\"F\",\"dt\"]}","{\"0\":\"$\",\"1\":1,\"2\":[\"v&\",\"$\",\"F\",{\"1.315431295636998e+308\":100,\"1.5718827274141417e+308\":25,\"3.494541988017432e+306\":\"\"}]}","{\"0\":\"F\",\"1\":2,\"2\":[\"v&\",\"$\",\"F\",{\"1.315431295636998e+308\":100,\"1.5718827274141417e+308\":25,\"3.494541988017432e+306\":\"\"}]}","{\"0\":{\"1.315431295636998e+308\":100,\"1.5718827274141417e+308\":25,\"3.494541988017432e+306\":\"\"},\"1\":3,\"2\":[\"v&\",\"$\",\"F\",{\"1.315431295636998e+308\":100,\"1.5718827274141417e+308\":25,\"3.494541988017432e+306\":\"\"}]}","{\"0\":\"v&\",\"1\":0,\"2\":[\"v&\",\"$\",\"F\",\"dt\"]}","{\"0\":\"$\",\"1\":1,\"2\":[false,\"$\",\"F\",\"dt\"]}","{\"0\":\"F\",\"1\":2,\"2\":[false,\"$\",\"F\",\"dt\"]}","{\"0\":\"dt\",\"1\":3,\"2\":[false,\"$\",\"F\",\"dt\"]}"]}