{"baseObjects":["[705,1.7976931348623157e+308,\"$[w\",893,\",\"]","[705,1.7976931348623157e+308,\"$[w\",893,true]","[705,1.7976931348623157e+308,\"$[w\",893,\",\"]","[705,1.7976931348623157e+308,\"$[w\",893,\",\"]"],"returnObjects":[null,null,"\"Error\"","\"Error\""],"callbackArgs":["{\"0\":705,\"1\":0,\"2\":[705,1.7976931348623157e+308,\"$[w\",893,\",\"]}","{\"0\":1.7976931348623157e+308,\"1\":1,\"2\":[705,1.7976931348623157e+308,\"$[w\",893,\",\"]}","{\"0\":\"$[w\",\"1\":2,\"2\":[705,1.7976931348623157e+308,\"$[w\",893,\",\"]}","{\"0\":893,\"1\":3,\"2\":[705,1.7976931348623157e+308,\"$[w\",893,\",\"]}","{\"0\":\",\",\"1\":4,\"2\":[705,1.7976931348623157e+308,\"$[w\",893,\",\"]}","{\"0\":705,\"1\":0,\"2\":[705,1.7976931348623157e+308,\"$[w\",893,\",\"]}","{\"0\":1.7976931348623157e+308,\"1\":1,\"2\":[705,1.7976931348623157e+308,\"$[w\",893,true]}","{\"0\":\"$[w\",\"1\":2,\"2\":[705,1.7976931348623157e+308,\"$[w\",893,true]}","{\"0\":893,\"1\":3,\"2\":[705,1.7976931348623157e+308,\"$[w\",893,true]}","{\"0\":true,\"1\":4,\"2\":[705,1.7976931348623157e+308,\"$[w\",893,true]}","{\"0\":705,\"1\":0,\"2\":[705,1.7976931348623157e+308,\"$[w\",893,\",\"]}","{\"0\":705,\"1\":0,\"2\":[705,1.7976931348623157e+308,\"$[w\",893,\",\"]}"]}