{"baseObjects":["[213,\"0*UG?{\",893,{\"157\":5.811867245860105e+307,\"w\":655,\"#y\":\"\"},\"D\",\"{\",893,\"F\"]","[213,\"0*UG?{\",893,25,\"D\",\"{\",893,\"F\"]","[213,\"0*UG?{\",893,25,\"D\",\"{\",893,\"F\"]","[213,\"0*UG?{\",893,25,\"D\",\"{\",893,\"F\"]"],"returnObjects":[null,"\"Error\"","\"Error\"",null],"callbackArgs":["{\"0\":213,\"1\":0,\"2\":[213,\"0*UG?{\",893,25,\"D\",\"{\",893,\"F\"]}","{\"0\":\"0*UG?{\",\"1\":1,\"2\":[213,\"0*UG?{\",893,{\"157\":5.811867245860105e+307,\"w\":655,\"#y\":\"\"},\"D\",\"{\",893,\"F\"]}","{\"0\":893,\"1\":2,\"2\":[213,\"0*UG?{\",893,{\"157\":5.811867245860105e+307,\"w\":655,\"#y\":\"\"},\"D\",\"{\",893,\"F\"]}","{\"0\":{\"157\":5.811867245860105e+307,\"w\":655,\"#y\":\"\"},\"1\":3,\"2\":[213,\"0*UG?{\",893,{\"157\":5.811867245860105e+307,\"w\":655,\"#y\":\"\"},\"D\",\"{\",893,\"F\"]}","{\"0\":\"D\",\"1\":4,\"2\":[213,\"0*UG?{\",893,{\"157\":5.811867245860105e+307,\"w\":655,\"#y\":\"\"},\"D\",\"{\",893,\"F\"]}","{\"0\":\"{\",\"1\":5,\"2\":[213,\"0*UG?{\",893,{\"157\":5.811867245860105e+307,\"w\":655,\"#y\":\"\"},\"D\",\"{\",893,\"F\"]}","{\"0\":893,\"1\":6,\"2\":[213,\"0*UG?{\",893,{\"157\":5.811867245860105e+307,\"w\":655,\"#y\":\"\"},\"D\",\"{\",893,\"F\"]}","{\"0\":\"F\",\"1\":7,\"2\":[213,\"0*UG?{\",893,{\"157\":5.811867245860105e+307,\"w\":655,\"#y\":\"\"},\"D\",\"{\",893,\"F\"]}","{\"0\":213,\"1\":0,\"2\":[213,\"0*UG?{\",893,25,\"D\",\"{\",893,\"F\"]}","{\"0\":213,\"1\":0,\"2\":[213,\"0*UG?{\",893,25,\"D\",\"{\",893,\"F\"]}","{\"0\":213,\"1\":0,\"2\":[213,\"0*UG?{\",893,25,\"D\",\"{\",893,\"F\"]}","{\"0\":\"0*UG?{\",\"1\":1,\"2\":[213,\"0*UG?{\",893,25,\"D\",\"{\",893,\"F\"]}","{\"0\":893,\"1\":2,\"2\":[213,\"0*UG?{\",893,25,\"D\",\"{\",893,\"F\"]}","{\"0\":25,\"1\":3,\"2\":[213,\"0*UG?{\",893,25,\"D\",\"{\",893,\"F\"]}","{\"0\":\"D\",\"1\":4,\"2\":[213,\"0*UG?{\",893,25,\"D\",\"{\",893,\"F\"]}","{\"0\":\"{\",\"1\":5,\"2\":[213,\"0*UG?{\",893,25,\"D\",\"{\",893,\"F\"]}","{\"0\":893,\"1\":6,\"2\":[213,\"0*UG?{\",893,25,\"D\",\"{\",893,\"F\"]}","{\"0\":\"F\",\"1\":7,\"2\":[213,\"0*UG?{\",893,25,\"D\",\"{\",893,\"F\"]}"]}