{"baseObjects":["[705,null,122,403,783,242,true,242,null,25]","[705,969,122,6.302853463443628e+307,783,242,157,242]","[705,969,122,403,783,242,157,242]","[705,969,122,403,783,242,157,242]"],"returnObjects":[null,null,null,"\"Error\""],"callbackArgs":["{\"0\":705,\"1\":0,\"2\":[705,969,122,403,783,242,157,242]}","{\"0\":null,\"1\":1,\"2\":[705,null,122,403,783,242,true,242,null,25]}","{\"0\":122,\"1\":2,\"2\":[705,null,122,403,783,242,true,242,null,25]}","{\"0\":403,\"1\":3,\"2\":[705,null,122,403,783,242,true,242,null,25]}","{\"0\":783,\"1\":4,\"2\":[705,null,122,403,783,242,true,242,null,25]}","{\"0\":242,\"1\":5,\"2\":[705,null,122,403,783,242,true,242,null,25]}","{\"0\":true,\"1\":6,\"2\":[705,null,122,403,783,242,true,242,null,25]}","{\"0\":242,\"1\":7,\"2\":[705,null,122,403,783,242,true,242,null,25]}","{\"0\":705,\"1\":0,\"2\":[705,969,122,403,783,242,157,242]}","{\"0\":969,\"1\":1,\"2\":[705,969,122,6.302853463443628e+307,783,242,157,242]}","{\"0\":122,\"1\":2,\"2\":[705,969,122,6.302853463443628e+307,783,242,157,242]}","{\"0\":6.302853463443628e+307,\"1\":3,\"2\":[705,969,122,6.302853463443628e+307,783,242,157,242]}","{\"0\":783,\"1\":4,\"2\":[705,969,122,6.302853463443628e+307,783,242,157,242]}","{\"0\":242,\"1\":5,\"2\":[705,969,122,6.302853463443628e+307,783,242,157,242]}","{\"0\":157,\"1\":6,\"2\":[705,969,122,6.302853463443628e+307,783,242,157,242]}","{\"0\":242,\"1\":7,\"2\":[705,969,122,6.302853463443628e+307,783,242,157,242]}","{\"0\":705,\"1\":0,\"2\":[705,969,122,403,783,242,157,242]}","{\"0\":969,\"1\":1,\"2\":[705,969,122,403,783,242,157,242]}","{\"0\":122,\"1\":2,\"2\":[705,969,122,403,783,242,157,242]}","{\"0\":403,\"1\":3,\"2\":[705,969,122,403,783,242,157,242]}","{\"0\":783,\"1\":4,\"2\":[705,969,122,403,783,242,157,242]}","{\"0\":242,\"1\":5,\"2\":[705,969,122,403,783,242,157,242]}","{\"0\":157,\"1\":6,\"2\":[705,969,122,403,783,242,157,242]}","{\"0\":242,\"1\":7,\"2\":[705,969,122,403,783,242,157,242]}"]}