{"baseObjects":["[100,-1]","[100,-1]","[100,{\"126\":1.5767673710574408e+307,\"242\":\"\",\"403\":\"e_\",\"618\":\"A\",\"714\":\"\",\"\":823,\"1.5535970379771984e+307\":\"\",\"n\":\"o%\",\"1.0745167948887026e+308\":\"F,\"},null,true]","[100,-1]"],"returnObjects":[null,"\"Error\"",null,"\"Error\""],"callbackArgs":["{\"0\":100,\"1\":0,\"2\":[100,-1]}","{\"0\":-1,\"1\":1,\"2\":[100,-1]}","{\"0\":100,\"1\":0,\"2\":[100,-1]}","{\"0\":{\"126\":1.5767673710574408e+307,\"242\":\"\",\"403\":\"e_\",\"618\":\"A\",\"714\":\"\",\"\":823,\"1.5535970379771984e+307\":\"\",\"n\":\"o%\",\"1.0745167948887026e+308\":\"F,\"},\"1\":1,\"2\":[100,{\"126\":1.5767673710574408e+307,\"242\":\"\",\"403\":\"e_\",\"618\":\"A\",\"714\":\"\",\"\":823,\"1.5535970379771984e+307\":\"\",\"n\":\"o%\",\"1.0745167948887026e+308\":\"F,\"},null,true]}","{\"0\":100,\"1\":0,\"2\":[100,-1]}"]}