{"baseObjects":["[213,893,705,122,595,823,1.7976931348623157e+308]","[213,{\"5\":\"\",\"893\":3.740207321044044e+307,\"\":\"\"},705,122,595,823,1.7976931348623157e+308]","[213,893,705,122,595,823,1.7976931348623157e+308,null]","[213,893,705,122,595,823,1.7976931348623157e+308]"],"returnObjects":[null,null,null,"\"Error\""],"callbackArgs":["{\"0\":213,\"1\":0,\"2\":[213,893,705,122,595,823,1.7976931348623157e+308]}","{\"0\":893,\"1\":1,\"2\":[213,893,705,122,595,823,1.7976931348623157e+308]}","{\"0\":705,\"1\":2,\"2\":[213,893,705,122,595,823,1.7976931348623157e+308]}","{\"0\":122,\"1\":3,\"2\":[213,893,705,122,595,823,1.7976931348623157e+308]}","{\"0\":595,\"1\":4,\"2\":[213,893,705,122,595,823,1.7976931348623157e+308]}","{\"0\":823,\"1\":5,\"2\":[213,893,705,122,595,823,1.7976931348623157e+308]}","{\"0\":1.7976931348623157e+308,\"1\":6,\"2\":[213,893,705,122,595,823,1.7976931348623157e+308]}","{\"0\":213,\"1\":0,\"2\":[213,893,705,122,595,823,1.7976931348623157e+308]}","{\"0\":{\"5\":\"\",\"893\":3.740207321044044e+307,\"\":\"\"},\"1\":1,\"2\":[213,{\"5\":\"\",\"893\":3.740207321044044e+307,\"\":\"\"},705,122,595,823,1.7976931348623157e+308]}","{\"0\":705,\"1\":2,\"2\":[213,{\"5\":\"\",\"893\":3.740207321044044e+307,\"\":\"\"},705,122,595,823,1.7976931348623157e+308]}","{\"0\":122,\"1\":3,\"2\":[213,{\"5\":\"\",\"893\":3.740207321044044e+307,\"\":\"\"},705,122,595,823,1.7976931348623157e+308]}","{\"0\":595,\"1\":4,\"2\":[213,{\"5\":\"\",\"893\":3.740207321044044e+307,\"\":\"\"},705,122,595,823,1.7976931348623157e+308]}","{\"0\":823,\"1\":5,\"2\":[213,{\"5\":\"\",\"893\":3.740207321044044e+307,\"\":\"\"},705,122,595,823,1.7976931348623157e+308]}","{\"0\":1.7976931348623157e+308,\"1\":6,\"2\":[213,{\"5\":\"\",\"893\":3.740207321044044e+307,\"\":\"\"},705,122,595,823,1.7976931348623157e+308]}","{\"0\":213,\"1\":0,\"2\":[213,893,705,122,595,823,1.7976931348623157e+308]}","{\"0\":893,\"1\":1,\"2\":[213,893,705,122,595,823,1.7976931348623157e+308,null]}","{\"0\":705,\"1\":2,\"2\":[213,893,705,122,595,823,1.7976931348623157e+308,null]}","{\"0\":122,\"1\":3,\"2\":[213,893,705,122,595,823,1.7976931348623157e+308,null]}","{\"0\":595,\"1\":4,\"2\":[213,893,705,122,595,823,1.7976931348623157e+308,null]}","{\"0\":823,\"1\":5,\"2\":[213,893,705,122,595,823,1.7976931348623157e+308,null]}","{\"0\":1.7976931348623157e+308,\"1\":6,\"2\":[213,893,705,122,595,823,1.7976931348623157e+308,null]}"]}