{"baseObjects":["[\"(2\",607,122,595,\"s\",\"DV\",595,1.7976931348623157e+308,126,\"k\"]","[\"(2\",607,122,595,\"s\",\"DV\",595,1.7976931348623157e+308,126,\"k\"]","[\"(2\",607,122,595,\"s\",\"DV\",595,1.7976931348623157e+308,126,\"k\"]","[\"(2\",607,122,595,\"s\",\"DV\",595,1.7976931348623157e+308,126,\"k\"]"],"returnObjects":["\"Error\"","\"Error\"",null,"\"Error\""],"callbackArgs":["{\"0\":\"(2\",\"1\":0,\"2\":[\"(2\",607,122,595,\"s\",\"DV\",595,1.7976931348623157e+308,126,\"k\"]}","{\"0\":\"(2\",\"1\":0,\"2\":[\"(2\",607,122,595,\"s\",\"DV\",595,1.7976931348623157e+308,126,\"k\"]}","{\"0\":\"(2\",\"1\":0,\"2\":[\"(2\",607,122,595,\"s\",\"DV\",595,1.7976931348623157e+308,126,\"k\"]}","{\"0\":607,\"1\":1,\"2\":[\"(2\",607,122,595,\"s\",\"DV\",595,1.7976931348623157e+308,126,\"k\"]}","{\"0\":122,\"1\":2,\"2\":[\"(2\",607,122,595,\"s\",\"DV\",595,1.7976931348623157e+308,126,\"k\"]}","{\"0\":595,\"1\":3,\"2\":[\"(2\",607,122,595,\"s\",\"DV\",595,1.7976931348623157e+308,126,\"k\"]}","{\"0\":\"s\",\"1\":4,\"2\":[\"(2\",607,122,595,\"s\",\"DV\",595,1.7976931348623157e+308,126,\"k\"]}","{\"0\":\"DV\",\"1\":5,\"2\":[\"(2\",607,122,595,\"s\",\"DV\",595,1.7976931348623157e+308,126,\"k\"]}","{\"0\":595,\"1\":6,\"2\":[\"(2\",607,122,595,\"s\",\"DV\",595,1.7976931348623157e+308,126,\"k\"]}","{\"0\":1.7976931348623157e+308,\"1\":7,\"2\":[\"(2\",607,122,595,\"s\",\"DV\",595,1.7976931348623157e+308,126,\"k\"]}","{\"0\":126,\"1\":8,\"2\":[\"(2\",607,122,595,\"s\",\"DV\",595,1.7976931348623157e+308,126,\"k\"]}","{\"0\":\"k\",\"1\":9,\"2\":[\"(2\",607,122,595,\"s\",\"DV\",595,1.7976931348623157e+308,126,\"k\"]}","{\"0\":\"(2\",\"1\":0,\"2\":[\"(2\",607,122,595,\"s\",\"DV\",595,1.7976931348623157e+308,126,\"k\"]}"]}