{"baseObjects":["[893,783,1.7976931348623157e+308,122]","[{\"82\":\"\",\"843\":1.071161925977419e+308,\"969\":0,\"\":1.5125572232289595e+308,\"1.7909913073671624e+308\":1.5823749896730273e+308,\"8.328829717023045e+307\":\"*_n\",\"1.1943406884277645e+308\":59,\"1.3122648183075263e+308\":\"\",\"`M\":1.5564338992922785e+308,\"&+Q1NJ \":\"n\"},783,1.7976931348623157e+308,122]","[893,783,1.7976931348623157e+308,122]","[893,783,1.7976931348623157e+308,122]"],"returnObjects":["\"Error\"",null,"\"Error\"",null],"callbackArgs":["{\"0\":893,\"1\":0,\"2\":[893,783,1.7976931348623157e+308,122]}","{\"0\":893,\"1\":0,\"2\":[893,783,1.7976931348623157e+308,122]}","{\"0\":783,\"1\":1,\"2\":[{\"82\":\"\",\"843\":1.071161925977419e+308,\"969\":0,\"\":1.5125572232289595e+308,\"1.7909913073671624e+308\":1.5823749896730273e+308,\"8.328829717023045e+307\":\"*_n\",\"1.1943406884277645e+308\":59,\"1.3122648183075263e+308\":\"\",\"`M\":1.5564338992922785e+308,\"&+Q1NJ \":\"n\"},783,1.7976931348623157e+308,122]}","{\"0\":1.7976931348623157e+308,\"1\":2,\"2\":[{\"82\":\"\",\"843\":1.071161925977419e+308,\"969\":0,\"\":1.5125572232289595e+308,\"1.7909913073671624e+308\":1.5823749896730273e+308,\"8.328829717023045e+307\":\"*_n\",\"1.1943406884277645e+308\":59,\"1.3122648183075263e+308\":\"\",\"`M\":1.5564338992922785e+308,\"&+Q1NJ \":\"n\"},783,1.7976931348623157e+308,122]}","{\"0\":122,\"1\":3,\"2\":[{\"82\":\"\",\"843\":1.071161925977419e+308,\"969\":0,\"\":1.5125572232289595e+308,\"1.7909913073671624e+308\":1.5823749896730273e+308,\"8.328829717023045e+307\":\"*_n\",\"1.1943406884277645e+308\":59,\"1.3122648183075263e+308\":\"\",\"`M\":1.5564338992922785e+308,\"&+Q1NJ \":\"n\"},783,1.7976931348623157e+308,122]}","{\"0\":893,\"1\":0,\"2\":[893,783,1.7976931348623157e+308,122]}","{\"0\":893,\"1\":0,\"2\":[893,783,1.7976931348623157e+308,122]}","{\"0\":783,\"1\":1,\"2\":[893,783,1.7976931348623157e+308,122]}","{\"0\":1.7976931348623157e+308,\"1\":2,\"2\":[893,783,1.7976931348623157e+308,122]}","{\"0\":122,\"1\":3,\"2\":[893,783,1.7976931348623157e+308,122]}"]}