{"baseObjects":["[460,126,403,7.223483083470985e+307,823]","[460,126,403,{},823]","[460,\"\",403,49,823]","[460,126,403,49,823]"],"returnObjects":[null,null,null,"\"Error\""],"callbackArgs":["{\"0\":460,\"1\":0,\"2\":[460,126,403,49,823]}","{\"0\":126,\"1\":1,\"2\":[460,126,403,7.223483083470985e+307,823]}","{\"0\":403,\"1\":2,\"2\":[460,126,403,7.223483083470985e+307,823]}","{\"0\":7.223483083470985e+307,\"1\":3,\"2\":[460,126,403,7.223483083470985e+307,823]}","{\"0\":823,\"1\":4,\"2\":[460,126,403,7.223483083470985e+307,823]}","{\"0\":460,\"1\":0,\"2\":[460,126,403,49,823]}","{\"0\":126,\"1\":1,\"2\":[460,126,403,{},823]}","{\"0\":403,\"1\":2,\"2\":[460,126,403,{},823]}","{\"0\":{},\"1\":3,\"2\":[460,126,403,{},823]}","{\"0\":823,\"1\":4,\"2\":[460,126,403,{},823]}","{\"0\":460,\"1\":0,\"2\":[460,126,403,49,823]}","{\"0\":\"\",\"1\":1,\"2\":[460,\"\",403,49,823]}","{\"0\":403,\"1\":2,\"2\":[460,\"\",403,49,823]}","{\"0\":49,\"1\":3,\"2\":[460,\"\",403,49,823]}","{\"0\":823,\"1\":4,\"2\":[460,\"\",403,49,823]}","{\"0\":460,\"1\":0,\"2\":[460,126,403,49,823]}"]}