{"baseObjects":["[607,\"S\",157,9.446662418386418e+307,714,969]","[607,\"S\",157,\"_`EJ\",714,969]","[607,\"S\",157,\"_`EJ\",714,969,null,null,{\"705\":595,\"783\":\"\",\"8.301229057214023e+306\":\"r\",\"\":\"I(\",\"8-O=\":1.082150339279095e+308,\"o\":\"P\"}]","[1.7756574254751938e+307,\"S\",157,\"_`EJ\",714,969]"],"returnObjects":[null,null,null,"\"Error\""],"callbackArgs":["{\"0\":607,\"1\":0,\"2\":[607,\"S\",157,\"_`EJ\",714,969]}","{\"0\":\"S\",\"1\":1,\"2\":[607,\"S\",157,9.446662418386418e+307,714,969]}","{\"0\":157,\"1\":2,\"2\":[607,\"S\",157,9.446662418386418e+307,714,969]}","{\"0\":9.446662418386418e+307,\"1\":3,\"2\":[607,\"S\",157,9.446662418386418e+307,714,969]}","{\"0\":714,\"1\":4,\"2\":[607,\"S\",157,9.446662418386418e+307,714,969]}","{\"0\":969,\"1\":5,\"2\":[607,\"S\",157,9.446662418386418e+307,714,969]}","{\"0\":607,\"1\":0,\"2\":[607,\"S\",157,\"_`EJ\",714,969]}","{\"0\":\"S\",\"1\":1,\"2\":[607,\"S\",157,\"_`EJ\",714,969]}","{\"0\":157,\"1\":2,\"2\":[607,\"S\",157,\"_`EJ\",714,969]}","{\"0\":\"_`EJ\",\"1\":3,\"2\":[607,\"S\",157,\"_`EJ\",714,969]}","{\"0\":714,\"1\":4,\"2\":[607,\"S\",157,\"_`EJ\",714,969]}","{\"0\":969,\"1\":5,\"2\":[607,\"S\",157,\"_`EJ\",714,969]}","{\"0\":607,\"1\":0,\"2\":[607,\"S\",157,\"_`EJ\",714,969]}","{\"0\":\"S\",\"1\":1,\"2\":[607,\"S\",157,\"_`EJ\",714,969,null,null,{\"705\":595,\"783\":\"\",\"8.301229057214023e+306\":\"r\",\"\":\"I(\",\"8-O=\":1.082150339279095e+308,\"o\":\"P\"}]}","{\"0\":157,\"1\":2,\"2\":[607,\"S\",157,\"_`EJ\",714,969,null,null,{\"705\":595,\"783\":\"\",\"8.301229057214023e+306\":\"r\",\"\":\"I(\",\"8-O=\":1.082150339279095e+308,\"o\":\"P\"}]}","{\"0\":\"_`EJ\",\"1\":3,\"2\":[607,\"S\",157,\"_`EJ\",714,969,null,null,{\"705\":595,\"783\":\"\",\"8.301229057214023e+306\":\"r\",\"\":\"I(\",\"8-O=\":1.082150339279095e+308,\"o\":\"P\"}]}","{\"0\":714,\"1\":4,\"2\":[607,\"S\",157,\"_`EJ\",714,969,null,null,{\"705\":595,\"783\":\"\",\"8.301229057214023e+306\":\"r\",\"\":\"I(\",\"8-O=\":1.082150339279095e+308,\"o\":\"P\"}]}","{\"0\":969,\"1\":5,\"2\":[607,\"S\",157,\"_`EJ\",714,969,null,null,{\"705\":595,\"783\":\"\",\"8.301229057214023e+306\":\"r\",\"\":\"I(\",\"8-O=\":1.082150339279095e+308,\"o\":\"P\"}]}","{\"0\":607,\"1\":0,\"2\":[607,\"S\",157,\"_`EJ\",714,969]}"]}