{"baseObjects":["[100,-1,627,705,null,null,null,\"\"]","[100,-1,2.558242587860106e+307,705]","[100,-1,627,705]","[100,-1,627,705]"],"returnObjects":["\"Error\"",null,"\"Error\"","\"Error\""],"callbackArgs":["{\"0\":100,\"1\":0,\"2\":[100,-1,627,705]}","{\"0\":100,\"1\":0,\"2\":[100,-1,627,705]}","{\"0\":-1,\"1\":1,\"2\":[100,-1,2.558242587860106e+307,705]}","{\"0\":2.558242587860106e+307,\"1\":2,\"2\":[100,-1,2.558242587860106e+307,705]}","{\"0\":705,\"1\":3,\"2\":[100,-1,2.558242587860106e+307,705]}","{\"0\":100,\"1\":0,\"2\":[100,-1,627,705]}","{\"0\":100,\"1\":0,\"2\":[100,-1,627,705]}"]}