{"baseObjects":["[59,618,1.7976931348623157e+308,-1]","[59,618,1.7976931348623157e+308,-1]","[59,618,1.7976931348623157e+308,-1]","[59,618,1.7976931348623157e+308,-1]"],"returnObjects":["\"Error\"","\"Error\"",null,null],"callbackArgs":["{\"0\":59,\"1\":0,\"2\":[59,618,1.7976931348623157e+308,-1]}","{\"0\":59,\"1\":0,\"2\":[59,618,1.7976931348623157e+308,-1]}","{\"0\":59,\"1\":0,\"2\":[59,618,1.7976931348623157e+308,-1]}","{\"0\":618,\"1\":1,\"2\":[59,618,1.7976931348623157e+308,-1]}","{\"0\":1.7976931348623157e+308,\"1\":2,\"2\":[59,618,1.7976931348623157e+308,-1]}","{\"0\":-1,\"1\":3,\"2\":[59,618,1.7976931348623157e+308,-1]}","{\"0\":59,\"1\":0,\"2\":[59,618,1.7976931348623157e+308,-1]}","{\"0\":618,\"1\":1,\"2\":[59,618,1.7976931348623157e+308,-1]}","{\"0\":1.7976931348623157e+308,\"1\":2,\"2\":[59,618,1.7976931348623157e+308,-1]}","{\"0\":-1,\"1\":3,\"2\":[59,618,1.7976931348623157e+308,-1]}"]}