{"baseObjects":["[705,25,{\"714\":0,\"893\":157,\"9|\":6.039883032163697e+307,\"\":\"]}\",\"H\":0,\"1.6817615589410406e+308\":1.3742651775814065e+308},-100,{\"714\":4.736863204667712e+307,\"3.524507593816126e+307\":213,\"\":1.4859767706467873e+308,\"imjI\":4.760069439522623e+307,\"A\":\"x-\",\"7.503415553245377e+307\":\"\",\"J\":\"\",\"h\":\"v\",\"ag\":8.618193939830369e+307,\"9.434554395547539e+307\":823},\"y\",122,\"p\"]","[705,25,\"_\",-100,627,\"y\",122,\"p\"]","[705,25,\"_\",-100,627,\"y\",122,\"p\"]","[705,25,\"_\",-100,627,\"y\",122,\"p\"]"],"returnObjects":[null,"\"Error\"",null,"\"Error\""],"callbackArgs":["{\"0\":705,\"1\":0,\"2\":[705,25,\"_\",-100,627,\"y\",122,\"p\"]}","{\"0\":25,\"1\":1,\"2\":[705,25,{\"714\":0,\"893\":157,\"9|\":6.039883032163697e+307,\"\":\"]}\",\"H\":0,\"1.6817615589410406e+308\":1.3742651775814065e+308},-100,{\"714\":4.736863204667712e+307,\"3.524507593816126e+307\":213,\"\":1.4859767706467873e+308,\"imjI\":4.760069439522623e+307,\"A\":\"x-\",\"7.503415553245377e+307\":\"\",\"J\":\"\",\"h\":\"v\",\"ag\":8.618193939830369e+307,\"9.434554395547539e+307\":823},\"y\",122,\"p\"]}","{\"0\":{\"714\":0,\"893\":157,\"9|\":6.039883032163697e+307,\"\":\"]}\",\"H\":0,\"1.6817615589410406e+308\":1.3742651775814065e+308},\"1\":2,\"2\":[705,25,{\"714\":0,\"893\":157,\"9|\":6.039883032163697e+307,\"\":\"]}\",\"H\":0,\"1.6817615589410406e+308\":1.3742651775814065e+308},-100,{\"714\":4.736863204667712e+307,\"3.524507593816126e+307\":213,\"\":1.4859767706467873e+308,\"imjI\":4.760069439522623e+307,\"A\":\"x-\",\"7.503415553245377e+307\":\"\",\"J\":\"\",\"h\":\"v\",\"ag\":8.618193939830369e+307,\"9.434554395547539e+307\":823},\"y\",122,\"p\"]}","{\"0\":-100,\"1\":3,\"2\":[705,25,{\"714\":0,\"893\":157,\"9|\":6.039883032163697e+307,\"\":\"]}\",\"H\":0,\"1.6817615589410406e+308\":1.3742651775814065e+308},-100,{\"714\":4.736863204667712e+307,\"3.524507593816126e+307\":213,\"\":1.4859767706467873e+308,\"imjI\":4.760069439522623e+307,\"A\":\"x-\",\"7.503415553245377e+307\":\"\",\"J\":\"\",\"h\":\"v\",\"ag\":8.618193939830369e+307,\"9.434554395547539e+307\":823},\"y\",122,\"p\"]}","{\"0\":{\"714\":4.736863204667712e+307,\"3.524507593816126e+307\":213,\"\":1.4859767706467873e+308,\"imjI\":4.760069439522623e+307,\"A\":\"x-\",\"7.503415553245377e+307\":\"\",\"J\":\"\",\"h\":\"v\",\"ag\":8.618193939830369e+307,\"9.434554395547539e+307\":823},\"1\":4,\"2\":[705,25,{\"714\":0,\"893\":157,\"9|\":6.039883032163697e+307,\"\":\"]}\",\"H\":0,\"1.6817615589410406e+308\":1.3742651775814065e+308},-100,{\"714\":4.736863204667712e+307,\"3.524507593816126e+307\":213,\"\":1.4859767706467873e+308,\"imjI\":4.760069439522623e+307,\"A\":\"x-\",\"7.503415553245377e+307\":\"\",\"J\":\"\",\"h\":\"v\",\"ag\":8.618193939830369e+307,\"9.434554395547539e+307\":823},\"y\",122,\"p\"]}","{\"0\":\"y\",\"1\":5,\"2\":[705,25,{\"714\":0,\"893\":157,\"9|\":6.039883032163697e+307,\"\":\"]}\",\"H\":0,\"1.6817615589410406e+308\":1.3742651775814065e+308},-100,{\"714\":4.736863204667712e+307,\"3.524507593816126e+307\":213,\"\":1.4859767706467873e+308,\"imjI\":4.760069439522623e+307,\"A\":\"x-\",\"7.503415553245377e+307\":\"\",\"J\":\"\",\"h\":\"v\",\"ag\":8.618193939830369e+307,\"9.434554395547539e+307\":823},\"y\",122,\"p\"]}","{\"0\":122,\"1\":6,\"2\":[705,25,{\"714\":0,\"893\":157,\"9|\":6.039883032163697e+307,\"\":\"]}\",\"H\":0,\"1.6817615589410406e+308\":1.3742651775814065e+308},-100,{\"714\":4.736863204667712e+307,\"3.524507593816126e+307\":213,\"\":1.4859767706467873e+308,\"imjI\":4.760069439522623e+307,\"A\":\"x-\",\"7.503415553245377e+307\":\"\",\"J\":\"\",\"h\":\"v\",\"ag\":8.618193939830369e+307,\"9.434554395547539e+307\":823},\"y\",122,\"p\"]}","{\"0\":\"p\",\"1\":7,\"2\":[705,25,{\"714\":0,\"893\":157,\"9|\":6.039883032163697e+307,\"\":\"]}\",\"H\":0,\"1.6817615589410406e+308\":1.3742651775814065e+308},-100,{\"714\":4.736863204667712e+307,\"3.524507593816126e+307\":213,\"\":1.4859767706467873e+308,\"imjI\":4.760069439522623e+307,\"A\":\"x-\",\"7.503415553245377e+307\":\"\",\"J\":\"\",\"h\":\"v\",\"ag\":8.618193939830369e+307,\"9.434554395547539e+307\":823},\"y\",122,\"p\"]}","{\"0\":705,\"1\":0,\"2\":[705,25,\"_\",-100,627,\"y\",122,\"p\"]}","{\"0\":705,\"1\":0,\"2\":[705,25,\"_\",-100,627,\"y\",122,\"p\"]}","{\"0\":25,\"1\":1,\"2\":[705,25,\"_\",-100,627,\"y\",122,\"p\"]}","{\"0\":\"_\",\"1\":2,\"2\":[705,25,\"_\",-100,627,\"y\",122,\"p\"]}","{\"0\":-100,\"1\":3,\"2\":[705,25,\"_\",-100,627,\"y\",122,\"p\"]}","{\"0\":627,\"1\":4,\"2\":[705,25,\"_\",-100,627,\"y\",122,\"p\"]}","{\"0\":\"y\",\"1\":5,\"2\":[705,25,\"_\",-100,627,\"y\",122,\"p\"]}","{\"0\":122,\"1\":6,\"2\":[705,25,\"_\",-100,627,\"y\",122,\"p\"]}","{\"0\":\"p\",\"1\":7,\"2\":[705,25,\"_\",-100,627,\"y\",122,\"p\"]}","{\"0\":705,\"1\":0,\"2\":[705,25,\"_\",-100,627,\"y\",122,\"p\"]}"]}