{"baseObjects":["[893,242,59,null,null,null,null,null,{\"82\":5e-324,\"\":\"\",\"1.7976931348623157e+308\":-1,\"1.1841138505739727e+308\":969,\"1.360630230240399e+308\":\"A-\"}]","[893,242,59,null,null,\"v2\"]","[893,242,59]","[893,242,59]"],"returnObjects":[null,null,"\"Error\"","\"Error\""],"callbackArgs":["{\"0\":893,\"1\":0,\"2\":[893,242,59]}","{\"0\":242,\"1\":1,\"2\":[893,242,59,null,null,null,null,null,{\"82\":5e-324,\"\":\"\",\"1.7976931348623157e+308\":-1,\"1.1841138505739727e+308\":969,\"1.360630230240399e+308\":\"A-\"}]}","{\"0\":59,\"1\":2,\"2\":[893,242,59,null,null,null,null,null,{\"82\":5e-324,\"\":\"\",\"1.7976931348623157e+308\":-1,\"1.1841138505739727e+308\":969,\"1.360630230240399e+308\":\"A-\"}]}","{\"0\":893,\"1\":0,\"2\":[893,242,59]}","{\"0\":242,\"1\":1,\"2\":[893,242,59,null,null,\"v2\"]}","{\"0\":59,\"1\":2,\"2\":[893,242,59,null,null,\"v2\"]}","{\"0\":893,\"1\":0,\"2\":[893,242,59]}","{\"0\":893,\"1\":0,\"2\":[893,242,59]}"]}