{"baseObjects":["[122,213,460,893,893,595,627,783,893,1.7976931348623157e+308]","[122,213,460,893,893,null,627,783,893,1.7976931348623157e+308]","[122,213,460,893,893,595,627,783,893,1.7976931348623157e+308]","[122,213,460,893,893,595,627,783,893,1.7976931348623157e+308]"],"returnObjects":[null,null,"\"Error\"","\"Error\""],"callbackArgs":["{\"0\":122,\"1\":0,\"2\":[122,213,460,893,893,595,627,783,893,1.7976931348623157e+308]}","{\"0\":213,\"1\":1,\"2\":[122,213,460,893,893,595,627,783,893,1.7976931348623157e+308]}","{\"0\":460,\"1\":2,\"2\":[122,213,460,893,893,595,627,783,893,1.7976931348623157e+308]}","{\"0\":893,\"1\":3,\"2\":[122,213,460,893,893,595,627,783,893,1.7976931348623157e+308]}","{\"0\":893,\"1\":4,\"2\":[122,213,460,893,893,595,627,783,893,1.7976931348623157e+308]}","{\"0\":595,\"1\":5,\"2\":[122,213,460,893,893,595,627,783,893,1.7976931348623157e+308]}","{\"0\":627,\"1\":6,\"2\":[122,213,460,893,893,595,627,783,893,1.7976931348623157e+308]}","{\"0\":783,\"1\":7,\"2\":[122,213,460,893,893,595,627,783,893,1.7976931348623157e+308]}","{\"0\":893,\"1\":8,\"2\":[122,213,460,893,893,595,627,783,893,1.7976931348623157e+308]}","{\"0\":1.7976931348623157e+308,\"1\":9,\"2\":[122,213,460,893,893,595,627,783,893,1.7976931348623157e+308]}","{\"0\":122,\"1\":0,\"2\":[122,213,460,893,893,595,627,783,893,1.7976931348623157e+308]}","{\"0\":213,\"1\":1,\"2\":[122,213,460,893,893,null,627,783,893,1.7976931348623157e+308]}","{\"0\":460,\"1\":2,\"2\":[122,213,460,893,893,null,627,783,893,1.7976931348623157e+308]}","{\"0\":893,\"1\":3,\"2\":[122,213,460,893,893,null,627,783,893,1.7976931348623157e+308]}","{\"0\":893,\"1\":4,\"2\":[122,213,460,893,893,null,627,783,893,1.7976931348623157e+308]}","{\"0\":null,\"1\":5,\"2\":[122,213,460,893,893,null,627,783,893,1.7976931348623157e+308]}","{\"0\":627,\"1\":6,\"2\":[122,213,460,893,893,null,627,783,893,1.7976931348623157e+308]}","{\"0\":783,\"1\":7,\"2\":[122,213,460,893,893,null,627,783,893,1.7976931348623157e+308]}","{\"0\":893,\"1\":8,\"2\":[122,213,460,893,893,null,627,783,893,1.7976931348623157e+308]}","{\"0\":1.7976931348623157e+308,\"1\":9,\"2\":[122,213,460,893,893,null,627,783,893,1.7976931348623157e+308]}","{\"0\":122,\"1\":0,\"2\":[122,213,460,893,893,595,627,783,893,1.7976931348623157e+308]}","{\"0\":122,\"1\":0,\"2\":[122,213,460,893,893,595,627,783,893,1.7976931348623157e+308]}"]}