{"baseObjects":["[823,618,49,783]","[823,618,49,true,\"\"]","[823,618,49,783]","[823,[242,783,49,122,893,714,213,783,157],49,783,null,null,{\"783\":\"\",\"8.956179201625064e+307\":\"\"}]"],"returnObjects":["\"Error\"",null,null,null],"callbackArgs":["{\"0\":823,\"1\":0,\"2\":[823,618,49,783]}","{\"0\":823,\"1\":0,\"2\":[823,618,49,783]}","{\"0\":618,\"1\":1,\"2\":[823,618,49,true,\"\"]}","{\"0\":49,\"1\":2,\"2\":[823,618,49,true,\"\"]}","{\"0\":true,\"1\":3,\"2\":[823,618,49,true,\"\"]}","{\"0\":823,\"1\":0,\"2\":[823,618,49,783]}","{\"0\":618,\"1\":1,\"2\":[823,618,49,783]}","{\"0\":49,\"1\":2,\"2\":[823,618,49,783]}","{\"0\":783,\"1\":3,\"2\":[823,618,49,783]}","{\"0\":823,\"1\":0,\"2\":[823,618,49,783]}","{\"0\":[242,783,49,122,893,714,213,783,157],\"1\":1,\"2\":[823,[242,783,49,122,893,714,213,783,157],49,783,null,null,{\"783\":\"\",\"8.956179201625064e+307\":\"\"}]}","{\"0\":49,\"1\":2,\"2\":[823,[242,783,49,122,893,714,213,783,157],49,783,null,null,{\"783\":\"\",\"8.956179201625064e+307\":\"\"}]}","{\"0\":783,\"1\":3,\"2\":[823,[242,783,49,122,893,714,213,783,157],49,783,null,null,{\"783\":\"\",\"8.956179201625064e+307\":\"\"}]}"]}