{"baseObjects":["[1.7976931348623157e+308,-1,100,893,1.7976931348623157e+308,403,82,59,893]","[1.7976931348623157e+308,-1,100,893,1.7976931348623157e+308,403,null,59,893]","[1.7976931348623157e+308,-1,100,893,1.7976931348623157e+308,403,82,59,893,[100,969,59,714,0,122]]","[1.7976931348623157e+308,-1,100,893,1.7976931348623157e+308,403,82,59,893]"],"returnObjects":[null,null,null,"\"Error\""],"callbackArgs":["{\"0\":1.7976931348623157e+308,\"1\":0,\"2\":[1.7976931348623157e+308,-1,100,893,1.7976931348623157e+308,403,82,59,893]}","{\"0\":-1,\"1\":1,\"2\":[1.7976931348623157e+308,-1,100,893,1.7976931348623157e+308,403,82,59,893]}","{\"0\":100,\"1\":2,\"2\":[1.7976931348623157e+308,-1,100,893,1.7976931348623157e+308,403,82,59,893]}","{\"0\":893,\"1\":3,\"2\":[1.7976931348623157e+308,-1,100,893,1.7976931348623157e+308,403,82,59,893]}","{\"0\":1.7976931348623157e+308,\"1\":4,\"2\":[1.7976931348623157e+308,-1,100,893,1.7976931348623157e+308,403,82,59,893]}","{\"0\":403,\"1\":5,\"2\":[1.7976931348623157e+308,-1,100,893,1.7976931348623157e+308,403,82,59,893]}","{\"0\":82,\"1\":6,\"2\":[1.7976931348623157e+308,-1,100,893,1.7976931348623157e+308,403,82,59,893]}","{\"0\":59,\"1\":7,\"2\":[1.7976931348623157e+308,-1,100,893,1.7976931348623157e+308,403,82,59,893]}","{\"0\":893,\"1\":8,\"2\":[1.7976931348623157e+308,-1,100,893,1.7976931348623157e+308,403,82,59,893]}","{\"0\":1.7976931348623157e+308,\"1\":0,\"2\":[1.7976931348623157e+308,-1,100,893,1.7976931348623157e+308,403,82,59,893]}","{\"0\":-1,\"1\":1,\"2\":[1.7976931348623157e+308,-1,100,893,1.7976931348623157e+308,403,null,59,893]}","{\"0\":100,\"1\":2,\"2\":[1.7976931348623157e+308,-1,100,893,1.7976931348623157e+308,403,null,59,893]}","{\"0\":893,\"1\":3,\"2\":[1.7976931348623157e+308,-1,100,893,1.7976931348623157e+308,403,null,59,893]}","{\"0\":1.7976931348623157e+308,\"1\":4,\"2\":[1.7976931348623157e+308,-1,100,893,1.7976931348623157e+308,403,null,59,893]}","{\"0\":403,\"1\":5,\"2\":[1.7976931348623157e+308,-1,100,893,1.7976931348623157e+308,403,null,59,893]}","{\"0\":null,\"1\":6,\"2\":[1.7976931348623157e+308,-1,100,893,1.7976931348623157e+308,403,null,59,893]}","{\"0\":59,\"1\":7,\"2\":[1.7976931348623157e+308,-1,100,893,1.7976931348623157e+308,403,null,59,893]}","{\"0\":893,\"1\":8,\"2\":[1.7976931348623157e+308,-1,100,893,1.7976931348623157e+308,403,null,59,893]}","{\"0\":1.7976931348623157e+308,\"1\":0,\"2\":[1.7976931348623157e+308,-1,100,893,1.7976931348623157e+308,403,82,59,893]}","{\"0\":-1,\"1\":1,\"2\":[1.7976931348623157e+308,-1,100,893,1.7976931348623157e+308,403,82,59,893,[100,969,59,714,0,122]]}","{\"0\":100,\"1\":2,\"2\":[1.7976931348623157e+308,-1,100,893,1.7976931348623157e+308,403,82,59,893,[100,969,59,714,0,122]]}","{\"0\":893,\"1\":3,\"2\":[1.7976931348623157e+308,-1,100,893,1.7976931348623157e+308,403,82,59,893,[100,969,59,714,0,122]]}","{\"0\":1.7976931348623157e+308,\"1\":4,\"2\":[1.7976931348623157e+308,-1,100,893,1.7976931348623157e+308,403,82,59,893,[100,969,59,714,0,122]]}","{\"0\":403,\"1\":5,\"2\":[1.7976931348623157e+308,-1,100,893,1.7976931348623157e+308,403,82,59,893,[100,969,59,714,0,122]]}","{\"0\":82,\"1\":6,\"2\":[1.7976931348623157e+308,-1,100,893,1.7976931348623157e+308,403,82,59,893,[100,969,59,714,0,122]]}","{\"0\":59,\"1\":7,\"2\":[1.7976931348623157e+308,-1,100,893,1.7976931348623157e+308,403,82,59,893,[100,969,59,714,0,122]]}","{\"0\":893,\"1\":8,\"2\":[1.7976931348623157e+308,-1,100,893,1.7976931348623157e+308,403,82,59,893,[100,969,59,714,0,122]]}","{\"0\":1.7976931348623157e+308,\"1\":0,\"2\":[1.7976931348623157e+308,-1,100,893,1.7976931348623157e+308,403,82,59,893]}"]}