{"baseObjects":["[1.7976931348623157e+308,705,655,893,460,655,460]","[1.7976931348623157e+308,705,655,893,460,655,460]","[1.7976931348623157e+308,705,655,893,460,655,460]","[1.7976931348623157e+308,705,655,893,460,655,460]"],"returnObjects":[null,null,null,"\"Error\""],"callbackArgs":["{\"0\":1.7976931348623157e+308,\"1\":0,\"2\":[1.7976931348623157e+308,705,655,893,460,655,460]}","{\"0\":705,\"1\":1,\"2\":[1.7976931348623157e+308,705,655,893,460,655,460]}","{\"0\":655,\"1\":2,\"2\":[1.7976931348623157e+308,705,655,893,460,655,460]}","{\"0\":893,\"1\":3,\"2\":[1.7976931348623157e+308,705,655,893,460,655,460]}","{\"0\":460,\"1\":4,\"2\":[1.7976931348623157e+308,705,655,893,460,655,460]}","{\"0\":655,\"1\":5,\"2\":[1.7976931348623157e+308,705,655,893,460,655,460]}","{\"0\":460,\"1\":6,\"2\":[1.7976931348623157e+308,705,655,893,460,655,460]}","{\"0\":1.7976931348623157e+308,\"1\":0,\"2\":[1.7976931348623157e+308,705,655,893,460,655,460]}","{\"0\":705,\"1\":1,\"2\":[1.7976931348623157e+308,705,655,893,460,655,460]}","{\"0\":655,\"1\":2,\"2\":[1.7976931348623157e+308,705,655,893,460,655,460]}","{\"0\":893,\"1\":3,\"2\":[1.7976931348623157e+308,705,655,893,460,655,460]}","{\"0\":460,\"1\":4,\"2\":[1.7976931348623157e+308,705,655,893,460,655,460]}","{\"0\":655,\"1\":5,\"2\":[1.7976931348623157e+308,705,655,893,460,655,460]}","{\"0\":460,\"1\":6,\"2\":[1.7976931348623157e+308,705,655,893,460,655,460]}","{\"0\":1.7976931348623157e+308,\"1\":0,\"2\":[1.7976931348623157e+308,705,655,893,460,655,460]}","{\"0\":705,\"1\":1,\"2\":[1.7976931348623157e+308,705,655,893,460,655,460]}","{\"0\":655,\"1\":2,\"2\":[1.7976931348623157e+308,705,655,893,460,655,460]}","{\"0\":893,\"1\":3,\"2\":[1.7976931348623157e+308,705,655,893,460,655,460]}","{\"0\":460,\"1\":4,\"2\":[1.7976931348623157e+308,705,655,893,460,655,460]}","{\"0\":655,\"1\":5,\"2\":[1.7976931348623157e+308,705,655,893,460,655,460]}","{\"0\":460,\"1\":6,\"2\":[1.7976931348623157e+308,705,655,893,460,655,460]}","{\"0\":1.7976931348623157e+308,\"1\":0,\"2\":[1.7976931348623157e+308,705,655,893,460,655,460]}"]}