{"baseObjects":["[969,843,843,595]","[655,843,843,595,null,8.772965182542382e+307]","[655,843,843,595]","[655,843,843,595]"],"returnObjects":[null,null,null,"\"Error\""],"callbackArgs":["{\"0\":655,\"1\":0,\"2\":[655,843,843,595]}","{\"0\":843,\"1\":1,\"2\":[969,843,843,595]}","{\"0\":843,\"1\":2,\"2\":[969,843,843,595]}","{\"0\":595,\"1\":3,\"2\":[969,843,843,595]}","{\"0\":655,\"1\":0,\"2\":[655,843,843,595]}","{\"0\":843,\"1\":1,\"2\":[655,843,843,595,null,8.772965182542382e+307]}","{\"0\":843,\"1\":2,\"2\":[655,843,843,595,null,8.772965182542382e+307]}","{\"0\":595,\"1\":3,\"2\":[655,843,843,595,null,8.772965182542382e+307]}","{\"0\":655,\"1\":0,\"2\":[655,843,843,595]}","{\"0\":843,\"1\":1,\"2\":[655,843,843,595]}","{\"0\":843,\"1\":2,\"2\":[655,843,843,595]}","{\"0\":595,\"1\":3,\"2\":[655,843,843,595]}","{\"0\":655,\"1\":0,\"2\":[655,843,843,595]}"]}