{"baseObjects":["[618,null,403,157,49,122,823,25,618]","[618,969,{\"82\":607,\"126\":\"\",\"242\":595,\"@\":\"\",\"Q\":\"\",\"9.985183455646902e+307\":\"u%\",\"\":783,\"2.488642544068132e+307\":\"\"},157,49,122,823,25,618]","[618,969,403,157,49,122,823,25,618]","[618,969,403,157,49,122,823,25,618]"],"returnObjects":[null,null,null,"\"Error\""],"callbackArgs":["{\"0\":618,\"1\":0,\"2\":[618,969,403,157,49,122,823,25,618]}","{\"0\":null,\"1\":1,\"2\":[618,null,403,157,49,122,823,25,618]}","{\"0\":403,\"1\":2,\"2\":[618,null,403,157,49,122,823,25,618]}","{\"0\":157,\"1\":3,\"2\":[618,null,403,157,49,122,823,25,618]}","{\"0\":49,\"1\":4,\"2\":[618,null,403,157,49,122,823,25,618]}","{\"0\":122,\"1\":5,\"2\":[618,null,403,157,49,122,823,25,618]}","{\"0\":823,\"1\":6,\"2\":[618,null,403,157,49,122,823,25,618]}","{\"0\":25,\"1\":7,\"2\":[618,null,403,157,49,122,823,25,618]}","{\"0\":618,\"1\":8,\"2\":[618,null,403,157,49,122,823,25,618]}","{\"0\":618,\"1\":0,\"2\":[618,969,403,157,49,122,823,25,618]}","{\"0\":969,\"1\":1,\"2\":[618,969,{\"82\":607,\"126\":\"\",\"242\":595,\"@\":\"\",\"Q\":\"\",\"9.985183455646902e+307\":\"u%\",\"\":783,\"2.488642544068132e+307\":\"\"},157,49,122,823,25,618]}","{\"0\":{\"82\":607,\"126\":\"\",\"242\":595,\"@\":\"\",\"Q\":\"\",\"9.985183455646902e+307\":\"u%\",\"\":783,\"2.488642544068132e+307\":\"\"},\"1\":2,\"2\":[618,969,{\"82\":607,\"126\":\"\",\"242\":595,\"@\":\"\",\"Q\":\"\",\"9.985183455646902e+307\":\"u%\",\"\":783,\"2.488642544068132e+307\":\"\"},157,49,122,823,25,618]}","{\"0\":157,\"1\":3,\"2\":[618,969,{\"82\":607,\"126\":\"\",\"242\":595,\"@\":\"\",\"Q\":\"\",\"9.985183455646902e+307\":\"u%\",\"\":783,\"2.488642544068132e+307\":\"\"},157,49,122,823,25,618]}","{\"0\":49,\"1\":4,\"2\":[618,969,{\"82\":607,\"126\":\"\",\"242\":595,\"@\":\"\",\"Q\":\"\",\"9.985183455646902e+307\":\"u%\",\"\":783,\"2.488642544068132e+307\":\"\"},157,49,122,823,25,618]}","{\"0\":122,\"1\":5,\"2\":[618,969,{\"82\":607,\"126\":\"\",\"242\":595,\"@\":\"\",\"Q\":\"\",\"9.985183455646902e+307\":\"u%\",\"\":783,\"2.488642544068132e+307\":\"\"},157,49,122,823,25,618]}","{\"0\":823,\"1\":6,\"2\":[618,969,{\"82\":607,\"126\":\"\",\"242\":595,\"@\":\"\",\"Q\":\"\",\"9.985183455646902e+307\":\"u%\",\"\":783,\"2.488642544068132e+307\":\"\"},157,49,122,823,25,618]}","{\"0\":25,\"1\":7,\"2\":[618,969,{\"82\":607,\"126\":\"\",\"242\":595,\"@\":\"\",\"Q\":\"\",\"9.985183455646902e+307\":\"u%\",\"\":783,\"2.488642544068132e+307\":\"\"},157,49,122,823,25,618]}","{\"0\":618,\"1\":8,\"2\":[618,969,{\"82\":607,\"126\":\"\",\"242\":595,\"@\":\"\",\"Q\":\"\",\"9.985183455646902e+307\":\"u%\",\"\":783,\"2.488642544068132e+307\":\"\"},157,49,122,823,25,618]}","{\"0\":618,\"1\":0,\"2\":[618,969,403,157,49,122,823,25,618]}","{\"0\":969,\"1\":1,\"2\":[618,969,403,157,49,122,823,25,618]}","{\"0\":403,\"1\":2,\"2\":[618,969,403,157,49,122,823,25,618]}","{\"0\":157,\"1\":3,\"2\":[618,969,403,157,49,122,823,25,618]}","{\"0\":49,\"1\":4,\"2\":[618,969,403,157,49,122,823,25,618]}","{\"0\":122,\"1\":5,\"2\":[618,969,403,157,49,122,823,25,618]}","{\"0\":823,\"1\":6,\"2\":[618,969,403,157,49,122,823,25,618]}","{\"0\":25,\"1\":7,\"2\":[618,969,403,157,49,122,823,25,618]}","{\"0\":618,\"1\":8,\"2\":[618,969,403,157,49,122,823,25,618]}","{\"0\":618,\"1\":0,\"2\":[618,969,403,157,49,122,823,25,618]}"]}