{"baseObjects":["[1.7976931348623157e+308,59,1.7976931348623157e+308,25,213]","[1.7976931348623157e+308,59,1.7976931348623157e+308,25,213]","[1.7976931348623157e+308,59,1.7976931348623157e+308,25,-1,null,true,null,1.7019762214390235e+308]","[1.7976931348623157e+308,59,1.7976931348623157e+308,25,213]"],"returnObjects":[null,null,null,"\"Error\""],"callbackArgs":["{\"0\":1.7976931348623157e+308,\"1\":0,\"2\":[1.7976931348623157e+308,59,1.7976931348623157e+308,25,213]}","{\"0\":59,\"1\":1,\"2\":[1.7976931348623157e+308,59,1.7976931348623157e+308,25,213]}","{\"0\":1.7976931348623157e+308,\"1\":2,\"2\":[1.7976931348623157e+308,59,1.7976931348623157e+308,25,213]}","{\"0\":25,\"1\":3,\"2\":[1.7976931348623157e+308,59,1.7976931348623157e+308,25,213]}","{\"0\":213,\"1\":4,\"2\":[1.7976931348623157e+308,59,1.7976931348623157e+308,25,213]}","{\"0\":1.7976931348623157e+308,\"1\":0,\"2\":[1.7976931348623157e+308,59,1.7976931348623157e+308,25,213]}","{\"0\":59,\"1\":1,\"2\":[1.7976931348623157e+308,59,1.7976931348623157e+308,25,213]}","{\"0\":1.7976931348623157e+308,\"1\":2,\"2\":[1.7976931348623157e+308,59,1.7976931348623157e+308,25,213]}","{\"0\":25,\"1\":3,\"2\":[1.7976931348623157e+308,59,1.7976931348623157e+308,25,213]}","{\"0\":213,\"1\":4,\"2\":[1.7976931348623157e+308,59,1.7976931348623157e+308,25,213]}","{\"0\":1.7976931348623157e+308,\"1\":0,\"2\":[1.7976931348623157e+308,59,1.7976931348623157e+308,25,213]}","{\"0\":59,\"1\":1,\"2\":[1.7976931348623157e+308,59,1.7976931348623157e+308,25,-1,null,true,null,1.7019762214390235e+308]}","{\"0\":1.7976931348623157e+308,\"1\":2,\"2\":[1.7976931348623157e+308,59,1.7976931348623157e+308,25,-1,null,true,null,1.7019762214390235e+308]}","{\"0\":25,\"1\":3,\"2\":[1.7976931348623157e+308,59,1.7976931348623157e+308,25,-1,null,true,null,1.7019762214390235e+308]}","{\"0\":-1,\"1\":4,\"2\":[1.7976931348623157e+308,59,1.7976931348623157e+308,25,-1,null,true,null,1.7019762214390235e+308]}","{\"0\":1.7976931348623157e+308,\"1\":0,\"2\":[1.7976931348623157e+308,59,1.7976931348623157e+308,25,213]}"]}