{"baseObjects":["[9.43147008959047e+307,25,1.7976931348623157e+308,714,[1.7976931348623157e+308,0,618,607,-1,705,-100,893,157]]","[783,25,1.7976931348623157e+308,714,618]","[783,25,1.7976931348623157e+308,714,618]","[783,25,1.7976931348623157e+308,714,618]"],"returnObjects":[null,"\"Error\"",null,"\"Error\""],"callbackArgs":["{\"0\":783,\"1\":0,\"2\":[783,25,1.7976931348623157e+308,714,618]}","{\"0\":25,\"1\":1,\"2\":[9.43147008959047e+307,25,1.7976931348623157e+308,714,[1.7976931348623157e+308,0,618,607,-1,705,-100,893,157]]}","{\"0\":1.7976931348623157e+308,\"1\":2,\"2\":[9.43147008959047e+307,25,1.7976931348623157e+308,714,[1.7976931348623157e+308,0,618,607,-1,705,-100,893,157]]}","{\"0\":714,\"1\":3,\"2\":[9.43147008959047e+307,25,1.7976931348623157e+308,714,[1.7976931348623157e+308,0,618,607,-1,705,-100,893,157]]}","{\"0\":[1.7976931348623157e+308,0,618,607,-1,705,-100,893,157],\"1\":4,\"2\":[9.43147008959047e+307,25,1.7976931348623157e+308,714,[1.7976931348623157e+308,0,618,607,-1,705,-100,893,157]]}","{\"0\":783,\"1\":0,\"2\":[783,25,1.7976931348623157e+308,714,618]}","{\"0\":783,\"1\":0,\"2\":[783,25,1.7976931348623157e+308,714,618]}","{\"0\":25,\"1\":1,\"2\":[783,25,1.7976931348623157e+308,714,618]}","{\"0\":1.7976931348623157e+308,\"1\":2,\"2\":[783,25,1.7976931348623157e+308,714,618]}","{\"0\":714,\"1\":3,\"2\":[783,25,1.7976931348623157e+308,714,618]}","{\"0\":618,\"1\":4,\"2\":[783,25,1.7976931348623157e+308,714,618]}","{\"0\":783,\"1\":0,\"2\":[783,25,1.7976931348623157e+308,714,618]}"]}