{"baseObjects":["[627,49,893,null,{\"\":\"\",\"1.3391137942232045e+308\":1.5774325420797175e+308,\"4.760889827248847e+307\":\"\",\"eH\":893}]","[{\"1.5647838073499416e+308\":\"^\",\"\":\"\"},49,893]","[627,49,893]","[627,49,893,null,null,null,null,null,null,true]"],"returnObjects":[null,null,"\"Error\"",null],"callbackArgs":["{\"0\":627,\"1\":0,\"2\":[627,49,893]}","{\"0\":49,\"1\":1,\"2\":[627,49,893,null,{\"\":\"\",\"1.3391137942232045e+308\":1.5774325420797175e+308,\"4.760889827248847e+307\":\"\",\"eH\":893}]}","{\"0\":893,\"1\":2,\"2\":[627,49,893,null,{\"\":\"\",\"1.3391137942232045e+308\":1.5774325420797175e+308,\"4.760889827248847e+307\":\"\",\"eH\":893}]}","{\"0\":627,\"1\":0,\"2\":[627,49,893]}","{\"0\":49,\"1\":1,\"2\":[{\"1.5647838073499416e+308\":\"^\",\"\":\"\"},49,893]}","{\"0\":893,\"1\":2,\"2\":[{\"1.5647838073499416e+308\":\"^\",\"\":\"\"},49,893]}","{\"0\":627,\"1\":0,\"2\":[627,49,893]}","{\"0\":627,\"1\":0,\"2\":[627,49,893]}","{\"0\":49,\"1\":1,\"2\":[627,49,893,null,null,null,null,null,null,true]}","{\"0\":893,\"1\":2,\"2\":[627,49,893,null,null,null,null,null,null,true]}"]}