{"baseObjects":["[242,627,705,783,82,null,8.374076303298309e+307]","[242,627,705,783,82,\"\"]","[242,627,705,783,82]","[242,627,705,783,82]"],"returnObjects":[null,null,"\"Error\"","\"Error\""],"callbackArgs":["{\"0\":242,\"1\":0,\"2\":[242,627,705,783,82]}","{\"0\":627,\"1\":1,\"2\":[242,627,705,783,82,null,8.374076303298309e+307]}","{\"0\":705,\"1\":2,\"2\":[242,627,705,783,82,null,8.374076303298309e+307]}","{\"0\":783,\"1\":3,\"2\":[242,627,705,783,82,null,8.374076303298309e+307]}","{\"0\":82,\"1\":4,\"2\":[242,627,705,783,82,null,8.374076303298309e+307]}","{\"0\":242,\"1\":0,\"2\":[242,627,705,783,82]}","{\"0\":627,\"1\":1,\"2\":[242,627,705,783,82,\"\"]}","{\"0\":705,\"1\":2,\"2\":[242,627,705,783,82,\"\"]}","{\"0\":783,\"1\":3,\"2\":[242,627,705,783,82,\"\"]}","{\"0\":82,\"1\":4,\"2\":[242,627,705,783,82,\"\"]}","{\"0\":242,\"1\":0,\"2\":[242,627,705,783,82]}","{\"0\":242,\"1\":0,\"2\":[242,627,705,783,82]}"]}