{"baseObjects":["[157,403,157,25,655,843]","{\"403\":\"d\",\"705\":\"Ga<\",\"k\":6.837584749450906e+306,\"5.465249648727583e+307\":7.82970919205065e+307,\"J(1\":7.838815082105562e+307,\"\":1.7368174697975617e+308,\"+\":5.026476990898031e+307,\"2.5163546701048096e+307\":\"W2iT\",\"1.634136750364939e+308\":\"\",\"6V\":969}","[157,403,157,25,655,843]","[157,403,157,25,655,843,null,null,true]"],"returnObjects":[null,"\"Error\"",null,null],"callbackArgs":["{\"0\":157,\"1\":0,\"2\":[157,403,157,25,655,843]}","{\"0\":403,\"1\":1,\"2\":[157,403,157,25,655,843]}","{\"0\":157,\"1\":2,\"2\":[157,403,157,25,655,843]}","{\"0\":25,\"1\":3,\"2\":[157,403,157,25,655,843]}","{\"0\":655,\"1\":4,\"2\":[157,403,157,25,655,843]}","{\"0\":843,\"1\":5,\"2\":[157,403,157,25,655,843]}","{\"0\":157,\"1\":0,\"2\":[157,403,157,25,655,843]}","{\"0\":157,\"1\":0,\"2\":[157,403,157,25,655,843]}","{\"0\":403,\"1\":1,\"2\":[157,403,157,25,655,843]}","{\"0\":157,\"1\":2,\"2\":[157,403,157,25,655,843]}","{\"0\":25,\"1\":3,\"2\":[157,403,157,25,655,843]}","{\"0\":655,\"1\":4,\"2\":[157,403,157,25,655,843]}","{\"0\":843,\"1\":5,\"2\":[157,403,157,25,655,843]}","{\"0\":157,\"1\":0,\"2\":[157,403,157,25,655,843]}","{\"0\":403,\"1\":1,\"2\":[157,403,157,25,655,843,null,null,true]}","{\"0\":157,\"1\":2,\"2\":[157,403,157,25,655,843,null,null,true]}","{\"0\":25,\"1\":3,\"2\":[157,403,157,25,655,843,null,null,true]}","{\"0\":655,\"1\":4,\"2\":[157,403,157,25,655,843,null,null,true]}","{\"0\":843,\"1\":5,\"2\":[157,403,157,25,655,843,null,null,true]}"]}