{"baseObjects":["[100,59,122,714,595,-100,126,126,607,{}]","[100,59,122,714,595,-100,126,126,[\"W\",\"g\",\"nq\",\"m\"]]","[100,59,{\"126\":\"\",\"\":\"\",\"=\":\"\",\"ny\":2.4921324459673097e+307},714,595,-100,126,126,607]","[100,59,122,714,595,-100,126,126,607]"],"returnObjects":[null,null,null,null],"callbackArgs":["{\"0\":100,\"1\":0,\"2\":[100,59,122,714,595,-100,126,126,607]}","{\"0\":59,\"1\":1,\"2\":[100,59,122,714,595,-100,126,126,607,{}]}","{\"0\":122,\"1\":2,\"2\":[100,59,122,714,595,-100,126,126,607,{}]}","{\"0\":714,\"1\":3,\"2\":[100,59,122,714,595,-100,126,126,607,{}]}","{\"0\":595,\"1\":4,\"2\":[100,59,122,714,595,-100,126,126,607,{}]}","{\"0\":-100,\"1\":5,\"2\":[100,59,122,714,595,-100,126,126,607,{}]}","{\"0\":126,\"1\":6,\"2\":[100,59,122,714,595,-100,126,126,607,{}]}","{\"0\":126,\"1\":7,\"2\":[100,59,122,714,595,-100,126,126,607,{}]}","{\"0\":607,\"1\":8,\"2\":[100,59,122,714,595,-100,126,126,607,{}]}","{\"0\":100,\"1\":0,\"2\":[100,59,122,714,595,-100,126,126,607]}","{\"0\":59,\"1\":1,\"2\":[100,59,122,714,595,-100,126,126,[\"W\",\"g\",\"nq\",\"m\"]]}","{\"0\":122,\"1\":2,\"2\":[100,59,122,714,595,-100,126,126,[\"W\",\"g\",\"nq\",\"m\"]]}","{\"0\":714,\"1\":3,\"2\":[100,59,122,714,595,-100,126,126,[\"W\",\"g\",\"nq\",\"m\"]]}","{\"0\":595,\"1\":4,\"2\":[100,59,122,714,595,-100,126,126,[\"W\",\"g\",\"nq\",\"m\"]]}","{\"0\":-100,\"1\":5,\"2\":[100,59,122,714,595,-100,126,126,[\"W\",\"g\",\"nq\",\"m\"]]}","{\"0\":126,\"1\":6,\"2\":[100,59,122,714,595,-100,126,126,[\"W\",\"g\",\"nq\",\"m\"]]}","{\"0\":126,\"1\":7,\"2\":[100,59,122,714,595,-100,126,126,[\"W\",\"g\",\"nq\",\"m\"]]}","{\"0\":[\"W\",\"g\",\"nq\",\"m\"],\"1\":8,\"2\":[100,59,122,714,595,-100,126,126,[\"W\",\"g\",\"nq\",\"m\"]]}","{\"0\":100,\"1\":0,\"2\":[100,59,122,714,595,-100,126,126,607]}","{\"0\":59,\"1\":1,\"2\":[100,59,{\"126\":\"\",\"\":\"\",\"=\":\"\",\"ny\":2.4921324459673097e+307},714,595,-100,126,126,607]}","{\"0\":{\"126\":\"\",\"\":\"\",\"=\":\"\",\"ny\":2.4921324459673097e+307},\"1\":2,\"2\":[100,59,{\"126\":\"\",\"\":\"\",\"=\":\"\",\"ny\":2.4921324459673097e+307},714,595,-100,126,126,607]}","{\"0\":714,\"1\":3,\"2\":[100,59,{\"126\":\"\",\"\":\"\",\"=\":\"\",\"ny\":2.4921324459673097e+307},714,595,-100,126,126,607]}","{\"0\":595,\"1\":4,\"2\":[100,59,{\"126\":\"\",\"\":\"\",\"=\":\"\",\"ny\":2.4921324459673097e+307},714,595,-100,126,126,607]}","{\"0\":-100,\"1\":5,\"2\":[100,59,{\"126\":\"\",\"\":\"\",\"=\":\"\",\"ny\":2.4921324459673097e+307},714,595,-100,126,126,607]}","{\"0\":126,\"1\":6,\"2\":[100,59,{\"126\":\"\",\"\":\"\",\"=\":\"\",\"ny\":2.4921324459673097e+307},714,595,-100,126,126,607]}","{\"0\":126,\"1\":7,\"2\":[100,59,{\"126\":\"\",\"\":\"\",\"=\":\"\",\"ny\":2.4921324459673097e+307},714,595,-100,126,126,607]}","{\"0\":607,\"1\":8,\"2\":[100,59,{\"126\":\"\",\"\":\"\",\"=\":\"\",\"ny\":2.4921324459673097e+307},714,595,-100,126,126,607]}","{\"0\":100,\"1\":0,\"2\":[100,59,122,714,595,-100,126,126,607]}","{\"0\":59,\"1\":1,\"2\":[100,59,122,714,595,-100,126,126,607]}","{\"0\":122,\"1\":2,\"2\":[100,59,122,714,595,-100,126,126,607]}","{\"0\":714,\"1\":3,\"2\":[100,59,122,714,595,-100,126,126,607]}","{\"0\":595,\"1\":4,\"2\":[100,59,122,714,595,-100,126,126,607]}","{\"0\":-100,\"1\":5,\"2\":[100,59,122,714,595,-100,126,126,607]}","{\"0\":126,\"1\":6,\"2\":[100,59,122,714,595,-100,126,126,607]}","{\"0\":126,\"1\":7,\"2\":[100,59,122,714,595,-100,126,126,607]}","{\"0\":607,\"1\":8,\"2\":[100,59,122,714,595,-100,126,126,607]}"]}