{"baseObjects":["[595,823,213,1.7976931348623157e+308,460,783]","714","[595,823,213,1.7976931348623157e+308,460,783]","[595,823,213,1.7976931348623157e+308,460,783]"],"returnObjects":["\"Error\"",null,null,"\"Error\""],"callbackArgs":["{\"0\":595,\"1\":0,\"2\":[595,823,213,1.7976931348623157e+308,460,783]}","{\"0\":595,\"1\":0,\"2\":[595,823,213,1.7976931348623157e+308,460,783]}","{\"0\":823,\"1\":1,\"2\":[595,823,213,1.7976931348623157e+308,460,783]}","{\"0\":213,\"1\":2,\"2\":[595,823,213,1.7976931348623157e+308,460,783]}","{\"0\":1.7976931348623157e+308,\"1\":3,\"2\":[595,823,213,1.7976931348623157e+308,460,783]}","{\"0\":460,\"1\":4,\"2\":[595,823,213,1.7976931348623157e+308,460,783]}","{\"0\":783,\"1\":5,\"2\":[595,823,213,1.7976931348623157e+308,460,783]}","{\"0\":595,\"1\":0,\"2\":[595,823,213,1.7976931348623157e+308,460,783]}","{\"0\":823,\"1\":1,\"2\":[595,823,213,1.7976931348623157e+308,460,783]}","{\"0\":213,\"1\":2,\"2\":[595,823,213,1.7976931348623157e+308,460,783]}","{\"0\":1.7976931348623157e+308,\"1\":3,\"2\":[595,823,213,1.7976931348623157e+308,460,783]}","{\"0\":460,\"1\":4,\"2\":[595,823,213,1.7976931348623157e+308,460,783]}","{\"0\":783,\"1\":5,\"2\":[595,823,213,1.7976931348623157e+308,460,783]}","{\"0\":595,\"1\":0,\"2\":[595,823,213,1.7976931348623157e+308,460,783]}"]}