{"baseObjects":["[627,122,82,1.7976931348623157e+308,-100]","[627,122,82,1.7976931348623157e+308,-100]","[627,122,82,1.7976931348623157e+308,-100]","[627,122,82,1.7976931348623157e+308,-100]"],"returnObjects":[null,null,null,null],"callbackArgs":["{\"0\":627,\"1\":0,\"2\":[627,122,82,1.7976931348623157e+308,-100]}","{\"0\":122,\"1\":1,\"2\":[627,122,82,1.7976931348623157e+308,-100]}","{\"0\":82,\"1\":2,\"2\":[627,122,82,1.7976931348623157e+308,-100]}","{\"0\":1.7976931348623157e+308,\"1\":3,\"2\":[627,122,82,1.7976931348623157e+308,-100]}","{\"0\":-100,\"1\":4,\"2\":[627,122,82,1.7976931348623157e+308,-100]}","{\"0\":627,\"1\":0,\"2\":[627,122,82,1.7976931348623157e+308,-100]}","{\"0\":122,\"1\":1,\"2\":[627,122,82,1.7976931348623157e+308,-100]}","{\"0\":82,\"1\":2,\"2\":[627,122,82,1.7976931348623157e+308,-100]}","{\"0\":1.7976931348623157e+308,\"1\":3,\"2\":[627,122,82,1.7976931348623157e+308,-100]}","{\"0\":-100,\"1\":4,\"2\":[627,122,82,1.7976931348623157e+308,-100]}","{\"0\":627,\"1\":0,\"2\":[627,122,82,1.7976931348623157e+308,-100]}","{\"0\":122,\"1\":1,\"2\":[627,122,82,1.7976931348623157e+308,-100]}","{\"0\":82,\"1\":2,\"2\":[627,122,82,1.7976931348623157e+308,-100]}","{\"0\":1.7976931348623157e+308,\"1\":3,\"2\":[627,122,82,1.7976931348623157e+308,-100]}","{\"0\":-100,\"1\":4,\"2\":[627,122,82,1.7976931348623157e+308,-100]}","{\"0\":627,\"1\":0,\"2\":[627,122,82,1.7976931348623157e+308,-100]}","{\"0\":122,\"1\":1,\"2\":[627,122,82,1.7976931348623157e+308,-100]}","{\"0\":82,\"1\":2,\"2\":[627,122,82,1.7976931348623157e+308,-100]}","{\"0\":1.7976931348623157e+308,\"1\":3,\"2\":[627,122,82,1.7976931348623157e+308,-100]}","{\"0\":-100,\"1\":4,\"2\":[627,122,82,1.7976931348623157e+308,-100]}"]}