{"baseObjects":["[[618,157,1.7976931348623157e+308,157,714,242,5e-324,1.7976931348623157e+308,25,969],\"7?4a\",\";\",\"BI\",\"1z\",\"T\"]","[\"2\",\"7?4a\",\";\",\"BI\",\"1z\",\"T\"]","[\"2\",\"7?4a\",\";\",\"BI\",\"1z\",\"T\"]","[\"2\",\"7?4a\",\";\",\"BI\",\"1z\",\"T\"]"],"returnObjects":[null,"\"Error\"","\"Error\"","\"Error\""],"callbackArgs":["{\"0\":\"2\",\"1\":0,\"2\":[\"2\",\"7?4a\",\";\",\"BI\",\"1z\",\"T\"]}","{\"0\":\"7?4a\",\"1\":1,\"2\":[[618,157,1.7976931348623157e+308,157,714,242,5e-324,1.7976931348623157e+308,25,969],\"7?4a\",\";\",\"BI\",\"1z\",\"T\"]}","{\"0\":\";\",\"1\":2,\"2\":[[618,157,1.7976931348623157e+308,157,714,242,5e-324,1.7976931348623157e+308,25,969],\"7?4a\",\";\",\"BI\",\"1z\",\"T\"]}","{\"0\":\"BI\",\"1\":3,\"2\":[[618,157,1.7976931348623157e+308,157,714,242,5e-324,1.7976931348623157e+308,25,969],\"7?4a\",\";\",\"BI\",\"1z\",\"T\"]}","{\"0\":\"1z\",\"1\":4,\"2\":[[618,157,1.7976931348623157e+308,157,714,242,5e-324,1.7976931348623157e+308,25,969],\"7?4a\",\";\",\"BI\",\"1z\",\"T\"]}","{\"0\":\"T\",\"1\":5,\"2\":[[618,157,1.7976931348623157e+308,157,714,242,5e-324,1.7976931348623157e+308,25,969],\"7?4a\",\";\",\"BI\",\"1z\",\"T\"]}","{\"0\":\"2\",\"1\":0,\"2\":[\"2\",\"7?4a\",\";\",\"BI\",\"1z\",\"T\"]}","{\"0\":\"2\",\"1\":0,\"2\":[\"2\",\"7?4a\",\";\",\"BI\",\"1z\",\"T\"]}","{\"0\":\"2\",\"1\":0,\"2\":[\"2\",\"7?4a\",\";\",\"BI\",\"1z\",\"T\"]}"]}