{"baseObjects":["[213,705,59,595,0,82]","[213,705,59,595,0,82]","[213,6.615553436450114e+307,59,595,0,82]","[213,705,59,595,0,82]"],"returnObjects":[null,"\"Error\"",null,null],"callbackArgs":["{\"0\":213,\"1\":0,\"2\":[213,705,59,595,0,82]}","{\"0\":705,\"1\":1,\"2\":[213,705,59,595,0,82]}","{\"0\":59,\"1\":2,\"2\":[213,705,59,595,0,82]}","{\"0\":595,\"1\":3,\"2\":[213,705,59,595,0,82]}","{\"0\":0,\"1\":4,\"2\":[213,705,59,595,0,82]}","{\"0\":82,\"1\":5,\"2\":[213,705,59,595,0,82]}","{\"0\":213,\"1\":0,\"2\":[213,705,59,595,0,82]}","{\"0\":213,\"1\":0,\"2\":[213,705,59,595,0,82]}","{\"0\":6.615553436450114e+307,\"1\":1,\"2\":[213,6.615553436450114e+307,59,595,0,82]}","{\"0\":59,\"1\":2,\"2\":[213,6.615553436450114e+307,59,595,0,82]}","{\"0\":595,\"1\":3,\"2\":[213,6.615553436450114e+307,59,595,0,82]}","{\"0\":0,\"1\":4,\"2\":[213,6.615553436450114e+307,59,595,0,82]}","{\"0\":82,\"1\":5,\"2\":[213,6.615553436450114e+307,59,595,0,82]}","{\"0\":213,\"1\":0,\"2\":[213,705,59,595,0,82]}","{\"0\":705,\"1\":1,\"2\":[213,705,59,595,0,82]}","{\"0\":59,\"1\":2,\"2\":[213,705,59,595,0,82]}","{\"0\":595,\"1\":3,\"2\":[213,705,59,595,0,82]}","{\"0\":0,\"1\":4,\"2\":[213,705,59,595,0,82]}","{\"0\":82,\"1\":5,\"2\":[213,705,59,595,0,82]}"]}