{"baseObjects":["[1.7976931348623157e+308,100,705,-1]","[1.7976931348623157e+308,[\"8\",\";&\",\"i9\",\"w\",\"`\",\")l\",\"_3\",\"f\"],705,-1]","[1.7976931348623157e+308,100,705,-1]","[1.7976931348623157e+308,100,705,-1]"],"returnObjects":[null,null,null,"\"Error\""],"callbackArgs":["{\"0\":1.7976931348623157e+308,\"1\":0,\"2\":[1.7976931348623157e+308,100,705,-1]}","{\"0\":100,\"1\":1,\"2\":[1.7976931348623157e+308,100,705,-1]}","{\"0\":705,\"1\":2,\"2\":[1.7976931348623157e+308,100,705,-1]}","{\"0\":-1,\"1\":3,\"2\":[1.7976931348623157e+308,100,705,-1]}","{\"0\":1.7976931348623157e+308,\"1\":0,\"2\":[1.7976931348623157e+308,100,705,-1]}","{\"0\":[\"8\",\";&\",\"i9\",\"w\",\"`\",\")l\",\"_3\",\"f\"],\"1\":1,\"2\":[1.7976931348623157e+308,[\"8\",\";&\",\"i9\",\"w\",\"`\",\")l\",\"_3\",\"f\"],705,-1]}","{\"0\":705,\"1\":2,\"2\":[1.7976931348623157e+308,[\"8\",\";&\",\"i9\",\"w\",\"`\",\")l\",\"_3\",\"f\"],705,-1]}","{\"0\":-1,\"1\":3,\"2\":[1.7976931348623157e+308,[\"8\",\";&\",\"i9\",\"w\",\"`\",\")l\",\"_3\",\"f\"],705,-1]}","{\"0\":1.7976931348623157e+308,\"1\":0,\"2\":[1.7976931348623157e+308,100,705,-1]}","{\"0\":100,\"1\":1,\"2\":[1.7976931348623157e+308,100,705,-1]}","{\"0\":705,\"1\":2,\"2\":[1.7976931348623157e+308,100,705,-1]}","{\"0\":-1,\"1\":3,\"2\":[1.7976931348623157e+308,100,705,-1]}","{\"0\":1.7976931348623157e+308,\"1\":0,\"2\":[1.7976931348623157e+308,100,705,-1]}"]}