{"baseObjects":["[122,49,49,25]","[122,49,49,25]","[122,49,49,25,{\"2.798899790070099e+307\":\"-e<Ex\",\"3.0260537123502748e+307\":\"|L\",\"\":1.1708674359568054e+308}]","[122,49,49,25]"],"returnObjects":[null,null,"\"Error\"","\"Error\""],"callbackArgs":["{\"0\":122,\"1\":0,\"2\":[122,49,49,25]}","{\"0\":49,\"1\":1,\"2\":[122,49,49,25]}","{\"0\":49,\"1\":2,\"2\":[122,49,49,25]}","{\"0\":25,\"1\":3,\"2\":[122,49,49,25]}","{\"0\":122,\"1\":0,\"2\":[122,49,49,25]}","{\"0\":49,\"1\":1,\"2\":[122,49,49,25]}","{\"0\":49,\"1\":2,\"2\":[122,49,49,25]}","{\"0\":25,\"1\":3,\"2\":[122,49,49,25]}","{\"0\":122,\"1\":0,\"2\":[122,49,49,25]}","{\"0\":122,\"1\":0,\"2\":[122,49,49,25]}"]}