{"baseObjects":["[-1,1.7976931348623157e+308,969,403,25,1.7976931348623157e+308,126,213,122]","[-1,1.7976931348623157e+308,969,403,25,1.7976931348623157e+308,126,213,122]","[-1,1.7976931348623157e+308,969,403,25,1.7976931348623157e+308,126,213,122]","[-1,1.7976931348623157e+308,969,403,25,1.7976931348623157e+308,126,213,{\"0\":\"\",\"49\":460,\"-100\":5.788939132299474e+307,\"A\":\"F\",\"-\":\"\",\"\":893}]"],"returnObjects":["\"Error\"",null,"\"Error\"",null],"callbackArgs":["{\"0\":-1,\"1\":0,\"2\":[-1,1.7976931348623157e+308,969,403,25,1.7976931348623157e+308,126,213,122]}","{\"0\":-1,\"1\":0,\"2\":[-1,1.7976931348623157e+308,969,403,25,1.7976931348623157e+308,126,213,122]}","{\"0\":1.7976931348623157e+308,\"1\":1,\"2\":[-1,1.7976931348623157e+308,969,403,25,1.7976931348623157e+308,126,213,122]}","{\"0\":969,\"1\":2,\"2\":[-1,1.7976931348623157e+308,969,403,25,1.7976931348623157e+308,126,213,122]}","{\"0\":403,\"1\":3,\"2\":[-1,1.7976931348623157e+308,969,403,25,1.7976931348623157e+308,126,213,122]}","{\"0\":25,\"1\":4,\"2\":[-1,1.7976931348623157e+308,969,403,25,1.7976931348623157e+308,126,213,122]}","{\"0\":1.7976931348623157e+308,\"1\":5,\"2\":[-1,1.7976931348623157e+308,969,403,25,1.7976931348623157e+308,126,213,122]}","{\"0\":126,\"1\":6,\"2\":[-1,1.7976931348623157e+308,969,403,25,1.7976931348623157e+308,126,213,122]}","{\"0\":213,\"1\":7,\"2\":[-1,1.7976931348623157e+308,969,403,25,1.7976931348623157e+308,126,213,122]}","{\"0\":122,\"1\":8,\"2\":[-1,1.7976931348623157e+308,969,403,25,1.7976931348623157e+308,126,213,122]}","{\"0\":-1,\"1\":0,\"2\":[-1,1.7976931348623157e+308,969,403,25,1.7976931348623157e+308,126,213,122]}","{\"0\":-1,\"1\":0,\"2\":[-1,1.7976931348623157e+308,969,403,25,1.7976931348623157e+308,126,213,122]}","{\"0\":1.7976931348623157e+308,\"1\":1,\"2\":[-1,1.7976931348623157e+308,969,403,25,1.7976931348623157e+308,126,213,{\"0\":\"\",\"49\":460,\"-100\":5.788939132299474e+307,\"A\":\"F\",\"-\":\"\",\"\":893}]}","{\"0\":969,\"1\":2,\"2\":[-1,1.7976931348623157e+308,969,403,25,1.7976931348623157e+308,126,213,{\"0\":\"\",\"49\":460,\"-100\":5.788939132299474e+307,\"A\":\"F\",\"-\":\"\",\"\":893}]}","{\"0\":403,\"1\":3,\"2\":[-1,1.7976931348623157e+308,969,403,25,1.7976931348623157e+308,126,213,{\"0\":\"\",\"49\":460,\"-100\":5.788939132299474e+307,\"A\":\"F\",\"-\":\"\",\"\":893}]}","{\"0\":25,\"1\":4,\"2\":[-1,1.7976931348623157e+308,969,403,25,1.7976931348623157e+308,126,213,{\"0\":\"\",\"49\":460,\"-100\":5.788939132299474e+307,\"A\":\"F\",\"-\":\"\",\"\":893}]}","{\"0\":1.7976931348623157e+308,\"1\":5,\"2\":[-1,1.7976931348623157e+308,969,403,25,1.7976931348623157e+308,126,213,{\"0\":\"\",\"49\":460,\"-100\":5.788939132299474e+307,\"A\":\"F\",\"-\":\"\",\"\":893}]}","{\"0\":126,\"1\":6,\"2\":[-1,1.7976931348623157e+308,969,403,25,1.7976931348623157e+308,126,213,{\"0\":\"\",\"49\":460,\"-100\":5.788939132299474e+307,\"A\":\"F\",\"-\":\"\",\"\":893}]}","{\"0\":213,\"1\":7,\"2\":[-1,1.7976931348623157e+308,969,403,25,1.7976931348623157e+308,126,213,{\"0\":\"\",\"49\":460,\"-100\":5.788939132299474e+307,\"A\":\"F\",\"-\":\"\",\"\":893}]}","{\"0\":{\"0\":\"\",\"49\":460,\"-100\":5.788939132299474e+307,\"A\":\"F\",\"-\":\"\",\"\":893},\"1\":8,\"2\":[-1,1.7976931348623157e+308,969,403,25,1.7976931348623157e+308,126,213,{\"0\":\"\",\"49\":460,\"-100\":5.788939132299474e+307,\"A\":\"F\",\"-\":\"\",\"\":893}]}"]}