{"baseObjects":["[49,126,null,\">B\",627,242,607]","[49,126,25,\">B\",627,242,{\"705\":\"|\",\"843\":705,\"<\":\"Ib\",\"\":\"\",\"6.735408102791063e+307\":\"X\",\"-100\":2.317924096085026e+307}]","[49,126,25,\">B\",627,242,607,null,{\"5\":\"\",\"627\":\"\",\"714\":\"e=\",\"969\":\"x8\",\"L\":8.240952960374957e+307,\"\":\"!;\",\"k<b\":2.6133178693536796e+307,\"6.774146424567938e+307\":1.7121561290336313e+307,\"NrUx\":1.7387712272618494e+308,\"!j\":59},true]","[49,false,25,\">B\",627,242,607]"],"returnObjects":[null,null,null,null],"callbackArgs":["{\"0\":49,\"1\":0,\"2\":[49,126,25,\">B\",627,242,607]}","{\"0\":126,\"1\":1,\"2\":[49,126,null,\">B\",627,242,607]}","{\"0\":null,\"1\":2,\"2\":[49,126,null,\">B\",627,242,607]}","{\"0\":\">B\",\"1\":3,\"2\":[49,126,null,\">B\",627,242,607]}","{\"0\":627,\"1\":4,\"2\":[49,126,null,\">B\",627,242,607]}","{\"0\":242,\"1\":5,\"2\":[49,126,null,\">B\",627,242,607]}","{\"0\":607,\"1\":6,\"2\":[49,126,null,\">B\",627,242,607]}","{\"0\":49,\"1\":0,\"2\":[49,126,25,\">B\",627,242,607]}","{\"0\":126,\"1\":1,\"2\":[49,126,25,\">B\",627,242,{\"705\":\"|\",\"843\":705,\"<\":\"Ib\",\"\":\"\",\"6.735408102791063e+307\":\"X\",\"-100\":2.317924096085026e+307}]}","{\"0\":25,\"1\":2,\"2\":[49,126,25,\">B\",627,242,{\"705\":\"|\",\"843\":705,\"<\":\"Ib\",\"\":\"\",\"6.735408102791063e+307\":\"X\",\"-100\":2.317924096085026e+307}]}","{\"0\":\">B\",\"1\":3,\"2\":[49,126,25,\">B\",627,242,{\"705\":\"|\",\"843\":705,\"<\":\"Ib\",\"\":\"\",\"6.735408102791063e+307\":\"X\",\"-100\":2.317924096085026e+307}]}","{\"0\":627,\"1\":4,\"2\":[49,126,25,\">B\",627,242,{\"705\":\"|\",\"843\":705,\"<\":\"Ib\",\"\":\"\",\"6.735408102791063e+307\":\"X\",\"-100\":2.317924096085026e+307}]}","{\"0\":242,\"1\":5,\"2\":[49,126,25,\">B\",627,242,{\"705\":\"|\",\"843\":705,\"<\":\"Ib\",\"\":\"\",\"6.735408102791063e+307\":\"X\",\"-100\":2.317924096085026e+307}]}","{\"0\":{\"705\":\"|\",\"843\":705,\"<\":\"Ib\",\"\":\"\",\"6.735408102791063e+307\":\"X\",\"-100\":2.317924096085026e+307},\"1\":6,\"2\":[49,126,25,\">B\",627,242,{\"705\":\"|\",\"843\":705,\"<\":\"Ib\",\"\":\"\",\"6.735408102791063e+307\":\"X\",\"-100\":2.317924096085026e+307}]}","{\"0\":49,\"1\":0,\"2\":[49,126,25,\">B\",627,242,607]}","{\"0\":126,\"1\":1,\"2\":[49,126,25,\">B\",627,242,607,null,{\"5\":\"\",\"627\":\"\",\"714\":\"e=\",\"969\":\"x8\",\"L\":8.240952960374957e+307,\"\":\"!;\",\"k<b\":2.6133178693536796e+307,\"6.774146424567938e+307\":1.7121561290336313e+307,\"NrUx\":1.7387712272618494e+308,\"!j\":59},true]}","{\"0\":25,\"1\":2,\"2\":[49,126,25,\">B\",627,242,607,null,{\"5\":\"\",\"627\":\"\",\"714\":\"e=\",\"969\":\"x8\",\"L\":8.240952960374957e+307,\"\":\"!;\",\"k<b\":2.6133178693536796e+307,\"6.774146424567938e+307\":1.7121561290336313e+307,\"NrUx\":1.7387712272618494e+308,\"!j\":59},true]}","{\"0\":\">B\",\"1\":3,\"2\":[49,126,25,\">B\",627,242,607,null,{\"5\":\"\",\"627\":\"\",\"714\":\"e=\",\"969\":\"x8\",\"L\":8.240952960374957e+307,\"\":\"!;\",\"k<b\":2.6133178693536796e+307,\"6.774146424567938e+307\":1.7121561290336313e+307,\"NrUx\":1.7387712272618494e+308,\"!j\":59},true]}","{\"0\":627,\"1\":4,\"2\":[49,126,25,\">B\",627,242,607,null,{\"5\":\"\",\"627\":\"\",\"714\":\"e=\",\"969\":\"x8\",\"L\":8.240952960374957e+307,\"\":\"!;\",\"k<b\":2.6133178693536796e+307,\"6.774146424567938e+307\":1.7121561290336313e+307,\"NrUx\":1.7387712272618494e+308,\"!j\":59},true]}","{\"0\":242,\"1\":5,\"2\":[49,126,25,\">B\",627,242,607,null,{\"5\":\"\",\"627\":\"\",\"714\":\"e=\",\"969\":\"x8\",\"L\":8.240952960374957e+307,\"\":\"!;\",\"k<b\":2.6133178693536796e+307,\"6.774146424567938e+307\":1.7121561290336313e+307,\"NrUx\":1.7387712272618494e+308,\"!j\":59},true]}","{\"0\":607,\"1\":6,\"2\":[49,126,25,\">B\",627,242,607,null,{\"5\":\"\",\"627\":\"\",\"714\":\"e=\",\"969\":\"x8\",\"L\":8.240952960374957e+307,\"\":\"!;\",\"k<b\":2.6133178693536796e+307,\"6.774146424567938e+307\":1.7121561290336313e+307,\"NrUx\":1.7387712272618494e+308,\"!j\":59},true]}","{\"0\":49,\"1\":0,\"2\":[49,126,25,\">B\",627,242,607]}","{\"0\":false,\"1\":1,\"2\":[49,false,25,\">B\",627,242,607]}","{\"0\":25,\"1\":2,\"2\":[49,false,25,\">B\",627,242,607]}","{\"0\":\">B\",\"1\":3,\"2\":[49,false,25,\">B\",627,242,607]}","{\"0\":627,\"1\":4,\"2\":[49,false,25,\">B\",627,242,607]}","{\"0\":242,\"1\":5,\"2\":[49,false,25,\">B\",627,242,607]}","{\"0\":607,\"1\":6,\"2\":[49,false,25,\">B\",627,242,607]}"]}