{"baseObjects":["[655,49,893,618,59,783,607,100,714,1.7976931348623157e+308]","[655,49,893,618,59,783,607,1.2261380797748505e+308,714,1.7976931348623157e+308]","[655,49,893,618,59,783,607,100,null,1.7976931348623157e+308]","[655,49,893,618,59,783,607,100,714,1.7976931348623157e+308]"],"returnObjects":["\"Error\"",null,null,"\"Error\""],"callbackArgs":["{\"0\":655,\"1\":0,\"2\":[655,49,893,618,59,783,607,100,714,1.7976931348623157e+308]}","{\"0\":655,\"1\":0,\"2\":[655,49,893,618,59,783,607,100,714,1.7976931348623157e+308]}","{\"0\":49,\"1\":1,\"2\":[655,49,893,618,59,783,607,1.2261380797748505e+308,714,1.7976931348623157e+308]}","{\"0\":893,\"1\":2,\"2\":[655,49,893,618,59,783,607,1.2261380797748505e+308,714,1.7976931348623157e+308]}","{\"0\":618,\"1\":3,\"2\":[655,49,893,618,59,783,607,1.2261380797748505e+308,714,1.7976931348623157e+308]}","{\"0\":59,\"1\":4,\"2\":[655,49,893,618,59,783,607,1.2261380797748505e+308,714,1.7976931348623157e+308]}","{\"0\":783,\"1\":5,\"2\":[655,49,893,618,59,783,607,1.2261380797748505e+308,714,1.7976931348623157e+308]}","{\"0\":607,\"1\":6,\"2\":[655,49,893,618,59,783,607,1.2261380797748505e+308,714,1.7976931348623157e+308]}","{\"0\":1.2261380797748505e+308,\"1\":7,\"2\":[655,49,893,618,59,783,607,1.2261380797748505e+308,714,1.7976931348623157e+308]}","{\"0\":714,\"1\":8,\"2\":[655,49,893,618,59,783,607,1.2261380797748505e+308,714,1.7976931348623157e+308]}","{\"0\":1.7976931348623157e+308,\"1\":9,\"2\":[655,49,893,618,59,783,607,1.2261380797748505e+308,714,1.7976931348623157e+308]}","{\"0\":655,\"1\":0,\"2\":[655,49,893,618,59,783,607,100,714,1.7976931348623157e+308]}","{\"0\":49,\"1\":1,\"2\":[655,49,893,618,59,783,607,100,null,1.7976931348623157e+308]}","{\"0\":893,\"1\":2,\"2\":[655,49,893,618,59,783,607,100,null,1.7976931348623157e+308]}","{\"0\":618,\"1\":3,\"2\":[655,49,893,618,59,783,607,100,null,1.7976931348623157e+308]}","{\"0\":59,\"1\":4,\"2\":[655,49,893,618,59,783,607,100,null,1.7976931348623157e+308]}","{\"0\":783,\"1\":5,\"2\":[655,49,893,618,59,783,607,100,null,1.7976931348623157e+308]}","{\"0\":607,\"1\":6,\"2\":[655,49,893,618,59,783,607,100,null,1.7976931348623157e+308]}","{\"0\":100,\"1\":7,\"2\":[655,49,893,618,59,783,607,100,null,1.7976931348623157e+308]}","{\"0\":null,\"1\":8,\"2\":[655,49,893,618,59,783,607,100,null,1.7976931348623157e+308]}","{\"0\":1.7976931348623157e+308,\"1\":9,\"2\":[655,49,893,618,59,783,607,100,null,1.7976931348623157e+308]}","{\"0\":655,\"1\":0,\"2\":[655,49,893,618,59,783,607,100,714,1.7976931348623157e+308]}"]}