{"baseObjects":["[-1,618,25,595,1.7976931348623157e+308]","[-1,618,25,595,1.7976931348623157e+308]","[-1,618,25,595,1.7976931348623157e+308]","[-1,618,25,595,1.7976931348623157e+308]"],"returnObjects":["\"Error\"",null,null,"\"Error\""],"callbackArgs":["{\"0\":-1,\"1\":0,\"2\":[-1,618,25,595,1.7976931348623157e+308]}","{\"0\":-1,\"1\":0,\"2\":[-1,618,25,595,1.7976931348623157e+308]}","{\"0\":618,\"1\":1,\"2\":[-1,618,25,595,1.7976931348623157e+308]}","{\"0\":25,\"1\":2,\"2\":[-1,618,25,595,1.7976931348623157e+308]}","{\"0\":595,\"1\":3,\"2\":[-1,618,25,595,1.7976931348623157e+308]}","{\"0\":1.7976931348623157e+308,\"1\":4,\"2\":[-1,618,25,595,1.7976931348623157e+308]}","{\"0\":-1,\"1\":0,\"2\":[-1,618,25,595,1.7976931348623157e+308]}","{\"0\":618,\"1\":1,\"2\":[-1,618,25,595,1.7976931348623157e+308]}","{\"0\":25,\"1\":2,\"2\":[-1,618,25,595,1.7976931348623157e+308]}","{\"0\":595,\"1\":3,\"2\":[-1,618,25,595,1.7976931348623157e+308]}","{\"0\":1.7976931348623157e+308,\"1\":4,\"2\":[-1,618,25,595,1.7976931348623157e+308]}"]}