{"baseObjects":["[\"s\",\"*L\",242,783,1.7976931348623157e+308,{\"403\":8.429871286056824e+307,\"6.511262859542731e+307\":1.7976931348623157e+308,\"1.283704539492474e+308\":8.514729756570929e+307}]","[\"s\",\"*L\",242,783,1.7976931348623157e+308,\"$]\"]","[\"s\",\"*L\",242,783,1.7976931348623157e+308,\"$]\"]","[\"s\",\"*L\",242,783,1.7976931348623157e+308,\"$]\"]"],"returnObjects":[null,null,null,null],"callbackArgs":["{\"0\":\"s\",\"1\":0,\"2\":[\"s\",\"*L\",242,783,1.7976931348623157e+308,\"$]\"]}","{\"0\":\"*L\",\"1\":1,\"2\":[\"s\",\"*L\",242,783,1.7976931348623157e+308,{\"403\":8.429871286056824e+307,\"6.511262859542731e+307\":1.7976931348623157e+308,\"1.283704539492474e+308\":8.514729756570929e+307}]}","{\"0\":242,\"1\":2,\"2\":[\"s\",\"*L\",242,783,1.7976931348623157e+308,{\"403\":8.429871286056824e+307,\"6.511262859542731e+307\":1.7976931348623157e+308,\"1.283704539492474e+308\":8.514729756570929e+307}]}","{\"0\":783,\"1\":3,\"2\":[\"s\",\"*L\",242,783,1.7976931348623157e+308,{\"403\":8.429871286056824e+307,\"6.511262859542731e+307\":1.7976931348623157e+308,\"1.283704539492474e+308\":8.514729756570929e+307}]}","{\"0\":1.7976931348623157e+308,\"1\":4,\"2\":[\"s\",\"*L\",242,783,1.7976931348623157e+308,{\"403\":8.429871286056824e+307,\"6.511262859542731e+307\":1.7976931348623157e+308,\"1.283704539492474e+308\":8.514729756570929e+307}]}","{\"0\":{\"403\":8.429871286056824e+307,\"6.511262859542731e+307\":1.7976931348623157e+308,\"1.283704539492474e+308\":8.514729756570929e+307},\"1\":5,\"2\":[\"s\",\"*L\",242,783,1.7976931348623157e+308,{\"403\":8.429871286056824e+307,\"6.511262859542731e+307\":1.7976931348623157e+308,\"1.283704539492474e+308\":8.514729756570929e+307}]}","{\"0\":\"s\",\"1\":0,\"2\":[\"s\",\"*L\",242,783,1.7976931348623157e+308,\"$]\"]}","{\"0\":\"*L\",\"1\":1,\"2\":[\"s\",\"*L\",242,783,1.7976931348623157e+308,\"$]\"]}","{\"0\":242,\"1\":2,\"2\":[\"s\",\"*L\",242,783,1.7976931348623157e+308,\"$]\"]}","{\"0\":783,\"1\":3,\"2\":[\"s\",\"*L\",242,783,1.7976931348623157e+308,\"$]\"]}","{\"0\":1.7976931348623157e+308,\"1\":4,\"2\":[\"s\",\"*L\",242,783,1.7976931348623157e+308,\"$]\"]}","{\"0\":\"$]\",\"1\":5,\"2\":[\"s\",\"*L\",242,783,1.7976931348623157e+308,\"$]\"]}","{\"0\":\"s\",\"1\":0,\"2\":[\"s\",\"*L\",242,783,1.7976931348623157e+308,\"$]\"]}","{\"0\":\"*L\",\"1\":1,\"2\":[\"s\",\"*L\",242,783,1.7976931348623157e+308,\"$]\"]}","{\"0\":242,\"1\":2,\"2\":[\"s\",\"*L\",242,783,1.7976931348623157e+308,\"$]\"]}","{\"0\":783,\"1\":3,\"2\":[\"s\",\"*L\",242,783,1.7976931348623157e+308,\"$]\"]}","{\"0\":1.7976931348623157e+308,\"1\":4,\"2\":[\"s\",\"*L\",242,783,1.7976931348623157e+308,\"$]\"]}","{\"0\":\"$]\",\"1\":5,\"2\":[\"s\",\"*L\",242,783,1.7976931348623157e+308,\"$]\"]}","{\"0\":\"s\",\"1\":0,\"2\":[\"s\",\"*L\",242,783,1.7976931348623157e+308,\"$]\"]}","{\"0\":\"*L\",\"1\":1,\"2\":[\"s\",\"*L\",242,783,1.7976931348623157e+308,\"$]\"]}","{\"0\":242,\"1\":2,\"2\":[\"s\",\"*L\",242,783,1.7976931348623157e+308,\"$]\"]}","{\"0\":783,\"1\":3,\"2\":[\"s\",\"*L\",242,783,1.7976931348623157e+308,\"$]\"]}","{\"0\":1.7976931348623157e+308,\"1\":4,\"2\":[\"s\",\"*L\",242,783,1.7976931348623157e+308,\"$]\"]}","{\"0\":\"$]\",\"1\":5,\"2\":[\"s\",\"*L\",242,783,1.7976931348623157e+308,\"$]\"]}"]}