{"baseObjects":["[100,714,{\"4.918097315763634e+307\":2.35909000558932e+307},655]","[100,714,126,655,[126,-100,627,49,25]]","[100,714,126,-100,null,null,null,false]","[]"],"returnObjects":["\"Error\"",null,null,null],"callbackArgs":["{\"0\":100,\"1\":0,\"2\":[100,714,126,655]}","{\"0\":100,\"1\":0,\"2\":[100,714,126,655]}","{\"0\":714,\"1\":1,\"2\":[100,714,126,655,[126,-100,627,49,25]]}","{\"0\":126,\"1\":2,\"2\":[100,714,126,655,[126,-100,627,49,25]]}","{\"0\":655,\"1\":3,\"2\":[100,714,126,655,[126,-100,627,49,25]]}","{\"0\":100,\"1\":0,\"2\":[100,714,126,655]}","{\"0\":714,\"1\":1,\"2\":[100,714,126,-100,null,null,null,false]}","{\"0\":126,\"1\":2,\"2\":[100,714,126,-100,null,null,null,false]}","{\"0\":-100,\"1\":3,\"2\":[100,714,126,-100,null,null,null,false]}","{\"0\":100,\"1\":0,\"2\":[100,714,126,655]}"]}