{"baseObjects":["[655,100,893,595,460,893,843]","[655,null,893,595,460,893,843,{\"403\":213,\"823\":627,\"\":\"\",\"8.257342613678691e+307\":\"w\"}]","[655,100,893,595,460,893,843]","[655,100,893,595,460,893,843]"],"returnObjects":["\"Error\"",null,null,null],"callbackArgs":["{\"0\":655,\"1\":0,\"2\":[655,100,893,595,460,893,843]}","{\"0\":655,\"1\":0,\"2\":[655,100,893,595,460,893,843]}","{\"0\":null,\"1\":1,\"2\":[655,null,893,595,460,893,843,{\"403\":213,\"823\":627,\"\":\"\",\"8.257342613678691e+307\":\"w\"}]}","{\"0\":893,\"1\":2,\"2\":[655,null,893,595,460,893,843,{\"403\":213,\"823\":627,\"\":\"\",\"8.257342613678691e+307\":\"w\"}]}","{\"0\":595,\"1\":3,\"2\":[655,null,893,595,460,893,843,{\"403\":213,\"823\":627,\"\":\"\",\"8.257342613678691e+307\":\"w\"}]}","{\"0\":460,\"1\":4,\"2\":[655,null,893,595,460,893,843,{\"403\":213,\"823\":627,\"\":\"\",\"8.257342613678691e+307\":\"w\"}]}","{\"0\":893,\"1\":5,\"2\":[655,null,893,595,460,893,843,{\"403\":213,\"823\":627,\"\":\"\",\"8.257342613678691e+307\":\"w\"}]}","{\"0\":843,\"1\":6,\"2\":[655,null,893,595,460,893,843,{\"403\":213,\"823\":627,\"\":\"\",\"8.257342613678691e+307\":\"w\"}]}","{\"0\":655,\"1\":0,\"2\":[655,100,893,595,460,893,843]}","{\"0\":100,\"1\":1,\"2\":[655,100,893,595,460,893,843]}","{\"0\":893,\"1\":2,\"2\":[655,100,893,595,460,893,843]}","{\"0\":595,\"1\":3,\"2\":[655,100,893,595,460,893,843]}","{\"0\":460,\"1\":4,\"2\":[655,100,893,595,460,893,843]}","{\"0\":893,\"1\":5,\"2\":[655,100,893,595,460,893,843]}","{\"0\":843,\"1\":6,\"2\":[655,100,893,595,460,893,843]}","{\"0\":655,\"1\":0,\"2\":[655,100,893,595,460,893,843]}","{\"0\":100,\"1\":1,\"2\":[655,100,893,595,460,893,843]}","{\"0\":893,\"1\":2,\"2\":[655,100,893,595,460,893,843]}","{\"0\":595,\"1\":3,\"2\":[655,100,893,595,460,893,843]}","{\"0\":460,\"1\":4,\"2\":[655,100,893,595,460,893,843]}","{\"0\":893,\"1\":5,\"2\":[655,100,893,595,460,893,843]}","{\"0\":843,\"1\":6,\"2\":[655,100,893,595,460,893,843]}"]}