{"baseObjects":["false","[\"JI\",\"|y\",\"#\",\" \",\"[e\",\"O{\"]","[\"JI\",\"|y\",\"#\",\" \",\"[e\",\"O{\"]","[null,\"|y\",\"#\",\" \",false,\"O{\"]"],"returnObjects":[null,null,null,null],"callbackArgs":["{\"0\":\"JI\",\"1\":0,\"2\":[\"JI\",\"|y\",\"#\",\" \",\"[e\",\"O{\"]}","{\"0\":\"|y\",\"1\":1,\"2\":[\"JI\",\"|y\",\"#\",\" \",\"[e\",\"O{\",null,{\"0\":1.6610867528230685e+308,\"157\":\"\",\"!\":\"\",\"xyX\":1.527538244720325e+308,\"-100\":\"p\",\"\":3.398721440022345e+307,\"q}I|\":7.621331636621742e+307,\"2.6951586314819833e+307\":8.241119807771393e+307,\"A?S9\":\"\"}]}","{\"0\":\"#\",\"1\":2,\"2\":[\"JI\",\"|y\",\"#\",\" \",\"[e\",\"O{\",null,{\"0\":1.6610867528230685e+308,\"157\":\"\",\"!\":\"\",\"xyX\":1.527538244720325e+308,\"-100\":\"p\",\"\":3.398721440022345e+307,\"q}I|\":7.621331636621742e+307,\"2.6951586314819833e+307\":8.241119807771393e+307,\"A?S9\":\"\"}]}","{\"0\":\" \",\"1\":3,\"2\":[\"JI\",\"|y\",\"#\",\" \",\"[e\",\"O{\",null,{\"0\":1.6610867528230685e+308,\"157\":\"\",\"!\":\"\",\"xyX\":1.527538244720325e+308,\"-100\":\"p\",\"\":3.398721440022345e+307,\"q}I|\":7.621331636621742e+307,\"2.6951586314819833e+307\":8.241119807771393e+307,\"A?S9\":\"\"}]}","{\"0\":\"[e\",\"1\":4,\"2\":[\"JI\",\"|y\",\"#\",\" \",\"[e\",\"O{\",null,{\"0\":1.6610867528230685e+308,\"157\":\"\",\"!\":\"\",\"xyX\":1.527538244720325e+308,\"-100\":\"p\",\"\":3.398721440022345e+307,\"q}I|\":7.621331636621742e+307,\"2.6951586314819833e+307\":8.241119807771393e+307,\"A?S9\":\"\"}]}","{\"0\":\"O{\",\"1\":5,\"2\":[\"JI\",\"|y\",\"#\",\" \",\"[e\",\"O{\",null,{\"0\":1.6610867528230685e+308,\"157\":\"\",\"!\":\"\",\"xyX\":1.527538244720325e+308,\"-100\":\"p\",\"\":3.398721440022345e+307,\"q}I|\":7.621331636621742e+307,\"2.6951586314819833e+307\":8.241119807771393e+307,\"A?S9\":\"\"}]}","{\"0\":\"JI\",\"1\":0,\"2\":[\"JI\",\"|y\",\"#\",\" \",\"[e\",\"O{\"]}","{\"0\":\"|y\",\"1\":1,\"2\":[\"JI\",\"|y\",\"#\",\" \",\"[e\",\"O{\"]}","{\"0\":\"#\",\"1\":2,\"2\":[\"JI\",\"|y\",\"#\",\" \",\"[e\",\"O{\"]}","{\"0\":\" \",\"1\":3,\"2\":[\"JI\",\"|y\",\"#\",\" \",\"[e\",\"O{\"]}","{\"0\":\"[e\",\"1\":4,\"2\":[\"JI\",\"|y\",\"#\",\" \",\"[e\",\"O{\"]}","{\"0\":\"O{\",\"1\":5,\"2\":[\"JI\",\"|y\",\"#\",\" \",\"[e\",\"O{\"]}","{\"0\":\"JI\",\"1\":0,\"2\":[\"JI\",\"|y\",\"#\",\" \",\"[e\",\"O{\"]}","{\"0\":\"|y\",\"1\":1,\"2\":[\"JI\",\"|y\",\"#\",\" \",\"[e\",\"O{\"]}","{\"0\":\"#\",\"1\":2,\"2\":[\"JI\",\"|y\",\"#\",\" \",\"[e\",\"O{\"]}","{\"0\":\" \",\"1\":3,\"2\":[\"JI\",\"|y\",\"#\",\" \",\"[e\",\"O{\"]}","{\"0\":\"[e\",\"1\":4,\"2\":[\"JI\",\"|y\",\"#\",\" \",\"[e\",\"O{\"]}","{\"0\":\"O{\",\"1\":5,\"2\":[\"JI\",\"|y\",\"#\",\" \",\"[e\",\"O{\"]}","{\"0\":\"JI\",\"1\":0,\"2\":[\"JI\",\"|y\",\"#\",\" \",\"[e\",\"O{\"]}","{\"0\":\"|y\",\"1\":1,\"2\":[null,\"|y\",\"#\",\" \",false,\"O{\"]}","{\"0\":\"#\",\"1\":2,\"2\":[null,\"|y\",\"#\",\" \",false,\"O{\"]}","{\"0\":\" \",\"1\":3,\"2\":[null,\"|y\",\"#\",\" \",false,\"O{\"]}","{\"0\":false,\"1\":4,\"2\":[null,\"|y\",\"#\",\" \",false,\"O{\"]}","{\"0\":\"O{\",\"1\":5,\"2\":[null,\"|y\",\"#\",\" \",false,\"O{\"]}"]}