{"baseObjects":["[25,100,1.7976931348623157e+308,783,100,783,0]","[25,100,1.7976931348623157e+308,783,100,783,0]","[25,100,1.7976931348623157e+308,783,100,783,0]","[25,100,1.7976931348623157e+308,783,100,655,0]"],"returnObjects":[null,null,null,null],"callbackArgs":["{\"0\":25,\"1\":0,\"2\":[25,100,1.7976931348623157e+308,783,100,783,0]}","{\"0\":100,\"1\":1,\"2\":[25,100,1.7976931348623157e+308,783,100,783,0]}","{\"0\":1.7976931348623157e+308,\"1\":2,\"2\":[25,100,1.7976931348623157e+308,783,100,783,0]}","{\"0\":783,\"1\":3,\"2\":[25,100,1.7976931348623157e+308,783,100,783,0]}","{\"0\":100,\"1\":4,\"2\":[25,100,1.7976931348623157e+308,783,100,783,0]}","{\"0\":783,\"1\":5,\"2\":[25,100,1.7976931348623157e+308,783,100,783,0]}","{\"0\":0,\"1\":6,\"2\":[25,100,1.7976931348623157e+308,783,100,783,0]}","{\"0\":25,\"1\":0,\"2\":[25,100,1.7976931348623157e+308,783,100,783,0]}","{\"0\":100,\"1\":1,\"2\":[25,100,1.7976931348623157e+308,783,100,783,0]}","{\"0\":1.7976931348623157e+308,\"1\":2,\"2\":[25,100,1.7976931348623157e+308,783,100,783,0]}","{\"0\":783,\"1\":3,\"2\":[25,100,1.7976931348623157e+308,783,100,783,0]}","{\"0\":100,\"1\":4,\"2\":[25,100,1.7976931348623157e+308,783,100,783,0]}","{\"0\":783,\"1\":5,\"2\":[25,100,1.7976931348623157e+308,783,100,783,0]}","{\"0\":0,\"1\":6,\"2\":[25,100,1.7976931348623157e+308,783,100,783,0]}","{\"0\":25,\"1\":0,\"2\":[25,100,1.7976931348623157e+308,783,100,783,0]}","{\"0\":100,\"1\":1,\"2\":[25,100,1.7976931348623157e+308,783,100,783,0]}","{\"0\":1.7976931348623157e+308,\"1\":2,\"2\":[25,100,1.7976931348623157e+308,783,100,783,0]}","{\"0\":783,\"1\":3,\"2\":[25,100,1.7976931348623157e+308,783,100,783,0]}","{\"0\":100,\"1\":4,\"2\":[25,100,1.7976931348623157e+308,783,100,783,0]}","{\"0\":783,\"1\":5,\"2\":[25,100,1.7976931348623157e+308,783,100,783,0]}","{\"0\":0,\"1\":6,\"2\":[25,100,1.7976931348623157e+308,783,100,783,0]}","{\"0\":25,\"1\":0,\"2\":[25,100,1.7976931348623157e+308,783,100,783,0]}","{\"0\":100,\"1\":1,\"2\":[25,100,1.7976931348623157e+308,783,100,655,0]}","{\"0\":1.7976931348623157e+308,\"1\":2,\"2\":[25,100,1.7976931348623157e+308,783,100,655,0]}","{\"0\":783,\"1\":3,\"2\":[25,100,1.7976931348623157e+308,783,100,655,0]}","{\"0\":100,\"1\":4,\"2\":[25,100,1.7976931348623157e+308,783,100,655,0]}","{\"0\":655,\"1\":5,\"2\":[25,100,1.7976931348623157e+308,783,100,655,0]}","{\"0\":0,\"1\":6,\"2\":[25,100,1.7976931348623157e+308,783,100,655,0]}"]}