{"baseObjects":["[]","[\"SA\",0,1.5018022368003685e+307,\"Ca\",-1,705,\"oX&F|Cz%\",25]","[\"SA\",0,126,\"Ca\",{\"82\":1.2726462046693948e+308,\"8.654114738720045e+307\":\"0p\",\"5.343721425474771e+307\":9.035318497379853e+307},705,\"oX&F|Cz%\",25]","[\"SA\",0,126,\"Ca\",-1,705,\"oX&F|Cz%\",25]"],"returnObjects":[null,null,null,"\"Error\""],"callbackArgs":["{\"0\":\"SA\",\"1\":0,\"2\":[\"SA\",0,126,\"Ca\",-1,705,\"oX&F|Cz%\",25]}","{\"0\":\"SA\",\"1\":0,\"2\":[\"SA\",0,126,\"Ca\",-1,705,\"oX&F|Cz%\",25]}","{\"0\":0,\"1\":1,\"2\":[\"SA\",0,1.5018022368003685e+307,\"Ca\",-1,705,\"oX&F|Cz%\",25]}","{\"0\":1.5018022368003685e+307,\"1\":2,\"2\":[\"SA\",0,1.5018022368003685e+307,\"Ca\",-1,705,\"oX&F|Cz%\",25]}","{\"0\":\"Ca\",\"1\":3,\"2\":[\"SA\",0,1.5018022368003685e+307,\"Ca\",-1,705,\"oX&F|Cz%\",25]}","{\"0\":-1,\"1\":4,\"2\":[\"SA\",0,1.5018022368003685e+307,\"Ca\",-1,705,\"oX&F|Cz%\",25]}","{\"0\":705,\"1\":5,\"2\":[\"SA\",0,1.5018022368003685e+307,\"Ca\",-1,705,\"oX&F|Cz%\",25]}","{\"0\":\"oX&F|Cz%\",\"1\":6,\"2\":[\"SA\",0,1.5018022368003685e+307,\"Ca\",-1,705,\"oX&F|Cz%\",25]}","{\"0\":25,\"1\":7,\"2\":[\"SA\",0,1.5018022368003685e+307,\"Ca\",-1,705,\"oX&F|Cz%\",25]}","{\"0\":\"SA\",\"1\":0,\"2\":[\"SA\",0,126,\"Ca\",-1,705,\"oX&F|Cz%\",25]}","{\"0\":0,\"1\":1,\"2\":[\"SA\",0,126,\"Ca\",{\"82\":1.2726462046693948e+308,\"8.654114738720045e+307\":\"0p\",\"5.343721425474771e+307\":9.035318497379853e+307},705,\"oX&F|Cz%\",25]}","{\"0\":126,\"1\":2,\"2\":[\"SA\",0,126,\"Ca\",{\"82\":1.2726462046693948e+308,\"8.654114738720045e+307\":\"0p\",\"5.343721425474771e+307\":9.035318497379853e+307},705,\"oX&F|Cz%\",25]}","{\"0\":\"Ca\",\"1\":3,\"2\":[\"SA\",0,126,\"Ca\",{\"82\":1.2726462046693948e+308,\"8.654114738720045e+307\":\"0p\",\"5.343721425474771e+307\":9.035318497379853e+307},705,\"oX&F|Cz%\",25]}","{\"0\":{\"82\":1.2726462046693948e+308,\"8.654114738720045e+307\":\"0p\",\"5.343721425474771e+307\":9.035318497379853e+307},\"1\":4,\"2\":[\"SA\",0,126,\"Ca\",{\"82\":1.2726462046693948e+308,\"8.654114738720045e+307\":\"0p\",\"5.343721425474771e+307\":9.035318497379853e+307},705,\"oX&F|Cz%\",25]}","{\"0\":705,\"1\":5,\"2\":[\"SA\",0,126,\"Ca\",{\"82\":1.2726462046693948e+308,\"8.654114738720045e+307\":\"0p\",\"5.343721425474771e+307\":9.035318497379853e+307},705,\"oX&F|Cz%\",25]}","{\"0\":\"oX&F|Cz%\",\"1\":6,\"2\":[\"SA\",0,126,\"Ca\",{\"82\":1.2726462046693948e+308,\"8.654114738720045e+307\":\"0p\",\"5.343721425474771e+307\":9.035318497379853e+307},705,\"oX&F|Cz%\",25]}","{\"0\":25,\"1\":7,\"2\":[\"SA\",0,126,\"Ca\",{\"82\":1.2726462046693948e+308,\"8.654114738720045e+307\":\"0p\",\"5.343721425474771e+307\":9.035318497379853e+307},705,\"oX&F|Cz%\",25]}","{\"0\":\"SA\",\"1\":0,\"2\":[\"SA\",0,126,\"Ca\",-1,705,\"oX&F|Cz%\",25]}"]}