{"baseObjects":["[403,25,82,618,-100,1.7976931348623157e+308]","[403,25,82,618,-100,1.7976931348623157e+308]","[403,25,82,618,-100,1.7976931348623157e+308,\"\"]","[1.0099988129364355e+308,25,49,618,-100,1.7976931348623157e+308]"],"returnObjects":["\"Error\"","\"Error\"",null,null],"callbackArgs":["{\"0\":403,\"1\":0,\"2\":[403,25,82,618,-100,1.7976931348623157e+308]}","{\"0\":403,\"1\":0,\"2\":[403,25,82,618,-100,1.7976931348623157e+308]}","{\"0\":403,\"1\":0,\"2\":[403,25,82,618,-100,1.7976931348623157e+308]}","{\"0\":25,\"1\":1,\"2\":[403,25,82,618,-100,1.7976931348623157e+308,\"\"]}","{\"0\":82,\"1\":2,\"2\":[403,25,82,618,-100,1.7976931348623157e+308,\"\"]}","{\"0\":618,\"1\":3,\"2\":[403,25,82,618,-100,1.7976931348623157e+308,\"\"]}","{\"0\":-100,\"1\":4,\"2\":[403,25,82,618,-100,1.7976931348623157e+308,\"\"]}","{\"0\":1.7976931348623157e+308,\"1\":5,\"2\":[403,25,82,618,-100,1.7976931348623157e+308,\"\"]}","{\"0\":403,\"1\":0,\"2\":[403,25,82,618,-100,1.7976931348623157e+308]}","{\"0\":25,\"1\":1,\"2\":[1.0099988129364355e+308,25,49,618,-100,1.7976931348623157e+308]}","{\"0\":49,\"1\":2,\"2\":[1.0099988129364355e+308,25,49,618,-100,1.7976931348623157e+308]}","{\"0\":618,\"1\":3,\"2\":[1.0099988129364355e+308,25,49,618,-100,1.7976931348623157e+308]}","{\"0\":-100,\"1\":4,\"2\":[1.0099988129364355e+308,25,49,618,-100,1.7976931348623157e+308]}","{\"0\":1.7976931348623157e+308,\"1\":5,\"2\":[1.0099988129364355e+308,25,49,618,-100,1.7976931348623157e+308]}"]}