{"baseObjects":["[82,-1,242,618,-1,607,1.7976931348623157e+308,655,607]","true","[82,-1,242,{\"\":3.1587836178080293e+307,\"ky<s\":6.384155510149061e+307},-1,607,1.7976931348623157e+308,655,607]","[82,-1,242,618,-1,607,1.7976931348623157e+308,655,607]"],"returnObjects":[null,null,null,null],"callbackArgs":["{\"0\":82,\"1\":0,\"2\":[82,-1,242,618,-1,607,1.7976931348623157e+308,655,607]}","{\"0\":-1,\"1\":1,\"2\":[82,-1,242,618,-1,607,1.7976931348623157e+308,655,607]}","{\"0\":242,\"1\":2,\"2\":[82,-1,242,618,-1,607,1.7976931348623157e+308,655,607]}","{\"0\":618,\"1\":3,\"2\":[82,-1,242,618,-1,607,1.7976931348623157e+308,655,607]}","{\"0\":-1,\"1\":4,\"2\":[82,-1,242,618,-1,607,1.7976931348623157e+308,655,607]}","{\"0\":607,\"1\":5,\"2\":[82,-1,242,618,-1,607,1.7976931348623157e+308,655,607]}","{\"0\":1.7976931348623157e+308,\"1\":6,\"2\":[82,-1,242,618,-1,607,1.7976931348623157e+308,655,607]}","{\"0\":655,\"1\":7,\"2\":[82,-1,242,618,-1,607,1.7976931348623157e+308,655,607]}","{\"0\":607,\"1\":8,\"2\":[82,-1,242,618,-1,607,1.7976931348623157e+308,655,607]}","{\"0\":82,\"1\":0,\"2\":[82,-1,242,618,-1,607,1.7976931348623157e+308,655,607]}","{\"0\":-1,\"1\":1,\"2\":[82,-1,242,618,-1,607,1.7976931348623157e+308,655,607]}","{\"0\":242,\"1\":2,\"2\":[82,-1,242,618,-1,607,1.7976931348623157e+308,655,607]}","{\"0\":618,\"1\":3,\"2\":[82,-1,242,618,-1,607,1.7976931348623157e+308,655,607]}","{\"0\":-1,\"1\":4,\"2\":[82,-1,242,618,-1,607,1.7976931348623157e+308,655,607]}","{\"0\":607,\"1\":5,\"2\":[82,-1,242,618,-1,607,1.7976931348623157e+308,655,607]}","{\"0\":1.7976931348623157e+308,\"1\":6,\"2\":[82,-1,242,618,-1,607,1.7976931348623157e+308,655,607]}","{\"0\":655,\"1\":7,\"2\":[82,-1,242,618,-1,607,1.7976931348623157e+308,655,607]}","{\"0\":607,\"1\":8,\"2\":[82,-1,242,618,-1,607,1.7976931348623157e+308,655,607]}","{\"0\":82,\"1\":0,\"2\":[82,-1,242,618,-1,607,1.7976931348623157e+308,655,607]}","{\"0\":-1,\"1\":1,\"2\":[82,-1,242,{\"\":3.1587836178080293e+307,\"ky<s\":6.384155510149061e+307},-1,607,1.7976931348623157e+308,655,607]}","{\"0\":242,\"1\":2,\"2\":[82,-1,242,{\"\":3.1587836178080293e+307,\"ky<s\":6.384155510149061e+307},-1,607,1.7976931348623157e+308,655,607]}","{\"0\":{\"\":3.1587836178080293e+307,\"ky<s\":6.384155510149061e+307},\"1\":3,\"2\":[82,-1,242,{\"\":3.1587836178080293e+307,\"ky<s\":6.384155510149061e+307},-1,607,1.7976931348623157e+308,655,607]}","{\"0\":-1,\"1\":4,\"2\":[82,-1,242,{\"\":3.1587836178080293e+307,\"ky<s\":6.384155510149061e+307},-1,607,1.7976931348623157e+308,655,607]}","{\"0\":607,\"1\":5,\"2\":[82,-1,242,{\"\":3.1587836178080293e+307,\"ky<s\":6.384155510149061e+307},-1,607,1.7976931348623157e+308,655,607]}","{\"0\":1.7976931348623157e+308,\"1\":6,\"2\":[82,-1,242,{\"\":3.1587836178080293e+307,\"ky<s\":6.384155510149061e+307},-1,607,1.7976931348623157e+308,655,607]}","{\"0\":655,\"1\":7,\"2\":[82,-1,242,{\"\":3.1587836178080293e+307,\"ky<s\":6.384155510149061e+307},-1,607,1.7976931348623157e+308,655,607]}","{\"0\":607,\"1\":8,\"2\":[82,-1,242,{\"\":3.1587836178080293e+307,\"ky<s\":6.384155510149061e+307},-1,607,1.7976931348623157e+308,655,607]}","{\"0\":82,\"1\":0,\"2\":[82,-1,242,618,-1,607,1.7976931348623157e+308,655,607]}","{\"0\":-1,\"1\":1,\"2\":[82,-1,242,618,-1,607,1.7976931348623157e+308,655,607]}","{\"0\":242,\"1\":2,\"2\":[82,-1,242,618,-1,607,1.7976931348623157e+308,655,607]}","{\"0\":618,\"1\":3,\"2\":[82,-1,242,618,-1,607,1.7976931348623157e+308,655,607]}","{\"0\":-1,\"1\":4,\"2\":[82,-1,242,618,-1,607,1.7976931348623157e+308,655,607]}","{\"0\":607,\"1\":5,\"2\":[82,-1,242,618,-1,607,1.7976931348623157e+308,655,607]}","{\"0\":1.7976931348623157e+308,\"1\":6,\"2\":[82,-1,242,618,-1,607,1.7976931348623157e+308,655,607]}","{\"0\":655,\"1\":7,\"2\":[82,-1,242,618,-1,607,1.7976931348623157e+308,655,607]}","{\"0\":607,\"1\":8,\"2\":[82,-1,242,618,-1,607,1.7976931348623157e+308,655,607]}"]}