{"baseObjects":["[213,5e-324,\"}\",627]","[213,5e-324,\"}\",627]","[213,5e-324,\"}\",5.904477062280478e+306]","[213,5e-324,\"}\",627]"],"returnObjects":[null,"\"Error\"",null,"\"Error\""],"callbackArgs":["{\"0\":213,\"1\":0,\"2\":[213,5e-324,\"}\",627]}","{\"0\":5e-324,\"1\":1,\"2\":[213,5e-324,\"}\",627]}","{\"0\":\"}\",\"1\":2,\"2\":[213,5e-324,\"}\",627]}","{\"0\":627,\"1\":3,\"2\":[213,5e-324,\"}\",627]}","{\"0\":213,\"1\":0,\"2\":[213,5e-324,\"}\",627]}","{\"0\":213,\"1\":0,\"2\":[213,5e-324,\"}\",627]}","{\"0\":5e-324,\"1\":1,\"2\":[213,5e-324,\"}\",5.904477062280478e+306]}","{\"0\":\"}\",\"1\":2,\"2\":[213,5e-324,\"}\",5.904477062280478e+306]}","{\"0\":5.904477062280478e+306,\"1\":3,\"2\":[213,5e-324,\"}\",5.904477062280478e+306]}","{\"0\":213,\"1\":0,\"2\":[213,5e-324,\"}\",627]}"]}