{"baseObjects":["[49,100,{\"122\":2.847961530912833e+307,\"#\":\"f\",\"1.1166557477257628e+308\":\"%uS\",\"h\":\"\",\"\":\"B\",\"1.3147398988955642e+308\":\"\",\"{\":\"]\",\"q?!\":100},100,607]","[49,100,126,100,607]","[49,100,126,100,607,null,126]","[49,[\"U>\",\"X%_d\",595,-1,25,59],126,100,607]"],"returnObjects":[null,"\"Error\"",null,"\"Error\""],"callbackArgs":["{\"0\":49,\"1\":0,\"2\":[49,100,126,100,607]}","{\"0\":100,\"1\":1,\"2\":[49,100,{\"122\":2.847961530912833e+307,\"#\":\"f\",\"1.1166557477257628e+308\":\"%uS\",\"h\":\"\",\"\":\"B\",\"1.3147398988955642e+308\":\"\",\"{\":\"]\",\"q?!\":100},100,607]}","{\"0\":{\"122\":2.847961530912833e+307,\"#\":\"f\",\"1.1166557477257628e+308\":\"%uS\",\"h\":\"\",\"\":\"B\",\"1.3147398988955642e+308\":\"\",\"{\":\"]\",\"q?!\":100},\"1\":2,\"2\":[49,100,{\"122\":2.847961530912833e+307,\"#\":\"f\",\"1.1166557477257628e+308\":\"%uS\",\"h\":\"\",\"\":\"B\",\"1.3147398988955642e+308\":\"\",\"{\":\"]\",\"q?!\":100},100,607]}","{\"0\":100,\"1\":3,\"2\":[49,100,{\"122\":2.847961530912833e+307,\"#\":\"f\",\"1.1166557477257628e+308\":\"%uS\",\"h\":\"\",\"\":\"B\",\"1.3147398988955642e+308\":\"\",\"{\":\"]\",\"q?!\":100},100,607]}","{\"0\":607,\"1\":4,\"2\":[49,100,{\"122\":2.847961530912833e+307,\"#\":\"f\",\"1.1166557477257628e+308\":\"%uS\",\"h\":\"\",\"\":\"B\",\"1.3147398988955642e+308\":\"\",\"{\":\"]\",\"q?!\":100},100,607]}","{\"0\":49,\"1\":0,\"2\":[49,100,126,100,607]}","{\"0\":49,\"1\":0,\"2\":[49,100,126,100,607]}","{\"0\":100,\"1\":1,\"2\":[49,100,126,100,607,null,126]}","{\"0\":126,\"1\":2,\"2\":[49,100,126,100,607,null,126]}","{\"0\":100,\"1\":3,\"2\":[49,100,126,100,607,null,126]}","{\"0\":607,\"1\":4,\"2\":[49,100,126,100,607,null,126]}","{\"0\":49,\"1\":0,\"2\":[49,100,126,100,607]}"]}