{"baseObjects":[null,"[595,595,1.7976931348623157e+308,595,-100,true,627,-1]","[595,595,1.7976931348623157e+308,595,-100,82,627,-1]","[[0,-100,607,705,705,823,607],595,1.7976931348623157e+308,595,-100,82,627,-1]"],"returnObjects":[null,null,"\"Error\"",null],"callbackArgs":["{\"0\":595,\"1\":0,\"2\":[595,595,1.7976931348623157e+308,595,-100,82,627,-1]}","{\"0\":595,\"1\":1,\"2\":[595,595,1.7976931348623157e+308,595,-100,82,627,-1]}","{\"0\":1.7976931348623157e+308,\"1\":2,\"2\":[595,595,1.7976931348623157e+308,595,-100,82,627,-1]}","{\"0\":595,\"1\":3,\"2\":[595,595,1.7976931348623157e+308,595,-100,82,627,-1]}","{\"0\":-100,\"1\":4,\"2\":[595,595,1.7976931348623157e+308,595,-100,82,627,-1]}","{\"0\":82,\"1\":5,\"2\":[595,595,1.7976931348623157e+308,595,-100,82,627,-1]}","{\"0\":627,\"1\":6,\"2\":[595,595,1.7976931348623157e+308,595,-100,82,627,-1]}","{\"0\":-1,\"1\":7,\"2\":[595,595,1.7976931348623157e+308,595,-100,82,627,-1]}","{\"0\":595,\"1\":0,\"2\":[595,595,1.7976931348623157e+308,595,-100,82,627,-1]}","{\"0\":595,\"1\":1,\"2\":[595,595,1.7976931348623157e+308,595,-100,true,627,-1]}","{\"0\":1.7976931348623157e+308,\"1\":2,\"2\":[595,595,1.7976931348623157e+308,595,-100,true,627,-1]}","{\"0\":595,\"1\":3,\"2\":[595,595,1.7976931348623157e+308,595,-100,true,627,-1]}","{\"0\":-100,\"1\":4,\"2\":[595,595,1.7976931348623157e+308,595,-100,true,627,-1]}","{\"0\":true,\"1\":5,\"2\":[595,595,1.7976931348623157e+308,595,-100,true,627,-1]}","{\"0\":627,\"1\":6,\"2\":[595,595,1.7976931348623157e+308,595,-100,true,627,-1]}","{\"0\":-1,\"1\":7,\"2\":[595,595,1.7976931348623157e+308,595,-100,true,627,-1]}","{\"0\":595,\"1\":0,\"2\":[595,595,1.7976931348623157e+308,595,-100,82,627,-1]}","{\"0\":595,\"1\":1,\"2\":[[0,-100,607,705,705,823,607],595,1.7976931348623157e+308,595,-100,82,627,-1]}","{\"0\":1.7976931348623157e+308,\"1\":2,\"2\":[[0,-100,607,705,705,823,607],595,1.7976931348623157e+308,595,-100,82,627,-1]}","{\"0\":595,\"1\":3,\"2\":[[0,-100,607,705,705,823,607],595,1.7976931348623157e+308,595,-100,82,627,-1]}","{\"0\":-100,\"1\":4,\"2\":[[0,-100,607,705,705,823,607],595,1.7976931348623157e+308,595,-100,82,627,-1]}","{\"0\":82,\"1\":5,\"2\":[[0,-100,607,705,705,823,607],595,1.7976931348623157e+308,595,-100,82,627,-1]}","{\"0\":627,\"1\":6,\"2\":[[0,-100,607,705,705,823,607],595,1.7976931348623157e+308,595,-100,82,627,-1]}","{\"0\":-1,\"1\":7,\"2\":[[0,-100,607,705,705,823,607],595,1.7976931348623157e+308,595,-100,82,627,-1]}"]}