{"baseObjects":["{\"82\":\"\",\"126\":\"\",\":2\":82,\"og]D\":705,\"\":-100,\"x\":\"ta\",\"2.79021680837961e+307\":\"$\",\"r\":1.966163970540522e+305,\"t\":\"\",\">&6t\":403}","[969,843,213,655,893,1.7976931348623157e+308]","[969,843,213,655,893,1.7976931348623157e+308]","[969,843,213,655,893,1.7976931348623157e+308]"],"returnObjects":["\"Error\"",null,null,"\"Error\""],"callbackArgs":["{\"0\":969,\"1\":0,\"2\":[969,843,213,655,893,1.7976931348623157e+308]}","{\"0\":843,\"1\":1,\"2\":[969,843,213,655,893,1.7976931348623157e+308]}","{\"0\":969,\"1\":0,\"2\":[969,843,213,655,893,1.7976931348623157e+308]}","{\"0\":843,\"1\":1,\"2\":[969,843,213,655,893,1.7976931348623157e+308]}","{\"0\":213,\"1\":2,\"2\":[969,843,213,655,893,1.7976931348623157e+308]}","{\"0\":655,\"1\":3,\"2\":[969,843,213,655,893,1.7976931348623157e+308]}","{\"0\":893,\"1\":4,\"2\":[969,843,213,655,893,1.7976931348623157e+308]}","{\"0\":1.7976931348623157e+308,\"1\":5,\"2\":[969,843,213,655,893,1.7976931348623157e+308]}","{\"0\":969,\"1\":0,\"2\":[969,843,213,655,893,1.7976931348623157e+308]}","{\"0\":843,\"1\":1,\"2\":[969,843,213,655,893,1.7976931348623157e+308]}","{\"0\":213,\"1\":2,\"2\":[969,843,213,655,893,1.7976931348623157e+308]}","{\"0\":655,\"1\":3,\"2\":[969,843,213,655,893,1.7976931348623157e+308]}","{\"0\":893,\"1\":4,\"2\":[969,843,213,655,893,1.7976931348623157e+308]}","{\"0\":1.7976931348623157e+308,\"1\":5,\"2\":[969,843,213,655,893,1.7976931348623157e+308]}"]}