{"baseObjects":["[\"1\",618]","[\"1\",618]","[\"1\",618,{\"122\":213,\"157\":\"\",\"969\":1.513623815136999e+308,\"\":\"\",\"3.7331535665894627e+307\":\"\",\"6+\":843}]","[\"1\",618,null]"],"returnObjects":["\"Error\"","\"Error\"",null,"\"Error\""],"callbackArgs":["{\"0\":\"1\",\"1\":0,\"2\":[\"1\",618]}","{\"0\":\"1\",\"1\":0,\"2\":[\"1\",618]}","{\"0\":\"1\",\"1\":0,\"2\":[\"1\",618]}","{\"0\":618,\"1\":1,\"2\":[\"1\",618,{\"122\":213,\"157\":\"\",\"969\":1.513623815136999e+308,\"\":\"\",\"3.7331535665894627e+307\":\"\",\"6+\":843}]}","{\"0\":\"1\",\"1\":0,\"2\":[\"1\",618]}"]}