{"baseObjects":["[213,595,893,null,null,null,null,{\"8.849152746822866e+307\":893,\"\":618,\"l7\":\"V(\",\"c\":3.5492707584077094e+307,\"H|\":\"\",\"<\":\"S`\"}]","[213,595,893]","[213,595,893]","[213,595,893]"],"returnObjects":[null,"\"Error\"",null,"\"Error\""],"callbackArgs":["{\"0\":213,\"1\":0,\"2\":[213,595,893]}","{\"0\":595,\"1\":1,\"2\":[213,595,893,null,null,null,null,{\"8.849152746822866e+307\":893,\"\":618,\"l7\":\"V(\",\"c\":3.5492707584077094e+307,\"H|\":\"\",\"<\":\"S`\"}]}","{\"0\":893,\"1\":2,\"2\":[213,595,893,null,null,null,null,{\"8.849152746822866e+307\":893,\"\":618,\"l7\":\"V(\",\"c\":3.5492707584077094e+307,\"H|\":\"\",\"<\":\"S`\"}]}","{\"0\":213,\"1\":0,\"2\":[213,595,893]}","{\"0\":595,\"1\":1,\"2\":[213,595,893]}","{\"0\":893,\"1\":2,\"2\":[213,595,893]}","{\"0\":213,\"1\":0,\"2\":[213,595,893]}"]}