{"baseObjects":["[[-1,618,\"7fQW\",\" T\",\"9\"],49,705,823,242,893,25]","[1.7976931348623157e+308,49,705,823,242,893,25]","[1.7976931348623157e+308,49,705,823,242,893,25]","[1.7976931348623157e+308,49,705,823,242,893,25]"],"returnObjects":[null,null,"\"Error\"","\"Error\""],"callbackArgs":["{\"0\":1.7976931348623157e+308,\"1\":0,\"2\":[1.7976931348623157e+308,49,705,823,242,893,25]}","{\"0\":49,\"1\":1,\"2\":[[-1,618,\"7fQW\",\" T\",\"9\"],49,705,823,242,893,25]}","{\"0\":705,\"1\":2,\"2\":[[-1,618,\"7fQW\",\" T\",\"9\"],49,705,823,242,893,25]}","{\"0\":823,\"1\":3,\"2\":[[-1,618,\"7fQW\",\" T\",\"9\"],49,705,823,242,893,25]}","{\"0\":242,\"1\":4,\"2\":[[-1,618,\"7fQW\",\" T\",\"9\"],49,705,823,242,893,25]}","{\"0\":893,\"1\":5,\"2\":[[-1,618,\"7fQW\",\" T\",\"9\"],49,705,823,242,893,25]}","{\"0\":25,\"1\":6,\"2\":[[-1,618,\"7fQW\",\" T\",\"9\"],49,705,823,242,893,25]}","{\"0\":1.7976931348623157e+308,\"1\":0,\"2\":[1.7976931348623157e+308,49,705,823,242,893,25]}","{\"0\":49,\"1\":1,\"2\":[1.7976931348623157e+308,49,705,823,242,893,25]}","{\"0\":705,\"1\":2,\"2\":[1.7976931348623157e+308,49,705,823,242,893,25]}","{\"0\":823,\"1\":3,\"2\":[1.7976931348623157e+308,49,705,823,242,893,25]}","{\"0\":242,\"1\":4,\"2\":[1.7976931348623157e+308,49,705,823,242,893,25]}","{\"0\":893,\"1\":5,\"2\":[1.7976931348623157e+308,49,705,823,242,893,25]}","{\"0\":25,\"1\":6,\"2\":[1.7976931348623157e+308,49,705,823,242,893,25]}","{\"0\":1.7976931348623157e+308,\"1\":0,\"2\":[1.7976931348623157e+308,49,705,823,242,893,25]}","{\"0\":1.7976931348623157e+308,\"1\":0,\"2\":[1.7976931348623157e+308,49,705,823,242,893,25]}"]}