{"baseObjects":["[122,705,242,893,595]","[122,705,[843,1.7976931348623157e+308],893,595]","[122,705,242,893,595]","[122,705,242,893,595]"],"returnObjects":[null,null,null,null],"callbackArgs":["{\"0\":122,\"1\":0,\"2\":[122,705,242,893,595]}","{\"0\":705,\"1\":1,\"2\":[122,705,242,893,595]}","{\"0\":242,\"1\":2,\"2\":[122,705,242,893,595]}","{\"0\":893,\"1\":3,\"2\":[122,705,242,893,595]}","{\"0\":595,\"1\":4,\"2\":[122,705,242,893,595]}","{\"0\":122,\"1\":0,\"2\":[122,705,242,893,595]}","{\"0\":705,\"1\":1,\"2\":[122,705,[843,1.7976931348623157e+308],893,595]}","{\"0\":[843,1.7976931348623157e+308],\"1\":2,\"2\":[122,705,[843,1.7976931348623157e+308],893,595]}","{\"0\":893,\"1\":3,\"2\":[122,705,[843,1.7976931348623157e+308],893,595]}","{\"0\":595,\"1\":4,\"2\":[122,705,[843,1.7976931348623157e+308],893,595]}","{\"0\":122,\"1\":0,\"2\":[122,705,242,893,595]}","{\"0\":705,\"1\":1,\"2\":[122,705,242,893,595]}","{\"0\":242,\"1\":2,\"2\":[122,705,242,893,595]}","{\"0\":893,\"1\":3,\"2\":[122,705,242,893,595]}","{\"0\":595,\"1\":4,\"2\":[122,705,242,893,595]}","{\"0\":122,\"1\":0,\"2\":[122,705,242,893,595]}","{\"0\":705,\"1\":1,\"2\":[122,705,242,893,595]}","{\"0\":242,\"1\":2,\"2\":[122,705,242,893,595]}","{\"0\":893,\"1\":3,\"2\":[122,705,242,893,595]}","{\"0\":595,\"1\":4,\"2\":[122,705,242,893,595]}"]}