{"baseObjects":["[783,823,82]","[783,823,{\"122\":1.6959943274713519e+308,\"126\":1.2730728726212715e+308,\"607\":\"\",\"783\":-100,\"`v\":\"\",\"D\":\"N-0\",\"\":\"\",\"1.1340117088716333e+308\":1.574663718085386e+308,\"1.7112917686510651e+308\":\"\",\"1.0772167627769787e+307\":0}]","[783,823,82]","[783,823,82]"],"returnObjects":[null,null,"\"Error\"","\"Error\""],"callbackArgs":["{\"0\":783,\"1\":0,\"2\":[783,823,82]}","{\"0\":823,\"1\":1,\"2\":[783,823,82]}","{\"0\":82,\"1\":2,\"2\":[783,823,82]}","{\"0\":783,\"1\":0,\"2\":[783,823,82]}","{\"0\":823,\"1\":1,\"2\":[783,823,{\"122\":1.6959943274713519e+308,\"126\":1.2730728726212715e+308,\"607\":\"\",\"783\":-100,\"`v\":\"\",\"D\":\"N-0\",\"\":\"\",\"1.1340117088716333e+308\":1.574663718085386e+308,\"1.7112917686510651e+308\":\"\",\"1.0772167627769787e+307\":0}]}","{\"0\":{\"122\":1.6959943274713519e+308,\"126\":1.2730728726212715e+308,\"607\":\"\",\"783\":-100,\"`v\":\"\",\"D\":\"N-0\",\"\":\"\",\"1.1340117088716333e+308\":1.574663718085386e+308,\"1.7112917686510651e+308\":\"\",\"1.0772167627769787e+307\":0},\"1\":2,\"2\":[783,823,{\"122\":1.6959943274713519e+308,\"126\":1.2730728726212715e+308,\"607\":\"\",\"783\":-100,\"`v\":\"\",\"D\":\"N-0\",\"\":\"\",\"1.1340117088716333e+308\":1.574663718085386e+308,\"1.7112917686510651e+308\":\"\",\"1.0772167627769787e+307\":0}]}","{\"0\":783,\"1\":0,\"2\":[783,823,82]}","{\"0\":783,\"1\":0,\"2\":[783,823,82]}"]}