{"baseObjects":["[213,1.7976931348623157e+308,893,595,82,460,82]","[213,1.7976931348623157e+308,893,595,82,460,82]","[213,1.7976931348623157e+308,893,595,82,460,82]","[213,1.7976931348623157e+308,893,595,82,460,82]"],"returnObjects":["\"Error\"","\"Error\"",null,null],"callbackArgs":["{\"0\":213,\"1\":0,\"2\":[213,1.7976931348623157e+308,893,595,82,460,82]}","{\"0\":213,\"1\":0,\"2\":[213,1.7976931348623157e+308,893,595,82,460,82]}","{\"0\":213,\"1\":0,\"2\":[213,1.7976931348623157e+308,893,595,82,460,82]}","{\"0\":1.7976931348623157e+308,\"1\":1,\"2\":[213,1.7976931348623157e+308,893,595,82,460,82]}","{\"0\":893,\"1\":2,\"2\":[213,1.7976931348623157e+308,893,595,82,460,82]}","{\"0\":595,\"1\":3,\"2\":[213,1.7976931348623157e+308,893,595,82,460,82]}","{\"0\":82,\"1\":4,\"2\":[213,1.7976931348623157e+308,893,595,82,460,82]}","{\"0\":460,\"1\":5,\"2\":[213,1.7976931348623157e+308,893,595,82,460,82]}","{\"0\":82,\"1\":6,\"2\":[213,1.7976931348623157e+308,893,595,82,460,82]}","{\"0\":213,\"1\":0,\"2\":[213,1.7976931348623157e+308,893,595,82,460,82]}","{\"0\":1.7976931348623157e+308,\"1\":1,\"2\":[213,1.7976931348623157e+308,893,595,82,460,82]}","{\"0\":893,\"1\":2,\"2\":[213,1.7976931348623157e+308,893,595,82,460,82]}","{\"0\":595,\"1\":3,\"2\":[213,1.7976931348623157e+308,893,595,82,460,82]}","{\"0\":82,\"1\":4,\"2\":[213,1.7976931348623157e+308,893,595,82,460,82]}","{\"0\":460,\"1\":5,\"2\":[213,1.7976931348623157e+308,893,595,82,460,82]}","{\"0\":82,\"1\":6,\"2\":[213,1.7976931348623157e+308,893,595,82,460,82]}"]}