{"baseObjects":["[1.7976931348623157e+308,714,{\"595\":\"\",\"783\":9.246442055415896e+307,\"823\":\"\",\"K+\":403,\"R\":\"\",\"vk2\":\"\",\"8.05235215815219e+307\":655,\"\":6.952588833555404e+307,\"2.1947799104316654e+305\":1.7976931348623157e+308},49,25,59,655,893,655,843]","[1.7976931348623157e+308,714,714,49,25,59,655,893,655,843]","[1.7976931348623157e+308,714,714,49,25,59,655,893,655,843]","[1.7976931348623157e+308,714,714,49,25,59,655,893,655,843]"],"returnObjects":[null,"\"Error\"","\"Error\"",null],"callbackArgs":["{\"0\":1.7976931348623157e+308,\"1\":0,\"2\":[1.7976931348623157e+308,714,714,49,25,59,655,893,655,843]}","{\"0\":714,\"1\":1,\"2\":[1.7976931348623157e+308,714,{\"595\":\"\",\"783\":9.246442055415896e+307,\"823\":\"\",\"K+\":403,\"R\":\"\",\"vk2\":\"\",\"8.05235215815219e+307\":655,\"\":6.952588833555404e+307,\"2.1947799104316654e+305\":1.7976931348623157e+308},49,25,59,655,893,655,843]}","{\"0\":{\"595\":\"\",\"783\":9.246442055415896e+307,\"823\":\"\",\"K+\":403,\"R\":\"\",\"vk2\":\"\",\"8.05235215815219e+307\":655,\"\":6.952588833555404e+307,\"2.1947799104316654e+305\":1.7976931348623157e+308},\"1\":2,\"2\":[1.7976931348623157e+308,714,{\"595\":\"\",\"783\":9.246442055415896e+307,\"823\":\"\",\"K+\":403,\"R\":\"\",\"vk2\":\"\",\"8.05235215815219e+307\":655,\"\":6.952588833555404e+307,\"2.1947799104316654e+305\":1.7976931348623157e+308},49,25,59,655,893,655,843]}","{\"0\":49,\"1\":3,\"2\":[1.7976931348623157e+308,714,{\"595\":\"\",\"783\":9.246442055415896e+307,\"823\":\"\",\"K+\":403,\"R\":\"\",\"vk2\":\"\",\"8.05235215815219e+307\":655,\"\":6.952588833555404e+307,\"2.1947799104316654e+305\":1.7976931348623157e+308},49,25,59,655,893,655,843]}","{\"0\":25,\"1\":4,\"2\":[1.7976931348623157e+308,714,{\"595\":\"\",\"783\":9.246442055415896e+307,\"823\":\"\",\"K+\":403,\"R\":\"\",\"vk2\":\"\",\"8.05235215815219e+307\":655,\"\":6.952588833555404e+307,\"2.1947799104316654e+305\":1.7976931348623157e+308},49,25,59,655,893,655,843]}","{\"0\":59,\"1\":5,\"2\":[1.7976931348623157e+308,714,{\"595\":\"\",\"783\":9.246442055415896e+307,\"823\":\"\",\"K+\":403,\"R\":\"\",\"vk2\":\"\",\"8.05235215815219e+307\":655,\"\":6.952588833555404e+307,\"2.1947799104316654e+305\":1.7976931348623157e+308},49,25,59,655,893,655,843]}","{\"0\":655,\"1\":6,\"2\":[1.7976931348623157e+308,714,{\"595\":\"\",\"783\":9.246442055415896e+307,\"823\":\"\",\"K+\":403,\"R\":\"\",\"vk2\":\"\",\"8.05235215815219e+307\":655,\"\":6.952588833555404e+307,\"2.1947799104316654e+305\":1.7976931348623157e+308},49,25,59,655,893,655,843]}","{\"0\":893,\"1\":7,\"2\":[1.7976931348623157e+308,714,{\"595\":\"\",\"783\":9.246442055415896e+307,\"823\":\"\",\"K+\":403,\"R\":\"\",\"vk2\":\"\",\"8.05235215815219e+307\":655,\"\":6.952588833555404e+307,\"2.1947799104316654e+305\":1.7976931348623157e+308},49,25,59,655,893,655,843]}","{\"0\":655,\"1\":8,\"2\":[1.7976931348623157e+308,714,{\"595\":\"\",\"783\":9.246442055415896e+307,\"823\":\"\",\"K+\":403,\"R\":\"\",\"vk2\":\"\",\"8.05235215815219e+307\":655,\"\":6.952588833555404e+307,\"2.1947799104316654e+305\":1.7976931348623157e+308},49,25,59,655,893,655,843]}","{\"0\":843,\"1\":9,\"2\":[1.7976931348623157e+308,714,{\"595\":\"\",\"783\":9.246442055415896e+307,\"823\":\"\",\"K+\":403,\"R\":\"\",\"vk2\":\"\",\"8.05235215815219e+307\":655,\"\":6.952588833555404e+307,\"2.1947799104316654e+305\":1.7976931348623157e+308},49,25,59,655,893,655,843]}","{\"0\":1.7976931348623157e+308,\"1\":0,\"2\":[1.7976931348623157e+308,714,714,49,25,59,655,893,655,843]}","{\"0\":1.7976931348623157e+308,\"1\":0,\"2\":[1.7976931348623157e+308,714,714,49,25,59,655,893,655,843]}","{\"0\":1.7976931348623157e+308,\"1\":0,\"2\":[1.7976931348623157e+308,714,714,49,25,59,655,893,655,843]}","{\"0\":714,\"1\":1,\"2\":[1.7976931348623157e+308,714,714,49,25,59,655,893,655,843]}","{\"0\":714,\"1\":2,\"2\":[1.7976931348623157e+308,714,714,49,25,59,655,893,655,843]}","{\"0\":49,\"1\":3,\"2\":[1.7976931348623157e+308,714,714,49,25,59,655,893,655,843]}","{\"0\":25,\"1\":4,\"2\":[1.7976931348623157e+308,714,714,49,25,59,655,893,655,843]}","{\"0\":59,\"1\":5,\"2\":[1.7976931348623157e+308,714,714,49,25,59,655,893,655,843]}","{\"0\":655,\"1\":6,\"2\":[1.7976931348623157e+308,714,714,49,25,59,655,893,655,843]}","{\"0\":893,\"1\":7,\"2\":[1.7976931348623157e+308,714,714,49,25,59,655,893,655,843]}","{\"0\":655,\"1\":8,\"2\":[1.7976931348623157e+308,714,714,49,25,59,655,893,655,843]}","{\"0\":843,\"1\":9,\"2\":[1.7976931348623157e+308,714,714,49,25,59,655,893,655,843]}"]}