{"baseObjects":["[\"P0{U\",59,157,59,\"}VTJY89x?\",25,\"Q\",5e-324,\"q3\",\"F|r!?\"]","[\"x\",969,122,607]","[[213,618,\"H{`f\",\"?\",\"Lw3\",\"_\",\"37\",157],969,122,607,null,null,{\"\":\"4\",\"k&oM\":\"C\",\"Hae\":1.4756003737002343e+308,\"9.368683015129755e+307\":\"P\",\"j\":6.99694947330616e+307}]","[0,969,{\"2\":823,\"618\":705,\"823\":\";\",\"2.9012762847135844e+307\":\"h\",\"\":\"\",\"1.6206423792839264e+308\":0,\"M#D\":\"52;7@\"},607]"],"returnObjects":[null,null,null,null],"callbackArgs":["{\"0\":0,\"1\":0,\"2\":[0,969,122,607]}","{\"0\":969,\"1\":1,\"2\":[0,969,122,607]}","{\"0\":122,\"1\":2,\"2\":[0,969,122,607]}","{\"0\":607,\"1\":3,\"2\":[0,969,122,607]}","{\"0\":0,\"1\":0,\"2\":[0,969,122,607]}","{\"0\":969,\"1\":1,\"2\":[\"x\",969,122,607]}","{\"0\":122,\"1\":2,\"2\":[\"x\",969,122,607]}","{\"0\":607,\"1\":3,\"2\":[\"x\",969,122,607]}","{\"0\":0,\"1\":0,\"2\":[0,969,122,607]}","{\"0\":969,\"1\":1,\"2\":[[213,618,\"H{`f\",\"?\",\"Lw3\",\"_\",\"37\",157],969,122,607,null,null,{\"\":\"4\",\"k&oM\":\"C\",\"Hae\":1.4756003737002343e+308,\"9.368683015129755e+307\":\"P\",\"j\":6.99694947330616e+307}]}","{\"0\":122,\"1\":2,\"2\":[[213,618,\"H{`f\",\"?\",\"Lw3\",\"_\",\"37\",157],969,122,607,null,null,{\"\":\"4\",\"k&oM\":\"C\",\"Hae\":1.4756003737002343e+308,\"9.368683015129755e+307\":\"P\",\"j\":6.99694947330616e+307}]}","{\"0\":607,\"1\":3,\"2\":[[213,618,\"H{`f\",\"?\",\"Lw3\",\"_\",\"37\",157],969,122,607,null,null,{\"\":\"4\",\"k&oM\":\"C\",\"Hae\":1.4756003737002343e+308,\"9.368683015129755e+307\":\"P\",\"j\":6.99694947330616e+307}]}","{\"0\":0,\"1\":0,\"2\":[0,969,122,607]}","{\"0\":969,\"1\":1,\"2\":[0,969,{\"2\":823,\"618\":705,\"823\":\";\",\"2.9012762847135844e+307\":\"h\",\"\":\"\",\"1.6206423792839264e+308\":0,\"M#D\":\"52;7@\"},607]}","{\"0\":{\"2\":823,\"618\":705,\"823\":\";\",\"2.9012762847135844e+307\":\"h\",\"\":\"\",\"1.6206423792839264e+308\":0,\"M#D\":\"52;7@\"},\"1\":2,\"2\":[0,969,{\"2\":823,\"618\":705,\"823\":\";\",\"2.9012762847135844e+307\":\"h\",\"\":\"\",\"1.6206423792839264e+308\":0,\"M#D\":\"52;7@\"},607]}","{\"0\":607,\"1\":3,\"2\":[0,969,{\"2\":823,\"618\":705,\"823\":\";\",\"2.9012762847135844e+307\":\"h\",\"\":\"\",\"1.6206423792839264e+308\":0,\"M#D\":\"52;7@\"},607]}"]}