{"baseObjects":["[\"*]Q$\",823,\"6\",59]","[\"*]Q$\",823,\"6\",59]","[\"*]Q$\",823,\"6\",59,null,null,null,null,{\"7\":\"\",\"100\":\"5\",\"655\":627,\"714\":\"\",\"2.4109858761869366e+307\":823,\"j\":\"\",\"6.300850316419962e+307\":\"}f\",\"\":7.544666785682189e+307,\"1.2512158172645717e+308\":705}]","[\"*]Q$\",823,\"6\",59]"],"returnObjects":["\"Error\"",null,null,"\"Error\""],"callbackArgs":["{\"0\":\"*]Q$\",\"1\":0,\"2\":[\"*]Q$\",823,\"6\",59]}","{\"0\":\"*]Q$\",\"1\":0,\"2\":[\"*]Q$\",823,\"6\",59]}","{\"0\":823,\"1\":1,\"2\":[\"*]Q$\",823,\"6\",59]}","{\"0\":\"6\",\"1\":2,\"2\":[\"*]Q$\",823,\"6\",59]}","{\"0\":59,\"1\":3,\"2\":[\"*]Q$\",823,\"6\",59]}","{\"0\":\"*]Q$\",\"1\":0,\"2\":[\"*]Q$\",823,\"6\",59]}","{\"0\":823,\"1\":1,\"2\":[\"*]Q$\",823,\"6\",59,null,null,null,null,{\"7\":\"\",\"100\":\"5\",\"655\":627,\"714\":\"\",\"2.4109858761869366e+307\":823,\"j\":\"\",\"6.300850316419962e+307\":\"}f\",\"\":7.544666785682189e+307,\"1.2512158172645717e+308\":705}]}","{\"0\":\"6\",\"1\":2,\"2\":[\"*]Q$\",823,\"6\",59,null,null,null,null,{\"7\":\"\",\"100\":\"5\",\"655\":627,\"714\":\"\",\"2.4109858761869366e+307\":823,\"j\":\"\",\"6.300850316419962e+307\":\"}f\",\"\":7.544666785682189e+307,\"1.2512158172645717e+308\":705}]}","{\"0\":59,\"1\":3,\"2\":[\"*]Q$\",823,\"6\",59,null,null,null,null,{\"7\":\"\",\"100\":\"5\",\"655\":627,\"714\":\"\",\"2.4109858761869366e+307\":823,\"j\":\"\",\"6.300850316419962e+307\":\"}f\",\"\":7.544666785682189e+307,\"1.2512158172645717e+308\":705}]}","{\"0\":\"*]Q$\",\"1\":0,\"2\":[\"*]Q$\",823,\"6\",59]}"]}